sim_id,L1_L,L1_E_c,L1_E_v,L1_N_D,L1_N_A,L2_L,L2_E_c,L2_E_v,L2_N_D,L2_N_A,L3_L,L3_E_c,L3_E_v,L3_N_D,L3_N_A,iv_file
sim03001,40.5853,3.95111,5.86208,5.80978e+20,1.87934e+19,264.912,3.72638,5.43754,8.12186e+16,3.23986e+16,44.287,3.16961,5.03283,4.67092e+19,8.52685e+20,sim03001.iv
sim03002,46.6157,3.86936,5.97273,7.38391e+20,1.75866e+19,349.521,3.78962,5.42496,5.10576e+16,9.87576e+16,36.4535,2.99884,5.03907,2.67809e+19,7.49097e+20,sim03002.iv
sim03003,41.4215,3.89001,5.927,5.50758e+20,4.05514e+19,210.459,3.72843,5.56526,7.90114e+16,2.32586e+16,45.3274,2.83168,5.01327,4.29043e+19,5.9126e+20,sim03003.iv
sim03004,33.4118,3.98733,5.84179,8.90292e+20,3.33776e+19,266.797,3.69185,5.48206,8.44573e+16,8.32587e+16,31.2026,3.0789,5.10637,3.99287e+19,5.25023e+20,sim03004.iv
sim03005,30.081,3.86716,5.91936,6.03818e+20,3.12678e+19,347.18,3.6087,5.50069,2.2446e+16,6.24161e+16,27.2259,3.161,5.0636,4.83325e+19,5.02067e+20,sim03005.iv
sim03006,44.9634,3.85234,5.84032,9.42073e+20,2.2175e+19,291.743,3.74736,5.48384,1.91204e+16,9.30103e+16,39.425,3.15696,5.15355,4.09593e+19,7.94941e+20,sim03006.iv
sim03007,20.1858,3.97653,5.96618,8.63504e+20,4.51264e+19,235.789,3.65637,5.43142,6.81957e+16,4.94553e+16,23.0793,3.03025,5.0678,2.96203e+19,6.30691e+20,sim03007.iv
sim03008,24.8345,3.89016,5.84523,7.02507e+20,2.5291e+19,341.66,3.63737,5.45729,8.12678e+16,3.66276e+16,34.4079,3.10478,5.00088,4.82624e+19,7.31417e+20,sim03008.iv
sim03009,42.7835,3.98416,5.97536,6.10189e+20,3.22075e+19,267.492,3.70647,5.55593,4.19031e+16,5.29489e+16,38.2394,2.90823,5.12132,1.59565e+19,8.10823e+20,sim03009.iv
sim03010,24.297,3.95513,5.8388,8.23059e+20,3.32479e+19,269.546,3.72909,5.5693,2.08152e+16,7.08786e+16,32.3037,3.06957,5.17501,3.61135e+19,5.79914e+20,sim03010.iv
sim03011,32.484,3.90989,5.82538,8.21806e+20,3.85297e+19,316.752,3.62398,5.54103,4.29565e+16,2.90105e+16,35.7304,3.02909,5.09135,4.36338e+19,5.77898e+20,sim03011.iv
sim03012,32.2146,3.8534,5.80976,6.69532e+20,3.8723e+19,283.255,3.68375,5.49494,3.81252e+16,2.09947e+16,37.7129,3.12616,5.15781,1.93337e+19,7.17144e+20,sim03012.iv
sim03013,36.5637,3.96049,5.8393,5.66116e+20,4.72649e+19,230.401,3.79782,5.51979,5.49098e+16,2.70046e+16,45.8152,2.86887,5.08025,1.19214e+19,5.11274e+20,sim03013.iv
sim03014,41.8873,3.84155,5.92016,8.61702e+20,2.96715e+19,301.9,3.64823,5.56357,2.85611e+16,6.31552e+16,45.0759,3.11728,5.01025,2.46873e+19,9.26289e+20,sim03014.iv
sim03015,45.5282,3.92728,5.82171,7.02134e+20,4.84461e+19,224.915,3.76028,5.48356,7.70267e+16,1.4888e+16,20.3094,2.92025,5.17404,3.7192e+19,8.05912e+20,sim03015.iv
sim03016,49.9304,3.86946,5.97005,5.54833e+20,1.68291e+19,276.934,3.7919,5.54068,2.01277e+16,9.59417e+16,42.9716,3.09464,5.1103,2.57413e+19,5.54949e+20,sim03016.iv
sim03017,38.5938,3.82554,5.91799,7.69824e+20,3.3861e+19,325.75,3.68224,5.48732,1.53982e+16,3.58966e+16,22.4307,2.8567,5.08536,2.62878e+19,9.67929e+20,sim03017.iv
sim03018,23.5796,3.82986,5.95017,5.11199e+20,3.60379e+19,314.659,3.7258,5.45756,1.93228e+16,9.94757e+16,45.7806,3.09225,5.03741,2.72364e+19,8.5491e+20,sim03018.iv
sim03019,23.043,3.99147,5.99105,5.75248e+20,1.78823e+19,260.971,3.69014,5.48815,7.19384e+16,5.23191e+16,25.5276,2.90441,5.08224,3.07719e+19,9.61508e+20,sim03019.iv
sim03020,22.8864,3.96087,5.86217,8.63514e+20,2.03303e+19,263.92,3.68865,5.55015,2.49629e+16,4.11897e+16,35.8565,3.06304,5.01521,1.3789e+19,8.5924e+20,sim03020.iv
sim03021,30.9845,3.83312,5.85264,7.99107e+20,4.81319e+19,312.468,3.75941,5.52169,4.34063e+16,9.65987e+16,22.4382,3.12345,5.05165,3.43143e+19,9.91193e+20,sim03021.iv
sim03022,45.2687,3.97003,5.96461,7.26897e+20,2.57221e+19,282.597,3.65702,5.49563,2.14116e+16,9.03281e+16,42.0701,2.82481,5.13199,4.03479e+19,9.30806e+20,sim03022.iv
sim03023,29.8738,3.92615,5.85522,9.2444e+20,4.50064e+19,220.717,3.65701,5.42056,4.58885e+16,1.04634e+16,43.4847,2.97258,5.10686,3.97047e+19,8.56162e+20,sim03023.iv
sim03024,29.4399,3.95655,5.92815,6.09086e+20,1.11701e+19,315.863,3.63313,5.42252,4.78369e+16,9.29546e+16,41.5447,3.11922,5.05398,4.34021e+19,7.0769e+20,sim03024.iv
sim03025,49.3819,3.91395,5.92125,9.57566e+20,4.79361e+19,212.47,3.64649,5.52285,1.03253e+16,3.85777e+16,25.8894,3.00939,5.11946,1.75606e+19,7.68193e+20,sim03025.iv
sim03026,31.9018,3.99819,5.81302,9.20343e+20,4.99792e+19,285.823,3.73611,5.42559,4.1574e+16,2.63341e+16,37.4996,3.17684,5.00592,2.97778e+19,8.61779e+20,sim03026.iv
sim03027,32.9186,3.90777,5.89059,7.98745e+20,1.27431e+19,286.551,3.70236,5.43637,5.81276e+16,5.16834e+16,37.7953,3.02553,5.08092,4.12454e+19,6.78728e+20,sim03027.iv
sim03028,34.2361,3.88528,5.89717,9.00091e+20,3.83865e+19,215.913,3.69892,5.42495,7.56409e+16,9.88025e+16,38.5641,2.95194,5.01446,2.33028e+19,7.62646e+20,sim03028.iv
sim03029,46.4258,3.9026,5.99689,6.84583e+20,1.00197e+19,298.008,3.64383,5.44876,1.1568e+16,5.78325e+16,27.4252,3.19772,5.16713,3.88476e+19,6.76946e+20,sim03029.iv
sim03030,22.1479,3.93379,5.80446,7.208e+20,1.21108e+19,288.359,3.71191,5.50612,7.43128e+16,3.0534e+16,27.2651,2.96647,5.14055,1.46701e+19,9.42944e+20,sim03030.iv
sim03031,27.5664,3.82558,5.91979,6.37791e+20,2.63505e+19,218.556,3.69299,5.46074,2.5284e+16,4.47683e+16,43.102,3.10546,5.0721,4.89694e+19,5.62943e+20,sim03031.iv
sim03032,45.6425,3.99579,5.91459,5.30067e+20,4.68416e+19,271.175,3.63438,5.57828,4.84191e+16,5.49448e+16,37.1306,3.16264,5.10075,4.55282e+19,5.85115e+20,sim03032.iv
sim03033,38.5011,3.9051,5.86501,6.06265e+20,1.27976e+19,246.643,3.73612,5.45564,7.55298e+16,8.87637e+16,40.8292,3.12203,5.11464,4.78642e+19,8.81471e+20,sim03033.iv
sim03034,29.6803,3.94467,5.93437,8.7571e+20,2.27745e+19,281.341,3.77608,5.59514,4.23944e+16,5.38033e+16,29.9247,3.08718,5.00776,4.81525e+19,7.74684e+20,sim03034.iv
sim03035,28.1284,3.80746,5.91215,7.93088e+20,3.78098e+19,283.555,3.70314,5.46083,2.74634e+16,3.25903e+16,31.2427,3.10934,5.02365,3.57473e+19,5.18981e+20,sim03035.iv
sim03036,21.2926,3.85473,5.87144,5.94944e+20,4.54495e+19,252.66,3.69367,5.59882,3.28509e+16,6.56914e+16,42.3958,2.90842,5.0115,4.16546e+19,6.44511e+20,sim03036.iv
sim03037,29.6379,3.88295,5.80781,9.25708e+20,4.45333e+19,331.991,3.63652,5.59524,6.95337e+16,6.33655e+16,41.668,3.10238,5.08323,3.33569e+19,7.92572e+20,sim03037.iv
sim03038,20.2343,3.80195,5.89414,7.79235e+20,3.82888e+19,315.38,3.71716,5.45688,6.57379e+16,3.33821e+16,44.5273,2.96933,5.17899,1.51175e+19,8.52737e+20,sim03038.iv
sim03039,32.8796,3.82548,5.9118,6.05927e+20,2.16943e+19,273.871,3.67287,5.47774,4.57326e+16,1.15276e+16,31.0194,2.9574,5.11855,2.92367e+19,5.86271e+20,sim03039.iv
sim03040,37.6374,3.80702,5.86665,8.10057e+20,3.49593e+19,235.258,3.66784,5.49154,4.70286e+16,7.1687e+16,42.2056,2.81634,5.14905,4.51402e+19,9.56953e+20,sim03040.iv
sim03041,21.6795,3.97674,5.83274,6.69173e+20,2.52665e+19,251.858,3.65894,5.43388,6.93114e+16,6.22406e+16,38.4056,3.00854,5.04417,3.34523e+19,8.26863e+20,sim03041.iv
sim03042,21.5577,3.99755,5.91596,8.19166e+20,3.27873e+19,306.701,3.73137,5.55983,2.45392e+16,2.47351e+16,26.5874,3.18538,5.07141,2.2647e+19,6.14655e+20,sim03042.iv
sim03043,34.4422,3.98106,5.93484,5.93881e+20,4.34941e+19,342.371,3.74261,5.51872,7.04594e+16,7.62379e+16,45.7821,3.06347,5.1063,1.7298e+19,6.87113e+20,sim03043.iv
sim03044,22.5378,3.94571,5.99846,5.47983e+20,2.76078e+19,308.011,3.60598,5.48791,8.15299e+16,3.63887e+16,39.7911,3.04294,5.14001,1.96063e+19,5.84167e+20,sim03044.iv
sim03045,20.5073,3.89607,5.83737,8.25604e+20,3.19671e+19,326.72,3.76039,5.47224,3.66641e+16,1.73955e+16,42.6912,2.99848,5.06726,3.81424e+19,6.37052e+20,sim03045.iv
sim03046,34.341,3.88719,5.85405,8.9522e+20,3.82934e+19,282.735,3.73825,5.41788,4.86846e+16,6.40136e+16,31.8145,3.08565,5.10444,2.53153e+19,7.07675e+20,sim03046.iv
sim03047,41.4873,3.81316,5.96763,5.28679e+20,1.5307e+19,323.43,3.67489,5.49189,4.35482e+16,1.83742e+16,38.2567,3.07563,5.03799,4.0084e+19,5.49901e+20,sim03047.iv
sim03048,43.2446,3.94027,5.98242,9.06749e+20,4.37798e+19,344.079,3.76887,5.55928,2.76514e+16,7.79567e+16,38.9812,3.18463,5.14401,2.03831e+19,5.82063e+20,sim03048.iv
sim03049,28.4407,3.89603,5.9305,6.07546e+20,1.93128e+19,252.261,3.76146,5.47308,1.70543e+16,5.90532e+16,20.1785,3.06948,5.16842,1.66553e+19,9.223e+20,sim03049.iv
sim03050,40.3707,3.81971,5.84558,6.1367e+20,1.82293e+19,256.837,3.78153,5.44483,9.34031e+16,5.94693e+16,35.5111,3.06951,5.16114,4.83054e+19,5.01345e+20,sim03050.iv
sim03051,31.9439,3.83581,5.83035,5.73513e+20,3.83911e+19,217.16,3.76734,5.55051,4.68343e+16,4.82914e+16,40.3509,2.80431,5.07743,1.72054e+19,5.90389e+20,sim03051.iv
sim03052,36.5177,3.84919,5.87504,8.58658e+20,3.48269e+19,256.203,3.60992,5.40533,5.38791e+16,4.79378e+16,43.8934,2.83281,5.16999,1.85013e+19,6.75366e+20,sim03052.iv
sim03053,45.7979,3.96753,5.90298,5.40833e+20,3.36191e+19,316.644,3.65246,5.43661,5.47338e+16,7.74375e+16,35.1467,2.89579,5.17378,4.48803e+19,8.29166e+20,sim03053.iv
sim03054,22.2287,3.84642,5.92373,8.90652e+20,2.89704e+19,252.566,3.7769,5.47627,9.24616e+16,5.79107e+16,38.4284,2.84998,5.05352,4.89874e+19,8.59334e+20,sim03054.iv
sim03055,34.3122,3.90429,5.81756,8.91665e+20,1.28546e+19,264.179,3.68213,5.52062,4.7398e+16,9.64642e+16,43.9371,3.18373,5.10375,2.20894e+19,9.90655e+20,sim03055.iv
sim03056,22.4367,3.98542,5.81916,9.03453e+20,4.11973e+19,302.358,3.75651,5.41761,4.36159e+16,4.02844e+16,49.4459,2.98901,5.00993,2.03725e+19,9.22042e+20,sim03056.iv
sim03057,46.7494,3.98547,5.82882,8.44043e+20,2.60934e+19,312.966,3.76488,5.45225,5.50304e+16,3.94558e+16,33.6776,2.91625,5.06793,2.0891e+19,6.49221e+20,sim03057.iv
sim03058,37.3389,3.92006,5.98415,6.9529e+20,3.62988e+19,345.166,3.69327,5.55583,9.72777e+16,8.10799e+16,22.4151,2.87725,5.05898,3.74486e+19,8.35719e+20,sim03058.iv
sim03059,24.1146,3.88987,5.88436,8.44934e+20,2.04379e+19,243.289,3.71934,5.41657,7.01969e+16,4.95486e+16,36.0903,3.1208,5.03619,1.83979e+19,9.5054e+20,sim03059.iv
sim03060,42.2293,3.85254,5.94415,7.28594e+20,3.46914e+19,320.13,3.60895,5.52224,4.04618e+16,5.64534e+16,30.9126,3.17642,5.11943,4.3864e+19,6.28363e+20,sim03060.iv
sim03061,30.9383,3.95741,5.84689,9.99997e+20,3.64032e+19,335.555,3.6209,5.48277,4.02329e+16,9.73867e+16,24.3425,3.09927,5.12617,4.40543e+19,9.88644e+20,sim03061.iv
sim03062,44.1767,3.85043,5.96685,7.6338e+20,3.61324e+19,249.262,3.7632,5.48889,8.27531e+16,4.84529e+16,38.4963,2.8412,5.01849,4.81188e+19,8.63033e+20,sim03062.iv
sim03063,25.1809,3.91955,5.95624,7.99355e+20,2.79379e+19,326.934,3.61015,5.52667,5.25707e+16,6.8335e+16,28.7135,2.86499,5.19484,4.45692e+19,9.54471e+20,sim03063.iv
sim03064,43.0628,3.81298,5.92558,6.9071e+20,2.33715e+19,244.891,3.63613,5.42789,2.09088e+16,7.40407e+16,47.9125,2.95213,5.0212,1.88463e+19,8.73496e+20,sim03064.iv
sim03065,30.4558,3.93256,5.84112,8.78389e+20,3.6207e+19,241.113,3.78639,5.50453,2.97877e+16,6.10011e+16,32.4597,3.16686,5.06197,4.54524e+19,8.71192e+20,sim03065.iv
sim03066,40.3968,3.83677,5.81723,9.32219e+20,3.28217e+19,345.141,3.70328,5.51828,9.97398e+16,7.44303e+16,30.8009,3.13112,5.0591,3.1003e+19,6.18974e+20,sim03066.iv
sim03067,49.8405,3.9869,5.97477,7.00571e+20,3.91411e+19,246.51,3.678,5.56091,1.50767e+16,1.4455e+16,39.8323,3.10984,5.07671,3.69871e+19,9.5149e+20,sim03067.iv
sim03068,22.9996,3.9661,5.91635,7.11178e+20,1.20685e+19,263.771,3.75878,5.50839,2.58677e+16,3.08999e+16,45.4286,2.97316,5.0191,4.89333e+19,6.26731e+20,sim03068.iv
sim03069,43.8946,3.80256,5.8513,6.68561e+20,4.4377e+19,314.713,3.6616,5.5575,8.29054e+16,5.60819e+16,35.2366,3.00381,5.03348,4.25093e+19,8.57303e+20,sim03069.iv
sim03070,45.4815,3.96313,5.95709,8.90188e+20,4.7778e+19,294.758,3.76559,5.56027,3.4321e+16,6.09155e+16,41.8907,2.84139,5.10612,1.01136e+19,6.20151e+20,sim03070.iv
sim03071,34.5911,3.86139,5.95422,8.18702e+20,2.07016e+19,212.391,3.65094,5.50381,7.86007e+16,6.43031e+16,21.6745,2.98661,5.1919,4.61618e+19,8.71198e+20,sim03071.iv
sim03072,28.5144,3.80443,5.89127,6.87219e+20,3.70339e+19,219.882,3.78468,5.54717,9.73898e+16,8.78782e+16,32.9069,3.065,5.16913,1.8155e+19,5.04815e+20,sim03072.iv
sim03073,29.2275,3.88749,5.92491,6.31712e+20,2.76824e+19,300.815,3.76488,5.44539,8.19913e+16,9.4528e+16,32.2869,3.0208,5.002,3.84084e+19,9.36007e+20,sim03073.iv
sim03074,20.5996,3.96873,5.8298,9.21049e+20,3.16762e+19,261.822,3.78825,5.52247,1.3479e+16,7.894e+16,25.472,3.16931,5.03329,2.95063e+19,7.61289e+20,sim03074.iv
sim03075,36.9134,3.90666,5.88781,8.56416e+20,1.62224e+19,320.218,3.60749,5.56842,7.74846e+16,8.1586e+16,28.9079,3.13988,5.13823,4.87416e+19,5.10006e+20,sim03075.iv
sim03076,43.7157,3.92466,5.99781,7.21521e+20,2.11862e+19,333.164,3.66514,5.54056,3.98663e+16,9.5115e+16,35.783,2.92792,5.16448,1.2499e+19,5.46879e+20,sim03076.iv
sim03077,45.1015,3.86468,5.83531,7.93577e+20,2.01831e+19,348.206,3.76412,5.57784,8.50228e+16,8.97275e+16,30.1394,3.06936,5.1814,3.7438e+19,9.98577e+20,sim03077.iv
sim03078,45.966,3.81419,5.90033,6.3777e+20,4.50022e+19,341.215,3.71332,5.41163,4.12012e+16,2.69718e+16,35.8782,3.19394,5.06865,3.9359e+19,9.15527e+20,sim03078.iv
sim03079,44.9052,3.82991,5.84749,6.11639e+20,2.18912e+19,216.553,3.70788,5.54819,3.34736e+16,6.75847e+16,36.3676,2.83967,5.04796,1.96594e+19,7.4434e+20,sim03079.iv
sim03080,38.8355,3.86027,5.82542,6.34609e+20,1.16075e+19,314.813,3.73986,5.53413,6.56002e+16,3.67925e+16,23.4645,3.03961,5.14652,4.24337e+19,8.63266e+20,sim03080.iv
sim03081,39.7599,3.96488,5.95236,9.72451e+20,1.02419e+19,230.534,3.71595,5.48021,4.06455e+16,7.71317e+16,36.0691,3.01059,5.00997,2.84519e+19,8.04011e+20,sim03081.iv
sim03082,28.4025,3.8478,5.91012,9.55979e+20,1.46549e+19,253.276,3.61163,5.46508,7.25357e+16,3.86805e+16,31.9551,3.1742,5.06942,3.15821e+19,9.66813e+20,sim03082.iv
sim03083,35.2554,3.83403,5.82862,9.49448e+20,4.54254e+19,245.144,3.72464,5.43331,3.08345e+16,9.28596e+16,32.053,2.88341,5.10482,4.40402e+19,9.16476e+20,sim03083.iv
sim03084,39.8605,3.96269,5.95591,9.81826e+20,3.62336e+19,293.706,3.78113,5.47231,5.43597e+16,8.7322e+16,49.369,2.96851,5.11796,4.35089e+19,7.59377e+20,sim03084.iv
sim03085,32.1361,3.81297,5.84241,6.65715e+20,2.60658e+19,318.669,3.63336,5.41448,6.29e+16,1.07293e+16,47.9259,2.90241,5.16673,2.51812e+19,9.99425e+20,sim03085.iv
sim03086,35.0381,3.99257,5.89378,8.57125e+20,1.25455e+19,272.295,3.65416,5.55864,5.79192e+16,6.76007e+16,27.6146,2.84673,5.13611,2.76908e+19,7.08515e+20,sim03086.iv
sim03087,48.9182,3.82365,5.92877,5.30126e+20,3.73967e+19,288.35,3.74538,5.55016,2.1884e+16,3.47225e+16,27.5718,3.04321,5.05167,3.06352e+19,7.21065e+20,sim03087.iv
sim03088,37.5696,3.87027,5.98499,9.82504e+20,2.40351e+19,337.996,3.75861,5.44522,6.06529e+16,4.3986e+16,44.0281,3.15757,5.12448,3.52053e+19,8.60626e+20,sim03088.iv
sim03089,34.8522,3.89413,5.91264,9.09181e+20,3.58973e+19,230.158,3.62808,5.48318,6.93183e+16,4.51998e+16,31.4523,3.15818,5.17364,2.90265e+19,8.59142e+20,sim03089.iv
sim03090,33.5629,3.92063,5.8549,7.48768e+20,3.57016e+19,271.849,3.75188,5.45346,1.11589e+16,9.22826e+16,30.831,2.90084,5.09521,1.99748e+19,8.66622e+20,sim03090.iv
sim03091,29.2039,3.99834,5.85525,6.80937e+20,3.15353e+19,210.467,3.60083,5.44676,1.73499e+16,7.84061e+16,46.1545,2.9653,5.1033,3.45097e+19,5.4744e+20,sim03091.iv
sim03092,34.0945,3.99187,5.84158,5.42029e+20,2.12228e+19,286.709,3.7737,5.47096,4.10327e+16,4.08759e+16,45.2276,2.98772,5.06628,1.7078e+19,5.62801e+20,sim03092.iv
sim03093,49.2241,3.89728,5.81444,9.53181e+20,4.81633e+19,243.205,3.66321,5.5921,1.14185e+16,3.91882e+16,32.9031,3.10816,5.07355,2.35364e+19,8.647e+20,sim03093.iv
sim03094,45.4792,3.81865,5.82849,8.29885e+20,2.25736e+19,303.581,3.63479,5.5608,3.89276e+16,4.01639e+16,25.3661,2.88455,5.11968,3.32642e+19,9.12201e+20,sim03094.iv
sim03095,38.9084,3.88557,5.96069,5.08296e+20,3.80717e+19,286.046,3.64418,5.5275,9.87991e+16,4.11858e+16,39.1551,2.97575,5.07849,2.22865e+19,6.14475e+20,sim03095.iv
sim03096,27.0676,3.95485,5.86476,7.64788e+20,1.85405e+19,239.745,3.71742,5.51655,5.54737e+16,7.23867e+16,39.1108,2.88004,5.0111,2.07869e+19,7.15623e+20,sim03096.iv
sim03097,26.2489,3.89648,5.80734,7.38562e+20,2.40605e+19,344.275,3.77534,5.59022,6.92947e+16,9.74758e+16,25.6856,3.01296,5.14864,2.92938e+19,6.06873e+20,sim03097.iv
sim03098,39.6146,3.99424,5.90464,6.24056e+20,1.16207e+19,224.579,3.75544,5.49705,2.87794e+16,8.7407e+16,33.0823,3.1183,5.16226,3.87167e+19,9.86287e+20,sim03098.iv
sim03099,46.907,3.82509,5.86875,9.77124e+20,3.62228e+19,272.123,3.77242,5.52778,4.33516e+16,3.44123e+16,45.5331,3.13871,5.18366,4.13817e+19,5.92384e+20,sim03099.iv
sim03100,31.6543,3.86562,5.85158,8.97363e+20,1.49856e+19,277.089,3.77313,5.55779,3.40637e+16,1.31992e+16,32.4163,3.0374,5.17095,3.11308e+19,6.32907e+20,sim03100.iv
sim03101,40.7227,3.88033,5.96505,5.11863e+20,2.67604e+19,269.102,3.71751,5.47172,4.61957e+16,7.61403e+16,25.1385,2.89535,5.02048,2.03068e+19,7.52695e+20,sim03101.iv
sim03102,25.6748,3.81472,5.99927,7.27603e+20,4.32619e+19,313.428,3.63309,5.50246,6.11073e+16,2.42053e+16,23.3569,2.90529,5.05225,2.11034e+19,6.26228e+20,sim03102.iv
sim03103,36.4044,3.85888,5.95433,5.26191e+20,3.48603e+19,318.142,3.68743,5.46386,3.72779e+16,3.95014e+16,23.5209,3.03243,5.1247,2.55873e+19,9.77929e+20,sim03103.iv
sim03104,47.343,3.85958,5.94647,5.58158e+20,4.03126e+19,313.003,3.67133,5.47739,6.27455e+16,3.52199e+16,37.1821,3.15505,5.08897,1.81683e+19,7.79022e+20,sim03104.iv
sim03105,39.5854,3.9052,5.80473,8.3464e+20,1.14758e+19,268.439,3.68288,5.56928,8.76405e+16,7.97538e+16,44.5919,2.88752,5.14326,3.99714e+19,8.89037e+20,sim03105.iv
sim03106,43.8435,3.83265,5.85139,8.91843e+20,1.58939e+19,227.355,3.7954,5.59356,4.0306e+16,1.07734e+16,31.9474,2.81035,5.02869,1.89646e+19,9.1961e+20,sim03106.iv
sim03107,31.259,3.80164,5.92738,5.35315e+20,4.57642e+19,244.35,3.64755,5.47941,1.96701e+16,1.20824e+16,47.431,3.14544,5.18326,3.70656e+19,5.0651e+20,sim03107.iv
sim03108,49.1957,3.94175,5.88305,8.6624e+20,3.2683e+19,304.035,3.76482,5.58724,8.16989e+16,9.06295e+16,37.0251,2.93537,5.13394,3.22491e+19,5.28106e+20,sim03108.iv
sim03109,37.2764,3.88348,5.87391,8.6223e+20,4.54044e+19,237.6,3.75898,5.43392,6.18802e+16,8.63385e+16,47.1752,2.92338,5.16378,4.51516e+19,5.86388e+20,sim03109.iv
sim03110,31.5417,3.95525,5.80294,8.12883e+20,2.65857e+19,282.452,3.68367,5.43908,4.1361e+16,8.74945e+16,38.3289,2.99091,5.14121,1.73492e+19,5.41736e+20,sim03110.iv
sim03111,36.458,3.8023,5.82964,8.58529e+20,4.60647e+19,249.937,3.67652,5.5362,8.24399e+16,3.34191e+16,44.7851,3.18907,5.01759,1.89728e+19,8.63073e+20,sim03111.iv
sim03112,21.1011,3.8568,5.96891,8.40827e+20,3.56283e+19,295.68,3.70038,5.55335,8.78761e+16,8.15982e+16,34.4808,3.11141,5.15107,2.82305e+19,6.67055e+20,sim03112.iv
sim03113,32.3041,3.89864,5.82939,6.09241e+20,1.40737e+19,220.121,3.71322,5.53961,6.52251e+16,7.54211e+16,32.195,3.11966,5.14954,3.84402e+19,8.83e+20,sim03113.iv
sim03114,26.9434,3.91389,5.95499,5.49434e+20,1.98829e+19,278.716,3.68284,5.58285,7.75579e+16,1.36748e+16,33.9592,3.10502,5.1338,3.1506e+19,5.42597e+20,sim03114.iv
sim03115,47.4541,3.88302,5.82903,5.42198e+20,4.13918e+19,295.785,3.65034,5.50661,9.51821e+16,5.43804e+16,31.719,2.92314,5.03646,4.6414e+19,5.85849e+20,sim03115.iv
sim03116,21.6385,3.82855,5.8365,7.12411e+20,4.63856e+19,228.875,3.62923,5.48747,9.13397e+16,9.3442e+16,48.5249,2.85075,5.14111,3.58949e+19,5.15237e+20,sim03116.iv
sim03117,40.169,3.9394,5.93133,6.0785e+20,2.32944e+19,287.526,3.62768,5.43175,7.28874e+16,2.49138e+16,20.5006,2.87404,5.01511,2.12868e+19,8.80166e+20,sim03117.iv
sim03118,43.5828,3.81427,5.91406,5.44024e+20,1.74834e+19,319.79,3.7944,5.45432,7.99087e+16,4.07845e+16,43.5368,3.02811,5.10927,4.2351e+19,8.48085e+20,sim03118.iv
sim03119,49.1225,3.87253,5.99101,9.13821e+20,2.97415e+19,280.114,3.78039,5.51749,4.04019e+16,1.37238e+16,28.9889,2.88694,5.02581,3.69049e+19,6.97849e+20,sim03119.iv
sim03120,22.837,3.8654,5.82808,7.99302e+20,2.70765e+19,340.789,3.72175,5.55303,4.01551e+16,7.79032e+16,42.0435,3.19636,5.13223,4.66461e+19,9.33458e+20,sim03120.iv
sim03121,47.5619,3.91463,5.8448,7.92514e+20,4.68669e+19,346.223,3.78923,5.48822,8.23897e+16,5.39705e+16,40.7518,2.97261,5.06051,2.76774e+19,6.5349e+20,sim03121.iv
sim03122,32.6954,3.93554,5.84015,8.38358e+20,1.29448e+19,210.223,3.64661,5.44047,8.4984e+16,7.80437e+16,39.9917,3.0825,5.1326,4.3058e+19,7.66948e+20,sim03122.iv
sim03123,20.5293,3.97266,5.89408,9.64213e+20,4.57202e+19,265.908,3.78661,5.41172,6.96097e+16,7.13342e+16,45.2039,2.98858,5.04811,1.17672e+19,7.33645e+20,sim03123.iv
sim03124,33.5982,3.87128,5.92728,7.6569e+20,1.46222e+19,216.737,3.77813,5.54843,5.16876e+16,5.46442e+16,23.4336,2.9054,5.16496,1.50536e+19,5.52148e+20,sim03124.iv
sim03125,36.7441,3.96806,5.87582,8.22937e+20,4.60858e+19,334.776,3.69357,5.45912,6.16045e+16,9.31779e+16,40.4259,3.18207,5.11583,1.08489e+19,7.23962e+20,sim03125.iv
sim03126,47.0982,3.80675,5.9236,6.88965e+20,2.61452e+19,289.461,3.68232,5.58403,3.73324e+16,7.83353e+16,22.7624,2.93314,5.03157,1.8793e+19,7.82248e+20,sim03126.iv
sim03127,30.2611,3.80975,5.97268,8.37697e+20,4.82086e+19,322.063,3.71187,5.49207,9.51949e+16,4.81584e+16,36.347,2.93349,5.05613,4.38222e+19,6.23506e+20,sim03127.iv
sim03128,24.3214,3.94561,5.96823,9.63861e+20,3.66807e+19,258.773,3.70214,5.43725,2.90893e+16,9.06635e+16,45.4651,2.91159,5.07608,4.83517e+19,6.95992e+20,sim03128.iv
sim03129,29.8233,3.84012,5.88153,6.81811e+20,3.93923e+19,258.579,3.69166,5.46427,3.87438e+16,3.26104e+16,34.9434,2.97161,5.01151,4.72221e+19,6.74398e+20,sim03129.iv
sim03130,42.7264,3.98139,5.80228,5.61658e+20,1.76219e+19,334.013,3.70913,5.46219,1.39706e+16,1.31947e+16,37.3254,3.08125,5.07711,2.15036e+19,9.03278e+20,sim03130.iv
sim03131,45.9663,3.8767,5.94964,9.34726e+20,2.52228e+19,232.503,3.67368,5.41244,1.32014e+16,8.42406e+16,45.583,3.05893,5.17134,4.74187e+19,8.43219e+20,sim03131.iv
sim03132,47.3491,3.98392,5.85489,9.74971e+20,4.93538e+19,249.166,3.72549,5.44404,4.5438e+16,6.61653e+16,21.1231,3.05857,5.09721,1.49509e+19,8.42296e+20,sim03132.iv
sim03133,48.2741,3.80045,5.88755,5.63071e+20,1.82803e+19,278.825,3.65826,5.52983,3.37635e+16,7.98624e+16,25.5041,3.1629,5.08003,1.22184e+19,5.4986e+20,sim03133.iv
sim03134,35.9885,3.98221,5.90307,7.25089e+20,4.0912e+19,241.751,3.73533,5.44365,8.608e+16,8.932e+16,25.8373,2.85743,5.14467,3.61138e+19,8.10828e+20,sim03134.iv
sim03135,35.2816,3.82581,5.9439,5.81164e+20,3.17136e+19,258.526,3.66633,5.56645,5.10594e+16,5.44113e+16,46.8858,3.02338,5.16026,4.45147e+19,8.47591e+20,sim03135.iv
sim03136,24.3209,3.82385,5.88684,5.31594e+20,2.20287e+19,239.186,3.60773,5.47983,3.24172e+16,1.91753e+16,41.9089,3.16503,5.12415,4.71729e+19,5.8323e+20,sim03136.iv
sim03137,43.0427,3.88172,5.89791,8.32142e+20,4.13417e+19,218.375,3.67764,5.553,5.81455e+16,4.07521e+16,21.2159,2.80295,5.08502,2.93437e+19,6.146e+20,sim03137.iv
sim03138,43.9888,3.94469,5.83764,5.93997e+20,4.45939e+19,338.68,3.79691,5.53728,9.3603e+16,2.33653e+16,24.6713,2.81661,5.10771,1.8851e+19,7.84406e+20,sim03138.iv
sim03139,20.2305,3.90579,5.97778,8.62956e+20,2.46803e+19,219.554,3.64903,5.50067,3.31629e+16,7.98754e+16,48.0551,2.87049,5.00112,1.33629e+19,9.01428e+20,sim03139.iv
sim03140,21.6112,3.94926,5.88104,7.13032e+20,3.92309e+19,254.804,3.7621,5.41887,7.46792e+16,9.13313e+16,24.9276,3.02194,5.1282,1.53104e+19,7.7163e+20,sim03140.iv
sim03141,27.5689,3.95072,5.9136,7.05284e+20,3.97013e+19,312.455,3.6421,5.40512,3.23461e+16,8.94327e+16,31.9051,2.88058,5.07377,2.53261e+19,7.27035e+20,sim03141.iv
sim03142,33.5009,3.85962,5.8599,8.99877e+20,3.65212e+19,305.115,3.6381,5.59837,1.78234e+16,7.14276e+16,42.3025,2.90687,5.01542,3.94962e+19,7.82782e+20,sim03142.iv
sim03143,48.9688,3.94554,5.98594,8.17148e+20,2.99204e+19,342.263,3.76377,5.40701,6.24743e+16,2.34475e+16,48.4396,3.07035,5.09027,4.83949e+19,6.68176e+20,sim03143.iv
sim03144,33.3244,3.87981,5.82637,5.74944e+20,3.36403e+19,219.734,3.78622,5.46553,3.88868e+16,2.25713e+16,30.5286,3.07646,5.19147,1.77035e+19,5.88798e+20,sim03144.iv
sim03145,24.1704,3.9148,5.82339,5.44062e+20,3.97573e+19,321.045,3.66291,5.51629,7.68138e+16,1.4406e+16,39.041,2.91448,5.08182,2.42491e+19,8.5917e+20,sim03145.iv
sim03146,34.0633,3.95201,5.863,7.70638e+20,4.62796e+19,271.331,3.71526,5.5341,9.2108e+16,6.72522e+16,38.3718,3.13341,5.19837,4.59574e+19,5.62439e+20,sim03146.iv
sim03147,40.2935,3.86572,5.88289,8.22672e+20,1.58045e+19,306.975,3.6587,5.56385,4.34526e+16,1.44966e+16,37.9634,3.09991,5.12334,4.11513e+19,9.02064e+20,sim03147.iv
sim03148,21.2678,3.80037,5.84486,6.12355e+20,3.25179e+19,242.074,3.67297,5.49073,6.40744e+16,9.9707e+16,40.6552,2.90632,5.07016,1.17463e+19,7.09762e+20,sim03148.iv
sim03149,37.6742,3.98989,5.85359,6.21751e+20,1.06894e+19,290.453,3.79917,5.47422,5.48063e+16,1.52413e+16,37.1326,2.88403,5.00309,3.73538e+19,5.7387e+20,sim03149.iv
sim03150,23.0345,3.84563,5.82751,8.11432e+20,2.06826e+19,303.939,3.70919,5.47073,2.74129e+16,7.05463e+16,35.7329,3.08834,5.10123,4.20827e+19,7.7487e+20,sim03150.iv
sim03151,44.4003,3.90994,5.99235,9.26596e+20,2.01647e+19,311.94,3.6264,5.58222,4.10991e+16,5.29685e+16,20.6171,3.14705,5.1896,2.88201e+19,5.93952e+20,sim03151.iv
sim03152,40.8138,3.85939,5.992,6.55578e+20,3.30289e+19,216.922,3.79796,5.51523,9.77783e+16,3.70647e+16,35.8148,2.80735,5.15416,1.666e+19,7.12664e+20,sim03152.iv
sim03153,40.1011,3.81642,5.95673,9.02898e+20,3.12519e+19,294.695,3.61884,5.48976,8.57031e+16,1.80382e+16,49.6613,2.99437,5.00256,2.35962e+19,7.50307e+20,sim03153.iv
sim03154,48.7696,3.94105,5.91621,9.83258e+20,2.17991e+19,263.158,3.75364,5.5189,2.97095e+16,7.75959e+16,28.0163,3.02355,5.17125,2.10042e+19,8.80583e+20,sim03154.iv
sim03155,45.84,3.86343,5.83932,9.32879e+20,2.86561e+19,253.59,3.60208,5.4388,5.61437e+16,8.46076e+16,35.069,2.91059,5.18583,2.47696e+19,5.81439e+20,sim03155.iv
sim03156,48.3604,3.87929,5.89648,9.14912e+20,2.15096e+19,284.021,3.77326,5.45122,9.04863e+16,2.72332e+16,45.6318,2.95739,5.10963,3.20562e+19,6.02455e+20,sim03156.iv
sim03157,25.1898,3.94228,5.96508,5.68472e+20,4.00616e+19,255.768,3.71889,5.50693,7.69043e+16,5.87732e+16,22.8025,2.91168,5.07958,3.28809e+19,5.8475e+20,sim03157.iv
sim03158,30.1229,3.81264,5.86451,7.561e+20,4.7458e+19,234.884,3.60552,5.47544,6.4683e+16,6.46869e+16,30.3666,2.81504,5.18378,3.00713e+19,8.88263e+20,sim03158.iv
sim03159,31.9071,3.96629,5.95694,5.47646e+20,1.20506e+19,230.93,3.76457,5.4539,4.56206e+16,6.20543e+16,39.5564,2.97054,5.08983,2.31252e+19,5.47016e+20,sim03159.iv
sim03160,24.4495,3.97798,5.99497,9.12727e+20,2.22319e+19,234.969,3.70184,5.41892,9.23467e+16,7.91203e+16,49.2084,3.14236,5.08176,2.25686e+19,9.17107e+20,sim03160.iv
sim03161,37.637,3.97574,5.86504,7.73233e+20,2.84935e+19,235.654,3.70821,5.41668,4.37497e+16,5.80086e+16,24.3572,3.10146,5.03816,3.91417e+19,5.11978e+20,sim03161.iv
sim03162,40.6664,3.88008,5.95802,7.80983e+20,2.52017e+19,302.932,3.67758,5.47124,4.83065e+16,7.39358e+16,38.4482,3.1666,5.00007,1.64381e+19,7.4701e+20,sim03162.iv
sim03163,40.0895,3.81793,5.85884,9.94286e+20,2.31058e+19,263.217,3.64776,5.40349,3.56856e+16,2.44952e+16,31.4307,2.89298,5.08077,2.07782e+19,9.57804e+20,sim03163.iv
sim03164,28.7416,3.83772,5.95241,9.05873e+20,3.25202e+19,258.28,3.76684,5.53397,4.42932e+16,4.52496e+16,20.0734,2.82311,5.02696,1.98912e+19,9.63035e+20,sim03164.iv
sim03165,44.6485,3.80816,5.80298,7.93002e+20,2.50593e+19,322.249,3.79458,5.49885,2.59667e+16,9.03496e+16,32.6662,2.96685,5.14078,2.47967e+19,6.17423e+20,sim03165.iv
sim03166,42.2509,3.83717,5.80785,7.48812e+20,1.13574e+19,320.732,3.79548,5.58973,2.3402e+16,9.38788e+16,23.3551,2.94176,5.01687,4.2907e+19,6.11871e+20,sim03166.iv
sim03167,39.947,3.95254,5.87615,8.94643e+20,2.30235e+19,230.752,3.69197,5.54206,1.35732e+16,8.2562e+16,27.6692,3.07248,5.02281,2.55782e+19,7.32524e+20,sim03167.iv
sim03168,34.0533,3.85465,5.90584,6.38683e+20,1.66613e+19,228.668,3.77894,5.42613,4.55673e+16,3.26711e+16,38.4814,2.9383,5.05726,4.87604e+19,9.98373e+20,sim03168.iv
sim03169,23.9786,3.93856,5.97797,9.85419e+20,2.1924e+19,319.821,3.66555,5.52432,5.61667e+16,7.36744e+16,47.3811,2.84511,5.04457,3.34301e+19,6.78608e+20,sim03169.iv
sim03170,36.7357,3.95656,5.9399,8.83294e+20,1.64475e+19,214.251,3.77435,5.4903,6.72107e+16,1.65648e+16,41.2317,2.84066,5.15747,1.24287e+19,5.416e+20,sim03170.iv
sim03171,30.299,3.8424,5.99689,7.2566e+20,2.87537e+19,216.507,3.69828,5.41279,6.65302e+16,9.83403e+16,29.8874,3.12322,5.1931,4.87186e+19,8.72962e+20,sim03171.iv
sim03172,46.0995,3.87029,5.91677,8.31443e+20,1.86949e+19,253.878,3.67229,5.41314,5.10894e+16,8.05014e+16,39.4934,3.05005,5.12118,1.09011e+19,5.01648e+20,sim03172.iv
sim03173,25.0736,3.98266,5.97142,7.88397e+20,2.54162e+19,344.906,3.6132,5.41942,6.58912e+16,5.92766e+16,49.439,3.12102,5.18764,3.8868e+19,9.63425e+20,sim03173.iv
sim03174,40.6041,3.90514,5.91601,9.50604e+20,1.41866e+19,289.153,3.67845,5.53259,6.4341e+16,4.59656e+16,40.6793,3.0144,5.03749,3.55224e+19,5.13339e+20,sim03174.iv
sim03175,44.6896,3.9813,5.81559,6.2839e+20,1.50727e+19,318.056,3.61421,5.50822,4.49391e+16,7.75781e+16,39.1739,3.01768,5.1007,4.10009e+19,7.38608e+20,sim03175.iv
sim03176,32.5942,3.80506,5.85371,6.84934e+20,3.31503e+19,304.248,3.79254,5.45534,5.89974e+16,7.80435e+16,29.3157,3.01941,5.08371,2.589e+19,5.31341e+20,sim03176.iv
sim03177,20.7271,3.85907,5.98246,5.96386e+20,1.252e+19,296.829,3.79171,5.41143,7.70911e+16,1.9765e+16,24.06,3.17443,5.14024,3.2372e+19,5.82326e+20,sim03177.iv
sim03178,36.7716,3.81245,5.87889,8.52225e+20,3.27331e+19,304.523,3.62317,5.55172,9.60654e+16,9.16773e+16,22.638,2.83944,5.10267,3.09624e+19,9.28563e+20,sim03178.iv
sim03179,31.0663,3.9029,5.84074,9.73297e+20,1.48369e+19,336.57,3.77814,5.4101,7.97876e+16,4.03771e+16,26.7412,2.96098,5.18479,2.59562e+19,6.21352e+20,sim03179.iv
sim03180,35.7378,3.88192,5.8038,5.93148e+20,1.06893e+19,283.107,3.72827,5.54367,2.87112e+16,8.24513e+16,32.3311,2.81967,5.18554,3.77378e+19,7.81277e+20,sim03180.iv
sim03181,21.2064,3.8028,5.91297,9.39394e+20,3.58984e+19,210.776,3.7276,5.46972,2.09828e+16,8.30401e+16,37.2935,3.08969,5.03301,1.46451e+19,7.57255e+20,sim03181.iv
sim03182,35.8361,3.91641,5.94885,8.31799e+20,3.70502e+19,234.5,3.68362,5.52,5.6678e+16,3.73811e+16,48.3281,2.85608,5.19493,4.12825e+19,7.98089e+20,sim03182.iv
sim03183,23.8242,3.91278,5.81759,9.65964e+20,2.14242e+19,265.932,3.72735,5.40375,5.87745e+16,7.43355e+16,26.2179,2.8616,5.09753,3.14623e+19,7.19528e+20,sim03183.iv
sim03184,28.8682,3.88197,5.86246,6.24831e+20,2.88846e+19,265.39,3.68708,5.40005,7.23433e+16,1.42187e+16,26.2011,3.12138,5.19683,4.96591e+19,7.96115e+20,sim03184.iv
sim03185,27.7824,3.96697,5.93007,9.93097e+20,3.19641e+19,283.664,3.60876,5.43888,7.0023e+16,9.94395e+16,34.2688,2.81164,5.07991,1.50525e+19,9.7986e+20,sim03185.iv
sim03186,24.2394,3.82357,5.89155,7.70957e+20,3.8692e+19,261.517,3.7794,5.51972,1.42547e+16,1.3075e+16,34.0632,2.97577,5.09047,1.22876e+19,5.26636e+20,sim03186.iv
sim03187,21.823,3.94679,5.92029,5.68232e+20,2.72396e+19,342.011,3.61383,5.43783,4.50653e+16,3.12315e+16,24.756,3.18933,5.15329,3.9167e+19,9.66153e+20,sim03187.iv
sim03188,25.6113,3.97795,5.99653,7.93158e+20,4.61295e+19,324.257,3.66358,5.46647,7.08234e+16,5.96923e+16,31.5482,2.81882,5.00459,1.39195e+19,7.02071e+20,sim03188.iv
sim03189,20.8223,3.82963,5.99361,7.25289e+20,4.733e+19,236.594,3.67171,5.53424,9.90885e+16,7.29857e+16,47.0662,2.81965,5.06076,4.53117e+19,7.61608e+20,sim03189.iv
sim03190,25.0959,3.83396,5.95173,5.78979e+20,2.99068e+19,235.381,3.64166,5.47946,2.06276e+16,6.93397e+16,24.9837,3.10081,5.10426,2.38598e+19,8.07121e+20,sim03190.iv
sim03191,32.2287,3.8165,5.86182,7.62336e+20,1.41699e+19,312.529,3.67129,5.44096,1.07246e+16,1.76437e+16,27.1184,2.94679,5.03066,3.17994e+19,5.97197e+20,sim03191.iv
sim03192,48.6399,3.91296,5.95932,7.10911e+20,1.81953e+19,272.938,3.68246,5.52473,9.19558e+16,3.13502e+16,22.8964,3.08612,5.00008,4.17841e+19,8.63944e+20,sim03192.iv
sim03193,44.7741,3.81812,5.84074,7.75826e+20,2.30919e+19,328.416,3.69167,5.4859,2.66277e+16,6.05823e+16,30.3784,2.98021,5.05426,3.4354e+19,9.19031e+20,sim03193.iv
sim03194,20.6167,3.84618,5.93547,8.5332e+20,2.1771e+19,250.066,3.74936,5.51167,4.50053e+16,1.49882e+16,39.5906,2.91718,5.11542,3.88953e+19,7.31637e+20,sim03194.iv
sim03195,27.5982,3.84283,5.94098,9.45771e+20,4.9199e+19,322.458,3.72054,5.57287,4.50694e+16,8.93969e+16,32.9072,3.03814,5.03398,2.9888e+19,6.70747e+20,sim03195.iv
sim03196,30.9952,3.91964,5.97638,9.12975e+20,2.39585e+19,312.738,3.70952,5.46966,9.17252e+16,2.45133e+16,44.1545,2.88489,5.17849,3.88535e+19,7.32471e+20,sim03196.iv
sim03197,22.3196,3.83603,5.83299,8.80778e+20,3.48805e+19,240.467,3.67353,5.46187,6.87242e+16,3.9735e+16,43.0581,3.07799,5.04852,2.29531e+19,7.7473e+20,sim03197.iv
sim03198,47.2358,3.8223,5.87172,7.99588e+20,2.29818e+19,250.537,3.68639,5.43852,6.43094e+16,8.90487e+16,47.3227,2.98857,5.05869,2.52959e+19,6.14178e+20,sim03198.iv
sim03199,37.9564,3.82694,5.86364,5.85296e+20,1.82108e+19,304.004,3.79855,5.53508,3.19697e+16,4.66892e+16,38.8383,3.14696,5.14285,1.5815e+19,8.01962e+20,sim03199.iv
sim03200,25.9153,3.87487,5.99296,9.46041e+20,2.02709e+19,311.996,3.6659,5.40157,8.65104e+16,8.40244e+16,28.8248,3.10884,5.0063,3.15914e+19,9.90792e+20,sim03200.iv
sim03201,43.6544,3.91511,5.87316,8.67671e+20,4.90163e+19,236.897,3.60991,5.47545,5.65186e+16,3.20697e+16,38.4968,2.92235,5.19638,2.06139e+19,9.0149e+20,sim03201.iv
sim03202,48.9391,3.89991,5.83985,9.4519e+20,2.60936e+19,286.177,3.60981,5.46962,6.0036e+16,7.23687e+16,48.5344,3.0334,5.05428,3.22867e+19,5.35461e+20,sim03202.iv
sim03203,24.4429,3.87037,5.80445,5.37662e+20,1.02937e+19,235.451,3.76511,5.47028,9.12207e+16,8.96444e+16,45.9037,2.88475,5.06848,2.87332e+19,7.15796e+20,sim03203.iv
sim03204,22.397,3.84778,5.92404,8.3827e+20,2.45862e+19,251.579,3.71721,5.53269,7.39886e+16,8.29865e+16,37.5163,2.95155,5.06958,1.13736e+19,7.0818e+20,sim03204.iv
sim03205,46.0634,3.92553,5.91861,6.11907e+20,3.38431e+19,235.258,3.6682,5.5169,1.40845e+16,3.80272e+16,22.6557,2.86558,5.07043,3.77128e+19,6.33713e+20,sim03205.iv
sim03206,20.6024,3.87981,5.8442,8.89141e+20,4.28787e+19,303.936,3.7226,5.54612,4.3839e+16,6.86033e+16,32.5918,2.97193,5.15775,4.16431e+19,7.00224e+20,sim03206.iv
sim03207,48.1145,3.90831,5.89743,7.50774e+20,4.11746e+19,345.456,3.73801,5.46826,5.65122e+16,3.76483e+16,39.6103,3.19969,5.17299,2.89098e+19,6.71092e+20,sim03207.iv
sim03208,33.5821,3.86325,5.99833,6.00954e+20,4.23904e+19,268.008,3.73034,5.58457,6.32878e+16,6.55147e+16,21.0802,2.85153,5.1081,2.48257e+19,8.04569e+20,sim03208.iv
sim03209,31.5274,3.83499,5.95935,9.22571e+20,4.87213e+19,238.101,3.66229,5.45616,9.371e+16,6.37666e+16,47.673,3.15613,5.04906,2.7113e+19,7.06811e+20,sim03209.iv
sim03210,34.6071,3.99954,5.83475,8.86218e+20,1.9105e+19,313.514,3.64054,5.50542,7.00997e+16,4.88691e+16,48.9849,3.08222,5.03147,2.48857e+19,6.56992e+20,sim03210.iv
sim03211,28.8651,3.84235,5.83714,9.3508e+20,4.95734e+19,232.404,3.75825,5.44551,5.69503e+16,2.77423e+16,28.1333,2.96428,5.14101,2.89613e+19,9.05027e+20,sim03211.iv
sim03212,22.8978,3.91437,5.82134,5.58901e+20,2.23561e+19,224.697,3.75509,5.50148,6.801e+16,1.50636e+16,26.7442,3.00932,5.0164,1.64234e+19,5.10941e+20,sim03212.iv
sim03213,47.3447,3.88625,5.809,7.30246e+20,4.55019e+19,236.593,3.64757,5.59645,8.68519e+16,5.93675e+16,25.5804,2.88781,5.17229,3.70214e+19,6.75472e+20,sim03213.iv
sim03214,20.779,3.8272,5.94585,8.24374e+20,2.43513e+19,292.874,3.75102,5.52877,3.1556e+16,9.56354e+16,20.7089,3.02251,5.04466,3.83008e+19,7.80903e+20,sim03214.iv
sim03215,25.8711,3.90118,5.90395,7.10151e+20,1.16869e+19,238.949,3.79376,5.4377,5.12887e+16,3.64636e+16,42.7054,3.03124,5.14308,3.54791e+19,7.5185e+20,sim03215.iv
sim03216,48.8187,3.94064,5.93777,8.4524e+20,2.86717e+19,299.976,3.7209,5.57766,9.80966e+16,5.34735e+16,38.0247,2.91611,5.16909,3.84271e+19,9.61993e+20,sim03216.iv
sim03217,38.1502,3.94173,5.81903,8.03364e+20,2.50714e+19,281.133,3.66531,5.45745,8.38647e+16,6.01859e+16,27.5963,3.10669,5.01496,2.1726e+19,6.68152e+20,sim03217.iv
sim03218,25.3276,3.96854,5.93478,8.35152e+20,3.37083e+19,262.961,3.7318,5.54726,5.84633e+16,5.23651e+16,26.7057,2.8336,5.00826,3.85698e+19,6.74324e+20,sim03218.iv
sim03219,41.2522,3.90158,5.88938,8.14464e+20,1.73304e+19,347.153,3.66605,5.55384,3.23081e+16,5.21138e+16,34.9793,2.92266,5.06972,2.74115e+19,9.18097e+20,sim03219.iv
sim03220,35.0015,3.81772,5.84334,9.93012e+20,1.35949e+19,300.682,3.64223,5.48639,4.21318e+16,9.7946e+16,36.5382,2.89997,5.12072,1.28559e+19,9.63324e+20,sim03220.iv
sim03221,30.3273,3.97667,5.96184,5.93394e+20,4.8492e+19,348.835,3.76106,5.4903,7.0529e+16,1.72587e+16,47.6336,2.8887,5.14334,4.20613e+19,9.84788e+20,sim03221.iv
sim03222,44.7143,3.96361,5.94108,7.88323e+20,1.16753e+19,346.178,3.68979,5.55936,4.39557e+16,5.10454e+16,33.8705,3.196,5.04227,3.00706e+19,5.77345e+20,sim03222.iv
sim03223,34.8237,3.90919,5.82733,8.49128e+20,4.31195e+19,324.244,3.74584,5.42818,6.59321e+16,7.28522e+16,42.7806,3.08376,5.12576,3.91097e+19,9.26162e+20,sim03223.iv
sim03224,37.0796,3.82906,5.96319,8.30508e+20,3.74644e+19,251.189,3.62993,5.55614,1.44478e+16,4.62113e+16,35.2658,2.80697,5.1194,1.47851e+19,6.20724e+20,sim03224.iv
sim03225,49.8071,3.91205,5.99365,7.46317e+20,4.2137e+19,215.319,3.65825,5.45664,1.62819e+16,9.56892e+16,35.1404,3.03719,5.10409,1.99426e+19,9.62152e+20,sim03225.iv
sim03226,40.0698,3.82472,5.89236,5.00737e+20,3.69897e+19,283.302,3.78084,5.58947,1.88359e+16,1.80547e+16,46.9727,3.00484,5.09394,3.28316e+19,7.33201e+20,sim03226.iv
sim03227,38.428,3.98981,5.9212,6.60368e+20,1.85354e+19,345.256,3.71588,5.51333,1.29997e+16,9.26548e+16,34.0881,3.1999,5.03357,2.30482e+19,6.05038e+20,sim03227.iv
sim03228,31.368,3.99533,5.88296,9.1355e+20,4.02107e+19,251.713,3.71598,5.57034,6.50196e+16,3.38437e+16,45.8951,3.02247,5.196,3.6225e+19,7.24427e+20,sim03228.iv
sim03229,33.0772,3.97602,5.99612,7.05177e+20,1.65208e+19,215.569,3.66447,5.4684,4.83277e+16,2.30523e+16,34.7799,3.17735,5.0465,3.73903e+19,5.18991e+20,sim03229.iv
sim03230,39.3143,3.9875,5.85647,9.08118e+20,1.3298e+19,260.153,3.60134,5.47102,3.78856e+16,7.2348e+16,28.8353,3.12924,5.05829,1.89328e+19,7.47263e+20,sim03230.iv
sim03231,39.6937,3.97775,5.9627,7.62252e+20,4.91317e+19,251.512,3.79989,5.47704,3.36167e+16,4.44518e+16,37.5745,2.98957,5.01004,2.42403e+19,7.4591e+20,sim03231.iv
sim03232,39.8988,3.99061,5.99118,7.57017e+20,3.27636e+19,307.725,3.76707,5.54905,7.4846e+16,5.02547e+16,46.0685,3.06502,5.03184,3.39351e+19,6.5528e+20,sim03232.iv
sim03233,26.092,3.92977,5.92845,9.77359e+20,4.90488e+19,267.23,3.6357,5.42809,9.76833e+16,4.56299e+16,30.2835,3.04846,5.01146,3.58703e+19,9.37875e+20,sim03233.iv
sim03234,41.7281,3.88349,5.82323,6.20621e+20,2.0617e+19,263.889,3.62667,5.51513,4.2968e+16,5.46734e+16,28.5541,2.98155,5.14253,1.35289e+19,7.55047e+20,sim03234.iv
sim03235,38.5499,3.93354,5.98456,8.90561e+20,3.95598e+19,331.52,3.78288,5.56787,6.52595e+16,8.58788e+16,29.7924,3.18079,5.03469,1.91686e+19,5.79263e+20,sim03235.iv
sim03236,43.3104,3.8869,5.94761,7.55032e+20,2.6131e+19,335.493,3.68643,5.52368,8.72738e+16,2.91336e+16,32.0817,2.85796,5.10854,4.15827e+19,5.27516e+20,sim03236.iv
sim03237,21.8099,3.94824,5.94192,7.01097e+20,2.44277e+19,249.485,3.61235,5.50271,6.54468e+16,8.78828e+16,36.2558,2.86078,5.06164,4.14009e+19,8.09095e+20,sim03237.iv
sim03238,43.1333,3.8827,5.8135,9.46064e+20,2.39687e+19,221.674,3.71738,5.54879,5.30203e+16,6.52476e+16,32.5177,3.12547,5.15674,3.87988e+19,5.09939e+20,sim03238.iv
sim03239,35.4907,3.95707,5.84897,6.29601e+20,4.61699e+19,327.84,3.79763,5.49948,2.11812e+16,1.07428e+16,41.184,3.12667,5.08566,2.70319e+19,9.20135e+20,sim03239.iv
sim03240,25.5814,3.81269,5.99314,7.71198e+20,4.0895e+19,343.664,3.76208,5.49352,6.83307e+16,6.69021e+16,47.7659,2.85643,5.13914,4.45129e+19,6.79541e+20,sim03240.iv
sim03241,41.2489,3.84997,5.81761,5.12703e+20,3.11971e+19,217.234,3.71849,5.4751,1.06182e+16,3.03829e+16,42.1522,2.95152,5.14511,4.25989e+19,8.98472e+20,sim03241.iv
sim03242,40.1181,3.94932,5.91396,7.3238e+20,1.24684e+19,346.515,3.76805,5.53439,6.79685e+16,6.19128e+16,22.8326,2.92776,5.06792,4.17481e+19,8.0248e+20,sim03242.iv
sim03243,31.9444,3.86562,5.97078,8.92818e+20,4.25239e+19,265.357,3.69585,5.51466,2.72633e+16,4.26052e+16,34.7338,3.06815,5.0899,1.61842e+19,7.12554e+20,sim03243.iv
sim03244,35.9411,3.93015,5.97076,6.16249e+20,3.23891e+19,268.432,3.73739,5.57485,5.29383e+16,8.59756e+16,20.0606,3.16489,5.1577,1.53535e+19,8.37651e+20,sim03244.iv
sim03245,35.4269,3.99414,5.86087,8.04503e+20,3.09143e+19,240.958,3.76273,5.5486,5.8972e+16,9.49644e+16,47.7999,3.1272,5.03048,4.57662e+19,6.52905e+20,sim03245.iv
sim03246,37.1023,3.99495,5.84619,5.99876e+20,4.40773e+19,211.828,3.63485,5.46547,7.64455e+16,5.32418e+16,31.7999,3.1675,5.15118,3.53132e+19,6.70016e+20,sim03246.iv
sim03247,45.7665,3.85062,5.98918,6.30234e+20,4.28034e+19,337.99,3.6453,5.44589,1.70739e+16,4.07199e+16,35.0077,2.83438,5.02927,2.68863e+19,5.90069e+20,sim03247.iv
sim03248,43.2048,3.86449,5.80927,5.77262e+20,2.22896e+19,230.411,3.64311,5.44132,4.76816e+16,5.71671e+16,38.6772,3.16375,5.13761,1.79435e+19,7.24595e+20,sim03248.iv
sim03249,41.8853,3.91103,5.83387,8.93752e+20,1.78659e+19,258.204,3.74673,5.59387,9.01338e+16,9.72833e+16,31.9024,2.97434,5.03257,2.89048e+19,8.90216e+20,sim03249.iv
sim03250,22.0677,3.8638,5.98511,5.91279e+20,2.1885e+19,340.908,3.66896,5.56618,3.58389e+16,3.3131e+16,25.6127,2.82507,5.08307,3.85366e+19,7.52672e+20,sim03250.iv
sim03251,32.2199,3.84089,5.9367,6.26428e+20,1.12832e+19,345.036,3.7885,5.44289,3.1473e+16,6.22093e+16,32.8225,3.15512,5.08538,1.54332e+19,7.73328e+20,sim03251.iv
sim03252,23.3975,3.88944,5.91546,9.72671e+20,2.17343e+19,300.919,3.60004,5.57429,3.85387e+16,3.1674e+16,23.075,3.1141,5.01131,3.4715e+19,6.57766e+20,sim03252.iv
sim03253,41.3342,3.99316,5.85497,8.09857e+20,2.48214e+19,281.321,3.61666,5.44087,8.14812e+16,4.10444e+16,20.0303,2.92834,5.13394,4.88635e+19,9.27059e+20,sim03253.iv
sim03254,42.706,3.98586,5.93189,7.59588e+20,3.15837e+19,342.193,3.60043,5.50313,7.92171e+16,1.34298e+16,44.6954,3.13759,5.10472,4.31512e+19,5.71317e+20,sim03254.iv
sim03255,48.2919,3.80977,5.80745,7.62011e+20,3.94097e+19,308.008,3.71004,5.55672,6.46945e+16,8.65181e+16,23.4737,3.19257,5.17615,4.58108e+19,6.81804e+20,sim03255.iv
sim03256,48.406,3.8283,5.81558,6.99358e+20,4.73233e+19,345.501,3.69871,5.55038,5.84414e+16,2.0211e+16,39.5941,2.85875,5.13124,1.96177e+19,6.31665e+20,sim03256.iv
sim03257,40.2478,3.89299,5.96605,8.40138e+20,2.18e+19,318.796,3.61294,5.54697,4.46852e+16,3.719e+16,35.6798,3.16285,5.05135,4.99755e+19,7.94439e+20,sim03257.iv
sim03258,27.5634,3.93822,5.94708,7.65759e+20,1.52234e+19,324.115,3.76205,5.55305,7.80136e+16,4.43193e+16,34.7819,3.06458,5.03314,3.4169e+19,5.55099e+20,sim03258.iv
sim03259,45.4348,3.82397,5.95448,6.11e+20,4.71347e+19,302.115,3.68623,5.40873,6.46454e+16,4.40233e+16,43.9489,3.11709,5.13741,2.07129e+19,5.86478e+20,sim03259.iv
sim03260,34.9118,3.89047,5.93459,7.66407e+20,2.97973e+19,277.311,3.70085,5.57443,2.53782e+16,1.16886e+16,26.6555,2.92411,5.12248,4.37053e+19,8.56528e+20,sim03260.iv
sim03261,49.9488,3.80014,5.83802,5.43547e+20,3.65436e+19,269.775,3.66226,5.46253,9.03679e+16,1.67958e+16,29.402,2.99996,5.08232,3.7501e+19,8.03744e+20,sim03261.iv
sim03262,44.0141,3.96883,5.87999,9.33036e+20,3.52867e+19,330.453,3.69307,5.40511,6.92176e+16,9.69406e+16,47.9086,2.86082,5.09791,4.49123e+19,7.08266e+20,sim03262.iv
sim03263,35.5449,3.99952,5.89653,5.95014e+20,1.15469e+19,274.591,3.70292,5.58399,8.12789e+16,1.56579e+16,44.5044,2.82781,5.00281,3.18784e+19,7.64896e+20,sim03263.iv
sim03264,29.4933,3.89211,5.98407,8.38194e+20,2.36965e+19,340.753,3.63259,5.43504,3.09704e+16,3.09242e+16,22.1298,2.92386,5.10973,1.89113e+19,5.5342e+20,sim03264.iv
sim03265,39.514,3.884,5.93067,6.24019e+20,4.02435e+19,346.188,3.65225,5.52787,7.88553e+16,5.88948e+16,28.7341,2.88577,5.12932,2.91957e+19,9.18644e+20,sim03265.iv
sim03266,22.6806,3.80654,5.87417,7.37181e+20,3.55827e+19,225.967,3.71746,5.56261,9.18595e+16,9.09784e+16,35.5541,3.1597,5.10752,1.29343e+19,9.86836e+20,sim03266.iv
sim03267,20.0782,3.85716,5.80928,7.71834e+20,3.26973e+19,299.31,3.62807,5.40348,3.39114e+16,1.46346e+16,21.0585,2.90558,5.19977,4.21356e+19,6.80875e+20,sim03267.iv
sim03268,31.2828,3.98597,5.9324,9.18484e+20,4.45781e+19,233.701,3.60322,5.45365,6.34969e+16,9.17688e+16,29.2584,3.14005,5.13244,3.61805e+19,8.58143e+20,sim03268.iv
sim03269,35.346,3.93472,5.95866,7.94693e+20,1.15688e+19,281.483,3.7194,5.57507,1.04705e+16,1.43715e+16,31.0382,3.12119,5.09686,2.22102e+19,8.46628e+20,sim03269.iv
sim03270,35.1309,3.91474,5.88567,8.62527e+20,1.06234e+19,210.235,3.73657,5.40533,4.0347e+16,4.29697e+16,38.4143,3.10897,5.16436,2.12062e+19,5.81153e+20,sim03270.iv
sim03271,49.424,3.80875,5.96276,5.10063e+20,2.94047e+19,299.809,3.69554,5.51294,1.22829e+16,2.38801e+16,36.5989,3.13108,5.10968,2.99793e+19,9.94091e+20,sim03271.iv
sim03272,31.6947,3.8771,5.8148,8.9159e+20,1.27088e+19,229.062,3.61135,5.43848,4.95003e+16,1.37798e+16,32.3433,2.99242,5.02216,1.22054e+19,6.57197e+20,sim03272.iv
sim03273,39.516,3.92143,5.82532,5.45956e+20,1.74755e+19,332.41,3.78633,5.50432,9.12045e+16,2.1826e+16,39.717,3.0595,5.08987,3.95117e+19,7.37496e+20,sim03273.iv
sim03274,45.6941,3.82717,5.80346,6.8906e+20,1.51444e+19,235.078,3.60955,5.48612,7.63511e+16,6.01004e+16,30.7005,2.80468,5.10181,2.31082e+19,6.19437e+20,sim03274.iv
sim03275,33.5464,3.83401,5.86432,9.63088e+20,3.44341e+19,348.565,3.72558,5.4194,6.99235e+16,8.79285e+16,47.3812,3.02181,5.02403,3.57227e+19,5.71487e+20,sim03275.iv
sim03276,21.6811,3.84234,5.81941,7.22701e+20,4.77566e+19,302.455,3.7389,5.56072,3.1531e+16,6.15174e+16,41.3881,2.92162,5.07751,3.80536e+19,9.04231e+20,sim03276.iv
sim03277,30.849,3.92514,5.93286,9.64437e+20,4.14985e+19,237.234,3.72513,5.59155,4.4044e+16,7.88759e+16,36.1763,2.97512,5.11405,2.70052e+19,6.59014e+20,sim03277.iv
sim03278,42.8336,3.90654,5.98697,5.0437e+20,4.0774e+19,232.027,3.75224,5.57405,8.05653e+16,6.34458e+16,23.6813,3.18416,5.06527,1.11292e+19,5.0094e+20,sim03278.iv
sim03279,42.1587,3.9666,5.96061,7.79519e+20,3.52753e+19,336.953,3.73273,5.47024,9.55362e+16,9.69024e+16,38.8368,3.02644,5.18737,4.1123e+19,5.59358e+20,sim03279.iv
sim03280,48.7451,3.94487,5.9478,7.00466e+20,1.03379e+19,248.042,3.66622,5.49118,7.312e+16,5.05547e+16,31.1639,2.89925,5.1537,4.15002e+19,6.81605e+20,sim03280.iv
sim03281,26.5269,3.84401,5.93256,8.86288e+20,4.13994e+19,331.893,3.75089,5.49719,3.40627e+16,4.36405e+16,28.5119,2.8398,5.02878,1.05078e+19,5.9837e+20,sim03281.iv
sim03282,45.0563,3.90743,5.87789,6.18693e+20,3.35947e+19,346.275,3.66959,5.5695,9.45257e+16,8.08238e+16,37.7431,2.92081,5.00668,3.94635e+19,9.77983e+20,sim03282.iv
sim03283,40.6759,3.80724,5.82789,6.96478e+20,4.95716e+19,221.885,3.66358,5.51038,2.00762e+16,2.05845e+16,22.0609,3.00111,5.0573,1.15801e+19,7.50912e+20,sim03283.iv
sim03284,41.9135,3.93377,5.93686,7.75316e+20,4.12495e+19,218.733,3.63814,5.54066,4.02169e+16,3.14962e+16,20.8114,3.14739,5.16759,1.24189e+19,6.52195e+20,sim03284.iv
sim03285,26.4366,3.84136,5.85162,6.48519e+20,3.8261e+19,345.779,3.60909,5.46458,7.00677e+16,3.75333e+16,25.7338,2.86713,5.11959,1.60422e+19,5.48274e+20,sim03285.iv
sim03286,42.4908,3.86875,5.97891,7.48196e+20,1.52714e+19,236.987,3.77629,5.42511,3.83975e+16,3.73078e+16,49.6318,3.18977,5.13841,1.94205e+19,5.8964e+20,sim03286.iv
sim03287,21.8029,3.81226,5.98816,8.01758e+20,1.79322e+19,319.385,3.61528,5.50448,2.76203e+16,5.03764e+16,26.8721,2.8546,5.18537,4.67971e+19,7.46646e+20,sim03287.iv
sim03288,43.5859,3.84035,5.87939,6.12771e+20,1.33506e+19,269.342,3.74898,5.54896,4.99049e+16,5.01689e+16,38.087,3.17325,5.03001,2.61965e+19,9.5284e+20,sim03288.iv
sim03289,36.4612,3.95858,5.89253,9.60526e+20,4.56106e+19,272.433,3.601,5.51323,2.83528e+16,3.165e+16,32.8922,2.98,5.17213,1.12516e+19,6.4754e+20,sim03289.iv
sim03290,38.9695,3.9244,5.86355,5.88972e+20,2.10806e+19,334.927,3.65257,5.49835,9.48083e+16,2.06576e+16,46.1221,3.09735,5.09708,4.79578e+19,5.37206e+20,sim03290.iv
sim03291,45.6378,3.83954,5.87084,5.61177e+20,2.98116e+19,233.672,3.65102,5.41192,3.74589e+16,2.4747e+16,40.5604,3.05527,5.13309,3.70405e+19,5.51581e+20,sim03291.iv
sim03292,26.4149,3.94749,5.89644,8.15049e+20,1.22641e+19,264.084,3.6876,5.53847,9.20855e+16,6.17081e+16,42.8334,3.0574,5.18198,4.24314e+19,6.23653e+20,sim03292.iv
sim03293,26.6691,3.98238,5.91949,7.24809e+20,3.80056e+19,249.44,3.76172,5.50555,8.83883e+16,6.79329e+16,27.8065,3.18618,5.08049,4.06373e+19,6.27767e+20,sim03293.iv
sim03294,32.5124,3.94766,5.93925,9.69497e+20,4.19129e+19,255.386,3.77266,5.58421,9.58687e+16,9.10414e+16,40.861,3.11833,5.12957,2.27886e+19,9.08048e+20,sim03294.iv
sim03295,26.827,3.88626,5.8687,5.86074e+20,4.19564e+19,276.07,3.7054,5.50041,7.20431e+16,2.58307e+16,35.0242,2.9041,5.19433,1.24071e+19,9.64201e+20,sim03295.iv
sim03296,21.7975,3.82185,5.98125,8.23926e+20,2.29766e+19,292.371,3.63323,5.41297,1.44306e+16,3.43021e+16,25.382,2.96133,5.17533,2.51422e+19,6.99282e+20,sim03296.iv
sim03297,23.6232,3.99774,5.82905,6.69154e+20,4.78297e+19,273.69,3.66762,5.54303,1.29725e+16,3.89077e+16,37.407,3.1964,5.19351,3.50475e+19,6.70056e+20,sim03297.iv
sim03298,36.5016,3.98677,5.93343,5.74602e+20,4.88618e+19,336.309,3.64336,5.53137,8.90404e+16,2.98468e+16,47.7093,2.87202,5.07143,4.7725e+19,9.73333e+20,sim03298.iv
sim03299,20.6985,3.97328,5.93874,9.3586e+20,2.84766e+19,347.411,3.74965,5.55187,4.84245e+16,4.5309e+16,26.1667,2.8233,5.18029,3.36277e+19,7.79058e+20,sim03299.iv
sim03300,30.1408,3.94794,5.88138,9.04661e+20,1.3193e+19,244.64,3.65668,5.40467,6.97097e+16,7.31457e+16,32.4018,3.11818,5.19075,3.94681e+19,8.36637e+20,sim03300.iv
sim03301,33.4886,3.9107,5.85762,6.22055e+20,1.10484e+19,277.321,3.64502,5.49347,8.31121e+16,4.3042e+16,29.6569,2.97873,5.0991,2.09068e+19,7.9996e+20,sim03301.iv
sim03302,20.8699,3.89722,5.9298,7.33132e+20,4.91305e+19,231.705,3.69061,5.45836,9.12901e+16,2.61645e+16,35.6428,2.96973,5.18345,3.23042e+19,7.32829e+20,sim03302.iv
sim03303,37.5972,3.94228,5.8064,6.23382e+20,1.9429e+19,268.181,3.71527,5.58318,6.09193e+16,2.63309e+16,35.7757,2.97143,5.12915,3.54731e+19,8.30072e+20,sim03303.iv
sim03304,49.9188,3.80552,5.95245,9.27423e+20,1.98056e+19,316.035,3.621,5.50851,3.90156e+16,3.052e+16,39.4151,2.96105,5.03321,3.42638e+19,7.53406e+20,sim03304.iv
sim03305,21.2672,3.96415,5.99735,6.7113e+20,4.94919e+19,349.415,3.69287,5.58414,8.04056e+16,8.51037e+16,23.6752,3.11213,5.04731,3.98992e+19,6.17949e+20,sim03305.iv
sim03306,43.5177,3.97875,5.90035,7.16615e+20,1.58277e+19,243.038,3.79844,5.54616,7.92183e+16,8.32607e+16,37.5092,2.97645,5.06962,1.10906e+19,9.0486e+20,sim03306.iv
sim03307,45.9465,3.86859,5.903,7.89011e+20,3.62986e+19,300.984,3.63934,5.53733,7.77282e+16,1.1554e+16,38.5365,2.96669,5.17703,4.77493e+19,7.91874e+20,sim03307.iv
sim03308,31.9883,3.98761,5.85396,7.46276e+20,2.41249e+19,231.508,3.77886,5.4501,8.15807e+16,7.77871e+16,40.0051,2.8436,5.08013,4.70745e+19,6.82959e+20,sim03308.iv
sim03309,20.6096,3.94511,5.93752,7.90075e+20,2.45146e+19,255.193,3.64591,5.51835,9.96529e+16,8.05083e+16,39.6452,3.0278,5.14107,3.00766e+19,9.23714e+20,sim03309.iv
sim03310,37.4562,3.84949,5.91266,6.22704e+20,3.14267e+19,322.644,3.74551,5.45407,7.56364e+16,2.11409e+16,39.3604,2.92595,5.12343,4.44944e+19,5.66882e+20,sim03310.iv
sim03311,40.8943,3.93666,5.95138,9.84649e+20,2.93184e+19,229.083,3.73919,5.50906,8.30711e+16,8.13687e+16,41.9936,2.95882,5.09514,4.6642e+19,7.17986e+20,sim03311.iv
sim03312,37.598,3.9367,5.82315,8.84707e+20,1.0598e+19,347.49,3.71368,5.43361,8.05772e+16,8.60072e+16,26.1431,2.8165,5.1049,3.56227e+19,5.84132e+20,sim03312.iv
sim03313,36.8482,3.90528,5.97272,9.07915e+20,1.52783e+19,308.983,3.70057,5.49325,2.46102e+16,7.7288e+16,46.051,2.8822,5.00588,3.4366e+19,9.90641e+20,sim03313.iv
sim03314,40.3644,3.85054,5.97455,7.69031e+20,3.03904e+19,218.019,3.61213,5.51586,8.26025e+16,7.77852e+16,48.2229,3.0011,5.12414,3.50876e+19,6.90098e+20,sim03314.iv
sim03315,20.0852,3.96778,5.81342,9.79632e+20,4.37542e+19,224.53,3.62441,5.54742,5.893e+16,6.84021e+16,28.6986,3.15348,5.10859,3.26188e+19,9.95291e+20,sim03315.iv
sim03316,43.1464,3.93776,5.97333,9.95474e+20,4.25014e+19,322.894,3.63827,5.57467,8.93092e+16,6.37347e+16,39.5188,3.04951,5.10899,1.73353e+19,8.28851e+20,sim03316.iv
sim03317,31.3822,3.9073,5.98022,5.54588e+20,4.82182e+19,289.547,3.78996,5.44013,1.4886e+16,6.5891e+16,35.8059,3.09395,5.12029,3.05715e+19,9.51273e+20,sim03317.iv
sim03318,29.7022,3.85431,5.9608,6.75818e+20,3.2523e+19,295.967,3.65889,5.47115,1.3663e+16,3.51583e+16,29.7828,2.80672,5.16463,4.5414e+19,5.8864e+20,sim03318.iv
sim03319,38.1632,3.88839,5.82556,5.12482e+20,3.6542e+19,221.156,3.7782,5.55793,7.51862e+16,8.58485e+16,23.1985,3.05076,5.04128,3.07904e+19,6.79275e+20,sim03319.iv
sim03320,23.6717,3.94691,5.86037,5.61452e+20,4.51766e+19,228.849,3.64108,5.40474,5.66716e+16,8.4278e+16,45.5368,3.09751,5.09427,4.55781e+19,8.83566e+20,sim03320.iv
sim03321,46.6772,3.84789,5.92026,5.1079e+20,3.08595e+19,332.764,3.74769,5.55523,3.85381e+16,4.58339e+16,49.5877,2.90691,5.01725,2.55606e+19,8.83619e+20,sim03321.iv
sim03322,35.7084,3.80874,5.93294,8.67803e+20,3.4111e+19,233.987,3.63821,5.48147,4.22386e+16,1.91693e+16,45.7802,3.16985,5.02876,3.24938e+19,7.1489e+20,sim03322.iv
sim03323,32.2702,3.91607,5.89098,7.25752e+20,1.57453e+19,309.489,3.71599,5.4112,4.37891e+16,2.96002e+16,31.6989,2.84754,5.12211,3.3261e+19,7.96387e+20,sim03323.iv
sim03324,30.9832,3.94441,5.96853,7.08173e+20,2.73221e+19,335.782,3.72103,5.50194,7.63431e+16,3.79129e+16,20.9827,3.08077,5.12921,2.71416e+19,5.22923e+20,sim03324.iv
sim03325,48.2021,3.94615,5.87711,6.00527e+20,3.22138e+19,212.977,3.69144,5.59768,7.65279e+16,9.86437e+16,31.8804,2.83485,5.19302,4.46099e+19,7.81269e+20,sim03325.iv
sim03326,26.8953,3.94775,5.80385,9.57215e+20,3.78873e+19,234.611,3.63291,5.4116,7.9344e+16,2.15068e+16,35.6021,2.94328,5.10982,3.77924e+19,6.04981e+20,sim03326.iv
sim03327,26.0149,3.86752,5.98704,7.22015e+20,2.02783e+19,282.737,3.63607,5.55304,3.87345e+16,9.84374e+16,38.8968,3.04463,5.0581,1.71362e+19,5.38882e+20,sim03327.iv
sim03328,45.6702,3.99592,5.84305,9.96714e+20,3.46366e+19,320.139,3.79767,5.59505,6.11232e+16,5.74364e+16,40.2726,2.88791,5.07776,4.31034e+19,5.54898e+20,sim03328.iv
sim03329,33.7716,3.86314,5.9165,5.94698e+20,4.71223e+19,320.836,3.61625,5.46517,1.38873e+16,2.10874e+16,32.7093,2.93178,5.10412,2.16358e+19,6.6609e+20,sim03329.iv
sim03330,48.7453,3.97498,5.80268,8.01138e+20,1.56864e+19,320.521,3.76719,5.53208,7.0585e+16,8.66298e+16,23.0551,3.08307,5.02399,1.16923e+19,8.19301e+20,sim03330.iv
sim03331,28.1625,3.80918,5.81263,9.89846e+20,1.89238e+19,267.097,3.65331,5.58707,1.66439e+16,5.88886e+16,34.3337,3.07684,5.17966,1.00159e+19,5.0828e+20,sim03331.iv
sim03332,31.3185,3.88032,5.9781,6.39433e+20,4.39334e+19,222.498,3.61548,5.54902,7.8638e+16,1.85038e+16,49.7916,2.83219,5.17684,1.77569e+19,5.10991e+20,sim03332.iv
sim03333,45.6438,3.83687,5.90588,9.13401e+20,1.61887e+19,313.748,3.70631,5.45117,1.37401e+16,3.3664e+16,32.7428,2.94717,5.14338,2.6393e+19,6.90171e+20,sim03333.iv
sim03334,44.3675,3.89279,5.9971,7.87231e+20,4.74884e+19,333.507,3.68281,5.52253,2.26721e+16,5.74318e+16,32.7193,2.9935,5.03685,4.46489e+19,5.39985e+20,sim03334.iv
sim03335,43.436,3.98882,5.82127,7.16842e+20,3.3398e+19,348.787,3.77308,5.48285,9.71125e+16,3.98139e+16,30.1997,3.0025,5.15592,1.76867e+19,8.71233e+20,sim03335.iv
sim03336,20.081,3.8525,5.99489,8.28233e+20,2.85024e+19,312.447,3.68705,5.42134,5.47812e+16,9.59862e+16,28.1781,2.82115,5.14827,2.81762e+19,6.67352e+20,sim03336.iv
sim03337,34.6262,3.986,5.85005,6.0026e+20,3.13565e+19,274.863,3.62996,5.51613,6.17041e+16,6.44888e+16,32.4067,2.91602,5.06567,4.33743e+19,8.12548e+20,sim03337.iv
sim03338,31.9407,3.92265,5.86992,9.31324e+20,3.91053e+19,224.133,3.61123,5.40668,1.2478e+16,5.47219e+16,25.4253,3.06981,5.09655,1.37391e+19,5.02916e+20,sim03338.iv
sim03339,21.1017,3.90667,5.91732,6.76507e+20,1.3156e+19,340.856,3.68114,5.48586,4.43312e+16,1.53521e+16,41.3134,3.06592,5.03289,2.07433e+19,7.7346e+20,sim03339.iv
sim03340,31.303,3.99959,5.8993,9.41115e+20,1.81845e+19,287.871,3.66436,5.5869,5.96062e+16,6.88551e+16,22.2806,2.99507,5.11589,2.16161e+19,8.67883e+20,sim03340.iv
sim03341,33.9974,3.91226,5.87219,8.38253e+20,1.41269e+19,280.872,3.77913,5.44704,8.81603e+16,8.96546e+16,26.913,2.83229,5.15288,4.83433e+19,6.27858e+20,sim03341.iv
sim03342,47.3901,3.84163,5.87186,9.42953e+20,2.21624e+19,315.797,3.62939,5.47575,9.46664e+16,3.03654e+16,41.051,3.16782,5.15699,4.79196e+19,9.71874e+20,sim03342.iv
sim03343,23.4091,3.92033,5.88538,8.41369e+20,3.9702e+19,244.333,3.75997,5.48184,6.91065e+16,4.84936e+16,30.3835,3.07756,5.10838,4.4117e+19,8.93004e+20,sim03343.iv
sim03344,46.05,3.95315,5.98337,5.78333e+20,3.56193e+19,221.537,3.69993,5.57227,7.53038e+16,6.24636e+16,40.8196,2.86932,5.18616,1.84989e+19,5.83486e+20,sim03344.iv
sim03345,24.2001,3.98724,5.89217,7.66533e+20,2.5161e+19,213.819,3.61333,5.40315,5.85097e+16,2.74135e+16,32.0636,2.98413,5.10652,4.57122e+19,5.21617e+20,sim03345.iv
sim03346,34.8269,3.82637,5.9853,9.58728e+20,1.55975e+19,226.43,3.62197,5.41962,2.42288e+16,2.4012e+16,24.905,2.85943,5.07558,2.01558e+19,7.08539e+20,sim03346.iv
sim03347,46.8123,3.87039,5.85729,9.57177e+20,2.28643e+19,227.081,3.7238,5.45636,5.67963e+16,7.91188e+16,36.9671,3.12351,5.06894,1.67471e+19,6.97334e+20,sim03347.iv
sim03348,32.3578,3.94319,5.93737,6.54685e+20,4.7173e+19,248.582,3.79929,5.40654,7.06367e+16,6.5819e+16,37.5479,3.11166,5.11818,3.43967e+19,9.38679e+20,sim03348.iv
sim03349,25.6023,3.90623,5.94242,6.53939e+20,1.87794e+19,228.046,3.65254,5.53322,6.53469e+16,2.54577e+16,34.7346,2.88551,5.18719,3.89654e+19,5.86664e+20,sim03349.iv
sim03350,28.6914,3.97062,5.91142,6.77978e+20,3.39368e+19,264.528,3.78229,5.57471,2.44348e+16,7.09704e+16,45.1276,2.8845,5.1743,2.67823e+19,6.53864e+20,sim03350.iv
sim03351,49.5218,3.9376,5.8581,7.64845e+20,3.57386e+19,309.671,3.64188,5.52332,8.62536e+16,8.23294e+16,28.8282,3.18808,5.00252,4.11606e+19,6.58556e+20,sim03351.iv
sim03352,48.2362,3.97221,5.97623,6.25934e+20,4.18566e+19,256.571,3.68944,5.58087,7.48408e+16,6.7651e+16,23.8692,3.01531,5.0247,1.3001e+19,9.7329e+20,sim03352.iv
sim03353,37.772,3.80123,5.89381,6.43372e+20,1.61564e+19,324.677,3.63072,5.43327,3.09346e+16,7.41198e+16,25.7219,2.92854,5.18047,3.26057e+19,5.86504e+20,sim03353.iv
sim03354,45.7971,3.90243,5.96685,5.39373e+20,1.64729e+19,222.854,3.69625,5.47748,4.74408e+16,4.29885e+16,32.7245,2.95249,5.03193,3.27633e+19,9.34584e+20,sim03354.iv
sim03355,49.8225,3.82346,5.88225,6.20546e+20,3.2676e+19,260.451,3.77555,5.58704,3.92579e+16,4.20776e+16,36.0489,3.05421,5.15049,1.40028e+19,5.25546e+20,sim03355.iv
sim03356,40.3468,3.89574,5.93455,6.50803e+20,1.68869e+19,225.575,3.75727,5.48061,1.74587e+16,3.2209e+16,45.8456,2.99262,5.17067,4.78134e+19,5.33479e+20,sim03356.iv
sim03357,48.2967,3.87421,5.93965,7.01564e+20,3.45847e+19,303.767,3.6266,5.48622,2.85932e+16,2.07376e+16,37.7583,3.07211,5.05151,1.0293e+19,9.8538e+20,sim03357.iv
sim03358,34.2455,3.93037,5.81504,8.10109e+20,4.0504e+19,216.634,3.70471,5.4284,2.32228e+16,6.53322e+16,38.5777,3.02151,5.10203,2.87995e+19,7.40611e+20,sim03358.iv
sim03359,30.0338,3.85147,5.85313,9.5405e+20,2.06683e+19,262.432,3.70082,5.54854,7.99388e+16,7.49511e+16,29.0909,2.86524,5.16341,4.49795e+19,9.56463e+20,sim03359.iv
sim03360,45.7503,3.87228,5.8307,8.35214e+20,3.59767e+19,244.706,3.72404,5.59965,2.51681e+16,4.4072e+16,31.7315,2.88541,5.15761,3.82921e+19,6.08485e+20,sim03360.iv
sim03361,45.7339,3.88516,5.91018,8.42446e+20,4.49663e+19,241.757,3.71847,5.53432,8.97743e+16,7.95064e+16,47.433,2.83009,5.08509,2.22531e+19,7.48592e+20,sim03361.iv
sim03362,44.3243,3.89851,5.80703,8.3541e+20,1.04117e+19,223.685,3.74555,5.5662,3.86303e+16,6.12106e+16,36.4155,2.82224,5.10897,1.04388e+19,9.09985e+20,sim03362.iv
sim03363,42.444,3.85674,5.85247,5.95061e+20,4.81105e+19,328.41,3.76755,5.49324,8.30369e+16,6.32407e+16,28.9839,2.97217,5.08182,2.4073e+19,6.21148e+20,sim03363.iv
sim03364,31.9474,3.91986,5.83924,5.70923e+20,3.76091e+19,283.687,3.67043,5.58158,5.15188e+16,3.98563e+16,26.4877,2.92927,5.05475,4.46724e+19,9.45994e+20,sim03364.iv
sim03365,32.3774,3.85219,5.82607,8.58066e+20,4.51635e+19,267.556,3.77498,5.4495,6.47842e+16,1.72983e+16,36.8937,3.05547,5.12888,4.11514e+19,5.47373e+20,sim03365.iv
sim03366,28.3568,3.93861,5.91842,9.74726e+20,4.13672e+19,275.937,3.70675,5.53194,1.09205e+16,4.27791e+16,23.6571,2.89578,5.1659,3.19389e+19,9.3023e+20,sim03366.iv
sim03367,46.6645,3.96119,5.95242,5.8305e+20,2.07717e+19,308.571,3.66021,5.47503,9.42717e+16,7.35282e+16,23.199,3.08848,5.15876,4.65325e+19,8.42562e+20,sim03367.iv
sim03368,22.8712,3.95306,5.93126,7.28067e+20,4.04215e+19,283.517,3.78646,5.58632,3.02904e+16,4.96524e+16,25.9556,2.93229,5.04462,3.04767e+19,5.00322e+20,sim03368.iv
sim03369,43.742,3.83179,5.85482,5.87455e+20,2.41581e+19,220.785,3.77178,5.48299,9.31798e+16,1.42265e+16,25.1779,3.13433,5.09276,1.23777e+19,5.2334e+20,sim03369.iv
sim03370,46.8456,3.85234,5.88218,9.48504e+20,3.67055e+19,317.863,3.6943,5.53905,6.25887e+16,2.5326e+16,37.1806,3.17023,5.06905,2.97551e+19,7.08042e+20,sim03370.iv
sim03371,40.6589,3.9254,5.89541,5.2364e+20,2.05815e+19,254.034,3.7465,5.47926,4.40474e+16,5.01277e+16,32.9595,3.08707,5.13406,4.05147e+19,6.03706e+20,sim03371.iv
sim03372,42.2435,3.85924,5.80001,8.19792e+20,1.04719e+19,223.719,3.60823,5.52127,2.87099e+16,8.28249e+16,30.6892,2.93407,5.10296,4.10016e+19,8.48199e+20,sim03372.iv
sim03373,26.1963,3.9527,5.90136,9.93703e+20,3.06724e+19,250.065,3.75223,5.40586,7.52169e+16,5.88862e+16,25.2695,2.80964,5.00932,1.32715e+19,7.43862e+20,sim03373.iv
sim03374,41.2276,3.82676,5.83179,9.07013e+20,1.91169e+19,325.906,3.61901,5.56739,7.59325e+16,2.32901e+16,30.1383,2.93324,5.02677,2.50847e+19,8.38918e+20,sim03374.iv
sim03375,41.9165,3.84058,5.94436,6.3333e+20,1.17001e+19,237.249,3.66845,5.40718,1.85772e+16,4.20623e+16,47.7376,3.05432,5.18688,1.14895e+19,9.34048e+20,sim03375.iv
sim03376,24.0709,3.84739,5.82006,7.05599e+20,1.80981e+19,313.509,3.75099,5.4581,8.1981e+16,2.47289e+16,21.2076,2.86602,5.04916,1.20131e+19,5.54893e+20,sim03376.iv
sim03377,29.0811,3.97049,5.97109,9.96788e+20,1.39203e+19,210.258,3.71312,5.52065,3.12558e+16,8.17338e+16,48.6786,2.93267,5.18917,1.4171e+19,7.3782e+20,sim03377.iv
sim03378,25.9151,3.91689,5.81423,7.52181e+20,1.69269e+19,268.443,3.73761,5.46676,5.86402e+16,9.74345e+16,46.2595,3.19879,5.03541,2.97653e+19,8.9212e+20,sim03378.iv
sim03379,47.8701,3.84818,5.99755,7.20675e+20,4.08842e+19,282.574,3.65952,5.42178,2.45665e+16,6.82656e+16,36.616,2.9731,5.12522,3.02956e+19,5.70659e+20,sim03379.iv
sim03380,27.8465,3.88636,5.87957,9.51263e+20,4.76766e+19,284.768,3.65313,5.55977,2.63652e+16,5.4295e+16,49.8274,3.14991,5.18592,1.39151e+19,7.31073e+20,sim03380.iv
sim03381,43.0731,3.8312,5.95379,6.70893e+20,4.54885e+19,268.464,3.65005,5.58337,7.41513e+16,5.16675e+16,48.8309,3.04095,5.11741,2.44491e+19,9.17358e+20,sim03381.iv
sim03382,37.5585,3.92433,5.98724,6.34963e+20,4.16365e+19,323.507,3.61268,5.54447,8.47343e+16,5.82729e+16,23.3355,2.83157,5.00471,2.46443e+19,8.10607e+20,sim03382.iv
sim03383,37.1037,3.90196,5.88345,8.40435e+20,4.53296e+19,325.708,3.74301,5.45847,9.46406e+16,8.75101e+16,48.4332,3.04762,5.0666,2.80862e+19,6.63683e+20,sim03383.iv
sim03384,30.5279,3.88511,5.987,7.48735e+20,2.61749e+19,299.512,3.65727,5.40176,7.56905e+16,3.99208e+16,27.1245,3.01401,5.03222,2.11189e+19,7.5615e+20,sim03384.iv
sim03385,49.2317,3.84878,5.89341,7.64008e+20,3.85163e+19,283.08,3.74668,5.57284,3.54507e+16,8.52095e+16,27.8819,3.12374,5.12733,3.27414e+19,7.31966e+20,sim03385.iv
sim03386,36.3628,3.84692,5.89961,8.04253e+20,2.52627e+19,263.457,3.66948,5.56358,4.45998e+16,6.22294e+16,49.1664,2.81204,5.04398,4.7009e+19,8.58353e+20,sim03386.iv
sim03387,31.2938,3.81795,5.90279,8.91935e+20,2.69156e+19,328.157,3.6581,5.49903,1.81165e+16,5.73014e+16,45.8317,2.86088,5.12191,2.25703e+19,6.76708e+20,sim03387.iv
sim03388,20.2575,3.9066,5.99707,5.73432e+20,1.93702e+19,241.682,3.71243,5.43798,9.56489e+16,7.26691e+16,38.7589,2.80159,5.09412,4.23774e+19,7.53497e+20,sim03388.iv
sim03389,42.1484,3.93641,5.98589,6.83322e+20,4.30147e+19,246.46,3.71151,5.52359,4.98446e+16,1.92129e+16,33.0261,2.87879,5.09746,1.0825e+19,7.41708e+20,sim03389.iv
sim03390,31.3199,3.8027,5.92455,6.56502e+20,3.3295e+19,334.029,3.77288,5.50071,5.24134e+16,5.79977e+16,31.7097,2.91804,5.03153,4.66036e+19,5.30821e+20,sim03390.iv
sim03391,30.3534,3.83329,5.81211,5.86375e+20,2.82386e+19,288.253,3.77887,5.53677,8.21767e+16,5.97973e+16,26.038,3.13994,5.0949,4.085e+19,5.03176e+20,sim03391.iv
sim03392,33.3692,3.86778,5.85944,8.37423e+20,4.29817e+19,330.954,3.76015,5.56233,8.51575e+16,7.2421e+16,42.7974,2.88846,5.19145,3.01258e+19,6.31379e+20,sim03392.iv
sim03393,33.6364,3.96465,5.9385,5.76302e+20,2.75459e+19,315.719,3.7388,5.43791,7.68581e+16,7.07359e+16,27.3313,2.92303,5.08388,3.69491e+19,9.75721e+20,sim03393.iv
sim03394,49.8423,3.93785,5.88249,5.34229e+20,3.37195e+19,277.442,3.73414,5.59289,2.50125e+16,4.33558e+16,37.2845,2.94029,5.03521,3.39419e+19,5.19691e+20,sim03394.iv
sim03395,31.3113,3.99454,5.89564,5.50794e+20,4.33716e+19,235.065,3.65017,5.59249,7.97592e+16,3.89717e+16,39.4181,2.99511,5.1785,3.24117e+19,8.30406e+20,sim03395.iv
sim03396,24.4741,3.84997,5.80531,7.94122e+20,3.25007e+19,253.094,3.64643,5.49061,1.93404e+16,8.67659e+16,44.9564,3.03846,5.18032,3.45394e+19,7.45457e+20,sim03396.iv
sim03397,37.9994,3.81709,5.8435,7.7916e+20,1.44898e+19,323.343,3.63404,5.48369,5.3611e+16,2.42137e+16,27.265,2.99376,5.02136,1.74867e+19,5.11596e+20,sim03397.iv
sim03398,35.1935,3.96446,5.96216,6.77448e+20,3.74977e+19,348.587,3.68468,5.58277,8.00691e+16,2.59153e+16,33.327,3.17232,5.03351,1.23054e+19,6.33632e+20,sim03398.iv
sim03399,20.1457,3.82542,5.88525,8.82218e+20,1.85488e+19,328.952,3.79758,5.49284,9.92921e+16,6.20032e+16,21.8068,2.84423,5.10259,4.68726e+19,5.4924e+20,sim03399.iv
sim03400,37.1515,3.9622,5.99662,9.54001e+20,1.42418e+19,220.752,3.64105,5.45598,8.79224e+16,6.80691e+16,48.2667,2.96754,5.08203,2.11846e+19,7.18759e+20,sim03400.iv
sim03401,43.7275,3.93934,5.95795,9.15348e+20,1.01716e+19,243.22,3.73085,5.48924,2.05707e+16,1.58312e+16,48.3005,3.13938,5.06381,3.55717e+19,5.73378e+20,sim03401.iv
sim03402,24.0492,3.86673,5.85625,9.89692e+20,1.09743e+19,286.621,3.77082,5.40518,5.98354e+16,4.41994e+16,26.4769,2.89415,5.16289,2.85781e+19,5.22941e+20,sim03402.iv
sim03403,32.2648,3.96334,5.93783,9.77477e+20,4.09236e+19,233.933,3.61337,5.49251,5.00329e+16,5.9293e+16,40.1495,2.90173,5.19766,2.97905e+19,8.57484e+20,sim03403.iv
sim03404,32.252,3.93688,5.99668,5.76793e+20,2.7437e+19,307.584,3.77137,5.52744,3.08156e+16,6.80641e+16,38.682,2.81746,5.12138,3.13034e+19,6.44735e+20,sim03404.iv
sim03405,27.1675,3.95358,5.81298,6.42252e+20,3.80428e+19,239.289,3.62352,5.59658,6.09068e+16,3.41889e+16,24.619,2.80284,5.14995,2.42998e+19,5.97282e+20,sim03405.iv
sim03406,47.1059,3.93927,5.96208,8.2787e+20,4.66684e+19,258.223,3.63128,5.40133,1.30435e+16,8.68473e+16,38.4457,2.81822,5.02135,3.78604e+19,6.92444e+20,sim03406.iv
sim03407,43.2322,3.98731,5.9512,5.90788e+20,3.59868e+19,293.348,3.76958,5.44006,7.47029e+16,6.39805e+16,34.3271,2.91643,5.00521,4.2224e+19,5.53715e+20,sim03407.iv
sim03408,31.3211,3.89923,5.86594,8.31226e+20,2.31395e+19,282.284,3.61904,5.4869,6.247e+16,8.75643e+16,25.4477,2.93545,5.05186,1.61066e+19,6.92809e+20,sim03408.iv
sim03409,47.2501,3.87459,5.85443,9.79021e+20,3.86189e+19,261.754,3.74986,5.52771,8.69356e+16,1.99908e+16,36.1958,3.08085,5.19953,3.40696e+19,5.70345e+20,sim03409.iv
sim03410,49.1462,3.89175,5.89764,6.26573e+20,4.25452e+19,284.102,3.79478,5.50381,2.625e+16,7.93276e+16,24.431,2.91334,5.1879,4.90546e+19,8.88332e+20,sim03410.iv
sim03411,26.2069,3.94838,5.91881,7.2337e+20,2.78454e+19,273.427,3.66447,5.50761,1.32884e+16,8.63642e+16,46.9112,2.95633,5.18971,4.10458e+19,9.23941e+20,sim03411.iv
sim03412,46.7384,3.86806,5.96254,5.72565e+20,4.90814e+19,293.339,3.73883,5.46128,1.28679e+16,2.46786e+16,24.2622,2.97697,5.05851,4.77753e+19,9.20762e+20,sim03412.iv
sim03413,36.1955,3.97048,5.91702,9.6001e+20,3.98058e+19,312.926,3.65498,5.55889,7.95128e+16,1.72849e+16,21.7368,3.1525,5.19577,3.41854e+19,5.85397e+20,sim03413.iv
sim03414,32.6357,3.80421,5.96435,5.5158e+20,2.3406e+19,288.779,3.73961,5.58142,4.79633e+16,2.71926e+16,23.2669,3.06342,5.02576,3.63291e+19,7.28118e+20,sim03414.iv
sim03415,32.4958,3.85218,5.98035,8.58093e+20,3.0987e+19,269.33,3.67209,5.47983,8.68276e+16,4.79273e+16,20.132,3.1693,5.11857,1.66271e+19,5.63293e+20,sim03415.iv
sim03416,31.2974,3.92245,5.98783,5.27226e+20,2.41111e+19,246.004,3.68424,5.55842,2.42693e+16,9.41476e+16,27.6932,3.10108,5.12789,3.19112e+19,9.21942e+20,sim03416.iv
sim03417,38.2146,3.95649,5.91783,8.60233e+20,1.18996e+19,300.315,3.7778,5.53007,8.36315e+16,9.91874e+16,24.6875,3.07564,5.17945,1.11499e+19,5.86828e+20,sim03417.iv
sim03418,27.4895,3.97606,5.99545,9.56754e+20,2.89602e+19,303.472,3.62079,5.59582,9.4964e+16,6.36684e+16,24.2938,3.17898,5.17916,4.96273e+19,7.53927e+20,sim03418.iv
sim03419,30.4452,3.87543,5.89942,9.56144e+20,1.51476e+19,300.794,3.78304,5.45475,5.72695e+16,8.15016e+16,35.4425,3.01099,5.15332,1.65882e+19,8.57458e+20,sim03419.iv
sim03420,47.4157,3.82038,5.81204,5.43743e+20,3.9416e+19,264.77,3.6929,5.54567,5.70786e+16,6.40114e+16,45.5191,2.9805,5.17496,3.09279e+19,7.00931e+20,sim03420.iv
sim03421,27.8316,3.94606,5.92439,9.04093e+20,3.18681e+19,331.358,3.65749,5.5461,4.5399e+16,2.02525e+16,35.8494,2.89253,5.01235,2.45285e+19,9.88769e+20,sim03421.iv
sim03422,46.8231,3.99596,5.80571,5.76429e+20,1.9404e+19,313.145,3.79562,5.48128,6.25227e+16,1.796e+16,38.8765,3.16,5.13185,3.61331e+19,7.43738e+20,sim03422.iv
sim03423,33.4993,3.87396,5.96404,8.2236e+20,2.19848e+19,282.503,3.62314,5.40915,2.22639e+16,8.80808e+16,27.7167,3.18524,5.06766,2.63882e+19,9.06022e+20,sim03423.iv
sim03424,26.7183,3.98188,5.93069,5.31063e+20,4.82648e+19,250.248,3.64639,5.57965,3.92856e+16,7.504e+16,21.0247,3.16842,5.08184,1.71442e+19,9.90623e+20,sim03424.iv
sim03425,42.2532,3.95869,5.90017,8.44243e+20,2.16351e+19,282.533,3.67612,5.48502,1.03856e+16,8.29764e+16,26.5384,2.98942,5.13179,1.13777e+19,6.71215e+20,sim03425.iv
sim03426,27.9148,3.82657,5.96268,7.70814e+20,2.82506e+19,228.548,3.70282,5.45348,2.13928e+16,5.74145e+16,40.4536,2.82271,5.01124,3.95433e+19,6.03378e+20,sim03426.iv
sim03427,24.6091,3.99243,5.836,8.42303e+20,4.25993e+19,256.033,3.69262,5.51083,2.80519e+16,3.66403e+16,48.8925,2.90942,5.16246,3.14052e+19,8.22863e+20,sim03427.iv
sim03428,33.7175,3.91766,5.90802,7.40952e+20,4.21137e+19,333.23,3.65111,5.42717,8.30097e+16,2.90707e+16,45.9868,2.84104,5.0182,1.7266e+19,5.05923e+20,sim03428.iv
sim03429,42.4291,3.87943,5.98906,6.82659e+20,3.81199e+19,305.638,3.66494,5.57853,4.58089e+16,5.96242e+16,31.9459,2.97414,5.01094,2.24081e+19,9.74167e+20,sim03429.iv
sim03430,44.9432,3.97603,5.94257,8.26624e+20,4.59436e+19,285.301,3.78319,5.48304,6.37853e+16,5.24508e+16,20.5714,2.87958,5.18557,3.3924e+19,5.23284e+20,sim03430.iv
sim03431,49.0168,3.9856,5.9424,6.41575e+20,2.17991e+19,331.135,3.61212,5.44747,2.4976e+16,7.44696e+16,31.4527,3.16638,5.16058,4.93863e+19,6.49499e+20,sim03431.iv
sim03432,34.2478,3.93196,5.99495,6.72324e+20,2.30738e+19,297.746,3.73306,5.43779,5.09027e+16,4.3963e+16,32.6339,2.85618,5.12963,1.7501e+19,5.12708e+20,sim03432.iv
sim03433,34.8796,3.80772,5.93322,7.9718e+20,3.26694e+19,223.329,3.62477,5.53308,1.28986e+16,2.04316e+16,42.9131,2.86679,5.09915,1.39401e+19,6.17539e+20,sim03433.iv
sim03434,46.381,3.95064,5.8377,6.07279e+20,2.89512e+19,298.521,3.71646,5.45693,9.52067e+16,8.51636e+16,39.5484,3.16318,5.0588,2.19909e+19,6.54505e+20,sim03434.iv
sim03435,24.8121,3.82799,5.98185,9.28872e+20,3.19562e+19,302.486,3.6477,5.40457,4.97428e+16,7.02586e+16,40.3958,3.04171,5.18507,1.8373e+19,6.31811e+20,sim03435.iv
sim03436,22.3888,3.98728,5.89093,7.00843e+20,4.94258e+19,269.885,3.66697,5.44174,4.95902e+16,7.17092e+16,47.4229,2.8765,5.13847,1.02652e+19,9.00442e+20,sim03436.iv
sim03437,28.4044,3.80784,5.87885,9.4626e+20,1.93132e+19,250.222,3.63355,5.59632,4.89429e+16,9.53039e+16,22.756,2.97945,5.09486,2.02368e+19,7.48665e+20,sim03437.iv
sim03438,30.5166,3.84931,5.87306,8.17589e+20,2.87263e+19,267.298,3.77071,5.52898,6.73271e+16,3.00083e+16,42.5017,2.81475,5.04272,2.65122e+19,9.44584e+20,sim03438.iv
sim03439,20.8412,3.88897,5.82396,6.15024e+20,2.62144e+19,223.787,3.7659,5.41658,6.26807e+16,2.46943e+16,23.1957,2.98509,5.06908,1.18085e+19,5.32453e+20,sim03439.iv
sim03440,28.9755,3.95657,5.97028,5.33179e+20,1.68692e+19,257.473,3.73002,5.45703,2.99675e+16,6.29445e+16,40.4432,2.995,5.13369,1.01641e+19,6.63929e+20,sim03440.iv
sim03441,38.2847,3.93019,5.83889,6.66028e+20,1.90547e+19,335.793,3.65921,5.5764,8.95272e+16,5.73134e+16,46.1246,2.83067,5.02523,2.62687e+19,8.45895e+20,sim03441.iv
sim03442,49.1165,3.89337,5.80148,5.90752e+20,2.75202e+19,306.598,3.71731,5.57522,3.39024e+16,5.85997e+16,24.3276,3.0581,5.15247,3.05367e+19,7.24059e+20,sim03442.iv
sim03443,25.576,3.98681,5.92123,9.07583e+20,1.09701e+19,245.183,3.69648,5.50725,4.64475e+16,4.03558e+16,33.5111,2.94639,5.00801,3.77099e+19,8.85649e+20,sim03443.iv
sim03444,29.3375,3.99318,5.99738,7.84284e+20,4.17636e+19,286.375,3.65222,5.414,4.0999e+16,2.66835e+16,47.6686,3.1885,5.10634,3.2528e+19,9.65242e+20,sim03444.iv
sim03445,42.4236,3.8324,5.99039,7.85676e+20,1.08265e+19,237.47,3.75937,5.42555,8.66169e+16,8.07693e+16,21.0577,2.93242,5.10138,1.3041e+19,7.89807e+20,sim03445.iv
sim03446,49.4078,3.92003,5.89874,9.33424e+20,4.85588e+19,336.167,3.60739,5.41993,6.53913e+16,3.04029e+16,35.6315,3.1354,5.18769,2.33442e+19,9.24354e+20,sim03446.iv
sim03447,35.1201,3.93172,5.82509,5.31677e+20,4.12161e+19,293.783,3.76478,5.42316,2.54689e+16,1.5669e+16,39.5038,3.04623,5.08511,1.54114e+19,5.11925e+20,sim03447.iv
sim03448,27.7691,3.80056,5.98975,5.85099e+20,2.06196e+19,321.8,3.79899,5.52411,3.27989e+16,5.07623e+16,21.7895,2.84361,5.14192,4.31795e+19,6.35069e+20,sim03448.iv
sim03449,42.1518,3.92807,5.90193,6.4463e+20,4.94089e+19,244.715,3.64174,5.42199,6.93094e+16,9.11084e+16,24.0248,2.84177,5.18088,3.64221e+19,9.84511e+20,sim03449.iv
sim03450,41.3088,3.95434,5.89234,6.19156e+20,3.27656e+19,260.15,3.69395,5.50314,1.23914e+16,6.47687e+16,30.756,3.12484,5.01126,3.22476e+19,6.8001e+20,sim03450.iv
sim03451,22.7989,3.88274,5.88185,8.76654e+20,1.60808e+19,326.253,3.60958,5.50314,6.84103e+16,1.12909e+16,22.0739,2.9094,5.07629,2.38604e+19,9.85655e+20,sim03451.iv
sim03452,25.0083,3.97815,5.98892,5.87796e+20,4.03435e+19,349.747,3.64957,5.50055,7.82952e+16,7.61299e+16,44.995,2.9393,5.02413,3.70569e+19,6.69781e+20,sim03452.iv
sim03453,39.3819,3.89468,5.89172,9.40756e+20,3.56184e+19,297.431,3.79417,5.45395,7.19663e+16,4.19971e+16,37.9676,3.12684,5.18456,2.70841e+19,9.16045e+20,sim03453.iv
sim03454,30.052,3.93221,5.97553,8.42711e+20,3.82294e+19,327.268,3.65049,5.54938,6.7388e+16,5.91299e+16,49.2527,2.96501,5.04697,4.35706e+19,5.92561e+20,sim03454.iv
sim03455,42.3582,3.98564,5.96432,8.16576e+20,4.69261e+19,278.447,3.61513,5.54699,7.4516e+16,8.78839e+16,32.183,2.85802,5.02053,2.38158e+19,8.96482e+20,sim03455.iv
sim03456,35.6411,3.83409,5.84836,6.74205e+20,2.92115e+19,327.522,3.79847,5.51985,4.50264e+16,2.65041e+16,35.3307,3.04525,5.06539,2.29569e+19,9.1425e+20,sim03456.iv
sim03457,39.7989,3.89005,5.91154,7.52375e+20,1.6975e+19,331.847,3.6182,5.44261,6.05547e+16,5.1502e+16,37.8605,3.16788,5.0572,1.60285e+19,5.60644e+20,sim03457.iv
sim03458,21.7718,3.95815,5.89149,6.27901e+20,3.69629e+19,318.831,3.78743,5.47989,7.20478e+16,3.43566e+16,45.9644,3.16348,5.12605,3.6358e+19,8.29808e+20,sim03458.iv
sim03459,37.7469,3.88776,5.94806,9.88311e+20,3.98322e+19,253.339,3.70009,5.51941,1.73992e+16,5.42793e+16,23.0737,3.00421,5.0174,2.44547e+19,9.77243e+20,sim03459.iv
sim03460,20.2239,3.85485,5.87435,7.95012e+20,4.86177e+19,299.565,3.77876,5.43252,3.59739e+16,8.98354e+16,20.1553,2.98151,5.09058,4.78502e+19,7.2461e+20,sim03460.iv
sim03461,47.1899,3.91706,5.85999,5.74133e+20,2.9608e+19,212.47,3.66704,5.50461,6.02459e+16,4.9954e+16,48.9191,2.8593,5.1995,3.76552e+19,9.12497e+20,sim03461.iv
sim03462,39.0298,3.84299,5.95013,9.24095e+20,4.00773e+19,332.352,3.61271,5.59239,9.45272e+16,9.07294e+16,39.1222,3.13867,5.12098,2.96883e+19,9.65505e+20,sim03462.iv
sim03463,26.2263,3.97032,5.88811,6.4597e+20,3.02478e+19,299.222,3.63655,5.55023,4.55167e+16,7.33339e+16,24.7144,2.82239,5.03231,1.72215e+19,8.80767e+20,sim03463.iv
sim03464,34.777,3.9528,5.94939,6.2263e+20,4.64363e+19,317.669,3.61707,5.51447,4.71444e+16,5.13529e+16,31.0136,2.99852,5.07112,2.85137e+19,7.72361e+20,sim03464.iv
sim03465,41.918,3.8303,5.8267,7.48934e+20,2.89994e+19,288.941,3.72268,5.45482,6.8296e+16,5.46102e+16,34.8767,3.03756,5.12242,3.46759e+19,9.15305e+20,sim03465.iv
sim03466,34.985,3.98821,5.98928,6.67682e+20,4.52501e+19,268.932,3.79486,5.58548,4.95553e+16,4.14502e+16,40.5807,2.94702,5.13207,2.68535e+19,7.50939e+20,sim03466.iv
sim03467,31.3615,3.95934,5.92027,8.41624e+20,4.28371e+19,321.473,3.70191,5.45084,4.2706e+16,5.96831e+16,27.1629,3.11233,5.04587,2.34081e+19,8.1637e+20,sim03467.iv
sim03468,40.9309,3.87893,5.95114,9.50988e+20,1.65759e+19,338.226,3.70762,5.48977,8.16252e+16,8.05668e+16,40.476,2.9634,5.05345,2.44144e+19,7.86643e+20,sim03468.iv
sim03469,36.9192,3.98479,5.89133,8.33318e+20,3.64018e+19,312.436,3.79829,5.56041,1.35686e+16,8.30447e+16,49.9967,2.81517,5.11944,3.39763e+19,7.62456e+20,sim03469.iv
sim03470,46.2592,3.96286,5.83441,5.515e+20,1.66634e+19,334.141,3.61968,5.52923,7.1495e+16,2.96308e+16,26.8934,3.13429,5.08402,2.99789e+19,6.98577e+20,sim03470.iv
sim03471,25.4958,3.88786,5.85386,6.50081e+20,1.80687e+19,297.715,3.65737,5.43313,8.27582e+16,6.18272e+16,45.7666,3.11257,5.07436,3.24668e+19,9.93498e+20,sim03471.iv
sim03472,30.7407,3.8479,5.83263,9.69963e+20,1.99832e+19,339.867,3.71837,5.51802,4.60201e+16,4.56354e+16,29.6229,3.09177,5.14775,3.1249e+19,7.24468e+20,sim03472.iv
sim03473,39.0688,3.89828,5.96483,5.32575e+20,4.61043e+19,283.43,3.70184,5.4782,5.79055e+16,2.98295e+16,34.9196,2.95929,5.0588,1.84877e+19,9.30106e+20,sim03473.iv
sim03474,45.5052,3.89702,5.84629,7.25188e+20,4.70256e+19,319.116,3.76151,5.54055,7.51611e+16,2.34665e+16,30.4054,3.13278,5.03545,1.30064e+19,9.23205e+20,sim03474.iv
sim03475,43.4226,3.83163,5.90562,5.2085e+20,1.59408e+19,246.017,3.7408,5.46099,8.29431e+16,1.2119e+16,20.1297,2.91992,5.14619,4.80616e+19,6.57721e+20,sim03475.iv
sim03476,36.7074,3.80827,5.80025,5.07879e+20,1.38931e+19,332.409,3.72828,5.57966,8.51408e+16,7.88583e+16,30.6111,2.85361,5.02067,1.10005e+19,5.88887e+20,sim03476.iv
sim03477,20.5742,3.93756,5.87777,7.64078e+20,2.91539e+19,249.68,3.62291,5.50846,8.7737e+16,7.74733e+16,47.9442,2.94239,5.16914,3.89026e+19,9.71502e+20,sim03477.iv
sim03478,28.6329,3.96073,5.90163,7.1837e+20,2.86302e+19,270.562,3.77541,5.58888,6.96693e+16,2.735e+16,32.6153,2.94224,5.1342,1.28138e+19,8.27064e+20,sim03478.iv
sim03479,34.0042,3.85221,5.8127,5.26489e+20,4.56872e+19,290.742,3.71032,5.4035,7.93894e+16,2.89564e+16,31.5021,3.05864,5.02691,4.18678e+19,9.17644e+20,sim03479.iv
sim03480,35.5848,3.87308,5.85038,8.61981e+20,2.36225e+19,323.333,3.74649,5.47059,3.05996e+16,4.21967e+16,30.2688,3.18266,5.12546,3.63023e+19,6.4178e+20,sim03480.iv
sim03481,30.9286,3.89323,5.99534,8.33791e+20,1.61621e+19,348.733,3.65386,5.52435,8.87646e+16,6.54184e+16,47.7776,3.13924,5.007,3.74726e+19,8.60426e+20,sim03481.iv
sim03482,31.154,3.98191,5.96018,6.83536e+20,1.89233e+19,239.761,3.64411,5.51784,6.7849e+16,2.33988e+16,36.4559,2.90011,5.18208,4.42523e+19,5.57812e+20,sim03482.iv
sim03483,27.5686,3.9889,5.8598,9.07913e+20,1.20186e+19,264.291,3.72296,5.47991,8.11586e+16,9.81928e+16,35.406,2.98545,5.1409,4.01482e+19,5.29899e+20,sim03483.iv
sim03484,33.1277,3.89995,5.86148,8.79544e+20,4.54792e+19,328.347,3.72676,5.55884,3.09365e+16,1.23112e+16,35.4037,2.964,5.17634,4.15642e+19,6.90926e+20,sim03484.iv
sim03485,20.523,3.85497,5.87209,8.37918e+20,4.61311e+19,240.933,3.75718,5.54572,4.17838e+16,1.14551e+16,20.9811,3.0477,5.16942,3.52785e+19,8.86839e+20,sim03485.iv
sim03486,35.086,3.85257,5.80795,9.08673e+20,2.89693e+19,332.706,3.67404,5.4552,7.00343e+16,6.43912e+16,41.1272,2.83643,5.01667,3.2837e+19,7.74136e+20,sim03486.iv
sim03487,22.7876,3.88604,5.92672,7.71014e+20,1.74602e+19,339.894,3.60687,5.45452,1.60791e+16,3.55033e+16,40.559,2.80952,5.00775,1.82343e+19,5.13841e+20,sim03487.iv
sim03488,31.7017,3.84603,5.86443,9.18607e+20,2.7288e+19,212.107,3.70936,5.42188,1.53407e+16,3.94583e+16,28.1632,2.84468,5.05969,2.93625e+19,6.25571e+20,sim03488.iv
sim03489,20.969,3.97852,5.93028,8.53326e+20,2.63236e+19,290.268,3.7406,5.47134,8.48151e+16,7.95128e+16,28.6125,2.93312,5.03678,3.01048e+19,9.0566e+20,sim03489.iv
sim03490,36.9204,3.87094,5.88205,8.46293e+20,3.05707e+19,287.381,3.72194,5.54771,6.63092e+16,7.15894e+16,39.9838,3.17059,5.14729,3.18625e+19,9.48979e+20,sim03490.iv
sim03491,47.0119,3.8703,5.96106,9.91234e+20,1.82738e+19,265.575,3.68309,5.52211,9.66403e+16,3.75048e+16,42.6122,3.11142,5.13923,3.3531e+19,7.8586e+20,sim03491.iv
sim03492,28.4616,3.82745,5.86681,6.14795e+20,3.6105e+19,329.439,3.63174,5.53189,2.09683e+16,4.42088e+16,25.1955,2.91982,5.17172,2.67896e+19,5.543e+20,sim03492.iv
sim03493,25.9685,3.96873,5.88203,9.6799e+20,3.2449e+19,280.991,3.69124,5.55469,8.52135e+16,2.14344e+16,32.2524,2.91311,5.17988,3.93884e+19,6.46163e+20,sim03493.iv
sim03494,32.2512,3.88384,5.98636,7.36842e+20,1.07371e+19,312.212,3.61931,5.52615,5.6215e+16,7.86438e+16,36.5043,2.87009,5.17879,4.61331e+19,7.10342e+20,sim03494.iv
sim03495,38.2825,3.91048,5.90685,5.451e+20,2.97592e+19,241.521,3.75957,5.56976,1.16818e+16,7.63061e+16,23.4454,2.80394,5.00274,2.86403e+19,9.07056e+20,sim03495.iv
sim03496,29.3421,3.98493,5.88423,5.94327e+20,2.83631e+19,297.774,3.70114,5.48813,2.6961e+16,7.29406e+16,30.5119,3.18823,5.08013,1.88623e+19,9.29824e+20,sim03496.iv
sim03497,26.2606,3.83362,5.9437,6.49075e+20,2.66939e+19,273.147,3.75671,5.51486,7.67248e+16,9.88744e+16,41.3289,2.91154,5.15339,4.39969e+19,7.15397e+20,sim03497.iv
sim03498,39.7861,3.89808,5.82551,8.64402e+20,2.77459e+19,258.498,3.69355,5.51641,7.81182e+16,9.17823e+16,40.5276,3.19772,5.0315,1.61734e+19,8.95216e+20,sim03498.iv
sim03499,39.0054,3.97242,5.93579,5.06298e+20,3.69078e+19,239.632,3.68939,5.5383,6.90659e+16,4.44285e+16,41.392,3.17766,5.04615,1.47774e+19,5.67509e+20,sim03499.iv
sim03500,33.7283,3.85965,5.8935,5.42172e+20,1.98773e+19,258.603,3.78677,5.45941,1.43381e+16,3.79929e+16,48.1065,2.97089,5.16371,2.06905e+19,5.67889e+20,sim03500.iv
sim03501,34.8997,3.94035,5.96904,6.2052e+20,4.94661e+19,278.494,3.70046,5.57171,4.66575e+16,7.81642e+16,37.0296,2.85416,5.00659,4.73681e+19,9.33246e+20,sim03501.iv
sim03502,49.5064,3.93484,5.92915,6.04267e+20,3.5692e+19,278.377,3.67547,5.53649,1.76495e+16,5.535e+16,42.7434,3.13199,5.098,2.41034e+19,7.86185e+20,sim03502.iv
sim03503,23.8475,3.8183,5.96383,5.6325e+20,2.66907e+19,267.644,3.79661,5.54104,7.89887e+16,7.02923e+16,28.1755,2.94445,5.03665,3.16855e+19,5.38956e+20,sim03503.iv
sim03504,47.116,3.83929,5.8427,7.42289e+20,2.27911e+19,233.316,3.79713,5.45593,7.65571e+16,7.53473e+16,27.3373,2.91108,5.10694,4.44412e+19,8.69767e+20,sim03504.iv
sim03505,29.0916,3.80864,5.92148,7.37867e+20,2.37557e+19,300.47,3.79034,5.5807,6.99102e+16,9.63356e+16,31.8687,2.84042,5.09045,3.64156e+19,9.0071e+20,sim03505.iv
sim03506,48.1398,3.90343,5.87461,6.40833e+20,3.4274e+19,306.987,3.72648,5.43903,5.01583e+16,1.66847e+16,35.6116,2.88568,5.17783,4.23288e+19,8.65727e+20,sim03506.iv
sim03507,23.3724,3.88936,5.83604,5.21888e+20,2.60988e+19,253.922,3.78364,5.58521,9.41343e+16,1.12899e+16,35.5666,2.8073,5.12089,3.03368e+19,7.1519e+20,sim03507.iv
sim03508,21.5785,3.82097,5.86261,6.21004e+20,1.71533e+19,329.18,3.6057,5.44358,9.2533e+16,8.84537e+16,30.6573,3.12177,5.03045,3.56171e+19,9.41592e+20,sim03508.iv
sim03509,34.159,3.83338,5.91576,8.74087e+20,4.46248e+19,263.079,3.65682,5.53712,3.24876e+16,3.18499e+16,25.471,2.947,5.08785,3.89944e+19,5.53872e+20,sim03509.iv
sim03510,32.7785,3.93157,5.90899,8.93982e+20,4.56927e+19,239.784,3.78173,5.57707,4.27459e+16,8.31988e+16,35.4569,3.12433,5.1496,4.84961e+19,6.10552e+20,sim03510.iv
sim03511,42.082,3.80278,5.98435,5.99455e+20,2.49373e+19,328.031,3.69553,5.53276,4.25297e+16,5.99867e+16,45.3637,3.15701,5.09126,3.88059e+19,7.3361e+20,sim03511.iv
sim03512,48.1894,3.94551,5.88626,7.49058e+20,1.73252e+19,341.741,3.65101,5.43627,5.06905e+16,7.53546e+16,40.4812,2.90183,5.05299,1.94255e+19,8.01614e+20,sim03512.iv
sim03513,48.7131,3.97788,5.9009,6.88918e+20,2.58293e+19,322.87,3.73012,5.40825,1.68081e+16,5.33219e+16,35.9697,3.18424,5.02821,4.23074e+19,9.47748e+20,sim03513.iv
sim03514,31.3288,3.83236,5.84926,8.31392e+20,1.27916e+19,333.984,3.75132,5.55889,7.66291e+16,2.1583e+16,41.9268,3.03968,5.01019,2.13855e+19,7.1155e+20,sim03514.iv
sim03515,36.2872,3.83611,5.90545,9.788e+20,2.4185e+19,231.207,3.69374,5.49012,9.25474e+16,5.16121e+16,27.2998,2.88979,5.00691,3.96556e+19,6.33908e+20,sim03515.iv
sim03516,43.6385,3.91006,5.94233,6.0159e+20,1.62e+19,268.541,3.67136,5.50123,7.73467e+16,9.17964e+16,37.8293,2.89034,5.05908,4.62261e+19,6.04819e+20,sim03516.iv
sim03517,22.8478,3.98423,5.80533,8.74454e+20,1.58242e+19,303.292,3.63729,5.57943,1.4488e+16,3.74046e+16,43.4911,3.02693,5.08437,2.74215e+19,7.51159e+20,sim03517.iv
sim03518,49.8462,3.93473,5.89741,6.60925e+20,3.01521e+19,339.166,3.64379,5.4691,1.58496e+16,6.66308e+16,43.0105,3.05281,5.16237,4.08299e+19,9.86233e+20,sim03518.iv
sim03519,33.5732,3.81681,5.90708,8.85506e+20,2.62781e+19,272.893,3.74747,5.40337,6.91553e+16,7.36489e+16,49.1201,3.09198,5.02618,2.99321e+19,7.02973e+20,sim03519.iv
sim03520,32.0279,3.95702,5.91622,8.65437e+20,3.98319e+19,306.367,3.75155,5.44371,1.88841e+16,2.45133e+16,44.2625,3.18243,5.18737,1.05135e+19,9.97536e+20,sim03520.iv
sim03521,46.5959,3.83977,5.91148,9.92306e+20,2.88397e+19,343.482,3.70876,5.46887,2.44476e+16,1.93668e+16,41.2006,2.93103,5.08155,4.74883e+19,5.99923e+20,sim03521.iv
sim03522,31.1982,3.98191,5.98812,9.01376e+20,2.53258e+19,227.564,3.75788,5.56781,7.4336e+16,4.03652e+16,39.5728,3.08091,5.17749,1.55662e+19,6.31912e+20,sim03522.iv
sim03523,32.111,3.96233,5.97874,6.39207e+20,3.01658e+19,295.08,3.63309,5.55848,5.23811e+16,9.05211e+16,36.4504,3.13323,5.00982,2.75544e+19,7.0957e+20,sim03523.iv
sim03524,25.8181,3.91233,5.9501,7.46658e+20,4.32782e+19,251.017,3.65967,5.43337,8.05722e+16,2.33196e+16,24.493,2.80281,5.07765,2.74761e+19,7.25558e+20,sim03524.iv
sim03525,42.9851,3.88294,5.80085,8.04723e+20,1.68492e+19,213.505,3.75547,5.44917,7.79761e+16,6.77552e+16,46.4993,2.94326,5.13002,3.2729e+19,8.91394e+20,sim03525.iv
sim03526,29.8801,3.9199,5.90817,5.21792e+20,1.13602e+19,336.42,3.72815,5.52263,7.68791e+16,1.1409e+16,26.9623,3.06005,5.14368,3.51847e+19,7.05508e+20,sim03526.iv
sim03527,37.6661,3.93998,5.88128,7.81998e+20,1.31594e+19,233.738,3.75451,5.476,8.00233e+16,7.06857e+16,30.8782,3.10834,5.02527,1.64236e+19,7.04577e+20,sim03527.iv
sim03528,39.674,3.85955,5.86464,9.30859e+20,4.59954e+19,337.755,3.6044,5.55968,7.85633e+16,3.32332e+16,26.7989,2.81394,5.16441,3.43012e+19,5.07921e+20,sim03528.iv
sim03529,26.7578,3.96615,5.92042,9.27891e+20,1.58682e+19,343.363,3.64149,5.4607,9.33476e+16,3.81616e+16,37.8559,2.93764,5.14794,2.24555e+19,7.20643e+20,sim03529.iv
sim03530,22.5133,3.98419,5.98121,9.02099e+20,4.49238e+19,294.384,3.61709,5.41412,8.07472e+16,5.65375e+16,28.3101,2.81499,5.19681,1.38678e+19,6.82132e+20,sim03530.iv
sim03531,40.406,3.92462,5.82528,8.10226e+20,2.3456e+19,233.885,3.72341,5.58009,7.76371e+16,2.46223e+16,25.2235,2.98773,5.00423,1.08298e+19,6.25957e+20,sim03531.iv
sim03532,23.201,3.90934,5.80869,6.21765e+20,1.23281e+19,284.265,3.67052,5.41661,4.18929e+16,1.00584e+16,44.7636,2.94549,5.13318,3.83505e+19,7.77458e+20,sim03532.iv
sim03533,37.6653,3.88572,5.88149,6.52975e+20,1.28495e+19,258.925,3.6925,5.42675,9.17239e+16,1.07541e+16,26.7135,3.07192,5.16469,2.89498e+19,7.94305e+20,sim03533.iv
sim03534,28.1901,3.99087,5.92883,5.65733e+20,3.94571e+19,227.888,3.68067,5.49824,7.50171e+16,9.96695e+16,31.1446,3.07029,5.13448,1.73676e+19,8.21424e+20,sim03534.iv
sim03535,46.3825,3.91115,5.89596,8.23775e+20,4.22739e+19,241.539,3.63262,5.53025,1.31125e+16,8.42745e+16,29.0622,2.84439,5.15293,1.89157e+19,7.00713e+20,sim03535.iv
sim03536,32.416,3.96405,5.85288,8.166e+20,4.99457e+19,293.91,3.62819,5.45665,5.81609e+16,3.90071e+16,35.4967,3.01729,5.14711,3.49179e+19,8.48972e+20,sim03536.iv
sim03537,26.5492,3.88464,5.96503,8.76111e+20,1.72816e+19,218.955,3.73063,5.48882,4.69427e+16,1.22517e+16,31.4497,2.87148,5.00687,2.59559e+19,9.12408e+20,sim03537.iv
sim03538,46.7411,3.84764,5.85499,5.49284e+20,4.63719e+19,219.13,3.78746,5.52829,8.07849e+16,2.97986e+16,38.2255,2.84352,5.13173,3.40144e+19,9.11947e+20,sim03538.iv
sim03539,39.3474,3.99431,5.89807,7.75955e+20,1.30341e+19,225.155,3.6347,5.42368,2.23577e+16,3.34424e+16,28.3534,3.07823,5.09729,4.7082e+19,6.71468e+20,sim03539.iv
sim03540,21.9024,3.96884,5.96853,6.81644e+20,1.28163e+19,333.323,3.78671,5.59943,4.51944e+16,2.14418e+16,31.3337,3.03423,5.00865,2.09686e+19,9.70973e+20,sim03540.iv
sim03541,21.3256,3.83019,5.9162,9.78867e+20,4.76127e+19,246.053,3.72275,5.593,6.66712e+16,2.99411e+16,40.8093,3.00449,5.09876,2.95351e+19,5.56264e+20,sim03541.iv
sim03542,43.6831,3.86939,5.83695,7.20429e+20,3.57218e+19,287.482,3.76382,5.56866,6.58529e+16,5.96536e+16,37.0019,2.95724,5.09385,3.10685e+19,9.00436e+20,sim03542.iv
sim03543,42.376,3.83912,5.99557,9.82674e+20,2.11688e+19,349.839,3.70502,5.44535,7.48448e+16,1.4316e+16,40.6291,3.134,5.07011,2.3385e+19,6.36212e+20,sim03543.iv
sim03544,32.2248,3.91469,5.95241,9.43308e+20,3.19424e+19,276.498,3.67494,5.51907,2.30381e+16,5.2026e+16,35.2637,3.05172,5.0137,2.71872e+19,8.80885e+20,sim03544.iv
sim03545,43.5212,3.90864,5.97438,8.77384e+20,4.18918e+19,321.016,3.74572,5.57125,1.8719e+16,5.53382e+16,44.7632,2.84372,5.03104,2.60644e+19,7.82029e+20,sim03545.iv
sim03546,41.7172,3.91217,5.84333,9.23948e+20,2.05993e+19,330.123,3.69901,5.4081,5.31596e+16,6.88651e+16,46.3988,3.03285,5.19829,2.52296e+19,6.22852e+20,sim03546.iv
sim03547,33.3008,3.93169,5.819,5.45003e+20,3.49719e+19,263.736,3.75664,5.45274,4.90099e+16,5.63516e+16,48.2705,2.80294,5.0434,1.36812e+19,9.95658e+20,sim03547.iv
sim03548,23.9663,3.96464,5.90401,8.91217e+20,2.20684e+19,276.565,3.79558,5.41904,6.58589e+16,9.62495e+16,23.8002,3.13602,5.05522,1.80265e+19,5.83246e+20,sim03548.iv
sim03549,42.0688,3.80716,5.8841,8.48468e+20,1.55852e+19,241.371,3.6305,5.40522,5.10856e+16,5.47081e+16,48.371,3.09123,5.19403,4.02763e+19,9.89381e+20,sim03549.iv
sim03550,27.4461,3.83352,5.87826,7.45888e+20,4.29864e+19,285.803,3.79049,5.4577,6.21023e+16,6.86488e+16,24.676,3.11421,5.12788,1.76764e+19,7.06757e+20,sim03550.iv
sim03551,39.2226,3.94668,5.88347,8.61244e+20,2.0427e+19,252.7,3.60235,5.49751,2.69502e+16,6.41845e+16,48.9697,3.19986,5.07488,3.9345e+19,9.80354e+20,sim03551.iv
sim03552,35.7027,3.86679,5.83116,5.88032e+20,4.41636e+19,246.259,3.65413,5.54933,8.53126e+16,2.87598e+16,40.6589,2.97864,5.05535,3.08094e+19,8.88745e+20,sim03552.iv
sim03553,22.9847,3.81422,5.98235,9.81703e+20,3.11425e+19,230.106,3.61571,5.4312,3.54365e+16,7.15472e+16,23.3073,2.85478,5.14261,2.02962e+19,6.08028e+20,sim03553.iv
sim03554,37.4794,3.81576,5.92582,5.09612e+20,1.93211e+19,273.07,3.72619,5.44077,8.91278e+16,9.27123e+16,34.4217,2.90896,5.0221,4.75478e+19,5.66787e+20,sim03554.iv
sim03555,28.9607,3.86579,5.85367,5.01028e+20,1.8284e+19,314.791,3.64108,5.55281,4.74302e+16,1.72918e+16,44.8094,3.05406,5.12243,1.60089e+19,8.11675e+20,sim03555.iv
sim03556,43.8965,3.99927,5.93417,7.16089e+20,4.2755e+19,217.053,3.68386,5.54644,4.23497e+16,1.53025e+16,23.3282,2.86688,5.16626,3.88333e+19,8.81933e+20,sim03556.iv
sim03557,47.2799,3.86052,5.94862,6.8229e+20,4.14274e+19,307.425,3.79796,5.55141,1.05315e+16,7.29829e+16,23.0493,3.01844,5.03146,2.97891e+19,8.96313e+20,sim03557.iv
sim03558,28.6733,3.83054,5.8629,5.86827e+20,1.73425e+19,307.612,3.74086,5.50583,3.26999e+16,5.76685e+16,48.4563,2.95348,5.08471,2.97705e+19,5.89206e+20,sim03558.iv
sim03559,27.3414,3.93819,5.83231,8.02256e+20,2.54356e+19,252.88,3.70995,5.44514,3.78701e+16,5.72083e+16,39.7188,3.13454,5.16493,2.99096e+19,5.37109e+20,sim03559.iv
sim03560,25.6418,3.80009,5.83712,5.15368e+20,3.85894e+19,286.462,3.60715,5.52353,8.32735e+16,1.25682e+16,23.8115,2.98848,5.00846,1.08511e+19,7.91209e+20,sim03560.iv
sim03561,36.8773,3.96133,5.81558,9.48597e+20,1.07453e+19,252.191,3.60973,5.44885,8.33653e+16,2.12625e+16,26.0564,3.04455,5.00433,3.40968e+19,9.47188e+20,sim03561.iv
sim03562,22.0867,3.80118,5.88119,9.2453e+20,4.74077e+19,322.164,3.72987,5.48531,8.10077e+16,7.81023e+16,25.5087,3.08631,5.15852,4.6035e+19,8.64809e+20,sim03562.iv
sim03563,41.9718,3.98032,5.83885,7.75018e+20,4.574e+19,298.431,3.78627,5.41009,2.92561e+16,2.99211e+16,22.3559,3.04909,5.08029,1.96987e+19,8.63867e+20,sim03563.iv
sim03564,40.2851,3.80784,5.8879,8.60111e+20,1.41348e+19,321.293,3.72321,5.54363,3.25361e+16,7.7293e+16,25.2109,3.14414,5.0412,2.07291e+19,8.35427e+20,sim03564.iv
sim03565,30.0064,3.86181,5.81251,9.10053e+20,2.83745e+19,265.027,3.64911,5.51104,6.03623e+16,1.02117e+16,22.5681,3.04517,5.05679,4.93524e+19,6.2429e+20,sim03565.iv
sim03566,24.5615,3.80893,5.9373,6.45309e+20,2.09587e+19,225.461,3.61049,5.44607,4.56956e+16,6.95856e+16,23.0359,2.94647,5.19848,3.72449e+19,9.99597e+20,sim03566.iv
sim03567,22.3822,3.88097,5.84605,9.70781e+20,4.62115e+19,289.662,3.66143,5.50897,8.8401e+16,6.1648e+16,42.9579,3.07511,5.01951,4.03148e+19,6.04295e+20,sim03567.iv
sim03568,46.1164,3.86193,5.91285,6.42872e+20,1.03411e+19,319.219,3.74297,5.58473,6.15254e+16,2.69333e+16,25.1251,2.95572,5.06613,2.63207e+19,6.1248e+20,sim03568.iv
sim03569,49.6594,3.81714,5.94783,7.83817e+20,3.22247e+19,295.867,3.78081,5.53503,3.43783e+16,3.42321e+16,44.8433,2.99123,5.14097,2.50366e+19,8.69093e+20,sim03569.iv
sim03570,32.7231,3.89863,5.98569,7.47435e+20,1.89931e+19,284.4,3.60171,5.45579,6.43736e+16,1.63853e+16,33.6619,3.03954,5.0453,1.87128e+19,8.34397e+20,sim03570.iv
sim03571,49.2259,3.86147,5.84154,9.92009e+20,4.33862e+19,341.039,3.60922,5.58672,8.54497e+16,3.69715e+16,38.7266,2.86887,5.08354,3.40978e+19,5.55159e+20,sim03571.iv
sim03572,48.9947,3.98583,5.97347,5.64278e+20,3.67664e+19,334.66,3.62752,5.52946,2.83763e+16,7.20865e+16,39.4256,3.14864,5.09714,4.03546e+19,5.95913e+20,sim03572.iv
sim03573,39.2788,3.97537,5.9446,9.39295e+20,3.51914e+19,287.197,3.78301,5.46468,7.7352e+16,7.23745e+16,44.4277,2.99905,5.09872,1.13675e+19,9.657e+20,sim03573.iv
sim03574,31.6194,3.9104,5.83964,8.08105e+20,2.38446e+19,291.908,3.74707,5.522,1.27566e+16,8.25471e+16,36.826,2.89536,5.06473,4.24416e+19,9.68142e+20,sim03574.iv
sim03575,44.4039,3.97725,5.89798,7.08381e+20,4.27532e+19,265.24,3.74117,5.52261,2.37593e+16,3.77802e+16,26.3741,2.85019,5.08404,1.79365e+19,5.35728e+20,sim03575.iv
sim03576,26.2087,3.92378,5.96169,7.3146e+20,3.43735e+19,301.064,3.73029,5.59737,6.48072e+16,5.91614e+16,46.0021,3.04838,5.09163,3.96967e+19,6.12117e+20,sim03576.iv
sim03577,40.1765,3.95344,5.92771,5.93868e+20,3.06001e+19,323.392,3.68055,5.58555,1.43338e+16,6.98557e+16,26.9858,3.05949,5.18987,3.29992e+19,7.18455e+20,sim03577.iv
sim03578,45.7596,3.89272,5.91285,6.53539e+20,3.19735e+19,310.213,3.70186,5.44217,1.1768e+16,2.96191e+16,45.5078,3.1837,5.11248,4.31629e+19,5.2349e+20,sim03578.iv
sim03579,45.6077,3.85744,5.83509,6.38542e+20,2.99207e+19,292.258,3.60139,5.4686,7.3402e+16,7.7528e+16,27.0315,2.89859,5.13593,3.4383e+19,7.48584e+20,sim03579.iv
sim03580,36.3961,3.89989,5.88144,8.93937e+20,4.55434e+19,299.578,3.65395,5.59489,1.79401e+16,9.56854e+16,36.6799,3.08406,5.08471,2.42835e+19,6.11652e+20,sim03580.iv
sim03581,23.3672,3.86255,5.8509,7.66851e+20,4.42894e+19,221.703,3.7494,5.45351,6.76977e+16,6.64535e+16,42.1251,2.80609,5.00028,1.67494e+19,9.9019e+20,sim03581.iv
sim03582,30.2502,3.92505,5.8616,7.43913e+20,2.75159e+19,236.328,3.67165,5.43813,3.51709e+16,4.75557e+16,43.8663,2.87857,5.03915,1.98944e+19,8.9467e+20,sim03582.iv
sim03583,27.4194,3.96389,5.86453,6.5146e+20,2.51311e+19,272.738,3.68396,5.47887,9.97993e+16,7.23806e+16,46.4486,3.15745,5.08539,4.10082e+19,7.35379e+20,sim03583.iv
sim03584,37.8405,3.9469,5.91636,7.53622e+20,1.04736e+19,345.767,3.6076,5.42406,1.38226e+16,6.63583e+16,29.079,3.15751,5.11854,4.12611e+19,5.72609e+20,sim03584.iv
sim03585,32.3188,3.92489,5.83756,6.91005e+20,4.01784e+19,305.507,3.78038,5.51164,2.86172e+16,8.90863e+16,48.8607,2.99424,5.01689,2.01161e+19,8.76078e+20,sim03585.iv
sim03586,20.0069,3.85895,5.8738,8.94199e+20,2.74819e+19,283.577,3.73432,5.55699,4.04285e+16,2.54651e+16,25.4593,2.86406,5.02289,2.76358e+19,5.91558e+20,sim03586.iv
sim03587,43.4755,3.80001,5.9907,5.0661e+20,2.30133e+19,315.568,3.77441,5.41744,8.20974e+16,7.7636e+16,33.7962,3.05076,5.07343,2.24731e+19,5.1652e+20,sim03587.iv
sim03588,20.2051,3.90523,5.80232,5.61421e+20,1.38609e+19,298.632,3.73379,5.55086,9.75872e+16,9.81898e+16,26.2274,2.94069,5.1123,1.17678e+19,5.96214e+20,sim03588.iv
sim03589,45.6073,3.88163,5.89692,8.68266e+20,4.23495e+19,331.087,3.77897,5.45891,6.84144e+16,2.00106e+16,49.0668,2.90706,5.07808,4.72273e+19,8.15075e+20,sim03589.iv
sim03590,28.6488,3.81725,5.89774,7.9536e+20,3.67358e+19,233.054,3.74118,5.47252,9.4961e+16,6.88106e+16,47.5421,2.81205,5.18067,4.51148e+19,7.55395e+20,sim03590.iv
sim03591,49.2923,3.94984,5.99901,8.78169e+20,4.66075e+19,237.601,3.6394,5.50155,7.56345e+16,3.38499e+16,32.5084,2.86897,5.18511,3.97766e+19,5.19189e+20,sim03591.iv
sim03592,20.675,3.99876,5.87922,8.01142e+20,4.79139e+19,343.813,3.61919,5.52709,9.93545e+16,2.61689e+16,39.8847,3.1096,5.01511,2.54809e+19,6.02645e+20,sim03592.iv
sim03593,21.7033,3.81986,5.86836,7.89584e+20,4.81448e+19,340.994,3.77448,5.55429,1.36624e+16,4.65069e+16,43.3806,3.187,5.09245,3.8051e+19,9.97667e+20,sim03593.iv
sim03594,38.6903,3.95576,5.99326,8.55043e+20,1.52761e+19,347.075,3.76079,5.45292,9.88589e+16,1.7168e+16,48.1955,3.13645,5.05499,4.44165e+19,5.30205e+20,sim03594.iv
sim03595,48.5666,3.92097,5.90422,9.95521e+20,1.10544e+19,281.741,3.74704,5.42245,1.13469e+16,6.53692e+16,30.1408,2.99272,5.12446,2.54471e+19,6.07276e+20,sim03595.iv
sim03596,27.1574,3.83747,5.9432,5.67146e+20,4.88872e+19,210.669,3.66072,5.56054,1.81087e+16,6.29181e+16,28.7191,3.18617,5.0438,1.28388e+19,8.06871e+20,sim03596.iv
sim03597,31.2812,3.98078,5.983,8.97526e+20,1.51459e+19,302.129,3.61844,5.40505,2.77467e+16,5.45006e+16,33.5329,3.1104,5.10468,2.0569e+19,5.69857e+20,sim03597.iv
sim03598,37.0913,3.93497,5.84258,8.15916e+20,4.44085e+19,243.908,3.76389,5.59007,9.42845e+16,2.27073e+16,21.4682,3.09063,5.07641,1.71093e+19,7.23537e+20,sim03598.iv
sim03599,36.2806,3.83235,5.80757,8.90902e+20,2.82439e+19,244.213,3.79104,5.55181,4.62387e+16,3.45566e+16,41.8762,3.08974,5.1768,1.05253e+19,8.14808e+20,sim03599.iv
sim03600,28.4524,3.99492,5.80496,7.43722e+20,3.84323e+19,315.177,3.72661,5.49442,9.18487e+16,6.19085e+16,35.6362,3.14285,5.08864,3.43154e+19,6.64508e+20,sim03600.iv
sim03601,26.3652,3.89207,5.86721,5.18867e+20,2.94678e+19,301.873,3.6104,5.51346,3.79032e+16,1.36705e+16,22.9066,3.08653,5.10783,4.82359e+19,8.40793e+20,sim03601.iv
sim03602,48.8771,3.85702,5.9165,7.79318e+20,3.09445e+19,335.638,3.70554,5.45273,7.31768e+16,3.38364e+16,22.5007,3.03546,5.0275,3.85686e+19,7.19098e+20,sim03602.iv
sim03603,45.986,3.88095,5.87924,7.1443e+20,3.8549e+19,231.725,3.66826,5.45358,4.49163e+16,9.205e+16,38.9397,3.00131,5.0258,3.30506e+19,8.99367e+20,sim03603.iv
sim03604,30.8284,3.98058,5.87029,5.80228e+20,4.3109e+19,289.182,3.70336,5.58514,8.42305e+16,9.93463e+16,40.7498,3.03184,5.10777,2.42397e+19,5.90465e+20,sim03604.iv
sim03605,44.7538,3.80133,5.97757,6.31238e+20,1.9576e+19,210.989,3.672,5.41776,2.66088e+16,7.19479e+16,32.4599,2.80438,5.06338,1.02452e+19,9.57592e+20,sim03605.iv
sim03606,45.8142,3.87066,5.84809,5.53459e+20,3.82076e+19,226.861,3.73391,5.45167,7.56366e+16,4.53915e+16,24.1052,2.91095,5.13801,3.74036e+19,7.98628e+20,sim03606.iv
sim03607,29.6974,3.92705,5.80844,8.02136e+20,4.12513e+19,229.349,3.7633,5.581,9.6312e+16,1.27035e+16,46.8688,2.82538,5.07588,3.19352e+19,6.10857e+20,sim03607.iv
sim03608,30.3373,3.98161,5.83502,7.69397e+20,4.30794e+19,243.755,3.78701,5.59602,3.39476e+16,5.25702e+16,20.3367,3.1843,5.02746,2.71122e+19,8.36337e+20,sim03608.iv
sim03609,39.5164,3.93051,5.80342,8.67092e+20,3.98402e+19,286.351,3.74627,5.40012,2.49593e+16,1.66819e+16,29.3864,2.88144,5.03722,2.67829e+19,8.11813e+20,sim03609.iv
sim03610,36.3025,3.96738,5.87876,7.03877e+20,1.04285e+19,316.429,3.72045,5.42516,2.72486e+16,2.54037e+16,32.2259,2.8152,5.15573,2.27259e+19,9.59348e+20,sim03610.iv
sim03611,28.1485,3.87327,5.9842,5.84231e+20,4.38268e+19,231.203,3.69909,5.5748,2.4378e+16,1.33701e+16,27.1813,2.90485,5.08142,3.97515e+19,5.23968e+20,sim03611.iv
sim03612,37.1563,3.94505,5.96144,9.83288e+20,4.30145e+19,224.448,3.63516,5.54411,2.90567e+16,3.2231e+16,45.4752,2.98464,5.07937,2.87729e+19,6.28342e+20,sim03612.iv
sim03613,22.6259,3.99544,5.85839,7.56026e+20,1.23463e+19,230.888,3.62043,5.41023,6.85883e+16,1.15228e+16,33.7061,3.06599,5.07262,1.60075e+19,6.11692e+20,sim03613.iv
sim03614,24.6085,3.85908,5.87125,6.98325e+20,1.89234e+19,242.788,3.72788,5.40461,4.97305e+16,9.36267e+16,42.8431,2.93316,5.1097,4.92774e+19,8.58162e+20,sim03614.iv
sim03615,37.689,3.91185,5.97885,5.97394e+20,3.31473e+19,259.023,3.69364,5.40798,8.13895e+16,2.65861e+16,36.8811,3.16933,5.05149,2.31093e+19,7.03057e+20,sim03615.iv
sim03616,36.3194,3.84602,5.94769,8.14852e+20,1.37292e+19,281.347,3.67196,5.47013,9.84778e+16,4.64929e+16,20.7194,2.94197,5.11991,3.11112e+19,5.38542e+20,sim03616.iv
sim03617,25.0456,3.95387,5.80145,6.15266e+20,4.92287e+19,301.79,3.64911,5.4388,4.74869e+16,6.81011e+16,25.1313,3.09918,5.00839,1.77598e+19,7.95138e+20,sim03617.iv
sim03618,41.1856,3.93444,5.85236,6.92749e+20,1.15052e+19,210.066,3.6833,5.50867,8.39013e+16,9.66399e+16,37.9744,3.12662,5.0261,4.26666e+19,6.26696e+20,sim03618.iv
sim03619,32.2927,3.80426,5.89361,8.25648e+20,2.00823e+19,323.214,3.78524,5.51414,3.19652e+16,7.34746e+16,28.8382,2.86512,5.05704,2.75604e+19,6.12843e+20,sim03619.iv
sim03620,30.1179,3.87912,5.95077,9.28822e+20,4.2996e+19,237.051,3.76195,5.52811,3.14018e+16,4.38405e+16,30.3649,2.97406,5.16897,2.64643e+19,5.27332e+20,sim03620.iv
sim03621,42.12,3.95741,5.91446,7.37564e+20,4.08842e+19,213.091,3.71684,5.59039,8.14865e+16,3.4797e+16,47.5305,2.88099,5.10939,3.49998e+19,5.17018e+20,sim03621.iv
sim03622,23.8173,3.90887,5.83618,7.09574e+20,3.82321e+19,297.551,3.77485,5.58423,9.33937e+16,4.53152e+16,23.6577,3.06686,5.1838,4.07706e+19,8.48512e+20,sim03622.iv
sim03623,44.0779,3.88196,5.90035,5.9994e+20,3.68617e+19,258.717,3.65349,5.45014,5.59641e+16,5.85977e+16,44.7872,3.16653,5.06183,2.3273e+19,6.40596e+20,sim03623.iv
sim03624,29.0617,3.9457,5.92582,5.38917e+20,3.29014e+19,328.682,3.61204,5.58109,3.31121e+16,3.94986e+16,31.9849,2.85691,5.01969,1.9625e+19,5.02695e+20,sim03624.iv
sim03625,37.3176,3.8269,5.81867,7.81616e+20,3.3705e+19,302.385,3.70076,5.57686,2.12374e+16,8.07661e+16,32.336,3.16138,5.04691,4.79101e+19,9.33587e+20,sim03625.iv
sim03626,25.1951,3.88698,5.84862,5.71022e+20,2.55207e+19,284.923,3.68032,5.46634,3.95094e+16,2.44928e+16,26.6824,3.01177,5.03181,4.31794e+19,8.68083e+20,sim03626.iv
sim03627,49.6656,3.86335,5.83648,5.37758e+20,2.39983e+19,338.932,3.71824,5.59171,9.22614e+16,4.41767e+16,33.1376,2.91974,5.14838,3.27756e+19,5.31711e+20,sim03627.iv
sim03628,47.5603,3.9571,5.98659,6.24729e+20,4.01197e+19,298.74,3.62464,5.45191,2.72586e+16,2.38041e+16,39.4816,3.14642,5.19757,1.86011e+19,8.37114e+20,sim03628.iv
sim03629,22.3493,3.84781,5.96948,9.7076e+20,4.88263e+19,275.026,3.74716,5.47383,7.30902e+16,2.36972e+16,23.6635,3.19352,5.06231,4.58867e+19,5.11365e+20,sim03629.iv
sim03630,44.9442,3.98734,5.80311,6.94631e+20,4.23308e+19,210.627,3.66097,5.45165,2.2035e+16,1.79174e+16,27.4692,2.87998,5.19488,1.08841e+19,5.64758e+20,sim03630.iv
sim03631,44.2143,3.9525,5.89365,6.92638e+20,2.38539e+19,346.287,3.7734,5.45235,5.1502e+16,7.71357e+16,44.7445,2.84879,5.19116,4.27744e+19,7.51775e+20,sim03631.iv
sim03632,35.0185,3.90142,5.96316,7.73224e+20,4.2502e+19,330.895,3.7405,5.40938,5.03061e+16,3.30079e+16,21.3043,3.05944,5.10257,1.24444e+19,8.109e+20,sim03632.iv
sim03633,25.7016,3.98745,5.93943,5.01876e+20,4.48563e+19,219.11,3.60232,5.47905,2.40131e+16,8.36096e+16,48.3405,3.11337,5.07364,2.16853e+19,6.71318e+20,sim03633.iv
sim03634,22.5973,3.98072,5.84881,6.25091e+20,3.86351e+19,296.482,3.79177,5.59625,4.75554e+16,9.28833e+16,48.654,3.14245,5.1865,3.39997e+19,5.57163e+20,sim03634.iv
sim03635,45.7872,3.86151,5.98503,7.5962e+20,2.95885e+19,326.384,3.67765,5.42124,8.05365e+16,3.61546e+16,45.3773,3.16633,5.07838,3.68165e+19,5.08803e+20,sim03635.iv
sim03636,43.8206,3.89187,5.85287,9.3764e+20,2.63717e+19,325.278,3.68411,5.5899,7.03361e+16,7.00476e+16,23.7131,3.09901,5.10405,3.87342e+19,9.33731e+20,sim03636.iv
sim03637,41.0951,3.89983,5.97041,8.69081e+20,4.05902e+19,337.613,3.62762,5.49981,2.11524e+16,7.74665e+16,32.9598,3.08813,5.02435,3.48079e+19,5.56416e+20,sim03637.iv
sim03638,30.5947,3.90714,5.93832,7.50541e+20,3.92296e+19,234.342,3.72839,5.47715,2.388e+16,8.68056e+16,49.2769,2.89584,5.03151,4.05788e+19,9.95313e+20,sim03638.iv
sim03639,32.5573,3.95818,5.82943,6.1403e+20,1.56365e+19,303.258,3.7175,5.53238,2.52004e+16,1.73113e+16,36.019,3.01192,5.08432,3.73184e+19,7.09385e+20,sim03639.iv
sim03640,45.6944,3.95554,5.86715,9.47108e+20,2.96817e+19,275.016,3.7442,5.59126,1.29971e+16,2.57711e+16,44.1586,2.97671,5.17174,2.40586e+19,9.87761e+20,sim03640.iv
sim03641,26.4788,3.98978,5.95795,9.87052e+20,1.64707e+19,259.458,3.63952,5.56595,3.41483e+16,5.7322e+16,25.7977,3.08296,5.1486,1.4605e+19,8.42942e+20,sim03641.iv
sim03642,24.9645,3.99084,5.97598,6.00783e+20,2.36019e+19,293.409,3.76137,5.58866,4.77122e+16,5.39956e+16,24.6968,2.93978,5.19839,4.74979e+19,7.06898e+20,sim03642.iv
sim03643,26.6994,3.91459,5.88466,8.76294e+20,3.51963e+19,302.508,3.67486,5.52343,7.20641e+16,6.83203e+16,40.8651,3.15608,5.05364,1.62506e+19,5.17327e+20,sim03643.iv
sim03644,41.0019,3.86708,5.90118,5.36666e+20,4.70773e+19,292.389,3.62494,5.48127,3.81586e+16,8.80012e+16,46.2862,3.11619,5.07763,4.7727e+19,6.37644e+20,sim03644.iv
sim03645,39.8456,3.90469,5.88754,5.94239e+20,1.95968e+19,325.047,3.73374,5.58624,7.13158e+16,1.54698e+16,23.4888,3.0894,5.05018,1.99467e+19,7.03162e+20,sim03645.iv
sim03646,42.3574,3.92776,5.83885,9.48137e+20,4.889e+19,320.875,3.63861,5.55874,5.6945e+16,1.257e+16,40.0259,3.19078,5.08632,1.25323e+19,6.15303e+20,sim03646.iv
sim03647,36.754,3.95822,5.8371,6.0969e+20,4.68935e+19,333.438,3.78313,5.43516,9.39426e+16,4.05945e+16,35.5058,2.98256,5.19557,2.05068e+19,9.7889e+20,sim03647.iv
sim03648,48.7746,3.98349,5.87144,6.87517e+20,1.81627e+19,276.57,3.64973,5.52542,8.80922e+16,9.547e+16,33.1283,2.97262,5.10292,4.64661e+19,5.39355e+20,sim03648.iv
sim03649,29.1881,3.83942,5.95504,6.89133e+20,4.85724e+19,347.088,3.77617,5.50179,9.37839e+16,4.39227e+16,31.7845,2.98917,5.13943,1.25392e+19,7.67934e+20,sim03649.iv
sim03650,48.9753,3.81346,5.81726,9.719e+20,4.32482e+19,210.09,3.69027,5.4619,2.50806e+16,1.47042e+16,27.4973,3.06109,5.06078,2.23053e+19,6.31255e+20,sim03650.iv
sim03651,22.9133,3.9186,5.94627,9.9001e+20,1.90639e+19,232.81,3.74145,5.46464,5.57709e+16,7.37672e+16,32.5868,2.94855,5.08792,2.8278e+19,5.00377e+20,sim03651.iv
sim03652,25.6582,3.92187,5.80349,6.38221e+20,2.76171e+19,271.856,3.60956,5.57507,1.81431e+16,8.88157e+16,49.7244,2.87145,5.01412,1.48444e+19,9.26269e+20,sim03652.iv
sim03653,49.1707,3.91829,5.98945,8.84843e+20,3.27482e+19,338.002,3.69365,5.48233,7.47915e+16,7.738e+16,30.6353,2.99024,5.04317,1.47919e+19,6.75907e+20,sim03653.iv
sim03654,34.7838,3.83146,5.8326,5.61988e+20,4.50303e+19,307.174,3.62911,5.53225,5.37243e+16,6.08978e+16,44.8583,2.99041,5.05762,4.12057e+19,5.79707e+20,sim03654.iv
sim03655,47.7419,3.9883,5.86898,8.86127e+20,4.68801e+19,338.692,3.62288,5.43355,5.41366e+16,5.96875e+16,30.3231,2.83065,5.0859,2.1245e+19,7.23829e+20,sim03655.iv
sim03656,28.1991,3.88718,5.91762,6.80181e+20,1.84261e+19,265.522,3.6521,5.41284,6.70437e+16,6.70475e+16,29.5409,3.1837,5.15781,4.60963e+19,7.3471e+20,sim03656.iv
sim03657,35.7134,3.93828,5.91762,8.34114e+20,2.72974e+19,228.598,3.76241,5.47747,6.47537e+16,4.32117e+16,34.4653,3.05559,5.1157,1.56371e+19,6.17706e+20,sim03657.iv
sim03658,25.2163,3.91518,5.87891,6.23213e+20,1.17633e+19,317.455,3.61081,5.47615,5.10201e+16,5.07746e+16,24.1549,3.08378,5.04543,3.51626e+19,6.89017e+20,sim03658.iv
sim03659,35.635,3.89044,5.99105,6.73236e+20,1.612e+19,260.516,3.69981,5.41325,9.26604e+16,2.78853e+16,47.9182,2.96167,5.11108,3.73209e+19,5.32474e+20,sim03659.iv
sim03660,32.4178,3.85632,5.83371,8.34498e+20,1.66248e+19,291.604,3.67809,5.59525,9.15924e+16,1.0681e+16,44.3255,2.86746,5.0941,4.24803e+19,6.43734e+20,sim03660.iv
sim03661,42.0155,3.84819,5.97459,7.19511e+20,1.79715e+19,217.473,3.7213,5.53658,7.12477e+16,5.47764e+16,32.0828,3.04761,5.00667,1.95779e+19,6.2776e+20,sim03661.iv
sim03662,43.3527,3.88827,5.80916,9.4753e+20,2.54151e+19,220.776,3.68369,5.58991,8.21317e+16,6.34149e+16,42.7734,3.00657,5.1608,4.36075e+19,6.68692e+20,sim03662.iv
sim03663,33.3618,3.84529,5.93701,5.68518e+20,2.88817e+19,345.317,3.69319,5.41366,1.16505e+16,9.55125e+16,41.2148,3.08384,5.07398,3.00455e+19,7.792e+20,sim03663.iv
sim03664,43.0109,3.90188,5.86134,7.66288e+20,3.72488e+19,218.107,3.69472,5.46892,9.06524e+16,4.49538e+16,38.8678,2.9822,5.16265,4.71906e+19,5.41803e+20,sim03664.iv
sim03665,20.59,3.94093,5.9263,7.77218e+20,2.72307e+19,314.97,3.74073,5.48333,3.92485e+16,9.65691e+16,32.1728,2.8836,5.19203,3.82495e+19,7.79185e+20,sim03665.iv
sim03666,43.0319,3.84439,5.9116,6.36777e+20,4.45184e+19,229.141,3.6435,5.44876,4.93864e+16,2.19718e+16,36.3331,3.09312,5.00162,4.5489e+19,9.26117e+20,sim03666.iv
sim03667,21.5247,3.81367,5.91478,6.56784e+20,2.96175e+19,289.444,3.72755,5.54632,8.71345e+16,6.45996e+16,23.1515,2.85449,5.12274,3.83516e+19,8.7704e+20,sim03667.iv
sim03668,35.5599,3.92008,5.99491,6.74118e+20,1.85668e+19,345.659,3.78375,5.40142,4.61692e+16,7.61359e+16,25.3239,2.81276,5.00729,3.25918e+19,6.15139e+20,sim03668.iv
sim03669,27.7366,3.80303,5.94518,9.21814e+20,3.9341e+19,229.08,3.79145,5.59243,3.33218e+16,9.84762e+16,33.3258,2.81667,5.11508,3.10682e+19,9.29147e+20,sim03669.iv
sim03670,30.6702,3.95333,5.95735,5.17475e+20,3.69257e+19,277.126,3.64049,5.48338,8.71496e+16,7.20795e+16,38.8159,2.83261,5.13333,4.0341e+19,9.74992e+20,sim03670.iv
sim03671,43.9413,3.81599,5.98871,8.95963e+20,1.01335e+19,309.776,3.66079,5.52101,3.54508e+16,7.5704e+16,25.6018,3.13381,5.01458,1.09637e+19,5.65963e+20,sim03671.iv
sim03672,31.5363,3.93134,5.89612,7.37855e+20,4.46232e+19,288.298,3.70152,5.48389,9.80573e+16,3.18528e+16,24.667,2.99695,5.13555,1.08667e+19,9.28496e+20,sim03672.iv
sim03673,28.4935,3.92908,5.83466,9.3596e+20,2.43557e+19,236.175,3.60395,5.46176,4.41288e+16,1.31606e+16,36.6608,2.98188,5.09861,1.53389e+19,6.91538e+20,sim03673.iv
sim03674,49.0353,3.87148,5.95859,5.62083e+20,1.49129e+19,349.85,3.72967,5.53297,4.83331e+16,7.85032e+16,47.8453,2.8328,5.03448,4.46429e+19,5.39571e+20,sim03674.iv
sim03675,30.774,3.81664,5.88159,7.2358e+20,1.72053e+19,221.43,3.68348,5.5029,7.63328e+16,7.53396e+16,22.0975,2.97519,5.16875,3.38796e+19,9.27429e+20,sim03675.iv
sim03676,48.5258,3.86686,5.82659,5.41962e+20,1.50568e+19,305.548,3.62391,5.59048,6.93085e+16,9.59976e+16,36.9052,2.88093,5.03364,4.07156e+19,5.00054e+20,sim03676.iv
sim03677,46.2585,3.8059,5.92089,6.94433e+20,3.44627e+19,319.503,3.62239,5.58926,6.36201e+16,4.43765e+16,49.3724,3.12465,5.03241,1.35419e+19,9.61443e+20,sim03677.iv
sim03678,37.546,3.89269,5.81546,7.70888e+20,2.08595e+19,237.033,3.67821,5.40714,6.38078e+16,6.58993e+16,40.85,2.80914,5.03512,4.08941e+19,7.87339e+20,sim03678.iv
sim03679,20.2716,3.94614,5.88332,6.31537e+20,4.01701e+19,260.451,3.69072,5.57216,2.34722e+16,6.09092e+16,23.1185,3.19114,5.06237,4.64091e+19,6.83504e+20,sim03679.iv
sim03680,45.3852,3.95292,5.84651,8.23461e+20,1.93337e+19,212.657,3.6601,5.54211,2.60689e+16,6.65022e+16,42.9466,2.92414,5.02042,3.38637e+19,5.65678e+20,sim03680.iv
sim03681,20.0779,3.82615,5.85333,8.3869e+20,2.33038e+19,338.6,3.74845,5.59749,6.98766e+16,1.1925e+16,24.4664,2.90784,5.14067,3.58105e+19,6.02612e+20,sim03681.iv
sim03682,40.9418,3.85581,5.93369,6.55394e+20,1.84128e+19,279.278,3.79615,5.52932,4.16477e+16,5.666e+16,33.1582,2.81254,5.13486,1.82199e+19,7.67114e+20,sim03682.iv
sim03683,22.1273,3.95806,5.80349,6.60732e+20,2.53327e+19,318.132,3.79472,5.43827,2.25152e+16,6.59532e+16,26.5189,2.80969,5.04636,1.9381e+19,7.75766e+20,sim03683.iv
sim03684,33.5009,3.86669,5.85782,6.33935e+20,4.44703e+19,274.513,3.77098,5.59915,5.46043e+16,9.35645e+16,25.2376,2.92391,5.13178,1.95206e+19,7.95883e+20,sim03684.iv
sim03685,46.9685,3.99472,5.90698,8.68359e+20,3.41293e+19,268.787,3.6713,5.52283,4.11065e+16,7.74102e+16,23.7851,3.08744,5.10221,1.32712e+19,9.19782e+20,sim03685.iv
sim03686,36.4957,3.94697,5.82474,5.7758e+20,4.51454e+19,275.355,3.65918,5.50378,4.34356e+16,9.76438e+16,25.9096,3.01203,5.06648,1.66045e+19,8.40745e+20,sim03686.iv
sim03687,24.1093,3.85491,5.89747,7.11887e+20,4.64222e+19,301.136,3.61388,5.42864,6.27602e+16,3.02937e+16,25.8713,3.19502,5.1419,2.20987e+19,5.13912e+20,sim03687.iv
sim03688,43.8531,3.91545,5.86227,7.63663e+20,4.58601e+19,218.883,3.7464,5.57255,5.6845e+16,9.6481e+16,26.9503,3.08849,5.08497,2.51626e+19,8.18151e+20,sim03688.iv
sim03689,38.2833,3.87344,5.8751,7.39946e+20,4.97136e+19,321.79,3.67326,5.47263,9.07081e+16,8.01333e+16,39.6065,3.08565,5.0114,1.37051e+19,6.57865e+20,sim03689.iv
sim03690,34.1778,3.9422,5.95643,9.42395e+20,2.08376e+19,314.72,3.79894,5.44164,1.62741e+16,9.06864e+16,24.0469,3.08791,5.07747,2.42207e+19,9.70294e+20,sim03690.iv
sim03691,30.5343,3.88153,5.80314,5.91776e+20,2.44595e+19,303.231,3.61279,5.4699,4.28743e+16,8.11911e+16,28.2495,3.15677,5.18879,1.88633e+19,6.8888e+20,sim03691.iv
sim03692,42.0038,3.85373,5.9652,9.86942e+20,3.52545e+19,232.582,3.60039,5.48198,3.04199e+16,7.96527e+16,34.0941,3.05289,5.12125,1.14517e+19,8.53998e+20,sim03692.iv
sim03693,44.7713,3.89425,5.91641,5.71891e+20,3.63487e+19,341.548,3.74239,5.40289,3.7848e+16,9.58537e+16,40.0473,2.92988,5.12009,1.65317e+19,9.6232e+20,sim03693.iv
sim03694,31.6993,3.83842,5.81498,5.17489e+20,3.58026e+19,305.401,3.73171,5.46283,8.13272e+16,8.55909e+16,38.0922,3.0462,5.03849,4.43237e+19,5.42303e+20,sim03694.iv
sim03695,44.07,3.88373,5.81963,5.307e+20,4.95394e+19,289.665,3.68888,5.58509,5.16729e+16,8.62294e+16,45.6106,3.10003,5.01902,4.81859e+19,8.13655e+20,sim03695.iv
sim03696,32.255,3.95329,5.81479,5.89242e+20,3.71048e+19,298.138,3.70488,5.53492,9.54908e+16,2.17272e+16,30.2852,2.91738,5.18704,1.74884e+19,6.83896e+20,sim03696.iv
sim03697,47.1756,3.93401,5.80623,9.80107e+20,1.24056e+19,283.066,3.64843,5.52637,3.55261e+16,8.35818e+16,36.9557,2.92516,5.17312,4.10894e+19,7.46569e+20,sim03697.iv
sim03698,34.7367,3.89358,5.90801,9.29083e+20,1.29508e+19,264.38,3.75003,5.59281,2.37839e+16,1.39124e+16,44.153,3.18816,5.14294,3.2162e+19,6.1669e+20,sim03698.iv
sim03699,48.7508,3.94445,5.93882,9.40979e+20,4.50263e+19,221.295,3.60399,5.44454,9.19262e+16,5.80285e+16,39.4258,2.9384,5.08497,2.20009e+19,9.70177e+20,sim03699.iv
sim03700,32.3616,3.96718,5.83108,6.5862e+20,1.72581e+19,251.079,3.73352,5.42829,5.82378e+16,1.02812e+16,49.4931,2.81423,5.15088,4.47702e+19,9.98115e+20,sim03700.iv
sim03701,39.5037,3.92132,5.91152,8.82306e+20,4.48293e+19,283.879,3.74403,5.59248,2.00668e+16,6.30754e+16,22.021,2.97426,5.14523,2.52122e+19,5.50053e+20,sim03701.iv
sim03702,44.897,3.8488,5.90047,5.74904e+20,4.95732e+19,263.579,3.76434,5.47691,4.14687e+16,3.16445e+16,32.1361,3.1501,5.13233,1.21236e+19,7.70542e+20,sim03702.iv
sim03703,34.933,3.93739,5.95106,7.82867e+20,4.5036e+19,299.884,3.6676,5.47527,8.72682e+16,3.33842e+16,24.2763,3.10093,5.0855,1.90668e+19,9.14796e+20,sim03703.iv
sim03704,25.5489,3.94649,5.86804,8.56178e+20,4.09155e+19,232.018,3.76496,5.52369,8.73169e+16,1.283e+16,42.7051,3.19437,5.14058,4.6712e+19,7.07378e+20,sim03704.iv
sim03705,41.0481,3.91344,5.86704,8.11603e+20,2.44338e+19,342.911,3.75953,5.57417,6.7214e+16,8.56411e+16,31.0051,3.06457,5.06676,3.37788e+19,5.35716e+20,sim03705.iv
sim03706,43.7613,3.88434,5.99679,9.29121e+20,3.45741e+19,247.22,3.72598,5.55134,5.24998e+16,6.33235e+16,46.2888,2.85488,5.0999,4.4634e+19,6.95578e+20,sim03706.iv
sim03707,46.5227,3.91164,5.88027,9.9578e+20,1.64751e+19,258.621,3.64396,5.59661,2.35215e+16,2.07415e+16,27.9174,3.04344,5.05296,2.30842e+19,7.67052e+20,sim03707.iv
sim03708,39.083,3.91596,5.92299,8.35453e+20,4.50905e+19,304.512,3.74419,5.4793,9.50191e+16,8.27429e+16,37.483,2.97937,5.00378,4.946e+19,5.70751e+20,sim03708.iv
sim03709,35.2725,3.86836,5.86521,7.09731e+20,3.28979e+19,211.4,3.63082,5.52264,7.65412e+16,7.07581e+16,49.7297,2.81909,5.10304,2.67395e+19,5.99458e+20,sim03709.iv
sim03710,46.7146,3.8287,5.90092,5.96066e+20,2.74592e+19,320.673,3.74012,5.54008,2.93564e+16,1.20571e+16,41.602,2.84244,5.07804,4.37569e+19,7.0474e+20,sim03710.iv
sim03711,33.9629,3.99159,5.98181,5.45438e+20,4.46739e+19,279.244,3.75959,5.47042,9.61503e+16,8.16902e+16,33.4822,2.94429,5.04221,2.10158e+19,7.21032e+20,sim03711.iv
sim03712,30.6265,3.92882,5.92711,5.96746e+20,2.04304e+19,216.328,3.67649,5.49469,1.94584e+16,1.76616e+16,28.0344,2.99657,5.19669,4.6603e+19,6.99209e+20,sim03712.iv
sim03713,36.6825,3.91193,5.86862,9.28432e+20,2.16646e+19,269.795,3.78138,5.46918,5.5998e+16,8.83527e+16,29.8252,3.18468,5.04071,3.73669e+19,5.30019e+20,sim03713.iv
sim03714,36.1128,3.83188,5.9257,8.08411e+20,2.66585e+19,339.476,3.77828,5.547,7.47687e+16,1.61405e+16,29.7067,2.88126,5.07771,1.43668e+19,6.59131e+20,sim03714.iv
sim03715,37.1279,3.83324,5.82115,8.53342e+20,1.98771e+19,276.95,3.76769,5.47571,1.88716e+16,8.06802e+16,42.1552,3.04409,5.10758,4.00876e+19,6.76633e+20,sim03715.iv
sim03716,29.8907,3.92548,5.83329,8.16611e+20,4.46826e+19,282.117,3.61659,5.53257,8.82392e+16,2.77161e+16,38.3655,2.87885,5.16394,2.01135e+19,8.14715e+20,sim03716.iv
sim03717,37.6796,3.87495,5.98009,9.50655e+20,2.36034e+19,258.733,3.73097,5.4568,3.73442e+16,1.18519e+16,22.8183,3.06321,5.06416,1.32496e+19,9.65103e+20,sim03717.iv
sim03718,28.8711,3.84182,5.90447,9.15356e+20,4.49049e+19,252.712,3.74843,5.50463,6.35778e+16,4.96014e+16,25.3175,3.12817,5.10882,2.60741e+19,8.37666e+20,sim03718.iv
sim03719,32.7694,3.96982,5.82714,5.14961e+20,3.27758e+19,245.958,3.62364,5.40607,7.93341e+16,9.63826e+16,38.4725,3.10905,5.16769,4.2217e+19,6.6338e+20,sim03719.iv
sim03720,20.0705,3.92563,5.98952,9.43762e+20,1.01902e+19,336.589,3.60217,5.50628,8.6739e+16,4.74435e+16,40.5156,2.893,5.19403,1.17635e+19,8.16135e+20,sim03720.iv
sim03721,21.0432,3.80836,5.85406,5.07597e+20,1.82934e+19,231.553,3.78238,5.40829,6.50626e+16,7.03487e+16,44.6308,2.94695,5.03632,1.4872e+19,5.71265e+20,sim03721.iv
sim03722,35.7205,3.91936,5.95768,9.0223e+20,4.37112e+19,232.355,3.74906,5.41455,8.92501e+16,5.72823e+16,39.2459,3.04792,5.1116,3.0934e+19,9.61053e+20,sim03722.iv
sim03723,30.4512,3.95576,5.87239,5.22945e+20,2.51202e+19,231.124,3.68812,5.4164,8.06902e+16,6.31768e+16,21.1358,3.05821,5.19093,1.25317e+19,6.78357e+20,sim03723.iv
sim03724,46.843,3.80669,5.98372,9.94374e+20,2.5599e+19,275.099,3.79763,5.41198,3.86325e+16,1.57121e+16,42.3899,3.06048,5.17269,1.76102e+19,7.72552e+20,sim03724.iv
sim03725,41.3905,3.85637,5.97793,5.98942e+20,1.47282e+19,249.338,3.75953,5.54283,9.02047e+16,6.5511e+16,47.545,3.01728,5.18367,4.48073e+19,7.36721e+20,sim03725.iv
sim03726,20.1941,3.99715,5.89942,8.70474e+20,2.80912e+19,260.691,3.67165,5.47106,6.21491e+16,8.26999e+16,37.0714,3.0104,5.06133,2.85128e+19,5.89898e+20,sim03726.iv
sim03727,42.3403,3.95664,5.8477,7.83504e+20,2.13919e+19,346.836,3.65977,5.57281,7.30289e+16,9.69043e+16,41.584,3.04367,5.09209,2.88454e+19,5.00621e+20,sim03727.iv
sim03728,49.9076,3.91353,5.91739,5.90222e+20,2.72799e+19,240.672,3.64376,5.50951,3.16806e+16,6.99939e+16,31.2991,2.95068,5.14044,3.68289e+19,7.01838e+20,sim03728.iv
sim03729,47.9026,3.86565,5.94367,8.96844e+20,1.87306e+19,276.388,3.60419,5.46602,3.42979e+16,7.94334e+16,26.6218,2.81017,5.00473,4.05486e+19,5.71685e+20,sim03729.iv
sim03730,39.3212,3.84031,5.84432,9.03218e+20,3.72815e+19,301.633,3.78574,5.57404,8.62144e+16,2.22516e+16,24.9793,3.19284,5.11531,3.19759e+19,7.52847e+20,sim03730.iv
sim03731,42.0739,3.91893,5.82998,5.51228e+20,2.21131e+19,331.807,3.68045,5.57446,6.15496e+16,9.36566e+16,46.5331,2.95039,5.11023,3.83887e+19,5.22827e+20,sim03731.iv
sim03732,24.7971,3.94601,5.98291,6.51824e+20,2.57606e+19,332.419,3.65324,5.58522,2.26995e+16,3.26882e+16,21.0632,2.8374,5.05102,3.62058e+19,6.00434e+20,sim03732.iv
sim03733,48.1792,3.86973,5.90373,8.32479e+20,1.5454e+19,306.279,3.62411,5.56526,5.3927e+16,1.80456e+16,41.2291,2.83063,5.19491,2.81448e+19,6.91458e+20,sim03733.iv
sim03734,29.4373,3.88998,5.95623,7.60078e+20,3.57326e+19,218.035,3.77034,5.50568,5.71504e+16,3.27116e+16,22.3184,2.93443,5.1637,3.18815e+19,6.31808e+20,sim03734.iv
sim03735,37.7928,3.87026,5.84474,8.69944e+20,1.669e+19,291.883,3.74674,5.41233,7.26149e+16,1.10307e+16,44.3543,2.91124,5.03073,1.52143e+19,7.17852e+20,sim03735.iv
sim03736,28.6442,3.89376,5.96911,5.52486e+20,2.04212e+19,225.864,3.72742,5.52461,8.63641e+16,7.56574e+16,40.9837,2.86421,5.16384,1.02923e+19,8.57466e+20,sim03736.iv
sim03737,44.4371,3.84532,5.86236,6.2105e+20,4.27811e+19,268.922,3.67269,5.50045,7.57482e+16,6.94438e+16,41.2325,3.17898,5.05103,1.82758e+19,8.24933e+20,sim03737.iv
sim03738,24.3817,3.92869,5.9912,7.29227e+20,1.85883e+19,349.282,3.67659,5.42277,4.74506e+16,1.78895e+16,22.4959,2.81901,5.09084,2.83603e+19,8.66712e+20,sim03738.iv
sim03739,36.3246,3.97203,5.97458,5.8546e+20,1.16508e+19,308.886,3.602,5.47878,1.48602e+16,5.12988e+16,33.4904,3.1383,5.12912,2.61002e+19,7.54676e+20,sim03739.iv
sim03740,36.4739,3.84523,5.95508,7.33601e+20,3.55138e+19,214.459,3.62218,5.51791,7.69811e+16,3.88719e+16,48.3719,3.13972,5.1049,3.5596e+19,7.96583e+20,sim03740.iv
sim03741,29.1698,3.81252,5.96091,7.30279e+20,4.36742e+19,262.435,3.60286,5.42538,2.41508e+16,7.57878e+16,20.9621,3.12773,5.13814,2.29336e+19,7.60984e+20,sim03741.iv
sim03742,47.9652,3.81395,5.87267,6.95501e+20,4.85267e+19,346.532,3.76827,5.4764,9.00459e+16,5.35659e+16,39.3217,3.17116,5.04962,4.44312e+19,6.99623e+20,sim03742.iv
sim03743,46.1371,3.90968,5.84946,8.82762e+20,1.4606e+19,230.072,3.62963,5.56807,8.84127e+16,6.15345e+16,28.3812,2.95768,5.03672,1.01526e+19,9.19818e+20,sim03743.iv
sim03744,25.8389,3.81582,5.82636,9.63031e+20,2.45292e+19,300.732,3.60626,5.50582,7.72003e+16,1.59027e+16,28.9678,2.92881,5.17746,3.66064e+19,9.32681e+20,sim03744.iv
sim03745,31.2663,3.91823,5.90355,6.38052e+20,2.68968e+19,244.296,3.60324,5.59363,9.62268e+16,8.41792e+16,25.2371,2.80807,5.03919,4.48625e+19,5.76597e+20,sim03745.iv
sim03746,27.0056,3.93825,5.89549,8.27002e+20,3.25225e+19,290.147,3.77455,5.44355,2.25291e+16,4.64407e+16,36.0385,2.99617,5.10797,2.94472e+19,7.58936e+20,sim03746.iv
sim03747,47.9576,3.80998,5.98833,7.93607e+20,1.19133e+19,217.484,3.7143,5.53782,5.68253e+16,5.03978e+16,28.3117,3.04263,5.17952,2.68965e+19,8.47846e+20,sim03747.iv
sim03748,20.5211,3.88999,5.95234,9.20955e+20,3.14826e+19,289.312,3.62769,5.4591,7.00658e+16,7.90178e+16,22.4575,3.18438,5.19071,1.75039e+19,5.22602e+20,sim03748.iv
sim03749,30.2311,3.99174,5.8886,6.56846e+20,4.57875e+19,228.798,3.78822,5.5618,4.4522e+16,8.08633e+16,42.6835,3.03195,5.15629,3.00038e+19,9.21207e+20,sim03749.iv
sim03750,43.7986,3.98127,5.95951,9.60473e+20,1.71269e+19,248.824,3.69049,5.44856,9.07033e+16,2.61788e+16,33.7667,3.00865,5.17461,2.03658e+19,9.848e+20,sim03750.iv
sim03751,28.7587,3.8326,5.85072,9.40539e+20,1.60965e+19,214.469,3.65832,5.50891,4.20987e+16,2.44645e+16,30.9256,3.07703,5.08722,3.29089e+19,9.73526e+20,sim03751.iv
sim03752,42.4472,3.96077,5.8576,7.55693e+20,2.37839e+19,277.834,3.62238,5.50369,5.73234e+16,6.1748e+16,27.0383,2.88858,5.07354,3.15079e+19,6.68388e+20,sim03752.iv
sim03753,41.1842,3.91702,5.82257,6.1195e+20,3.41843e+19,284.473,3.66784,5.43438,9.28389e+16,5.04495e+16,26.3764,3.08836,5.05118,2.06256e+19,9.13528e+20,sim03753.iv
sim03754,47.2354,3.89362,5.92646,6.80503e+20,3.5345e+19,311.922,3.7442,5.40814,1.8875e+16,7.37163e+16,35.9552,3.17733,5.02071,4.9587e+19,5.66765e+20,sim03754.iv
sim03755,20.9431,3.9798,5.90081,6.43342e+20,3.2872e+19,262.854,3.79772,5.5548,6.90346e+16,3.89884e+16,20.7753,3.11895,5.00956,1.45254e+19,7.94498e+20,sim03755.iv
sim03756,42.7077,3.88179,5.91781,9.86822e+20,2.12517e+19,216.156,3.64437,5.48929,7.99628e+16,4.77329e+16,37.6674,3.02632,5.09757,1.63607e+19,5.3401e+20,sim03756.iv
sim03757,26.0892,3.85404,5.83751,5.96227e+20,3.43357e+19,273.63,3.65004,5.44716,2.28912e+16,7.22622e+16,34.2781,3.06582,5.07569,1.34004e+19,9.11518e+20,sim03757.iv
sim03758,21.2474,3.8735,5.91703,8.32248e+20,2.927e+19,321.847,3.69592,5.56716,3.22171e+16,5.25283e+16,20.9281,3.03126,5.08051,3.72475e+19,8.71167e+20,sim03758.iv
sim03759,32.9903,3.92169,5.94641,9.18389e+20,1.42051e+19,286.707,3.78496,5.45681,6.65749e+16,3.54084e+16,44.1154,3.09735,5.1899,3.79583e+19,7.4456e+20,sim03759.iv
sim03760,36.2335,3.95588,5.94758,5.58905e+20,2.19651e+19,305.549,3.62018,5.53197,8.77096e+16,4.30969e+16,26.5401,3.14161,5.09631,4.32902e+19,5.39049e+20,sim03760.iv
sim03761,26.3536,3.80021,5.88963,9.41049e+20,3.58111e+19,212.498,3.60495,5.54406,1.8352e+16,2.98225e+16,40.953,2.89953,5.09804,2.58122e+19,6.71888e+20,sim03761.iv
sim03762,27.5776,3.8815,5.83656,9.7734e+20,2.26565e+19,312.056,3.65853,5.45244,5.34441e+16,7.5926e+16,20.1175,2.86844,5.15486,2.41187e+19,9.27697e+20,sim03762.iv
sim03763,23.997,3.9626,5.92442,5.84245e+20,1.04938e+19,333.394,3.65778,5.44827,2.65464e+16,4.1951e+16,35.7158,2.99108,5.17024,1.78936e+19,8.73265e+20,sim03763.iv
sim03764,47.2765,3.80737,5.95024,6.3724e+20,2.79077e+19,218.55,3.65887,5.42242,3.09576e+16,1.29512e+16,48.1664,3.15813,5.1302,2.30082e+19,9.71651e+20,sim03764.iv
sim03765,49.1545,3.95891,5.93632,6.64399e+20,4.53313e+19,279.988,3.72647,5.43465,1.19293e+16,9.88765e+16,38.6444,3.07412,5.01008,2.68594e+19,6.42128e+20,sim03765.iv
sim03766,45.0694,3.89711,5.8769,5.73925e+20,2.53419e+19,260.691,3.7574,5.5695,4.41317e+16,4.69256e+16,49.2568,2.95128,5.12572,1.53918e+19,7.14443e+20,sim03766.iv
sim03767,27.2479,3.84858,5.84682,7.37349e+20,2.17657e+19,324.351,3.68974,5.41097,4.94786e+16,1.89295e+16,24.4146,2.85412,5.15856,2.71819e+19,5.00488e+20,sim03767.iv
sim03768,35.3513,3.84025,5.94347,9.70815e+20,1.68137e+19,248.705,3.74246,5.52647,8.455e+16,6.84266e+16,25.7289,3.13414,5.03216,1.33529e+19,9.69754e+20,sim03768.iv
sim03769,37.514,3.86623,5.85128,5.42352e+20,3.23985e+19,331.842,3.73598,5.5524,6.38581e+16,1.08896e+16,33.3528,2.81432,5.01626,1.70285e+19,9.44689e+20,sim03769.iv
sim03770,26.4536,3.89035,5.9753,8.39059e+20,1.5306e+19,274.727,3.75419,5.48878,2.95683e+16,6.7916e+16,32.2266,3.0055,5.02499,4.62018e+19,9.60519e+20,sim03770.iv
sim03771,29.0973,3.85852,5.83412,7.92916e+20,1.79622e+19,296.029,3.78915,5.43617,3.03315e+16,1.82072e+16,29.4477,3.15265,5.00319,3.5451e+19,6.92012e+20,sim03771.iv
sim03772,29.5264,3.83444,5.96655,9.11395e+20,1.16364e+19,290.72,3.68299,5.40125,3.74803e+16,2.69218e+16,42.9035,2.97893,5.1596,4.87527e+19,7.00691e+20,sim03772.iv
sim03773,36.6621,3.99458,5.83326,5.27087e+20,2.87847e+19,278.302,3.7858,5.49113,4.99579e+16,5.48305e+16,33.3686,3.15951,5.12356,4.1852e+19,5.77311e+20,sim03773.iv
sim03774,46.2793,3.99401,5.99138,9.91387e+20,3.78932e+19,304.011,3.61347,5.45658,8.08346e+16,4.24989e+16,38.6156,3.0346,5.11614,2.48173e+19,9.42411e+20,sim03774.iv
sim03775,27.4687,3.95407,5.80508,9.19203e+20,4.03247e+19,347.053,3.62416,5.56072,3.78123e+16,3.23137e+16,26.1511,3.08737,5.18849,3.60868e+19,6.32904e+20,sim03775.iv
sim03776,31.9949,3.8482,5.81396,8.83662e+20,1.41787e+19,300.903,3.68565,5.41453,3.71358e+16,1.67907e+16,38.8778,3.06687,5.17895,2.14465e+19,5.88082e+20,sim03776.iv
sim03777,34.2377,3.96288,5.91317,9.71986e+20,1.35497e+19,310.697,3.73262,5.44868,2.87126e+16,4.43819e+16,29.6757,2.93399,5.14444,1.36123e+19,8.74164e+20,sim03777.iv
sim03778,34.9824,3.8348,5.93389,6.8689e+20,1.53176e+19,292.295,3.66399,5.45672,5.30007e+16,5.67872e+16,41.0858,2.99687,5.1067,3.28177e+19,9.63633e+20,sim03778.iv
sim03779,23.0376,3.93268,5.80747,6.29556e+20,4.16374e+19,260.592,3.60534,5.50267,4.93962e+16,9.34153e+16,48.2665,2.91152,5.16406,3.05894e+19,7.70084e+20,sim03779.iv
sim03780,23.4239,3.96731,5.92119,9.77599e+20,4.13161e+19,275.327,3.77146,5.46364,8.7668e+16,2.0427e+16,30.0958,3.1473,5.00479,4.47435e+19,5.20044e+20,sim03780.iv
sim03781,39.7669,3.92762,5.81151,9.19108e+20,1.34368e+19,329.192,3.79663,5.53442,9.37242e+16,6.62788e+16,49.4314,3.11874,5.13586,4.95563e+19,7.41928e+20,sim03781.iv
sim03782,34.51,3.97033,5.93486,5.72106e+20,2.23189e+19,291.859,3.6032,5.50208,3.10544e+16,3.13117e+16,46.8602,2.91287,5.17965,3.13488e+19,9.63933e+20,sim03782.iv
sim03783,41.8767,3.8828,5.80704,9.45822e+20,3.82936e+19,228.866,3.78703,5.49772,1.26592e+16,3.66288e+16,45.7941,2.96765,5.16156,2.61108e+19,5.66975e+20,sim03783.iv
sim03784,25.8386,3.97624,5.83625,9.67723e+20,2.15417e+19,346.029,3.61937,5.50968,1.32024e+16,3.30933e+16,45.6607,2.8748,5.17831,3.35923e+19,8.6329e+20,sim03784.iv
sim03785,30.7824,3.99698,5.96532,9.55871e+20,1.58333e+19,247.353,3.7682,5.5339,4.46362e+16,5.17932e+16,33.1561,3.02314,5.09781,2.81889e+19,6.63843e+20,sim03785.iv
sim03786,33.466,3.83549,5.83817,8.44144e+20,4.85828e+19,239.735,3.78259,5.52511,9.57541e+16,4.55728e+16,40.7094,3.01754,5.1955,1.24198e+19,5.29375e+20,sim03786.iv
sim03787,45.9243,3.8107,5.98147,5.47009e+20,1.44972e+19,256.307,3.74535,5.51539,9.1806e+16,6.66674e+16,37.871,3.02815,5.08121,3.55673e+19,9.86525e+20,sim03787.iv
sim03788,49.1644,3.82218,5.89111,7.96167e+20,3.8637e+19,252.073,3.79659,5.48305,3.56828e+16,8.02064e+16,37.6415,3.16182,5.02127,1.21868e+19,9.71573e+20,sim03788.iv
sim03789,33.3797,3.84323,5.94862,9.98723e+20,4.99497e+19,344.844,3.63132,5.57007,2.11789e+16,4.21139e+16,25.3498,2.94241,5.04959,4.58722e+19,9.9387e+20,sim03789.iv
sim03790,25.2138,3.82593,5.83287,7.82844e+20,4.52832e+19,314.37,3.68441,5.59181,5.84688e+16,8.06353e+16,34.9998,3.0665,5.07528,1.2102e+19,8.06309e+20,sim03790.iv
sim03791,28.6656,3.91013,5.93028,7.25856e+20,1.62827e+19,322.725,3.63449,5.42586,3.85621e+16,1.52383e+16,30.5967,3.10304,5.15806,2.82689e+19,5.91817e+20,sim03791.iv
sim03792,49.2123,3.96476,5.80105,8.03507e+20,4.78101e+19,340.09,3.67989,5.52227,6.54698e+16,7.56999e+16,48.2449,2.98658,5.01234,3.88791e+19,9.73066e+20,sim03792.iv
sim03793,46.1175,3.8049,5.97653,5.73644e+20,4.9153e+19,313.781,3.62523,5.42015,3.50092e+16,3.06509e+16,20.1208,3.15614,5.02529,4.95747e+19,6.31961e+20,sim03793.iv
sim03794,37.2336,3.93968,5.86024,7.27984e+20,4.09173e+19,219.047,3.67234,5.558,3.98771e+16,1.53341e+16,25.6326,3.07084,5.19349,1.91515e+19,7.58764e+20,sim03794.iv
sim03795,27.2153,3.98466,5.98002,6.95602e+20,1.14825e+19,295.054,3.72555,5.52355,3.66405e+16,1.21508e+16,20.9647,3.11157,5.10622,2.08473e+19,9.57265e+20,sim03795.iv
sim03796,46.5298,3.96323,5.92436,8.07489e+20,3.12303e+19,235.648,3.74546,5.50415,5.91406e+16,7.19581e+16,31.1604,3.08176,5.04963,4.46195e+19,9.93036e+20,sim03796.iv
sim03797,37.7551,3.87632,5.85767,9.46362e+20,2.30681e+19,323.968,3.68172,5.57594,4.8865e+16,6.20142e+16,23.6795,3.19022,5.1126,3.47743e+19,5.62727e+20,sim03797.iv
sim03798,40.7164,3.88529,5.88463,7.36642e+20,3.14372e+19,322.488,3.66839,5.57615,1.99727e+16,5.77504e+16,40.3423,3.18815,5.07964,3.7139e+19,8.93158e+20,sim03798.iv
sim03799,44.9772,3.98339,5.86918,9.21234e+20,4.82766e+19,275.712,3.73825,5.4646,3.30678e+16,3.50169e+16,21.5426,3.03137,5.17236,2.14843e+19,5.15863e+20,sim03799.iv
sim03800,28.4939,3.9544,5.88952,8.8356e+20,1.86809e+19,299.873,3.7462,5.56184,7.15655e+16,9.19706e+16,23.7805,3.02026,5.08996,4.99713e+19,7.74675e+20,sim03800.iv
sim03801,40.5577,3.98381,5.8285,6.69644e+20,2.29326e+19,226.369,3.712,5.46131,2.4865e+16,1.19703e+16,20.7516,2.9563,5.12219,1.85026e+19,9.55064e+20,sim03801.iv
sim03802,26.3056,3.85408,5.86083,5.78876e+20,4.99636e+19,310.374,3.66008,5.59464,6.71288e+16,7.92411e+16,30.311,2.88669,5.08996,2.66686e+19,9.92274e+20,sim03802.iv
sim03803,24.3536,3.82703,5.92424,7.80958e+20,3.18491e+19,267.684,3.67222,5.41743,8.13231e+16,5.01828e+16,46.9184,2.99824,5.18071,4.69603e+19,7.79604e+20,sim03803.iv
sim03804,43.9235,3.82079,5.82345,8.50146e+20,1.20344e+19,309.601,3.64613,5.44695,4.24213e+16,9.32002e+16,41.319,3.1006,5.15661,4.32648e+19,5.85168e+20,sim03804.iv
sim03805,48.2555,3.8794,5.91234,9.05133e+20,4.41033e+19,280.855,3.70894,5.48192,1.4457e+16,6.82847e+16,40.3162,2.9892,5.00962,3.26341e+19,5.51538e+20,sim03805.iv
sim03806,33.6209,3.95969,5.8454,9.59443e+20,3.83312e+19,246.048,3.64595,5.41493,8.86498e+16,1.56719e+16,38.7891,3.10058,5.05102,2.52164e+19,6.46921e+20,sim03806.iv
sim03807,44.0519,3.99908,5.99412,5.34752e+20,3.71127e+19,291.895,3.78601,5.51559,5.11713e+16,5.04033e+16,45.6085,3.06884,5.01481,4.73409e+19,8.39369e+20,sim03807.iv
sim03808,24.6515,3.89387,5.85013,7.95688e+20,3.22495e+19,345.837,3.61103,5.49006,2.64598e+16,1.19813e+16,43.3449,3.10306,5.18684,3.35323e+19,6.27898e+20,sim03808.iv
sim03809,30.8895,3.92091,5.92576,5.21296e+20,4.64286e+19,339.648,3.7597,5.44996,4.13274e+16,7.32182e+16,29.1721,2.9551,5.13365,1.13606e+19,5.6892e+20,sim03809.iv
sim03810,21.0799,3.85314,5.89622,9.22046e+20,1.71565e+19,259.962,3.60189,5.49269,1.22794e+16,3.90069e+16,44.9253,3.17442,5.07345,2.13213e+19,8.79267e+20,sim03810.iv
sim03811,40.939,3.87562,5.98107,7.26842e+20,4.74353e+19,333.737,3.78968,5.42176,3.4035e+16,4.33977e+16,42.3024,2.91748,5.0414,2.37498e+19,6.55476e+20,sim03811.iv
sim03812,44.4385,3.99796,5.86077,5.25913e+20,3.88686e+19,277.276,3.68675,5.47024,5.23343e+16,2.22521e+16,38.3647,3.17193,5.18384,3.95248e+19,6.94708e+20,sim03812.iv
sim03813,47.6364,3.93195,5.90075,6.42039e+20,4.02099e+19,321.63,3.71179,5.45721,4.502e+16,6.61053e+16,26.6898,2.98838,5.00844,4.2209e+19,6.90859e+20,sim03813.iv
sim03814,33.356,3.97707,5.87925,7.37582e+20,2.18172e+19,322.987,3.68725,5.49638,5.43125e+16,7.08844e+16,36.2422,2.97391,5.13096,3.54999e+19,8.55237e+20,sim03814.iv
sim03815,34.0884,3.99612,5.91509,8.9899e+20,2.86325e+19,257.18,3.70487,5.51545,3.77811e+16,7.78865e+16,32.832,3.06423,5.05762,2.93709e+19,6.76233e+20,sim03815.iv
sim03816,32.5669,3.93519,5.83129,6.2272e+20,2.43909e+19,248.239,3.6349,5.56339,2.46131e+16,6.77555e+16,33.5379,2.86538,5.0593,1.43778e+19,5.47925e+20,sim03816.iv
sim03817,30.7673,3.95103,5.87954,7.84461e+20,1.51253e+19,333.394,3.66608,5.43786,4.18231e+16,9.72653e+16,38.9,2.84841,5.03239,4.05082e+19,9.22689e+20,sim03817.iv
sim03818,22.4733,3.85876,5.80945,5.62137e+20,1.55123e+19,271.207,3.60253,5.54265,4.62966e+16,4.61153e+16,48.8582,2.93245,5.00825,2.61944e+19,7.33524e+20,sim03818.iv
sim03819,34.1159,3.89275,5.86686,7.73101e+20,4.48277e+19,260.161,3.707,5.56951,4.58735e+16,2.22679e+16,32.974,3.00183,5.17372,4.41197e+19,8.84246e+20,sim03819.iv
sim03820,31.4801,3.85539,5.88829,6.59794e+20,4.91968e+19,221.818,3.70116,5.47683,7.95168e+16,6.3675e+16,21.8052,3.06932,5.09853,3.46482e+19,5.4577e+20,sim03820.iv
sim03821,35.293,3.90567,5.82925,8.07324e+20,4.63572e+19,213.556,3.65058,5.46582,5.89821e+16,7.66083e+16,39.8298,2.98473,5.19199,2.36739e+19,8.9202e+20,sim03821.iv
sim03822,44.7832,3.82019,5.80876,9.93169e+20,2.43386e+19,303.57,3.60585,5.55277,4.16937e+16,6.23176e+16,21.4406,2.84316,5.16462,3.21664e+19,8.88492e+20,sim03822.iv
sim03823,24.8387,3.86556,5.97023,7.92979e+20,3.67631e+19,238.903,3.71116,5.5468,2.55475e+16,3.69441e+16,20.2669,3.18517,5.17916,1.36879e+19,9.16132e+20,sim03823.iv
sim03824,36.3807,3.9929,5.9019,6.03381e+20,4.425e+19,341.328,3.70613,5.48154,7.97588e+16,1.75746e+16,45.281,3.14432,5.05916,1.04517e+19,5.04906e+20,sim03824.iv
sim03825,49.3417,3.95608,5.87174,9.44707e+20,4.56907e+19,337.151,3.70035,5.56409,1.33873e+16,2.43992e+16,38.974,2.84161,5.00867,1.4335e+19,7.2721e+20,sim03825.iv
sim03826,34.6494,3.9852,5.88436,7.57192e+20,4.26487e+19,324.059,3.66532,5.54491,8.97278e+16,8.41054e+16,29.8505,3.096,5.14755,1.9681e+19,8.34871e+20,sim03826.iv
sim03827,22.6376,3.85483,5.80567,5.65464e+20,1.42578e+19,342.548,3.63277,5.41451,7.75233e+16,6.83663e+16,39.0827,3.15678,5.13329,3.67309e+19,7.28477e+20,sim03827.iv
sim03828,36.9705,3.95319,5.87182,5.18028e+20,2.70586e+19,262.765,3.63635,5.54176,8.24045e+16,2.42705e+16,34.4364,2.93045,5.11359,1.37578e+19,9.67062e+20,sim03828.iv
sim03829,21.9095,3.96451,5.83892,8.85447e+20,2.12834e+19,320.569,3.78314,5.58713,8.77204e+16,4.8281e+16,32.862,3.181,5.17825,2.93973e+19,6.98964e+20,sim03829.iv
sim03830,22.8263,3.8723,5.89421,9.15327e+20,2.29618e+19,252.363,3.60528,5.40792,8.27245e+16,2.4774e+16,48.992,2.82407,5.16126,1.46039e+19,8.17448e+20,sim03830.iv
sim03831,42.7034,3.84522,5.91219,8.90364e+20,1.68311e+19,283.146,3.70653,5.55354,4.25309e+16,6.8077e+16,48.5009,3.08357,5.00359,1.60349e+19,6.99069e+20,sim03831.iv
sim03832,32.1314,3.86612,5.88862,9.71688e+20,4.218e+19,229.443,3.68885,5.53632,2.47392e+16,1.45624e+16,48.7313,3.11386,5.17704,4.12551e+19,8.39508e+20,sim03832.iv
sim03833,42.9526,3.90506,5.85143,5.47226e+20,3.39003e+19,240.713,3.76461,5.50702,9.95831e+16,4.4684e+16,32.5808,2.9078,5.0572,2.90973e+19,5.32269e+20,sim03833.iv
sim03834,45.0023,3.81973,5.98131,6.99524e+20,2.83941e+19,344.983,3.7478,5.45577,3.75033e+16,2.34833e+16,39.1642,3.06435,5.17786,2.13656e+19,5.33652e+20,sim03834.iv
sim03835,26.5997,3.99262,5.99764,6.767e+20,2.95962e+19,328.48,3.69555,5.59179,8.53869e+16,7.67302e+16,38.8561,2.88256,5.03657,4.46629e+19,6.20432e+20,sim03835.iv
sim03836,27.3067,3.96921,5.80927,8.5889e+20,3.46354e+19,215.311,3.63624,5.45998,3.04393e+16,2.52299e+16,45.6136,3.16997,5.03502,3.31319e+19,7.16601e+20,sim03836.iv
sim03837,31.2907,3.99062,5.80916,9.87347e+20,2.27053e+19,289.732,3.78626,5.52903,7.9038e+16,1.87135e+16,37.0946,2.92425,5.08389,1.94974e+19,8.07834e+20,sim03837.iv
sim03838,36.0772,3.82566,5.94587,6.42195e+20,3.3465e+19,331.569,3.67953,5.52793,8.75998e+16,6.60087e+16,49.4907,2.83253,5.07255,3.81036e+19,7.44165e+20,sim03838.iv
sim03839,27.7541,3.86694,5.94484,8.93212e+20,3.53889e+19,334.424,3.70433,5.56474,1.96548e+16,9.87119e+16,46.2374,3.15738,5.17606,4.36911e+19,5.42581e+20,sim03839.iv
sim03840,47.3107,3.83376,5.97356,7.79257e+20,2.13158e+19,254.077,3.65395,5.54507,7.6207e+16,4.8485e+16,32.8215,2.88533,5.07963,3.65076e+19,8.12625e+20,sim03840.iv
sim03841,23.8948,3.94629,5.99795,9.05455e+20,1.0317e+19,325.096,3.606,5.42685,3.18267e+16,5.4286e+16,45.3385,3.12562,5.07449,2.89582e+19,5.8519e+20,sim03841.iv
sim03842,48.5569,3.85463,5.84099,9.93753e+20,1.8467e+19,235.433,3.79657,5.41531,1.29841e+16,5.10305e+16,28.8998,3.14801,5.14699,3.16257e+19,5.05029e+20,sim03842.iv
sim03843,27.9663,3.9781,5.84966,5.13846e+20,1.92412e+19,315.924,3.77194,5.45705,3.09005e+16,8.53711e+16,25.8869,2.94533,5.07612,2.58403e+19,5.37509e+20,sim03843.iv
sim03844,45.3142,3.84301,5.87339,8.18658e+20,4.21448e+19,292.191,3.67233,5.40106,5.4558e+16,6.06018e+16,30.7848,3.0518,5.15757,1.14221e+19,9.05718e+20,sim03844.iv
sim03845,37.7144,3.86511,5.93877,8.51928e+20,4.0317e+19,267.774,3.71529,5.49528,4.27542e+16,2.16324e+16,47.571,2.85096,5.12974,2.59973e+19,9.1071e+20,sim03845.iv
sim03846,34.1409,3.83729,5.83014,6.95769e+20,3.13959e+19,298.119,3.76977,5.47486,8.03086e+16,3.02327e+16,46.3477,2.83893,5.16076,2.07229e+19,8.28362e+20,sim03846.iv
sim03847,36.3179,3.91562,5.99609,7.99239e+20,1.86067e+19,267.474,3.61934,5.46709,3.6366e+16,6.79308e+16,47.4157,2.91256,5.16952,4.50428e+19,8.16319e+20,sim03847.iv
sim03848,40.9655,3.95965,5.87443,9.93235e+20,2.52718e+19,221.88,3.74657,5.467,1.24962e+16,2.61162e+16,31.0802,2.88511,5.02728,1.65028e+19,8.13249e+20,sim03848.iv
sim03849,23.8513,3.95666,5.96835,8.61742e+20,1.98053e+19,290.7,3.61221,5.58854,1.06633e+16,2.99358e+16,22.4898,3.19789,5.00814,1.00689e+19,5.50321e+20,sim03849.iv
sim03850,46.4375,3.88015,5.98894,9.79746e+20,3.90442e+19,233.642,3.79422,5.48764,5.18063e+16,6.73144e+16,41.4833,3.185,5.19418,2.65444e+19,5.71061e+20,sim03850.iv
sim03851,47.4678,3.82379,5.91053,5.83096e+20,2.43305e+19,284.163,3.741,5.59504,9.26737e+16,5.68401e+16,29.3726,3.01478,5.07333,2.83796e+19,9.57178e+20,sim03851.iv
sim03852,35.4275,3.80833,5.93681,6.40488e+20,1.85541e+19,317.311,3.63311,5.52186,8.35442e+16,3.70496e+16,34.1671,3.03106,5.12822,4.88772e+19,9.44411e+20,sim03852.iv
sim03853,26.2707,3.90916,5.83157,5.30005e+20,2.47243e+19,254.773,3.71409,5.52825,4.47036e+16,8.8052e+16,45.2525,3.08846,5.07015,1.96874e+19,5.58031e+20,sim03853.iv
sim03854,27.5138,3.99182,5.88353,7.07853e+20,2.88279e+19,300.72,3.784,5.42283,8.38256e+16,5.04042e+16,28.2416,3.01754,5.10808,1.53352e+19,5.485e+20,sim03854.iv
sim03855,38.8063,3.94708,5.92297,6.76456e+20,3.22342e+19,336.89,3.78478,5.44646,1.8557e+16,6.87931e+16,25.232,3.12042,5.05617,1.60191e+19,9.08045e+20,sim03855.iv
sim03856,26.2553,3.80177,5.96435,5.46908e+20,2.67895e+19,265.414,3.6286,5.40704,1.76221e+16,4.84763e+16,48.7127,3.08998,5.14296,3.67885e+19,8.84559e+20,sim03856.iv
sim03857,35.8832,3.99712,5.92155,8.15436e+20,1.08468e+19,315.651,3.67118,5.55476,8.6272e+16,1.20061e+16,31.5426,3.16198,5.02559,3.97722e+19,6.6161e+20,sim03857.iv
sim03858,35.2807,3.98072,5.92659,7.16846e+20,3.78835e+19,241.205,3.60246,5.52372,8.75012e+16,7.29618e+16,35.5824,2.85733,5.01699,2.11951e+19,9.81615e+20,sim03858.iv
sim03859,33.8573,3.96094,5.80259,7.36277e+20,1.98747e+19,343.384,3.63973,5.40994,2.45813e+16,1.56762e+16,29.4616,3.19829,5.18611,3.28781e+19,9.15513e+20,sim03859.iv
sim03860,31.9975,3.9782,5.84202,7.01585e+20,1.48245e+19,341.124,3.66764,5.4492,2.99651e+16,5.26549e+16,35.1221,3.06911,5.16183,3.81073e+19,7.46287e+20,sim03860.iv
sim03861,36.0706,3.99507,5.88942,6.60747e+20,3.58256e+19,304.19,3.78748,5.47044,5.58714e+16,6.61887e+16,41.2632,2.81602,5.18007,1.71043e+19,6.12603e+20,sim03861.iv
sim03862,40.8311,3.83977,5.82671,9.74672e+20,3.57227e+19,342.631,3.61262,5.40709,3.51448e+16,1.34571e+16,33.1563,3.18461,5.07138,3.92898e+19,8.23217e+20,sim03862.iv
sim03863,20.9672,3.84641,5.92601,5.46018e+20,2.82941e+19,304.863,3.66796,5.46243,7.50922e+16,4.76957e+16,35.9594,2.8799,5.15792,3.39895e+19,9.8646e+20,sim03863.iv
sim03864,42.6805,3.91988,5.92288,6.66493e+20,2.78174e+19,304.259,3.70301,5.59085,5.9806e+16,1.1144e+16,23.7875,2.81846,5.18063,2.26064e+19,9.1807e+20,sim03864.iv
sim03865,33.3673,3.9841,5.89644,9.30063e+20,3.68681e+19,247.269,3.71531,5.4536,2.79906e+16,3.87284e+16,28.9006,2.99862,5.12741,4.86971e+19,7.34585e+20,sim03865.iv
sim03866,42.8291,3.89821,5.88676,7.06164e+20,4.50278e+19,230.468,3.65804,5.54418,3.66206e+16,1.01992e+16,26.5016,2.81175,5.05847,2.30687e+19,9.76615e+20,sim03866.iv
sim03867,44.2398,3.82446,5.82457,9.98497e+20,3.68613e+19,297.57,3.7177,5.42994,3.37938e+16,4.89138e+16,33.3907,3.18831,5.00875,1.05881e+19,9.57444e+20,sim03867.iv
sim03868,46.3267,3.85792,5.86427,7.96017e+20,1.80818e+19,332.566,3.65391,5.41198,5.7947e+16,7.60096e+16,48.6872,3.04995,5.02037,3.64935e+19,5.46261e+20,sim03868.iv
sim03869,25.8258,3.85932,5.81109,6.8294e+20,4.06808e+19,217.522,3.69917,5.44526,6.09741e+16,5.43122e+16,24.9811,3.14105,5.10009,4.94269e+19,9.92345e+20,sim03869.iv
sim03870,27.5318,3.97661,5.94391,7.1611e+20,4.2605e+19,268.856,3.69848,5.47436,8.59222e+16,9.16035e+16,24.538,3.03593,5.02338,4.54162e+19,6.10109e+20,sim03870.iv
sim03871,21.0823,3.94913,5.93325,7.05526e+20,3.47658e+19,317.97,3.63402,5.46091,5.37006e+16,6.69837e+16,38.4103,2.99747,5.13229,1.08403e+19,6.61771e+20,sim03871.iv
sim03872,37.1733,3.86124,5.98831,9.81817e+20,2.48548e+19,242.414,3.64485,5.48879,9.61782e+16,3.12832e+16,29.9324,3.02367,5.11398,3.65025e+19,8.63982e+20,sim03872.iv
sim03873,43.7395,3.89825,5.81423,8.3813e+20,3.37018e+19,239.972,3.77077,5.5483,4.79718e+16,9.71901e+16,40.304,3.17198,5.14574,3.84208e+19,6.08953e+20,sim03873.iv
sim03874,32.5746,3.92719,5.96565,9.55605e+20,1.32717e+19,310.074,3.65321,5.54199,3.85669e+16,6.13835e+16,35.8028,3.14882,5.13077,1.97189e+19,8.14469e+20,sim03874.iv
sim03875,39.2241,3.87286,5.85256,9.54821e+20,1.61577e+19,229.839,3.71783,5.46168,5.53806e+16,3.40998e+16,31.0428,2.96328,5.1124,1.31513e+19,7.16096e+20,sim03875.iv
sim03876,40.6193,3.94183,5.85418,7.71735e+20,2.53682e+19,215.155,3.68637,5.53472,9.50883e+16,2.00928e+16,32.8232,3.17646,5.09389,4.57485e+19,8.41079e+20,sim03876.iv
sim03877,45.9799,3.95166,5.81444,8.81254e+20,1.51142e+19,314.803,3.68381,5.53695,1.54476e+16,2.0261e+16,23.1975,2.95021,5.03393,1.03162e+19,9.39569e+20,sim03877.iv
sim03878,42.5495,3.9137,5.94484,6.51187e+20,3.82243e+19,282.801,3.61777,5.53292,9.94161e+16,3.3044e+16,20.1365,3.10029,5.05577,2.62087e+19,5.03886e+20,sim03878.iv
sim03879,21.9345,3.94179,5.99282,7.95263e+20,4.36936e+19,238.813,3.61352,5.46941,2.87366e+16,6.54987e+16,48.6894,2.89249,5.18036,3.14869e+19,5.51025e+20,sim03879.iv
sim03880,36.0799,3.89341,5.9498,8.74343e+20,3.56409e+19,303.498,3.72146,5.44735,9.32985e+16,2.90611e+16,37.8546,3.10951,5.01674,2.8007e+19,5.1494e+20,sim03880.iv
sim03881,26.7866,3.92723,5.98267,6.5212e+20,4.33959e+19,283.48,3.75217,5.56202,6.72332e+16,4.80454e+16,37.5226,3.07647,5.17223,3.19339e+19,9.36813e+20,sim03881.iv
sim03882,31.6603,3.95187,5.92193,5.38759e+20,3.00842e+19,316.917,3.73446,5.5127,8.13499e+16,9.1287e+16,24.3026,2.90214,5.19776,1.96659e+19,9.13664e+20,sim03882.iv
sim03883,35.9634,3.87698,5.94547,8.76659e+20,2.08848e+19,211.544,3.75567,5.53789,2.08326e+16,1.33196e+16,39.8181,3.04047,5.15263,4.49285e+19,8.32012e+20,sim03883.iv
sim03884,39.0686,3.90413,5.91325,9.87009e+20,1.18625e+19,286.109,3.6495,5.54508,7.73793e+16,3.38791e+16,42.7518,3.05759,5.18932,4.2623e+19,8.85957e+20,sim03884.iv
sim03885,24.2141,3.99735,5.95925,9.21292e+20,4.00666e+19,329.644,3.72177,5.40262,5.17098e+16,3.23514e+16,29.3374,2.91022,5.12625,4.15184e+19,9.34739e+20,sim03885.iv
sim03886,46.2213,3.80404,5.95084,9.65001e+20,4.09466e+19,226.308,3.79148,5.50042,6.16754e+16,3.54658e+16,45.3992,3.15082,5.16318,1.82845e+19,5.63595e+20,sim03886.iv
sim03887,49.2929,3.97447,5.97129,8.89946e+20,1.4261e+19,282.059,3.62308,5.48452,2.45416e+16,5.31527e+16,40.1492,3.13641,5.01612,4.56831e+19,5.94838e+20,sim03887.iv
sim03888,48.3044,3.89636,5.81136,8.95443e+20,1.18883e+19,297.839,3.75938,5.49258,7.1305e+16,6.15269e+16,22.1094,3.07737,5.19053,2.37131e+19,5.63078e+20,sim03888.iv
sim03889,27.6901,3.92711,5.99669,9.05865e+20,4.12423e+19,260.448,3.722,5.48083,1.52857e+16,5.42224e+16,36.4366,3.13904,5.15263,2.81663e+19,7.48778e+20,sim03889.iv
sim03890,43.7782,3.85781,5.87198,9.51809e+20,4.04093e+19,342.063,3.77577,5.55249,3.35265e+16,5.68892e+16,32.5006,2.95611,5.15583,2.55015e+19,5.73855e+20,sim03890.iv
sim03891,30.457,3.96144,5.90155,5.06322e+20,3.49247e+19,234.479,3.62154,5.46088,7.93194e+16,1.45053e+16,26.2164,2.88109,5.16455,2.00063e+19,7.89675e+20,sim03891.iv
sim03892,23.7879,3.9582,5.85215,7.30586e+20,2.32768e+19,302.044,3.65169,5.40008,5.72951e+16,9.77408e+16,44.9259,3.19718,5.08895,3.27119e+19,8.98831e+20,sim03892.iv
sim03893,30.1188,3.82258,5.83377,9.81264e+20,4.16108e+19,250.446,3.75616,5.54099,5.22367e+16,1.20478e+16,41.8395,2.91617,5.05431,3.10426e+19,6.32966e+20,sim03893.iv
sim03894,41.4924,3.85839,5.96135,7.18639e+20,3.06614e+19,214.905,3.60408,5.44236,4.13109e+16,2.58603e+16,35.0719,3.04049,5.16065,3.05547e+19,6.8363e+20,sim03894.iv
sim03895,47.714,3.88715,5.85618,5.37982e+20,1.73826e+19,306.756,3.63969,5.47298,1.24734e+16,4.40276e+16,39.4404,2.88775,5.00077,4.33356e+19,8.60515e+20,sim03895.iv
sim03896,49.7811,3.8271,5.9355,6.28679e+20,3.00913e+19,314.539,3.63367,5.49309,3.42195e+16,2.39443e+16,41.6846,2.90337,5.10589,3.77044e+19,7.21523e+20,sim03896.iv
sim03897,24.001,3.80244,5.87642,9.95256e+20,4.89107e+19,272.763,3.68319,5.52923,8.49322e+16,6.20408e+16,41.7233,2.80959,5.1757,3.15554e+19,7.46209e+20,sim03897.iv
sim03898,26.4822,3.82717,5.87363,9.60027e+20,3.23674e+19,267.676,3.62784,5.41238,6.45678e+16,9.62373e+16,33.4376,2.8948,5.07535,3.04086e+19,8.76826e+20,sim03898.iv
sim03899,33.605,3.98532,5.92815,5.60294e+20,1.45713e+19,287.21,3.76056,5.50666,8.23512e+16,1.7231e+16,29.8672,2.81923,5.07122,3.27512e+19,9.62786e+20,sim03899.iv
sim03900,33.8046,3.87509,5.9359,8.59079e+20,1.68451e+19,308.081,3.70793,5.50183,9.83211e+16,7.94055e+16,44.4458,3.12853,5.12952,1.10262e+19,6.84236e+20,sim03900.iv
sim03901,43.0061,3.83595,5.99148,5.03549e+20,3.23366e+19,221.831,3.75209,5.52337,4.644e+16,1.91236e+16,33.5519,2.93986,5.03758,1.73478e+19,9.23739e+20,sim03901.iv
sim03902,29.8618,3.81988,5.83163,8.30531e+20,2.47855e+19,217.889,3.61097,5.41189,7.63566e+16,8.65001e+16,45.356,3.01825,5.07845,2.26917e+19,8.72687e+20,sim03902.iv
sim03903,44.2367,3.98779,5.99696,8.52485e+20,1.76942e+19,344.704,3.62454,5.45585,8.49088e+16,5.63718e+16,27.3288,3.00954,5.15409,2.09489e+19,7.50491e+20,sim03903.iv
sim03904,28.6155,3.87957,5.8424,8.53771e+20,2.25659e+19,280.948,3.76091,5.42832,6.95452e+16,3.97511e+16,34.6405,3.08642,5.18471,4.44246e+19,9.50047e+20,sim03904.iv
sim03905,21.4885,3.8842,5.96026,9.05743e+20,2.67889e+19,249.958,3.70975,5.54931,7.22417e+16,3.25563e+16,20.0084,3.1545,5.08907,4.32989e+19,9.35677e+20,sim03905.iv
sim03906,48.1639,3.87056,5.93195,7.98155e+20,1.65655e+19,271.174,3.68612,5.43817,4.37438e+16,4.92643e+16,43.9928,3.1433,5.14342,4.22046e+19,5.49236e+20,sim03906.iv
sim03907,36.7105,3.85176,5.88373,8.51524e+20,4.78768e+19,259.957,3.7155,5.42142,7.14289e+16,3.14257e+16,34.0709,2.93032,5.01013,3.96299e+19,8.09688e+20,sim03907.iv
sim03908,44.5283,3.98926,5.88217,8.78144e+20,2.23942e+19,270.6,3.76718,5.5797,4.38354e+16,8.22499e+16,42.9767,2.8746,5.12512,2.98445e+19,5.31414e+20,sim03908.iv
sim03909,36.4152,3.99591,5.95598,6.0045e+20,1.88429e+19,254.663,3.6036,5.41472,7.47324e+16,5.91985e+16,40.8817,3.08617,5.01473,4.7835e+19,9.84678e+20,sim03909.iv
sim03910,21.0242,3.81356,5.96394,8.04002e+20,4.96686e+19,244.567,3.7591,5.50493,5.99665e+16,2.87999e+16,38.2022,2.96427,5.04412,4.34825e+19,6.07102e+20,sim03910.iv
sim03911,29.0094,3.81737,5.93525,6.41936e+20,4.83153e+19,313.813,3.78024,5.43928,6.75801e+16,8.91857e+16,48.8455,3.06009,5.18952,1.59051e+19,5.20282e+20,sim03911.iv
sim03912,33.9526,3.86346,5.9852,5.08042e+20,2.2682e+19,258.965,3.7426,5.40037,8.64913e+16,9.41004e+16,34.5234,2.84327,5.01014,2.03375e+19,5.67289e+20,sim03912.iv
sim03913,35.0884,3.88204,5.83835,9.16587e+20,3.40119e+19,297.682,3.73667,5.57296,7.07436e+16,2.19684e+16,31.493,3.00864,5.03704,4.76096e+19,6.2616e+20,sim03913.iv
sim03914,43.162,3.99032,5.85496,7.27829e+20,1.99517e+19,325.149,3.75905,5.57867,1.5643e+16,7.66045e+16,37.3895,2.96939,5.1779,4.4694e+19,8.49868e+20,sim03914.iv
sim03915,25.1621,3.85192,5.83122,6.28121e+20,4.09266e+19,256.704,3.65652,5.44978,1.45427e+16,4.06193e+16,22.8337,3.02477,5.03699,2.08682e+19,7.39179e+20,sim03915.iv
sim03916,31.4329,3.8643,5.99132,5.29174e+20,4.52142e+19,339.995,3.79358,5.57241,8.28864e+16,3.13051e+16,25.4045,3.04109,5.1071,3.88351e+19,5.58738e+20,sim03916.iv
sim03917,28.5824,3.93445,5.92238,6.74308e+20,1.59236e+19,330.102,3.76623,5.42924,7.74368e+16,2.27727e+16,33.5431,2.98645,5.08036,2.36866e+19,7.33778e+20,sim03917.iv
sim03918,41.3522,3.86621,5.91603,6.79314e+20,4.88434e+19,305.723,3.77045,5.48642,3.30713e+16,1.71088e+16,44.5116,3.07926,5.16425,3.71657e+19,5.18893e+20,sim03918.iv
sim03919,32.7456,3.86631,5.88671,8.34007e+20,3.26494e+19,298.988,3.6421,5.49924,3.1165e+16,5.60012e+16,28.8507,2.88686,5.18806,2.07203e+19,8.12968e+20,sim03919.iv
sim03920,38.7924,3.91534,5.94375,8.04178e+20,4.39849e+19,213.567,3.61475,5.51082,4.59694e+16,2.90841e+16,30.5831,3.05978,5.17063,1.72616e+19,6.46159e+20,sim03920.iv
sim03921,24.201,3.99932,5.80398,5.78864e+20,2.53915e+19,237.85,3.73604,5.40457,5.6335e+16,2.7699e+16,38.9588,2.8469,5.03949,4.32002e+19,9.50023e+20,sim03921.iv
sim03922,30.8403,3.91752,5.93508,8.80432e+20,3.14291e+19,291.008,3.75672,5.50928,5.84071e+16,3.54708e+16,45.1462,2.97673,5.11054,3.52971e+19,7.70334e+20,sim03922.iv
sim03923,33.2717,3.89711,5.81999,9.1114e+20,1.3235e+19,348.185,3.79396,5.57647,1.68968e+16,1.2333e+16,38.5203,2.86617,5.18812,3.62883e+19,9.29534e+20,sim03923.iv
sim03924,49.8245,3.98766,5.82103,9.91266e+20,1.28107e+19,318.98,3.74987,5.44259,4.44045e+16,6.67566e+16,34.9288,3.08155,5.02621,2.6284e+19,8.58649e+20,sim03924.iv
sim03925,20.241,3.93006,5.90817,9.6245e+20,4.84862e+19,306.466,3.70776,5.50612,5.00136e+16,8.00577e+16,30.0292,2.89687,5.0883,2.33037e+19,9.07117e+20,sim03925.iv
sim03926,28.2558,3.88041,5.85402,7.69133e+20,2.22447e+19,297.736,3.76126,5.54994,3.71431e+16,6.08935e+16,31.4801,3.06008,5.17431,4.36104e+19,9.43613e+20,sim03926.iv
sim03927,32.0802,3.96226,5.87533,5.50798e+20,3.35501e+19,293.507,3.75218,5.56809,9.05723e+16,7.31921e+16,38.8009,2.80623,5.02271,1.56012e+19,6.29582e+20,sim03927.iv
sim03928,46.7972,3.94521,5.92665,5.62208e+20,3.62043e+19,312.221,3.66159,5.44874,7.17863e+16,2.08359e+16,37.4486,3.19014,5.00493,1.72975e+19,7.6508e+20,sim03928.iv
sim03929,22.1288,3.94155,5.81615,5.95805e+20,3.19084e+19,324.154,3.67339,5.41128,4.13061e+16,1.66309e+16,25.6506,2.98727,5.17617,4.57424e+19,8.5207e+20,sim03929.iv
sim03930,45.2699,3.90697,5.99111,9.17311e+20,3.6283e+19,242.754,3.75221,5.57502,5.30752e+16,4.27127e+16,30.944,3.10088,5.19,2.60201e+19,5.53233e+20,sim03930.iv
sim03931,21.2635,3.96632,5.86215,9.11512e+20,1.4636e+19,215.521,3.66192,5.46313,9.97765e+16,3.14915e+16,42.2407,3.16838,5.15652,4.897e+19,5.83722e+20,sim03931.iv
sim03932,40.505,3.90441,5.974,8.71477e+20,4.11598e+19,264.085,3.73538,5.57625,2.77477e+16,1.28279e+16,29.345,3.14525,5.09296,2.02785e+19,9.5539e+20,sim03932.iv
sim03933,21.2663,3.96131,5.95982,7.59511e+20,2.05533e+19,270.838,3.67083,5.42834,6.35559e+16,2.76119e+16,49.8834,3.02977,5.02339,3.4584e+19,6.90062e+20,sim03933.iv
sim03934,25.5702,3.85944,5.85118,7.9135e+20,2.10277e+19,216.712,3.76359,5.45709,3.74195e+16,4.89979e+16,43.7988,3.04604,5.01753,2.83862e+19,8.78347e+20,sim03934.iv
sim03935,21.2221,3.80808,5.9404,7.50775e+20,1.6551e+19,303.836,3.61636,5.48893,8.37879e+16,2.5941e+16,37.6889,2.94831,5.17867,3.58643e+19,6.79593e+20,sim03935.iv
sim03936,34.6762,3.90521,5.99688,8.72662e+20,3.85583e+19,347.716,3.63064,5.49343,9.65575e+16,8.67124e+16,26.1472,2.96858,5.03758,3.8028e+19,8.0866e+20,sim03936.iv
sim03937,37.4369,3.98061,5.82008,9.70249e+20,2.93815e+19,213.784,3.78296,5.58624,9.49361e+16,8.51315e+16,28.3528,2.91459,5.06561,1.90226e+19,9.54147e+20,sim03937.iv
sim03938,36.0443,3.85324,5.95445,8.13851e+20,2.51709e+19,337.984,3.7111,5.52564,1.29364e+16,6.66893e+16,32.3854,3.09922,5.00876,2.54348e+19,5.32803e+20,sim03938.iv
sim03939,47.9404,3.88397,5.82784,8.7161e+20,4.52739e+19,318.549,3.7701,5.56938,9.9039e+16,4.27026e+16,30.4571,2.84464,5.17151,4.72215e+19,6.41171e+20,sim03939.iv
sim03940,38.4521,3.84899,5.97239,5.03443e+20,3.78044e+19,286.012,3.65721,5.58461,5.31608e+16,5.72078e+16,22.4982,2.96475,5.0318,3.21711e+19,7.892e+20,sim03940.iv
sim03941,27.3236,3.98869,5.86057,8.27116e+20,4.91646e+19,322.508,3.74924,5.41185,5.7174e+16,7.78489e+16,39.8141,3.0271,5.18421,3.23824e+19,9.18813e+20,sim03941.iv
sim03942,46.5747,3.95725,5.82998,8.87529e+20,4.14889e+19,304.317,3.67429,5.4578,6.85698e+16,7.56768e+16,47.5988,2.93657,5.05782,3.9657e+19,9.89225e+20,sim03942.iv
sim03943,28.7146,3.85486,5.97874,6.32369e+20,2.66143e+19,348.887,3.76016,5.44997,9.57202e+16,8.59238e+16,49.2214,2.96126,5.13344,2.52725e+19,7.21052e+20,sim03943.iv
sim03944,40.1361,3.88294,5.8838,7.70903e+20,1.429e+19,348.022,3.76539,5.49649,7.80265e+16,9.97732e+16,35.4936,3.08947,5.017,4.82498e+19,5.82911e+20,sim03944.iv
sim03945,44.0291,3.89754,5.92888,7.98006e+20,2.66188e+19,343.303,3.66204,5.44623,9.0478e+16,3.64766e+16,23.2345,2.86265,5.07143,4.51362e+19,8.31901e+20,sim03945.iv
sim03946,23.8006,3.90706,5.92456,9.04021e+20,3.25455e+19,258.085,3.79917,5.45192,9.6811e+16,2.88327e+16,35.5406,2.8442,5.1786,2.95751e+19,9.4199e+20,sim03946.iv
sim03947,44.7486,3.83801,5.8117,9.58346e+20,3.24856e+19,329.361,3.73797,5.55392,5.34979e+16,7.59985e+16,47.561,3.08373,5.18636,1.96574e+19,9.01466e+20,sim03947.iv
sim03948,35.8926,3.81215,5.92907,8.13657e+20,4.96363e+19,300.972,3.62614,5.59824,3.83366e+16,7.27533e+16,37.948,2.94218,5.08133,3.61205e+19,9.35848e+20,sim03948.iv
sim03949,48.3986,3.9982,5.82335,5.93954e+20,1.82243e+19,346.264,3.61949,5.53941,9.61967e+16,6.17769e+16,20.2349,2.82627,5.14196,2.59343e+19,7.52845e+20,sim03949.iv
sim03950,21.3562,3.97967,5.98108,8.01054e+20,2.90518e+19,265.111,3.63957,5.58794,5.40382e+16,1.97258e+16,43.7824,3.18874,5.05648,3.74854e+19,9.98412e+20,sim03950.iv
sim03951,23.4463,3.96252,5.89967,8.34656e+20,1.72291e+19,240.514,3.71121,5.4501,6.37078e+16,1.78933e+16,43.4579,2.90959,5.1474,1.65211e+19,8.99776e+20,sim03951.iv
sim03952,20.4052,3.83416,5.86758,8.89965e+20,1.12682e+19,313.643,3.64707,5.59933,3.58185e+16,2.31168e+16,40.4978,2.91067,5.10805,4.08853e+19,8.99959e+20,sim03952.iv
sim03953,26.6196,3.84196,5.85427,6.97353e+20,3.98788e+19,285.883,3.77597,5.5397,6.51954e+16,5.68579e+16,32.379,2.93837,5.03498,2.08045e+19,9.50488e+20,sim03953.iv
sim03954,44.8837,3.8009,5.84481,9.03641e+20,3.34225e+19,219.979,3.76149,5.55068,3.53445e+16,7.69519e+16,46.6019,3.05888,5.14873,1.19595e+19,7.82537e+20,sim03954.iv
sim03955,42.6084,3.89252,5.88091,7.81489e+20,3.69927e+19,324.329,3.76327,5.54061,9.85243e+16,5.8425e+16,33.298,2.93231,5.02487,1.88992e+19,6.53038e+20,sim03955.iv
sim03956,35.196,3.99955,5.95509,9.43897e+20,1.72546e+19,213.371,3.60055,5.50053,2.05781e+16,2.70416e+16,25.3301,3.0855,5.19064,1.48471e+19,5.53428e+20,sim03956.iv
sim03957,29.8905,3.92753,5.87386,6.39227e+20,1.46075e+19,274.118,3.60705,5.52564,8.41167e+16,9.71721e+16,29.6685,3.13004,5.10138,2.07067e+19,5.48219e+20,sim03957.iv
sim03958,33.4093,3.97345,5.9895,7.31006e+20,4.09244e+19,239.82,3.74881,5.4043,4.76374e+16,7.92544e+16,30.9983,2.84129,5.19421,2.19565e+19,5.21107e+20,sim03958.iv
sim03959,32.2424,3.9394,5.87675,9.50322e+20,1.85234e+19,291.023,3.6214,5.42361,2.75768e+16,2.95898e+16,39.7864,3.13943,5.1731,3.51315e+19,7.03442e+20,sim03959.iv
sim03960,27.9405,3.85864,5.89058,8.14493e+20,3.22107e+19,316.627,3.62566,5.42258,9.91714e+16,3.84375e+16,49.1416,2.91577,5.01293,3.03006e+19,5.98683e+20,sim03960.iv
sim03961,46.9858,3.88649,5.8882,6.94803e+20,1.44419e+19,297.257,3.63092,5.52794,4.60172e+16,8.67709e+16,35.6136,3.15535,5.00506,3.90172e+19,7.79418e+20,sim03961.iv
sim03962,25.0682,3.82115,5.94743,6.87761e+20,1.30549e+19,307.308,3.65818,5.46001,1.73893e+16,4.80331e+16,47.3941,3.14409,5.06621,2.22721e+19,9.33163e+20,sim03962.iv
sim03963,42.1878,3.84076,5.97966,9.55992e+20,2.36176e+19,334.998,3.73272,5.57512,4.46862e+16,4.5833e+16,35.0844,2.90543,5.10747,3.03652e+19,5.94048e+20,sim03963.iv
sim03964,46.8663,3.82092,5.97646,7.68946e+20,2.92822e+19,330.187,3.69065,5.46058,2.42153e+16,7.19049e+16,44.9919,3.00409,5.0565,4.76331e+19,8.23281e+20,sim03964.iv
sim03965,36.3457,3.95842,5.86682,8.68156e+20,2.40274e+19,246.127,3.64654,5.57672,8.24927e+16,2.87418e+16,22.1058,2.86184,5.06151,3.4393e+19,8.32723e+20,sim03965.iv
sim03966,23.418,3.89093,5.90419,6.296e+20,3.91927e+19,293.329,3.74617,5.5397,9.07208e+16,7.05744e+16,44.0036,3.00377,5.04744,1.3635e+19,7.44727e+20,sim03966.iv
sim03967,43.9501,3.91667,5.80516,6.19604e+20,2.76428e+19,266.309,3.73946,5.43515,4.32832e+16,5.82397e+16,49.5118,3.17008,5.07634,2.33621e+19,9.74847e+20,sim03967.iv
sim03968,45.8476,3.94204,5.92432,8.64435e+20,3.8389e+19,327.143,3.74471,5.53004,9.4313e+16,9.46614e+16,32.5058,3.19941,5.07863,1.99598e+19,6.0369e+20,sim03968.iv
sim03969,23.5675,3.87299,5.99362,6.62252e+20,4.67822e+19,225.006,3.62929,5.43262,5.94549e+16,9.92696e+16,26.121,2.93352,5.17067,3.12484e+19,6.72417e+20,sim03969.iv
sim03970,32.6814,3.94702,5.87248,8.31162e+20,4.20368e+19,217.963,3.74997,5.58886,1.72346e+16,1.73546e+16,38.4635,3.07057,5.09245,4.74227e+19,5.63318e+20,sim03970.iv
sim03971,23.5548,3.80206,5.96441,5.45078e+20,3.41355e+19,340.145,3.61053,5.42348,8.83938e+16,3.498e+16,32.67,3.03211,5.14331,1.73584e+19,9.36873e+20,sim03971.iv
sim03972,43.2243,3.81812,5.82165,8.53602e+20,2.89085e+19,273.351,3.64351,5.54247,2.02682e+16,4.35966e+16,41.6658,3.19226,5.04247,3.54377e+19,5.32086e+20,sim03972.iv
sim03973,28.0093,3.8193,5.96614,7.09034e+20,4.5657e+19,215.629,3.73967,5.50288,7.24165e+16,9.70099e+16,49.1817,3.13229,5.04213,4.03742e+19,9.78659e+20,sim03973.iv
sim03974,30.3888,3.86987,5.89558,8.47553e+20,1.9911e+19,232.137,3.6573,5.52912,1.3789e+16,9.34789e+16,36.727,2.84247,5.14463,2.14691e+19,8.83303e+20,sim03974.iv
sim03975,46.4064,3.90074,5.83692,7.36237e+20,3.28472e+19,260.362,3.75387,5.45429,8.57273e+16,4.93774e+16,37.5956,2.82241,5.04203,2.7543e+19,8.6948e+20,sim03975.iv
sim03976,49.1395,3.81451,5.98739,6.54041e+20,4.93081e+19,216.256,3.70179,5.55551,4.15414e+16,9.76388e+16,47.7425,2.93248,5.00081,1.70139e+19,5.16271e+20,sim03976.iv
sim03977,40.3907,3.8282,5.89595,5.93722e+20,4.4678e+19,251.233,3.73957,5.51718,4.37932e+16,7.83896e+16,23.4329,3.08439,5.03589,1.32756e+19,9.83967e+20,sim03977.iv
sim03978,25.1608,3.85295,5.80204,8.38487e+20,4.03965e+19,212.89,3.70342,5.56962,8.08451e+16,8.23491e+16,22.0456,2.91319,5.10422,3.04334e+19,8.78775e+20,sim03978.iv
sim03979,47.5905,3.94335,5.89633,7.95222e+20,1.01516e+19,273.093,3.62273,5.54631,8.03179e+16,9.99694e+16,33.8853,2.83482,5.02776,4.6306e+19,5.97936e+20,sim03979.iv
sim03980,30.8918,3.82669,5.96379,6.50593e+20,2.48919e+19,313.944,3.71948,5.51909,1.45586e+16,2.96432e+16,28.2661,3.19798,5.04494,2.49313e+19,5.96275e+20,sim03980.iv
sim03981,34.2199,3.80001,5.96071,9.41388e+20,2.96157e+19,328.312,3.601,5.48747,2.53214e+16,4.51388e+16,32.6614,3.07154,5.16044,4.76711e+19,6.49838e+20,sim03981.iv
sim03982,40.6758,3.96749,5.88,7.80347e+20,3.74701e+19,221.058,3.7243,5.50855,3.77779e+16,9.95494e+16,22.4483,3.18025,5.12752,1.2375e+19,5.90423e+20,sim03982.iv
sim03983,43.4583,3.8392,5.80935,7.73601e+20,4.99436e+19,263.106,3.68838,5.55479,6.38895e+16,3.43221e+16,36.4288,2.98408,5.00326,1.42997e+19,8.02448e+20,sim03983.iv
sim03984,24.465,3.95381,5.89823,5.42969e+20,4.8069e+19,327.367,3.72779,5.54911,6.98686e+16,1.11621e+16,38.6203,2.89784,5.18957,2.63621e+19,8.52347e+20,sim03984.iv
sim03985,24.4658,3.89461,5.82087,7.03258e+20,3.24155e+19,298.55,3.6791,5.43177,6.93678e+16,1.10728e+16,44.2598,3.07012,5.15485,4.89464e+19,6.63548e+20,sim03985.iv
sim03986,35.981,3.92652,5.91716,8.16844e+20,4.76794e+19,277.748,3.77234,5.52625,8.04282e+16,3.95139e+16,29.8742,3.1741,5.1666,3.02515e+19,7.30372e+20,sim03986.iv
sim03987,27.5346,3.84151,5.84513,9.70848e+20,2.06637e+19,272.491,3.73639,5.5291,7.9387e+16,4.4123e+16,29.9728,3.00105,5.12695,4.97841e+19,7.93703e+20,sim03987.iv
sim03988,43.0323,3.9849,5.80067,6.27004e+20,1.01299e+19,336.48,3.67749,5.51601,5.35015e+16,7.77989e+16,31.0458,2.80488,5.07178,2.8814e+19,7.02723e+20,sim03988.iv
sim03989,28.1904,3.81931,5.80562,9.55514e+20,1.26377e+19,265.583,3.61566,5.42222,6.82717e+16,9.315e+16,30.4463,3.09825,5.1561,3.56151e+19,9.34363e+20,sim03989.iv
sim03990,25.6006,3.81503,5.89121,7.67007e+20,2.48809e+19,339.066,3.62468,5.58659,4.80252e+16,8.49965e+16,31.3353,3.0032,5.13763,2.89526e+19,9.37022e+20,sim03990.iv
sim03991,36.1114,3.80363,5.95972,7.47085e+20,3.69359e+19,255.292,3.73978,5.54447,9.98694e+16,4.28319e+16,26.5892,2.99275,5.13836,2.92683e+19,9.3084e+20,sim03991.iv
sim03992,48.8953,3.99598,5.82518,6.21766e+20,2.17826e+19,340.013,3.75625,5.42427,4.94536e+16,9.363e+16,26.1874,3.02141,5.13785,1.25921e+19,7.15921e+20,sim03992.iv
sim03993,47.5439,3.80236,5.92668,9.37051e+20,2.71986e+19,246.256,3.74533,5.47339,4.00982e+16,3.34415e+16,48.8237,3.09815,5.02772,2.18981e+19,9.48305e+20,sim03993.iv
sim03994,44.8897,3.87043,5.94183,5.50407e+20,1.59583e+19,336.12,3.70867,5.42724,5.41503e+16,5.17571e+16,49.906,2.80585,5.14793,4.0254e+19,8.87524e+20,sim03994.iv
sim03995,43.3277,3.94193,5.88476,5.24709e+20,4.87035e+19,243.906,3.66105,5.43055,3.98587e+16,3.95037e+16,30.7909,2.96143,5.13358,4.88351e+19,7.61207e+20,sim03995.iv
sim03996,49.8228,3.81102,5.87514,5.15083e+20,3.38924e+19,347.079,3.64245,5.54352,7.86821e+16,1.93205e+16,32.9807,2.8559,5.07044,4.22733e+19,6.45313e+20,sim03996.iv
sim03997,47.9997,3.95525,5.85264,7.13096e+20,3.47096e+19,294.943,3.71261,5.47524,9.49632e+16,1.79115e+16,38.9923,2.81423,5.11114,1.73723e+19,5.42151e+20,sim03997.iv
sim03998,21.5841,3.99112,5.82569,6.79717e+20,2.88128e+19,213.414,3.78493,5.40306,9.20371e+16,1.28614e+16,32.3087,3.11318,5.00496,4.23925e+19,7.35198e+20,sim03998.iv
sim03999,34.1378,3.83723,5.84671,8.99301e+20,1.04158e+19,254.629,3.66407,5.45417,3.79689e+16,2.10285e+16,25.0013,3.02286,5.11234,4.7187e+19,7.66115e+20,sim03999.iv
sim04000,33.1353,3.81903,5.94721,7.23032e+20,4.03658e+19,237.091,3.72305,5.54485,4.25571e+16,5.31908e+16,21.9306,2.90812,5.0329,2.49862e+19,5.44591e+20,sim04000.iv
