sim_id,L1_L,L1_E_c,L1_E_v,L1_N_D,L1_N_A,L2_L,L2_E_c,L2_E_v,L2_N_D,L2_N_A,L3_L,L3_E_c,L3_E_v,L3_N_D,L3_N_A,iv_file
sim06001,37.2152,3.81981,5.94873,6.46179e+20,4.8338e+19,213.529,3.71289,5.54076,4.87753e+16,9.68746e+16,28.9899,2.80942,5.13688,3.0582e+19,8.04182e+20,sim06001.iv
sim06002,36.5793,3.944,5.89469,5.34134e+20,1.23103e+19,214.226,3.79286,5.5913,4.49589e+16,7.04404e+16,21.5886,3.08279,5.09124,2.99452e+19,5.50737e+20,sim06002.iv
sim06003,31.7236,3.83653,5.8013,7.06469e+20,1.41684e+19,235.951,3.66154,5.49067,3.16723e+16,9.5739e+16,47.5789,2.89935,5.08975,3.42962e+19,5.93192e+20,sim06003.iv
sim06004,38.8496,3.88411,5.80621,6.2846e+20,1.73321e+19,325.192,3.6995,5.43601,6.12049e+16,4.92602e+16,32.8257,2.88057,5.12783,4.28119e+19,7.42527e+20,sim06004.iv
sim06005,24.4633,3.85232,5.86279,9.41573e+20,3.49536e+19,339.725,3.66439,5.57458,8.12502e+16,9.54009e+16,27.2533,3.17887,5.13189,3.93808e+19,5.92942e+20,sim06005.iv
sim06006,26.4816,3.99886,5.9568,9.44523e+20,2.04878e+19,279.309,3.70591,5.45328,2.30068e+16,2.67348e+16,29.5641,2.9688,5.00374,2.90833e+19,7.64399e+20,sim06006.iv
sim06007,34.256,3.9185,5.81792,9.40724e+20,1.93494e+19,271.266,3.77128,5.54313,7.4987e+16,8.2048e+16,49.01,2.81645,5.19948,4.73964e+19,5.70894e+20,sim06007.iv
sim06008,28.844,3.9318,5.97609,7.711e+20,3.05196e+19,226.753,3.74478,5.49987,1.93888e+16,9.21086e+16,27.1218,3.01309,5.16681,3.69946e+19,6.17304e+20,sim06008.iv
sim06009,49.9886,3.81858,5.96109,7.32079e+20,1.28867e+19,243.969,3.61666,5.44139,8.96245e+16,3.63225e+16,38.3243,2.87982,5.04899,2.41097e+19,9.7392e+20,sim06009.iv
sim06010,26.3428,3.93142,5.87446,5.71307e+20,3.21811e+19,262.202,3.77455,5.58515,6.13154e+16,3.64143e+16,35.9566,3.15401,5.13496,1.34688e+19,5.32203e+20,sim06010.iv
sim06011,24.6387,3.91324,5.83357,6.27053e+20,3.11252e+19,289.261,3.76495,5.48736,8.00024e+16,1.71574e+16,36.2653,2.97182,5.18493,3.88114e+19,8.45764e+20,sim06011.iv
sim06012,47.1446,3.84955,5.95157,9.33094e+20,4.97101e+19,270.074,3.73318,5.43769,6.0307e+16,5.00991e+16,24.1365,3.16709,5.18038,4.83426e+19,5.90062e+20,sim06012.iv
sim06013,20.5669,3.94856,5.85415,8.14356e+20,3.13508e+19,290.965,3.69921,5.40206,3.40525e+16,9.29893e+16,32.6827,2.92673,5.00477,2.48478e+19,6.11115e+20,sim06013.iv
sim06014,35.6247,3.9385,5.81227,8.55956e+20,1.09038e+19,305.718,3.63092,5.46963,2.10605e+16,5.98946e+16,43.7513,3.02415,5.18064,1.12806e+19,6.78628e+20,sim06014.iv
sim06015,31.3919,3.86383,5.88419,7.85788e+20,1.77579e+19,238.076,3.62835,5.45948,6.80571e+16,5.63169e+16,28.6162,3.18394,5.12672,2.07836e+19,5.22997e+20,sim06015.iv
sim06016,27.0591,3.8976,5.84123,6.61738e+20,4.95322e+19,340.993,3.70194,5.56758,3.52279e+16,7.71248e+16,46.8663,3.13325,5.12657,4.3117e+19,5.03516e+20,sim06016.iv
sim06017,31.5651,3.95375,5.88135,5.93438e+20,4.09661e+19,295.463,3.70482,5.46777,1.877e+16,8.77291e+16,26.0183,3.05376,5.05875,1.91974e+19,7.23419e+20,sim06017.iv
sim06018,41.969,3.84612,5.81854,7.42527e+20,3.19232e+19,301.931,3.69018,5.47746,2.37388e+16,3.70202e+16,27.4528,2.85299,5.19096,1.73368e+19,7.86045e+20,sim06018.iv
sim06019,32.0871,3.9096,5.91698,7.60089e+20,2.31929e+19,257.695,3.63409,5.48264,4.25834e+16,9.93202e+16,22.801,3.03109,5.19791,4.71114e+19,8.46805e+20,sim06019.iv
sim06020,31.908,3.94542,5.98728,7.71119e+20,2.37247e+19,211.85,3.70124,5.41861,3.86734e+16,6.60351e+16,28.333,2.88955,5.11775,1.29281e+19,9.64219e+20,sim06020.iv
sim06021,49.4991,3.99783,5.80134,5.01167e+20,1.4127e+19,338.412,3.77388,5.40355,1.64448e+16,3.73123e+16,28.3791,2.8006,5.01628,3.71263e+19,7.9556e+20,sim06021.iv
sim06022,30.615,3.84899,5.8949,8.19265e+20,2.21872e+19,228.616,3.78346,5.42316,8.54713e+16,6.06442e+16,34.0848,2.90227,5.13999,2.96343e+19,5.51457e+20,sim06022.iv
sim06023,44.6355,3.93701,5.95398,6.1403e+20,2.28608e+19,255.985,3.63217,5.57643,4.29341e+16,3.76801e+16,34.2556,3.18248,5.07312,4.71993e+19,9.66284e+20,sim06023.iv
sim06024,29.617,3.91874,5.92847,6.42927e+20,4.9702e+19,293.547,3.74295,5.53815,3.01136e+16,6.34312e+16,45.921,3.10493,5.09156,3.17187e+19,8.20679e+20,sim06024.iv
sim06025,31.144,3.86658,5.88995,9.99314e+20,3.79932e+19,228.666,3.62494,5.4273,8.9339e+16,2.30645e+16,33.5306,3.05737,5.16216,2.29098e+19,6.15655e+20,sim06025.iv
sim06026,23.101,3.81602,5.83031,8.42591e+20,1.27778e+19,300.891,3.77174,5.5036,9.47033e+16,5.18285e+16,34.1061,2.86343,5.1268,4.04272e+19,6.00703e+20,sim06026.iv
sim06027,38.3996,3.88304,5.99642,5.3729e+20,2.56804e+19,267.807,3.69354,5.4605,3.54629e+16,4.17339e+16,24.8371,2.852,5.17848,3.02049e+19,8.90791e+20,sim06027.iv
sim06028,30.2781,3.98587,5.96241,9.8085e+20,4.08099e+19,310.307,3.71857,5.55923,3.83524e+16,1.61241e+16,30.7791,3.10931,5.02123,4.56679e+19,7.68456e+20,sim06028.iv
sim06029,43.9883,3.90176,5.96831,9.97435e+20,4.23354e+19,332.805,3.76457,5.49004,4.18593e+16,6.08669e+16,26.1571,2.97639,5.0265,2.20051e+19,8.52314e+20,sim06029.iv
sim06030,22.2431,3.98417,5.8099,6.26781e+20,4.83271e+19,331.953,3.61934,5.57442,8.62556e+16,5.32829e+16,46.0761,2.99394,5.02929,1.90009e+19,6.66186e+20,sim06030.iv
sim06031,30.2129,3.94796,5.84297,8.73785e+20,3.20972e+19,293.359,3.74218,5.55778,4.46038e+16,7.14581e+16,21.3462,3.10824,5.1525,4.8864e+19,5.8997e+20,sim06031.iv
sim06032,23.9523,3.98436,5.86671,8.03216e+20,4.81715e+19,304.596,3.65299,5.42506,4.08921e+16,7.00098e+16,48.4966,2.82551,5.08667,4.21433e+19,9.36987e+20,sim06032.iv
sim06033,45.694,3.95549,5.83691,6.75461e+20,3.35242e+19,228.84,3.67834,5.44226,3.6689e+16,8.14737e+16,40.5498,2.8022,5.18701,3.10268e+19,8.27313e+20,sim06033.iv
sim06034,38.6015,3.81427,5.97774,8.42015e+20,2.02959e+19,221.985,3.79865,5.58716,7.50544e+16,5.81244e+16,37.7638,2.99708,5.17222,3.96061e+19,5.34739e+20,sim06034.iv
sim06035,29.8235,3.94498,5.9972,8.79248e+20,2.98523e+19,317.647,3.74493,5.5424,9.52083e+16,6.55383e+16,35.5225,3.0972,5.17727,3.5009e+19,5.09645e+20,sim06035.iv
sim06036,22.1748,3.96636,5.901,9.94241e+20,1.86954e+19,309.041,3.6836,5.40396,4.29881e+16,2.74481e+16,36.2952,3.14731,5.19846,3.20257e+19,9.64752e+20,sim06036.iv
sim06037,46.1587,3.83931,5.80539,9.29818e+20,3.2941e+19,318.759,3.72901,5.44538,5.06717e+16,4.16226e+16,40.841,2.82248,5.0894,1.97842e+19,8.53655e+20,sim06037.iv
sim06038,33.9389,3.94013,5.95874,8.84209e+20,4.69469e+19,223.808,3.61655,5.44654,5.08999e+16,5.49371e+16,46.8831,3.19511,5.06769,4.80122e+19,6.27311e+20,sim06038.iv
sim06039,25.5263,3.93829,5.8757,8.99381e+20,4.62468e+19,289.861,3.77435,5.46314,1.59314e+16,5.93442e+16,48.9353,3.04736,5.14558,4.6452e+19,8.89047e+20,sim06039.iv
sim06040,38.0716,3.96248,5.86683,7.91162e+20,4.54165e+19,268.705,3.76453,5.54599,3.98154e+16,6.83439e+16,33.2335,2.94008,5.13941,1.62248e+19,8.29339e+20,sim06040.iv
sim06041,24.6161,3.89777,5.95205,8.32247e+20,2.52082e+19,273.023,3.64909,5.48285,9.14241e+16,8.58562e+16,22.931,2.87315,5.00737,2.6632e+19,9.14194e+20,sim06041.iv
sim06042,37.3535,3.84713,5.87877,5.46774e+20,2.53596e+19,262.426,3.65349,5.44206,2.94193e+16,2.29441e+16,24.1239,3.19157,5.13059,3.56457e+19,6.96768e+20,sim06042.iv
sim06043,25.0194,3.89757,5.87503,6.21419e+20,4.04e+19,242.704,3.74388,5.42527,5.48628e+16,7.10412e+16,40.6439,3.19191,5.09052,2.51118e+19,8.72178e+20,sim06043.iv
sim06044,21.928,3.89836,5.97421,6.32517e+20,3.00991e+19,232.689,3.78896,5.56979,7.89591e+16,2.32251e+16,35.1092,2.88556,5.18359,4.71924e+19,8.65094e+20,sim06044.iv
sim06045,39.7484,3.84874,5.81464,9.19136e+20,1.95311e+19,247.405,3.65139,5.46963,3.92004e+16,3.30541e+16,23.8453,3.11047,5.18864,1.60564e+19,7.88167e+20,sim06045.iv
sim06046,33.1897,3.88975,5.9511,8.77037e+20,1.25091e+19,334.866,3.60272,5.48769,1.84403e+16,6.995e+16,32.4841,2.85598,5.06762,2.03863e+19,8.26912e+20,sim06046.iv
sim06047,40.0831,3.90988,5.9558,5.11162e+20,3.62356e+19,301.435,3.69246,5.56764,1.66599e+16,7.84838e+16,29.4213,2.81263,5.0047,1.97896e+19,7.93259e+20,sim06047.iv
sim06048,38.4884,3.82283,5.858,5.51477e+20,4.34559e+19,329.424,3.64083,5.57974,1.74074e+16,5.84258e+16,41.5192,2.96019,5.01909,4.05866e+19,8.93569e+20,sim06048.iv
sim06049,29.8218,3.8044,5.98406,5.40682e+20,2.04649e+19,270.979,3.68916,5.50444,2.89617e+16,4.49342e+16,47.9662,3.1544,5.0182,4.12459e+19,7.75406e+20,sim06049.iv
sim06050,21.0059,3.95768,5.83102,6.21807e+20,1.30205e+19,317.226,3.74125,5.56715,5.56074e+16,4.88014e+16,36.5348,2.80297,5.15552,4.31421e+19,5.29632e+20,sim06050.iv
sim06051,47.2963,3.88229,5.84729,5.19435e+20,4.92351e+19,302.996,3.72328,5.42934,8.22549e+16,6.30645e+16,30.6731,3.05035,5.0278,2.69922e+19,5.78618e+20,sim06051.iv
sim06052,23.4434,3.99885,5.85714,5.05646e+20,1.87436e+19,261.281,3.60264,5.52559,5.69796e+16,4.06682e+16,46.6474,2.89721,5.01829,1.4148e+19,8.96017e+20,sim06052.iv
sim06053,30.2274,3.9805,5.81616,7.70125e+20,2.1638e+19,341.778,3.69539,5.45442,1.28784e+16,5.39937e+16,24.6499,2.82992,5.0301,3.09088e+19,6.23294e+20,sim06053.iv
sim06054,32.6856,3.90466,5.80981,7.78252e+20,2.79756e+19,287.836,3.73986,5.5421,7.26289e+16,1.67991e+16,47.1417,3.1241,5.1758,1.68603e+19,7.93331e+20,sim06054.iv
sim06055,47.9789,3.98657,5.87431,9.26399e+20,2.8501e+19,221.513,3.79465,5.46175,3.59375e+16,9.09894e+16,42.3117,2.94546,5.15968,1.0804e+19,7.90608e+20,sim06055.iv
sim06056,28.1209,3.91086,5.86595,8.60145e+20,3.54175e+19,310.657,3.7419,5.54956,9.85437e+16,4.98802e+16,42.6852,2.88859,5.19237,4.40315e+19,5.48355e+20,sim06056.iv
sim06057,44.0241,3.91683,5.88031,5.55348e+20,3.49534e+19,283.238,3.76712,5.47932,5.68771e+16,4.87969e+16,22.3909,2.98481,5.19148,1.06612e+19,8.67451e+20,sim06057.iv
sim06058,32.7006,3.8356,5.93636,6.84438e+20,4.96647e+19,282.436,3.68265,5.59256,3.56635e+16,9.73108e+16,43.2364,3.01871,5.07426,1.274e+19,9.71255e+20,sim06058.iv
sim06059,39.1201,3.90504,5.93069,9.43848e+20,2.19252e+19,282.595,3.76358,5.5769,7.40103e+16,6.29216e+16,31.6729,2.89749,5.12877,3.85593e+19,7.41453e+20,sim06059.iv
sim06060,48.3816,3.83142,5.90359,8.36637e+20,4.77019e+19,246.744,3.64889,5.4968,7.32798e+16,3.82727e+16,35.2599,2.85113,5.18615,1.78627e+19,6.26599e+20,sim06060.iv
sim06061,32.7243,3.82769,5.99111,8.27468e+20,3.64141e+19,238.15,3.66804,5.43858,1.71469e+16,4.86322e+16,33.7655,3.07004,5.08851,4.95657e+19,7.4363e+20,sim06061.iv
sim06062,33.4706,3.85329,5.9229,9.06064e+20,4.86651e+19,230.035,3.6054,5.59561,4.74904e+16,7.06247e+16,48.4989,2.80972,5.03438,4.17134e+19,8.40917e+20,sim06062.iv
sim06063,33.4052,3.99183,5.93189,5.14586e+20,1.40663e+19,333.862,3.7917,5.44905,3.01827e+16,1.39166e+16,23.4685,2.89687,5.18205,1.53968e+19,5.38369e+20,sim06063.iv
sim06064,49.3825,3.82181,5.8342,7.63648e+20,2.08555e+19,268.211,3.68337,5.51495,1.17583e+16,8.29875e+16,30.6744,3.19848,5.1711,1.0711e+19,9.197e+20,sim06064.iv
sim06065,26.0423,3.80003,5.80902,9.29775e+20,2.40787e+19,256.168,3.76068,5.5986,9.09044e+16,9.66515e+16,22.6474,2.96334,5.04876,3.47175e+19,9.84345e+20,sim06065.iv
sim06066,48.9895,3.9329,5.95503,9.36671e+20,2.76395e+19,287.419,3.77504,5.47837,4.37834e+16,8.50091e+16,46.1921,3.10426,5.09354,2.64807e+19,5.59042e+20,sim06066.iv
sim06067,29.6699,3.84644,5.83721,8.75324e+20,3.64045e+19,219.577,3.63262,5.47185,4.95073e+16,8.65041e+16,21.1697,2.88954,5.17713,2.47999e+19,6.1172e+20,sim06067.iv
sim06068,37.4864,3.99222,5.98683,7.62796e+20,1.41519e+19,230.528,3.66272,5.57223,8.19269e+16,9.78719e+16,35.1861,3.03205,5.06324,3.04532e+19,8.61808e+20,sim06068.iv
sim06069,21.1931,3.97745,5.9226,6.56489e+20,2.29099e+19,348.792,3.65969,5.51178,4.23659e+16,5.98555e+16,32.706,2.99524,5.01594,1.25431e+19,9.26676e+20,sim06069.iv
sim06070,45.4865,3.99571,5.92274,6.50999e+20,4.50259e+19,342.679,3.65863,5.48323,5.55196e+16,4.89561e+16,37.5195,3.16128,5.18306,1.41301e+19,8.58269e+20,sim06070.iv
sim06071,23.849,3.86522,5.8795,9.54506e+20,2.45231e+19,294.209,3.72678,5.47213,7.28318e+16,5.74399e+16,29.715,2.98253,5.04075,1.13542e+19,6.82445e+20,sim06071.iv
sim06072,47.5077,3.87598,5.97717,5.40609e+20,2.88449e+19,251.212,3.68341,5.53974,3.78638e+16,2.24378e+16,21.2286,2.92037,5.14339,2.87818e+19,9.9339e+20,sim06072.iv
sim06073,26.8462,3.98242,5.96468,8.87653e+20,3.78422e+19,212.899,3.75401,5.44159,3.70231e+16,2.98398e+16,32.8891,2.88572,5.17063,3.71969e+19,8.22111e+20,sim06073.iv
sim06074,42.2211,3.86339,5.91054,8.21612e+20,3.25341e+19,291.039,3.61232,5.49112,6.20702e+16,1.97571e+16,25.4699,3.02744,5.03489,3.0475e+19,6.10387e+20,sim06074.iv
sim06075,25.3113,3.95857,5.96205,6.64981e+20,2.29317e+19,267.799,3.6398,5.50996,9.74671e+16,7.85705e+16,28.3791,2.94057,5.03882,3.79874e+19,6.69116e+20,sim06075.iv
sim06076,46.2676,3.9444,5.87183,6.92328e+20,1.53361e+19,275.815,3.78663,5.52763,5.34437e+16,4.67029e+16,38.3779,3.16266,5.07916,3.45671e+19,9.90702e+20,sim06076.iv
sim06077,37.8718,3.93843,5.97583,7.28026e+20,1.24132e+19,271.304,3.62645,5.57771,8.14148e+16,7.87346e+16,32.474,3.10113,5.11562,1.42354e+19,5.77395e+20,sim06077.iv
sim06078,44.7948,3.9754,5.92871,6.23923e+20,4.61761e+19,332.582,3.74151,5.55265,1.98271e+16,7.80364e+16,46.2796,3.07143,5.18659,1.36262e+19,5.78711e+20,sim06078.iv
sim06079,49.6682,3.97578,5.85185,9.64945e+20,1.20632e+19,273.417,3.63871,5.58483,9.9663e+16,1.99806e+16,46.4917,2.82628,5.18768,4.68363e+19,9.00071e+20,sim06079.iv
sim06080,20.8003,3.85355,5.90708,7.23951e+20,2.76429e+19,306.625,3.62922,5.52651,2.34364e+16,3.38202e+16,37.7432,3.07604,5.04611,2.24126e+19,8.81143e+20,sim06080.iv
sim06081,37.3353,3.86217,5.90964,5.65174e+20,2.68329e+19,320.272,3.776,5.40149,7.31401e+16,1.09829e+16,42.3301,3.13983,5.18459,1.3749e+19,5.05943e+20,sim06081.iv
sim06082,31.0551,3.85087,5.88228,5.83039e+20,4.08213e+19,301.693,3.67892,5.54056,4.09717e+16,6.1364e+16,33.5656,2.93289,5.01164,2.26225e+19,7.33257e+20,sim06082.iv
sim06083,29.0777,3.99429,5.8373,6.93539e+20,3.74065e+19,247.734,3.70119,5.54384,9.65009e+16,5.87361e+16,41.8835,3.12323,5.06961,2.83329e+19,9.32913e+20,sim06083.iv
sim06084,39.1715,3.80352,5.97954,7.02099e+20,3.87184e+19,257.935,3.70535,5.49718,1.61245e+16,4.54354e+16,27.4528,3.03946,5.19185,4.11775e+19,9.56439e+20,sim06084.iv
sim06085,34.7775,3.81012,5.84896,7.40535e+20,2.43741e+19,274.429,3.77432,5.40258,2.90326e+16,9.71243e+16,38.1195,2.94714,5.0404,2.71606e+19,9.0445e+20,sim06085.iv
sim06086,49.4158,3.85271,5.96111,5.1934e+20,4.00605e+19,327.957,3.66106,5.5412,9.66339e+16,6.97614e+16,37.782,2.83308,5.04347,2.08843e+19,5.82909e+20,sim06086.iv
sim06087,22.7685,3.97612,5.83918,9.31679e+20,4.7489e+19,268.198,3.65649,5.5599,9.80783e+16,2.31936e+16,30.1332,3.10781,5.00106,2.51559e+19,5.61506e+20,sim06087.iv
sim06088,44.4415,3.85173,5.92376,7.87291e+20,4.71611e+19,220.941,3.69617,5.57897,5.76357e+16,9.64688e+16,27.2334,2.99198,5.16062,2.78772e+19,6.25252e+20,sim06088.iv
sim06089,23.3073,3.96955,5.82842,5.66944e+20,2.54729e+19,340.104,3.71564,5.47268,9.26249e+16,3.54463e+16,20.7661,2.9433,5.12602,4.57159e+19,8.11558e+20,sim06089.iv
sim06090,37.5434,3.94413,5.84176,9.44011e+20,3.35848e+19,284.344,3.7281,5.41931,6.67905e+16,2.07257e+16,35.0251,3.12908,5.0293,2.60878e+19,8.15553e+20,sim06090.iv
sim06091,39.4287,3.83262,5.86655,5.08485e+20,4.18448e+19,323.865,3.70667,5.59558,1.99225e+16,6.74701e+16,26.0231,2.93949,5.00889,1.55291e+19,6.82628e+20,sim06091.iv
sim06092,37.128,3.89723,5.99533,8.9981e+20,1.21105e+19,213.813,3.78136,5.50553,9.8763e+16,1.34594e+16,47.5669,3.0678,5.09559,2.07359e+19,7.55166e+20,sim06092.iv
sim06093,40.9449,3.84479,5.96587,9.25609e+20,3.55895e+19,282.009,3.78111,5.47221,6.5902e+16,5.0113e+16,29.3928,3.17058,5.0509,3.5474e+19,6.38798e+20,sim06093.iv
sim06094,38.1133,3.95191,5.89036,7.17115e+20,2.96937e+19,284.999,3.70223,5.43192,6.38168e+16,7.84089e+16,41.9667,3.0647,5.07887,3.13237e+19,8.94264e+20,sim06094.iv
sim06095,24.163,3.89603,5.89333,8.16142e+20,3.88639e+19,240.482,3.63704,5.4304,6.74305e+16,6.37726e+16,25.3673,3.03968,5.1568,1.59706e+19,6.03614e+20,sim06095.iv
sim06096,26.6297,3.9327,5.97916,5.26436e+20,4.43626e+19,267.812,3.76664,5.56646,6.80249e+16,3.18546e+16,20.8759,2.86792,5.06428,4.08521e+19,8.56679e+20,sim06096.iv
sim06097,35.6983,3.80645,5.82351,9.64023e+20,3.87589e+19,338.02,3.70799,5.41107,8.03034e+16,9.90746e+16,35.3174,2.83501,5.12785,4.02936e+19,9.15536e+20,sim06097.iv
sim06098,42.5491,3.99579,5.8767,8.70257e+20,3.88773e+19,263.615,3.77849,5.44771,7.10649e+16,4.65671e+16,28.3914,2.8454,5.0015,1.89456e+19,8.59278e+20,sim06098.iv
sim06099,34.1039,3.95289,5.99402,5.76068e+20,2.38702e+19,238.904,3.71713,5.55325,2.92675e+16,8.19228e+16,21.1719,3.05941,5.16952,4.67148e+19,6.77778e+20,sim06099.iv
sim06100,23.2224,3.90019,5.89311,8.12667e+20,3.32159e+19,237.828,3.60911,5.59407,4.70982e+16,6.17354e+16,21.1029,2.86954,5.09847,2.8112e+19,6.23742e+20,sim06100.iv
sim06101,44.0799,3.98137,5.85814,8.45396e+20,1.64104e+19,224.58,3.63579,5.42962,5.39825e+16,2.88463e+16,27.6834,2.88921,5.12846,4.68824e+19,6.38749e+20,sim06101.iv
sim06102,27.3351,3.82477,5.99699,9.11962e+20,2.46181e+19,213.059,3.70586,5.43884,1.12593e+16,4.53039e+16,39.8401,3.11413,5.05169,2.93591e+19,8.63912e+20,sim06102.iv
sim06103,49.688,3.98431,5.86273,7.0631e+20,4.71133e+19,288.865,3.60221,5.5433,5.17008e+16,7.843e+16,47.4188,2.94826,5.09295,2.75786e+19,6.93035e+20,sim06103.iv
sim06104,34.4904,3.92433,5.80166,9.33479e+20,4.48264e+19,235.841,3.62384,5.54164,9.56991e+16,2.33712e+16,44.6299,3.18007,5.16393,3.20008e+19,9.60869e+20,sim06104.iv
sim06105,20.3821,3.97249,5.93859,6.94759e+20,4.44246e+19,313.246,3.75924,5.45702,6.17858e+16,4.22969e+16,39.6677,3.09599,5.12935,4.51557e+19,5.64123e+20,sim06105.iv
sim06106,36.5679,3.90732,5.94977,7.41854e+20,2.01528e+19,245.561,3.66698,5.48302,7.16562e+16,4.7803e+16,26.6009,2.85444,5.14088,1.44571e+19,6.48393e+20,sim06106.iv
sim06107,26.3775,3.81685,5.9769,5.35925e+20,1.9469e+19,233.857,3.77057,5.57905,5.98617e+16,7.30801e+16,45.3082,2.92343,5.10356,1.02966e+19,6.24569e+20,sim06107.iv
sim06108,35.7051,3.86692,5.8285,5.46415e+20,4.40279e+19,315.202,3.75719,5.53623,2.57025e+16,7.62729e+16,36.6893,2.80609,5.0101,1.87775e+19,8.93973e+20,sim06108.iv
sim06109,38.0071,3.91955,5.99744,7.47836e+20,2.83977e+19,274.747,3.66231,5.44377,1.64036e+16,3.81577e+16,23.519,2.85962,5.11617,1.89278e+19,5.83673e+20,sim06109.iv
sim06110,35.7978,3.80179,5.91497,6.92477e+20,2.14704e+19,218.85,3.64793,5.5515,4.79947e+16,6.7841e+16,45.3818,3.13727,5.16203,1.56193e+19,8.49591e+20,sim06110.iv
sim06111,25.4777,3.9288,5.88633,9.67888e+20,2.52147e+19,323.963,3.6448,5.40502,7.82499e+16,7.36566e+16,25.7338,2.8849,5.17943,2.73757e+19,7.84319e+20,sim06111.iv
sim06112,23.4007,3.82153,5.95103,6.56326e+20,3.93435e+19,224.045,3.60277,5.48319,4.52581e+16,9.68863e+16,20.9171,3.04716,5.16413,2.39347e+19,8.42963e+20,sim06112.iv
sim06113,43.6762,3.85812,5.95984,9.84594e+20,2.25166e+19,237.247,3.78316,5.40417,2.20179e+16,4.49069e+16,40.5049,3.17204,5.10738,4.12972e+19,6.34949e+20,sim06113.iv
sim06114,40.6358,3.8506,5.97206,6.79242e+20,3.90831e+19,264.128,3.71565,5.52624,3.08482e+16,3.68667e+16,27.7863,2.9746,5.0097,4.96714e+19,6.45121e+20,sim06114.iv
sim06115,33.0907,3.85482,5.87812,9.52651e+20,3.77822e+19,279.708,3.73653,5.49922,2.84082e+16,3.65649e+16,34.6513,3.09479,5.01072,2.47948e+19,5.65543e+20,sim06115.iv
sim06116,39.7,3.84363,5.86983,7.04905e+20,2.69291e+19,287.074,3.62171,5.56173,5.91698e+16,5.82932e+16,28.4135,2.80209,5.1218,2.90994e+19,6.99537e+20,sim06116.iv
sim06117,36.3351,3.94162,5.90936,7.15763e+20,4.96439e+19,292.312,3.65451,5.44506,5.26959e+16,2.19371e+16,20.8537,3.02363,5.0818,4.24285e+19,5.02578e+20,sim06117.iv
sim06118,41.4462,3.9428,5.9672,9.07026e+20,4.88777e+19,227.981,3.66726,5.59113,8.47447e+16,8.29469e+16,37.0756,3.17997,5.08663,2.37706e+19,9.9373e+20,sim06118.iv
sim06119,30.2687,3.98085,5.87695,8.63538e+20,2.94216e+19,293.016,3.78056,5.54442,8.20752e+16,5.06959e+16,23.0384,3.16837,5.19542,2.14192e+19,9.36747e+20,sim06119.iv
sim06120,36.757,3.87201,5.80516,9.00319e+20,4.93403e+19,239.084,3.6014,5.46532,9.21497e+16,8.80687e+16,33.1552,3.12684,5.05855,3.30065e+19,8.358e+20,sim06120.iv
sim06121,23.3757,3.83118,5.81667,9.97947e+20,2.55557e+19,254.254,3.66909,5.59361,1.22861e+16,9.34758e+16,37.2184,3.01529,5.06924,1.11507e+19,9.23545e+20,sim06121.iv
sim06122,35.7966,3.80103,5.94071,7.11579e+20,2.57694e+19,218.599,3.73453,5.52962,9.71845e+16,1.97227e+16,48.3602,2.99128,5.01074,4.02175e+19,7.0665e+20,sim06122.iv
sim06123,22.702,3.82532,5.99267,8.27062e+20,4.81122e+19,318.657,3.72522,5.42375,5.05213e+16,3.16557e+16,24.7971,2.99753,5.06266,4.81312e+19,5.14532e+20,sim06123.iv
sim06124,20.8514,3.92484,5.81861,7.77011e+20,4.26307e+19,227.56,3.61408,5.59031,8.73864e+16,3.21928e+16,34.4726,2.86177,5.1677,1.7687e+19,9.15045e+20,sim06124.iv
sim06125,27.4364,3.82203,5.84265,7.70291e+20,4.5403e+19,215.405,3.62863,5.51062,1.81703e+16,4.12818e+16,31.213,2.99515,5.14367,1.98473e+19,6.63839e+20,sim06125.iv
sim06126,32.9842,3.87846,5.94328,5.22906e+20,1.59196e+19,229.34,3.70711,5.417,1.67318e+16,8.03134e+16,49.4105,2.81453,5.03437,3.03614e+19,9.50026e+20,sim06126.iv
sim06127,35.1249,3.87591,5.96785,8.85288e+20,4.20062e+19,242.777,3.73006,5.43663,5.10658e+16,8.55097e+16,43.8589,3.02207,5.154,1.26973e+19,9.14962e+20,sim06127.iv
sim06128,43.8276,3.94833,5.82883,6.0673e+20,1.87722e+19,305.781,3.65608,5.42638,6.06512e+16,4.21127e+16,34.4187,3.09223,5.04636,4.62564e+19,8.59282e+20,sim06128.iv
sim06129,44.5463,3.8826,5.91728,8.92343e+20,1.18848e+19,261.298,3.62298,5.5602,9.74528e+16,9.12986e+16,47.566,2.95001,5.10412,2.5577e+19,6.82837e+20,sim06129.iv
sim06130,20.4404,3.91815,5.96262,6.9863e+20,4.4028e+19,272.51,3.72789,5.40237,6.58628e+16,3.64715e+16,44.0486,2.80056,5.02189,4.27099e+19,7.23056e+20,sim06130.iv
sim06131,28.0451,3.8038,5.87181,8.97135e+20,3.11947e+19,226.47,3.67449,5.46902,1.95132e+16,4.31858e+16,24.1554,3.08477,5.04531,2.15351e+19,5.7576e+20,sim06131.iv
sim06132,43.8434,3.98591,5.83861,7.63682e+20,4.64033e+19,342.055,3.6277,5.51985,5.54459e+16,4.68181e+16,44.4431,2.81034,5.16837,1.93942e+19,5.71988e+20,sim06132.iv
sim06133,38.914,3.98829,5.90371,9.81921e+20,3.45607e+19,293.453,3.63719,5.42966,6.67132e+16,1.56114e+16,49.2024,2.91128,5.09267,1.72901e+19,7.25124e+20,sim06133.iv
sim06134,26.9334,3.96767,5.81267,7.08079e+20,4.07008e+19,333.811,3.79349,5.41147,2.18266e+16,3.23043e+16,48.6551,3.18747,5.11508,3.9347e+19,7.34534e+20,sim06134.iv
sim06135,47.1273,3.82183,5.96049,7.38843e+20,2.81957e+19,289.593,3.69496,5.57074,3.16326e+16,2.13971e+16,39.2014,3.10049,5.09906,3.60468e+19,7.40604e+20,sim06135.iv
sim06136,44.9785,3.94221,5.99203,8.02791e+20,3.69925e+19,284.439,3.70881,5.41564,5.01412e+16,3.1315e+16,49.0355,3.15891,5.08192,1.43348e+19,6.92383e+20,sim06136.iv
sim06137,49.8147,3.81364,5.98024,5.5312e+20,3.22862e+19,331.548,3.72365,5.43483,9.96057e+16,8.74952e+16,24.5344,3.00698,5.12984,3.3604e+19,6.77005e+20,sim06137.iv
sim06138,44.5302,3.85579,5.8607,7.73505e+20,1.25326e+19,220.927,3.79331,5.48676,6.07562e+16,9.91418e+16,49.2624,3.10844,5.11717,1.9947e+19,5.90944e+20,sim06138.iv
sim06139,23.5794,3.87481,5.85283,9.22172e+20,4.67888e+19,294.693,3.73051,5.50702,1.99669e+16,8.71525e+16,21.1657,3.06998,5.03332,4.12037e+19,8.25532e+20,sim06139.iv
sim06140,27.3907,3.95548,5.95683,7.49724e+20,3.19723e+19,224.871,3.68538,5.53201,1.61993e+16,4.2326e+16,33.5185,3.08441,5.07388,4.70396e+19,9.01633e+20,sim06140.iv
sim06141,35.0497,3.94239,5.8623,7.46408e+20,3.28647e+19,249.654,3.76911,5.51049,5.15527e+16,3.83838e+16,46.6457,2.92345,5.02478,1.3461e+19,9.30429e+20,sim06141.iv
sim06142,29.5794,3.92946,5.99875,6.31523e+20,3.5303e+19,286.47,3.61346,5.46913,2.14707e+16,3.17721e+16,45.7722,2.93235,5.00552,4.54695e+19,9.61338e+20,sim06142.iv
sim06143,36.2924,3.87065,5.96263,5.49466e+20,3.45232e+19,230.654,3.77198,5.55346,9.09809e+16,9.70269e+16,43.9096,2.90694,5.12366,4.74657e+19,5.95227e+20,sim06143.iv
sim06144,25.7401,3.94947,5.92568,7.25864e+20,1.36222e+19,316.636,3.66769,5.58194,6.35884e+16,7.79067e+16,25.4333,3.0704,5.19363,1.89528e+19,8.70448e+20,sim06144.iv
sim06145,32.2196,3.82008,5.97895,7.17361e+20,2.3868e+19,320.853,3.60258,5.51797,1.47565e+16,9.47688e+16,46.9828,3.05919,5.10543,4.11772e+19,8.5251e+20,sim06145.iv
sim06146,32.8442,3.8323,5.96846,8.45467e+20,2.256e+19,270.726,3.74586,5.52693,9.2712e+16,1.2656e+16,38.8477,2.95379,5.0578,4.59943e+19,7.14596e+20,sim06146.iv
sim06147,32.7084,3.85557,5.9489,7.20702e+20,2.57507e+19,306.9,3.72375,5.59878,3.79558e+16,9.40474e+16,35.1163,2.81107,5.14346,2.54148e+19,9.39257e+20,sim06147.iv
sim06148,32.3435,3.82371,5.93514,6.71467e+20,3.4797e+19,250.82,3.66738,5.50455,5.62251e+16,9.95267e+16,36.1834,3.04163,5.17119,1.03186e+19,9.7083e+20,sim06148.iv
sim06149,30.0619,3.96514,5.91857,9.26663e+20,2.53332e+19,329.509,3.78633,5.45967,6.58661e+16,2.87819e+16,39.7976,3.17163,5.12957,3.93952e+19,9.38657e+20,sim06149.iv
sim06150,40.3712,3.85039,5.9324,9.63754e+20,3.89256e+19,247.526,3.77993,5.58499,3.13127e+16,4.30241e+16,23.3653,3.1708,5.11559,2.29979e+19,6.36229e+20,sim06150.iv
sim06151,36.9759,3.99381,5.89292,9.90351e+20,3.96654e+19,308.633,3.6307,5.43902,7.64952e+16,2.48821e+16,36.5104,3.0051,5.14482,3.20253e+19,6.09089e+20,sim06151.iv
sim06152,43.4278,3.95689,5.80791,7.71006e+20,1.32729e+19,226.256,3.61134,5.55192,6.10422e+16,5.55664e+16,26.3879,2.80912,5.04459,2.27935e+19,9.32151e+20,sim06152.iv
sim06153,24.4093,3.84198,5.82759,8.91273e+20,1.5764e+19,224.131,3.70202,5.50127,4.99296e+16,8.69602e+16,36.7034,2.80948,5.06324,4.10112e+19,5.7068e+20,sim06153.iv
sim06154,45.3797,3.90288,5.86592,6.10006e+20,2.28873e+19,217.561,3.71174,5.45123,8.8736e+16,2.2838e+16,33.9211,3.08968,5.15051,1.88351e+19,9.75981e+20,sim06154.iv
sim06155,48.4637,3.88311,5.89179,6.67115e+20,2.58438e+19,320.722,3.70199,5.57889,4.69718e+16,7.24156e+16,42.0309,2.93378,5.18231,3.03639e+19,7.53551e+20,sim06155.iv
sim06156,21.492,3.96993,5.92206,6.14618e+20,2.25891e+19,261.372,3.76688,5.56119,5.86544e+16,8.06068e+16,37.0247,2.85931,5.04433,2.29654e+19,6.13784e+20,sim06156.iv
sim06157,46.9917,3.83905,5.8193,9.17589e+20,1.56385e+19,210.637,3.73578,5.43007,4.57494e+16,3.92339e+16,48.8653,2.83943,5.01144,4.1108e+19,6.66618e+20,sim06157.iv
sim06158,36.8866,3.80198,5.99785,8.25889e+20,3.62279e+19,314.96,3.67265,5.48034,4.93883e+16,8.14353e+16,22.5168,2.91551,5.1562,1.27519e+19,9.74063e+20,sim06158.iv
sim06159,36.5817,3.82439,5.83938,6.0287e+20,1.74494e+19,282.661,3.76179,5.43255,1.45359e+16,1.30733e+16,23.7564,2.88063,5.08195,3.96946e+19,5.12168e+20,sim06159.iv
sim06160,28.4844,3.80512,5.99832,8.46792e+20,1.7959e+19,224.276,3.6566,5.54728,9.97668e+16,3.39343e+16,44.3563,3.13237,5.13532,3.05486e+19,9.64202e+20,sim06160.iv
sim06161,39.7044,3.90412,5.92212,8.8633e+20,1.52568e+19,326.615,3.76971,5.47044,1.58138e+16,8.01158e+16,46.2565,3.03143,5.14961,4.05587e+19,6.45012e+20,sim06161.iv
sim06162,23.396,3.9757,5.8501,7.16902e+20,4.50075e+19,254.877,3.68329,5.40576,1.68813e+16,6.93914e+16,48.354,2.84868,5.18194,1.45401e+19,9.41241e+20,sim06162.iv
sim06163,46.6576,3.80613,5.86928,6.07535e+20,4.93386e+19,251.352,3.7097,5.48476,5.73115e+16,7.07422e+16,30.7806,3.15846,5.04622,4.45507e+19,7.82013e+20,sim06163.iv
sim06164,47.7707,3.96769,5.95109,6.68582e+20,1.87585e+19,336.66,3.62971,5.40574,8.54165e+16,8.36876e+16,47.5224,3.0976,5.16765,1.51699e+19,8.04154e+20,sim06164.iv
sim06165,47.4586,3.98089,5.97972,8.5593e+20,2.45819e+19,237.101,3.61584,5.41935,2.41945e+16,6.0653e+16,20.8866,2.8704,5.07151,3.5736e+19,9.26475e+20,sim06165.iv
sim06166,32.2408,3.87025,5.90375,7.98137e+20,2.43342e+19,300.423,3.67997,5.4391,8.62356e+16,2.86332e+16,43.7149,3.03457,5.1511,1.03304e+19,6.08272e+20,sim06166.iv
sim06167,33.248,3.97345,5.82036,7.83164e+20,4.3626e+19,212.225,3.60742,5.47932,1.8255e+16,1.77023e+16,26.3999,2.99101,5.06664,4.88961e+19,7.23736e+20,sim06167.iv
sim06168,37.2727,3.87516,5.82079,7.09748e+20,2.80325e+19,343.23,3.77871,5.40092,3.49006e+16,6.18784e+16,41.1974,2.97885,5.14241,3.87529e+19,8.55415e+20,sim06168.iv
sim06169,27.5629,3.80181,5.83877,6.7579e+20,2.79194e+19,222.527,3.73894,5.42871,3.5857e+16,3.90484e+16,37.6313,3.09357,5.06183,4.35176e+19,6.77645e+20,sim06169.iv
sim06170,44.1974,3.83189,5.87176,7.91529e+20,3.01614e+19,260.603,3.6424,5.50084,1.83248e+16,4.56119e+16,22.1202,2.97314,5.19256,2.9419e+19,7.93629e+20,sim06170.iv
sim06171,35.0608,3.84356,5.82163,6.66843e+20,3.05753e+19,307.576,3.72949,5.50555,4.19831e+16,3.33707e+16,42.2966,3.15627,5.12637,1.40124e+19,8.9752e+20,sim06171.iv
sim06172,37.7083,3.93077,5.93835,7.31113e+20,3.04098e+19,253.693,3.72519,5.49888,4.08335e+16,3.07357e+16,38.8368,2.97946,5.04072,4.11692e+19,7.70076e+20,sim06172.iv
sim06173,38.9627,3.91253,5.92513,5.44486e+20,2.14324e+19,318.28,3.75966,5.41017,7.59785e+16,3.04411e+16,45.0346,2.95486,5.05979,2.16493e+19,8.42078e+20,sim06173.iv
sim06174,40.4223,3.92016,5.99023,6.54032e+20,3.45464e+19,271.723,3.71344,5.42932,9.23559e+16,8.85223e+16,48.6855,3.09502,5.14058,1.21203e+19,7.20836e+20,sim06174.iv
sim06175,21.0782,3.98559,5.91803,5.30539e+20,3.39406e+19,300.412,3.79615,5.53136,8.2716e+16,7.98058e+16,41.651,2.84326,5.06687,4.01363e+19,9.4669e+20,sim06175.iv
sim06176,24.9013,3.80003,5.97013,6.18054e+20,3.10536e+19,348.798,3.74928,5.43249,9.34135e+16,2.94121e+16,44.7779,2.80441,5.04705,1.44279e+19,7.78705e+20,sim06176.iv
sim06177,38.0954,3.94135,5.85864,9.74473e+20,1.05443e+19,254.71,3.61174,5.47343,9.51489e+16,3.71417e+16,29.1586,2.9172,5.16521,3.35745e+19,7.08448e+20,sim06177.iv
sim06178,31.0163,3.93663,5.99646,7.25039e+20,1.89894e+19,265.601,3.63592,5.53228,1.19731e+16,4.96553e+16,20.8732,2.81383,5.07582,4.02044e+19,8.33865e+20,sim06178.iv
sim06179,46.9813,3.88568,5.83246,5.37915e+20,1.98315e+19,280.361,3.65566,5.55178,6.93636e+16,4.85392e+16,41.408,2.98436,5.00874,3.9495e+19,8.30546e+20,sim06179.iv
sim06180,35.6392,3.82925,5.90294,6.30051e+20,4.88703e+19,275.124,3.75699,5.51433,8.38566e+16,5.17659e+16,37.3182,2.99304,5.18866,1.51505e+19,6.74625e+20,sim06180.iv
sim06181,36.5309,3.81791,5.96811,9.35767e+20,1.83092e+19,341.653,3.72283,5.51861,4.13732e+16,6.1266e+16,27.7404,2.81391,5.14711,4.83116e+19,5.44703e+20,sim06181.iv
sim06182,37.8782,3.85114,5.87497,6.41026e+20,1.27138e+19,348.128,3.71477,5.5125,6.19945e+16,1.74822e+16,31.8694,3.16981,5.11016,2.59274e+19,6.06411e+20,sim06182.iv
sim06183,27.4257,3.96094,5.92804,6.64226e+20,4.59116e+19,212.796,3.75248,5.50602,9.05168e+16,8.88138e+16,29.5739,2.81388,5.17438,4.30656e+19,5.80011e+20,sim06183.iv
sim06184,35.9961,3.87509,5.94542,9.35074e+20,3.49836e+19,342.947,3.61032,5.47946,4.1418e+16,3.28954e+16,30.8526,2.85087,5.10038,2.28391e+19,7.94763e+20,sim06184.iv
sim06185,32.7909,3.80092,5.90571,7.75692e+20,4.3783e+19,250.447,3.74838,5.5752,7.21955e+16,2.00184e+16,32.6053,2.96008,5.04995,2.35725e+19,8.50445e+20,sim06185.iv
sim06186,31.3321,3.84014,5.95958,6.9383e+20,2.70351e+19,221.746,3.75751,5.41691,6.14597e+16,7.83726e+16,23.7483,2.92108,5.19779,2.78442e+19,7.89387e+20,sim06186.iv
sim06187,45.9185,3.97999,5.86819,9.21191e+20,2.29892e+19,323.094,3.75907,5.51607,6.84654e+16,6.12609e+16,23.2939,2.9755,5.02403,1.21519e+19,7.46392e+20,sim06187.iv
sim06188,27.9388,3.87003,5.9254,7.32912e+20,3.26709e+19,304.235,3.73386,5.53795,5.09689e+16,7.37069e+16,28.0268,3.10541,5.15887,4.58601e+19,9.71764e+20,sim06188.iv
sim06189,35.6184,3.90655,5.8758,8.88693e+20,2.07733e+19,299.527,3.71229,5.456,3.32916e+16,2.44736e+16,42.0036,3.12904,5.03635,4.63182e+19,6.03069e+20,sim06189.iv
sim06190,23.2066,3.97562,5.98461,5.82091e+20,1.7126e+19,251.006,3.61208,5.48388,7.46711e+16,1.75727e+16,29.0295,2.94291,5.18834,3.97995e+19,6.84416e+20,sim06190.iv
sim06191,26.1901,3.97383,5.85698,8.12393e+20,3.76553e+19,320.496,3.72352,5.48036,2.33835e+16,2.798e+16,37.6062,2.99423,5.07645,3.1294e+19,9.2942e+20,sim06191.iv
sim06192,21.2732,3.82746,5.80026,6.59879e+20,1.66641e+19,249.03,3.61508,5.46892,4.59918e+16,9.3346e+16,37.1324,3.1381,5.12481,2.78756e+19,9.45716e+20,sim06192.iv
sim06193,43.1825,3.80549,5.84404,9.99406e+20,4.07827e+19,267.793,3.71831,5.55431,4.52716e+16,1.40032e+16,38.5232,2.84654,5.04848,3.07711e+19,8.98421e+20,sim06193.iv
sim06194,26.7399,3.83848,5.88496,5.68277e+20,1.99982e+19,252.078,3.75612,5.53265,4.25873e+16,9.51838e+16,28.2821,3.00323,5.12384,4.82258e+19,9.27568e+20,sim06194.iv
sim06195,31.2137,3.90028,5.89136,6.52519e+20,2.92387e+19,222.448,3.6109,5.41381,2.22078e+16,3.5557e+16,39.1797,3.13649,5.15621,2.30572e+19,5.21713e+20,sim06195.iv
sim06196,21.6291,3.95956,5.97435,9.65886e+20,4.86599e+19,328.828,3.67099,5.49494,8.49179e+16,9.08364e+16,30.8305,3.05135,5.03577,1.00722e+19,6.77688e+20,sim06196.iv
sim06197,47.6354,3.93115,5.97894,6.79418e+20,1.1894e+19,260.252,3.68574,5.53437,9.70267e+16,3.7952e+16,42.7105,3.15464,5.04961,4.12216e+19,9.77201e+20,sim06197.iv
sim06198,43.3203,3.87947,5.91662,8.72757e+20,4.23174e+19,309.185,3.79554,5.57232,2.93577e+16,9.99505e+16,41.1292,3.16526,5.09947,4.57404e+19,9.9235e+20,sim06198.iv
sim06199,44.6731,3.95957,5.8432,5.67603e+20,4.07787e+19,308.903,3.72487,5.4893,1.58448e+16,6.13739e+16,35.9702,3.08694,5.01785,2.61038e+19,7.10291e+20,sim06199.iv
sim06200,33.9336,3.80682,5.91706,5.96461e+20,4.6488e+19,298.468,3.76621,5.49836,4.33831e+16,3.32329e+16,31.887,3.16831,5.18503,4.75758e+19,8.83002e+20,sim06200.iv
sim06201,25.3639,3.94353,5.86707,7.12597e+20,2.84576e+19,245.844,3.64165,5.42073,4.97054e+16,6.32717e+16,46.4711,2.80705,5.00907,3.97373e+19,8.95209e+20,sim06201.iv
sim06202,21.0317,3.95233,5.91185,6.59761e+20,3.61113e+19,252.985,3.68806,5.4975,3.64518e+16,3.95385e+16,46.7294,2.96317,5.05543,3.02555e+19,5.67006e+20,sim06202.iv
sim06203,36.9362,3.96815,5.89617,5.07811e+20,4.61307e+19,315.132,3.7937,5.56115,8.74367e+16,9.23666e+16,27.6255,3.19415,5.05074,4.90508e+19,8.97549e+20,sim06203.iv
sim06204,41.9812,3.84601,5.86134,5.77416e+20,2.18152e+19,338.775,3.69181,5.59144,6.32466e+16,1.14664e+16,30.1283,2.93654,5.08516,3.68002e+19,6.34082e+20,sim06204.iv
sim06205,32.2001,3.99954,5.87249,7.52385e+20,3.05369e+19,237.316,3.69911,5.44424,1.96936e+16,8.27238e+16,41.4365,2.90811,5.02692,4.93218e+19,9.58302e+20,sim06205.iv
sim06206,30.8569,3.92898,5.85747,6.87995e+20,3.15552e+19,247.671,3.61733,5.54399,2.72028e+16,3.70383e+16,48.6693,3.04111,5.04558,2.14197e+19,6.11893e+20,sim06206.iv
sim06207,46.0913,3.96009,5.90963,5.64498e+20,3.95428e+19,328.842,3.70552,5.44222,7.25103e+16,3.93946e+16,47.4985,3.13208,5.08126,1.16064e+19,9.73922e+20,sim06207.iv
sim06208,48.6368,3.89713,5.80123,8.61376e+20,2.12281e+19,314.908,3.60583,5.52336,9.45462e+16,5.6743e+16,48.3807,3.08871,5.11929,4.38444e+19,9.60213e+20,sim06208.iv
sim06209,45.7626,3.98363,5.81276,6.06251e+20,2.06885e+19,344.405,3.78238,5.56212,8.17351e+16,5.01311e+16,22.985,3.06641,5.10441,2.61542e+19,6.81576e+20,sim06209.iv
sim06210,24.8423,3.88108,5.9847,5.98586e+20,3.3955e+19,297.366,3.67641,5.45393,2.40288e+16,4.74503e+16,35.1031,2.81459,5.18479,1.0065e+19,5.24062e+20,sim06210.iv
sim06211,40.0601,3.95763,5.8915,6.61129e+20,3.85971e+19,331.875,3.66288,5.52295,9.08512e+16,6.97093e+16,22.4526,2.86408,5.16073,2.90863e+19,6.16066e+20,sim06211.iv
sim06212,22.5075,3.81546,5.90288,8.67832e+20,2.66181e+19,265.806,3.60057,5.47306,2.68424e+16,4.57786e+16,21.3221,3.02261,5.11574,4.37445e+19,5.83172e+20,sim06212.iv
sim06213,38.2386,3.96898,5.98326,5.87702e+20,3.51363e+19,231.321,3.63887,5.54328,8.55136e+16,4.26471e+16,43.8938,3.07355,5.072,2.11888e+19,8.64289e+20,sim06213.iv
sim06214,45.2499,3.81807,5.89419,6.37056e+20,1.45498e+19,235.467,3.76247,5.53642,9.70944e+16,3.98421e+16,47.3744,2.83509,5.17468,1.20064e+19,5.88756e+20,sim06214.iv
sim06215,44.1029,3.98705,5.91823,9.30239e+20,1.49181e+19,330.964,3.65689,5.58795,4.84256e+16,8.02337e+16,40.9142,2.8067,5.04308,3.2703e+19,6.11719e+20,sim06215.iv
sim06216,43.6983,3.96404,5.80423,8.01579e+20,4.96756e+19,284.497,3.7693,5.42216,7.56342e+16,2.85764e+16,28.4696,2.99824,5.1879,3.72455e+19,9.61587e+20,sim06216.iv
sim06217,42.1531,3.95061,5.97135,6.63841e+20,4.1635e+19,328.038,3.74813,5.53643,2.69517e+16,9.62336e+16,28.5276,2.96636,5.01395,1.0866e+19,5.84522e+20,sim06217.iv
sim06218,38.6421,3.85891,5.97585,5.10059e+20,1.78332e+19,221.413,3.62047,5.44762,8.78496e+16,8.70074e+16,29.8177,2.83026,5.13656,3.78552e+19,9.62108e+20,sim06218.iv
sim06219,47.5722,3.85174,5.97694,7.65611e+20,4.65914e+19,304.561,3.69288,5.51563,3.11561e+16,6.1212e+16,28.124,2.9767,5.05945,2.77329e+19,9.29723e+20,sim06219.iv
sim06220,37.0117,3.80982,5.93953,8.30745e+20,1.35786e+19,253.683,3.6507,5.49206,4.4381e+16,8.45085e+16,31.7234,2.8473,5.05679,1.55924e+19,6.62681e+20,sim06220.iv
sim06221,45.5407,3.90658,5.8717,9.4826e+20,2.83452e+19,312.485,3.64049,5.47371,5.56379e+16,5.61254e+16,44.0451,3.03176,5.17952,4.66815e+19,7.16707e+20,sim06221.iv
sim06222,40.4957,3.9569,5.87289,6.41612e+20,4.51456e+19,293.097,3.63779,5.51564,2.9997e+16,5.17338e+16,40.3933,3.13215,5.08061,1.39681e+19,8.87553e+20,sim06222.iv
sim06223,39.9386,3.9243,5.86172,5.22171e+20,3.38354e+19,318.81,3.66072,5.53683,2.16086e+16,7.57089e+16,45.6252,2.95574,5.02709,2.9422e+19,7.92212e+20,sim06223.iv
sim06224,23.4734,3.83896,5.81289,9.23212e+20,2.51983e+19,287.988,3.7383,5.45064,7.89085e+16,2.48382e+16,49.6685,2.98732,5.09886,3.22345e+19,6.45381e+20,sim06224.iv
sim06225,33.652,3.80806,5.967,9.70733e+20,2.4956e+19,328.211,3.72922,5.46023,2.98527e+16,6.11399e+16,27.9478,3.07353,5.05228,4.42595e+19,9.35167e+20,sim06225.iv
sim06226,34.7521,3.91662,5.87192,9.38482e+20,4.55287e+19,297.098,3.62404,5.50315,7.19922e+16,9.40125e+16,48.0165,3.11199,5.00253,2.63646e+19,9.66693e+20,sim06226.iv
sim06227,31.2929,3.92107,5.96641,6.00988e+20,1.78775e+19,339.507,3.76745,5.4872,9.25592e+16,6.06505e+16,26.5645,2.94128,5.16284,3.19046e+19,5.13066e+20,sim06227.iv
sim06228,35.3071,3.80268,5.83307,8.26538e+20,3.49156e+19,285.849,3.72401,5.48252,1.05617e+16,6.92848e+16,41.6482,3.02453,5.12146,1.74402e+19,6.26382e+20,sim06228.iv
sim06229,36.2179,3.85768,5.84499,8.9033e+20,3.4641e+19,224.324,3.76777,5.50665,7.76222e+16,5.93097e+16,34.2359,3.08443,5.09469,3.56658e+19,7.8378e+20,sim06229.iv
sim06230,41.4894,3.95674,5.94148,9.61015e+20,4.75786e+19,225.198,3.72206,5.51649,1.42255e+16,4.45848e+16,27.9613,2.968,5.15432,2.15913e+19,9.62253e+20,sim06230.iv
sim06231,46.3982,3.92656,5.9973,5.072e+20,2.40389e+19,244.752,3.62846,5.55354,5.59455e+16,9.30708e+16,31.8851,3.18368,5.12768,2.47065e+19,8.24773e+20,sim06231.iv
sim06232,46.6491,3.81122,5.88718,5.26329e+20,3.49734e+19,211.784,3.70276,5.4393,2.77086e+16,7.67493e+16,25.1148,2.82301,5.07747,2.7932e+19,6.75213e+20,sim06232.iv
sim06233,35.514,3.87295,5.859,7.52832e+20,1.1256e+19,212.962,3.77466,5.53288,4.09364e+16,4.16496e+16,30.695,3.14604,5.19439,2.20067e+19,8.49195e+20,sim06233.iv
sim06234,27.4612,3.9474,5.99017,5.18401e+20,1.25575e+19,321.49,3.6905,5.51104,4.50679e+16,1.48752e+16,32.0764,2.85948,5.06491,1.68999e+19,9.28009e+20,sim06234.iv
sim06235,27.5076,3.91689,5.99708,9.95035e+20,3.61878e+19,253.201,3.70091,5.50143,8.88976e+16,7.46221e+16,46.4864,2.80637,5.19472,3.73182e+19,9.65261e+20,sim06235.iv
sim06236,43.7367,3.94084,5.81457,5.72216e+20,1.8383e+19,278.702,3.75476,5.44711,9.82441e+16,6.98279e+16,42.1857,3.16055,5.10271,1.58077e+19,7.1387e+20,sim06236.iv
sim06237,35.9053,3.99421,5.81434,6.644e+20,3.98241e+19,308.764,3.76709,5.5915,6.07605e+16,8.69168e+16,48.879,2.852,5.11756,2.8163e+19,8.85656e+20,sim06237.iv
sim06238,25.986,3.97169,5.88942,6.82693e+20,3.86623e+19,256.369,3.77804,5.57513,1.29145e+16,2.65133e+16,42.0846,3.01594,5.01638,2.64049e+19,5.17792e+20,sim06238.iv
sim06239,27.7816,3.83521,5.96523,9.28428e+20,4.30289e+19,213.737,3.74955,5.52108,7.18364e+16,1.43188e+16,26.1929,2.8836,5.03236,3.29242e+19,6.67274e+20,sim06239.iv
sim06240,33.7342,3.94383,5.90899,7.27529e+20,4.63519e+19,299.295,3.73731,5.43594,6.4265e+16,5.6404e+16,48.299,3.09628,5.16774,3.63219e+19,6.63301e+20,sim06240.iv
sim06241,39.8414,3.99378,5.8645,5.85451e+20,2.24891e+19,319.164,3.61717,5.58595,7.43245e+16,6.47124e+16,25.2897,3.01766,5.0032,3.27223e+19,6.49542e+20,sim06241.iv
sim06242,36.0922,3.87241,5.88836,7.79048e+20,4.81479e+19,347.631,3.72255,5.42814,1.41137e+16,9.93752e+16,38.9409,3.03917,5.00835,4.76244e+19,5.79414e+20,sim06242.iv
sim06243,36.2056,3.8604,5.87668,6.64953e+20,2.0462e+19,246.434,3.61648,5.40434,4.6419e+16,1.73861e+16,30.37,2.89625,5.09953,3.5229e+19,6.94538e+20,sim06243.iv
sim06244,33.7528,3.99785,5.8877,7.07696e+20,3.27237e+19,214.219,3.69824,5.40831,3.49155e+16,8.01404e+16,26.2128,2.99646,5.13873,4.91161e+19,8.20832e+20,sim06244.iv
sim06245,46.4972,3.84088,5.8152,7.46218e+20,3.28156e+19,255.005,3.74383,5.51012,6.30225e+16,9.07512e+16,24.979,2.93036,5.15203,2.98412e+19,9.43493e+20,sim06245.iv
sim06246,24.7282,3.89122,5.95383,8.13505e+20,1.58344e+19,307.88,3.70908,5.59452,6.70886e+16,3.87898e+16,36.2259,2.85339,5.14954,4.43309e+19,7.93176e+20,sim06246.iv
sim06247,37.0117,3.82188,5.83605,9.79728e+20,2.58959e+19,318.573,3.77843,5.41826,9.00933e+16,2.5421e+16,43.1413,2.9076,5.16957,2.83188e+19,7.32268e+20,sim06247.iv
sim06248,37.4416,3.97034,5.85978,9.89279e+20,4.33809e+19,264.061,3.60542,5.43511,6.00818e+16,8.47273e+16,48.3043,2.95219,5.00824,3.82199e+19,6.55897e+20,sim06248.iv
sim06249,37.8238,3.88026,5.9263,6.24554e+20,1.62626e+19,233.906,3.78359,5.57344,8.67054e+16,6.51435e+16,32.2693,2.88986,5.13043,2.27956e+19,7.97968e+20,sim06249.iv
sim06250,30.734,3.80281,5.92413,9.94336e+20,2.89405e+19,231.276,3.74939,5.50094,7.40164e+16,8.93075e+16,28.3347,2.90301,5.09367,1.34796e+19,5.50645e+20,sim06250.iv
sim06251,35.2578,3.87907,5.87998,8.21886e+20,4.72069e+19,341.085,3.68053,5.52982,4.59016e+16,7.7018e+16,35.1497,2.85028,5.10937,4.97e+19,6.35821e+20,sim06251.iv
sim06252,43.0409,3.85722,5.94522,7.37277e+20,3.85759e+19,326.693,3.60378,5.52842,1.60563e+16,9.53787e+16,35.4929,2.91662,5.13494,3.72941e+19,7.29084e+20,sim06252.iv
sim06253,47.0103,3.99281,5.8917,8.56816e+20,1.02728e+19,252.862,3.76704,5.42478,1.30868e+16,7.16291e+16,31.2381,3.15505,5.19291,2.38224e+19,9.86206e+20,sim06253.iv
sim06254,40.8497,3.88904,5.90949,9.51184e+20,1.39443e+19,259.163,3.67653,5.48178,6.47321e+16,2.74525e+16,37.4262,3.17524,5.0956,2.66704e+19,5.58766e+20,sim06254.iv
sim06255,42.0654,3.93903,5.93008,9.79024e+20,2.56702e+19,289.356,3.78109,5.54606,6.79602e+16,6.92639e+16,28.2235,2.83934,5.00816,3.65459e+19,7.4236e+20,sim06255.iv
sim06256,46.5907,3.80534,5.9267,5.87432e+20,2.78999e+19,328.605,3.67903,5.50235,7.96479e+16,1.16575e+16,20.2008,3.1087,5.08058,4.38645e+19,9.05662e+20,sim06256.iv
sim06257,42.6023,3.99402,5.9044,5.79759e+20,2.48914e+19,333.934,3.73223,5.52003,1.51711e+16,7.33088e+16,40.193,3.11486,5.15175,2.67226e+19,5.58908e+20,sim06257.iv
sim06258,27.6172,3.85658,5.9911,6.71837e+20,1.49046e+19,344.854,3.74824,5.47047,1.05902e+16,1.03669e+16,33.7375,3.14558,5.13026,1.17168e+19,5.79172e+20,sim06258.iv
sim06259,41.7816,3.88874,5.94267,9.51198e+20,3.93287e+19,301.839,3.76888,5.48829,6.82202e+16,8.33492e+16,45.8926,2.94902,5.06722,1.85807e+19,9.33415e+20,sim06259.iv
sim06260,37.3386,3.91417,5.84832,6.76802e+20,1.31516e+19,254.344,3.79462,5.52202,7.11202e+16,6.525e+16,39.6532,3.16373,5.18528,1.16977e+19,6.34069e+20,sim06260.iv
sim06261,25.2181,3.98171,5.95901,9.6443e+20,1.15335e+19,294.783,3.60969,5.43447,8.37528e+16,6.63643e+16,36.0225,2.811,5.05651,2.42526e+19,7.13254e+20,sim06261.iv
sim06262,23.7665,3.84898,5.93424,8.14266e+20,2.4134e+19,259.38,3.76407,5.45595,1.58987e+16,3.88218e+16,24.5933,2.91224,5.06326,1.79674e+19,6.47968e+20,sim06262.iv
sim06263,38.9022,3.91375,5.8127,6.46385e+20,2.81136e+19,213.799,3.79286,5.44718,6.7838e+16,2.02791e+16,31.4323,2.80848,5.02696,1.50406e+19,8.13652e+20,sim06263.iv
sim06264,20.6899,3.86557,5.83714,8.35292e+20,1.15936e+19,297.259,3.71779,5.42244,7.28023e+16,2.90654e+16,22.795,2.82683,5.19413,2.12359e+19,9.26203e+20,sim06264.iv
sim06265,35.7645,3.97117,5.9601,6.30618e+20,2.94294e+19,241.39,3.6722,5.59402,4.53516e+16,2.10288e+16,35.8742,3.08562,5.06621,2.84789e+19,9.07645e+20,sim06265.iv
sim06266,29.2728,3.9737,5.95404,8.79358e+20,4.50944e+19,296.066,3.68805,5.57277,6.3435e+16,3.77258e+16,26.7172,2.94412,5.15078,1.85471e+19,8.3487e+20,sim06266.iv
sim06267,32.7607,3.83223,5.9286,9.88553e+20,1.12628e+19,299.027,3.63071,5.40602,2.7581e+16,2.29508e+16,28.1823,3.04861,5.17804,1.3022e+19,6.19749e+20,sim06267.iv
sim06268,20.6473,3.89934,5.87244,9.55566e+20,1.50472e+19,278.99,3.76684,5.54478,6.51505e+16,7.16263e+16,45.1101,2.98577,5.09594,1.47265e+19,9.8469e+20,sim06268.iv
sim06269,47.4649,3.93385,5.90379,7.87677e+20,1.69843e+19,306.821,3.74577,5.52274,1.06116e+16,1.67843e+16,24.3404,3.08505,5.0853,4.24551e+19,9.81973e+20,sim06269.iv
sim06270,35.4999,3.86306,5.91581,6.62796e+20,2.57222e+19,219.635,3.66686,5.59474,7.72675e+16,9.4205e+16,29.4193,2.88856,5.01425,3.2332e+19,9.05387e+20,sim06270.iv
sim06271,49.2909,3.84148,5.81413,7.22546e+20,2.58678e+19,295.886,3.71582,5.51582,9.65496e+16,8.2832e+16,34.8657,2.87746,5.16763,1.2191e+19,6.83443e+20,sim06271.iv
sim06272,29.8681,3.80692,5.86877,6.03285e+20,3.54608e+19,250.895,3.78502,5.5466,2.15558e+16,8.01163e+16,47.8842,2.81924,5.08111,4.57594e+19,5.79688e+20,sim06272.iv
sim06273,44.4127,3.82502,5.85008,8.29764e+20,1.10624e+19,319.722,3.73471,5.58953,1.05395e+16,2.75114e+16,32.5339,3.08668,5.09761,1.43799e+19,5.25002e+20,sim06273.iv
sim06274,30.4028,3.83184,5.83529,6.4754e+20,3.33027e+19,319.81,3.64167,5.48615,7.5107e+16,8.73744e+16,26.2694,3.13618,5.087,3.58909e+19,7.32143e+20,sim06274.iv
sim06275,42.355,3.94419,5.90356,9.76862e+20,4.61442e+19,257.319,3.624,5.42938,3.33068e+16,6.88587e+16,25.6117,3.02503,5.1499,1.82896e+19,6.53794e+20,sim06275.iv
sim06276,21.3536,3.82292,5.87487,6.37359e+20,1.85395e+19,255.741,3.62176,5.54551,6.34346e+16,3.35967e+16,24.0691,2.81669,5.13594,1.85366e+19,7.15547e+20,sim06276.iv
sim06277,37.7034,3.87124,5.80739,7.62083e+20,4.75557e+19,227.963,3.67523,5.46291,3.16831e+16,6.68098e+16,31.1053,2.92562,5.0341,2.45379e+19,9.95834e+20,sim06277.iv
sim06278,46.0313,3.8192,5.92645,7.41298e+20,3.7152e+19,341.654,3.61812,5.51081,1.62248e+16,4.34758e+16,33.5187,2.83396,5.04865,3.28916e+19,6.12757e+20,sim06278.iv
sim06279,41.5936,3.93332,5.89949,7.79559e+20,2.29273e+19,286.927,3.66427,5.58136,1.75008e+16,2.82985e+16,27.5621,3.11511,5.09044,3.22069e+19,6.47703e+20,sim06279.iv
sim06280,28.0662,3.92972,5.93723,7.59086e+20,3.81504e+19,318.243,3.62036,5.44696,6.59612e+16,8.86495e+16,44.3368,3.03316,5.08875,1.1294e+19,9.60857e+20,sim06280.iv
sim06281,42.3344,3.85683,5.90116,6.19597e+20,4.66218e+19,272.783,3.77077,5.52396,5.72701e+16,9.161e+16,24.1463,2.82576,5.13261,4.66139e+19,5.66781e+20,sim06281.iv
sim06282,27.2869,3.87995,5.98641,9.26357e+20,4.8865e+19,318.327,3.66968,5.41055,6.53842e+16,9.0519e+16,33.4015,2.95691,5.15855,2.59728e+19,8.66788e+20,sim06282.iv
sim06283,26.2394,3.9267,5.91398,7.19302e+20,2.31539e+19,296.192,3.78952,5.46147,1.50423e+16,8.90564e+16,20.548,2.82555,5.02867,3.98747e+19,5.34318e+20,sim06283.iv
sim06284,34.8738,3.82763,5.9112,7.431e+20,2.24284e+19,290.06,3.6613,5.5681,9.34064e+16,5.66842e+16,23.7014,2.92896,5.16421,1.83227e+19,5.63729e+20,sim06284.iv
sim06285,48.8819,3.9102,5.89241,9.61675e+20,3.14587e+19,279.288,3.66005,5.53514,7.42635e+16,2.21837e+16,43.4224,2.97688,5.08383,4.61857e+19,5.78233e+20,sim06285.iv
sim06286,34.6976,3.89017,5.92032,6.11136e+20,1.98763e+19,217.166,3.76195,5.41892,6.51667e+16,1.26983e+16,37.7341,2.89152,5.13308,4.06917e+19,9.89481e+20,sim06286.iv
sim06287,42.359,3.9893,5.98621,6.40598e+20,2.59879e+19,267.731,3.66917,5.54788,4.45117e+16,9.29005e+16,36.758,2.92229,5.16884,3.73548e+19,6.58447e+20,sim06287.iv
sim06288,46.8584,3.88937,5.82119,9.07401e+20,3.82148e+19,215.386,3.62739,5.57869,1.36536e+16,5.95018e+16,21.7801,3.13277,5.03165,3.39981e+19,9.92911e+20,sim06288.iv
sim06289,39.9377,3.8804,5.87327,9.75582e+20,3.35002e+19,349.5,3.61229,5.56217,2.67226e+16,4.06689e+16,39.4683,3.12269,5.11374,1.41852e+19,5.02024e+20,sim06289.iv
sim06290,46.1696,3.85483,5.93422,8.87888e+20,3.80745e+19,224.158,3.755,5.57858,8.14543e+16,5.59182e+16,25.9881,3.05,5.14011,2.08334e+19,8.208e+20,sim06290.iv
sim06291,46.2549,3.8763,5.90643,8.5864e+20,3.96638e+19,300.247,3.70562,5.5406,8.61906e+16,9.07548e+16,32.8705,3.08479,5.08079,4.44393e+19,9.15401e+20,sim06291.iv
sim06292,42.5947,3.89788,5.90761,9.00421e+20,1.1924e+19,289.469,3.648,5.52059,5.2888e+16,6.74153e+16,22.8218,3.17059,5.1167,2.17753e+19,8.98406e+20,sim06292.iv
sim06293,40.4723,3.8896,5.85576,6.59901e+20,1.20423e+19,263.839,3.70251,5.56839,6.82668e+16,2.95839e+16,48.9108,2.88862,5.12356,2.31371e+19,5.61009e+20,sim06293.iv
sim06294,44.7017,3.91784,5.90495,6.50214e+20,4.11559e+19,329.395,3.76732,5.41448,2.78921e+16,2.11483e+16,29.1331,2.84512,5.03539,3.82517e+19,8.34518e+20,sim06294.iv
sim06295,28.4797,3.96484,5.9336,7.15854e+20,1.08679e+19,301.833,3.75655,5.44479,2.07025e+16,3.83649e+16,41.0681,3.185,5.07845,4.32006e+19,8.80495e+20,sim06295.iv
sim06296,46.6095,3.93268,5.9893,9.58629e+20,1.13488e+19,282.331,3.66555,5.56933,4.683e+16,9.22194e+16,47.2361,2.94567,5.11498,1.11064e+19,6.78519e+20,sim06296.iv
sim06297,39.7426,3.84226,5.83177,9.77022e+20,3.33407e+19,289.081,3.76408,5.51146,6.81629e+16,3.76525e+16,31.3253,2.90945,5.11974,3.38177e+19,5.82756e+20,sim06297.iv
sim06298,42.9264,3.83874,5.93704,5.3143e+20,4.67363e+19,218.41,3.61287,5.41725,5.08743e+16,5.95681e+16,24.5441,3.10032,5.02468,4.75094e+19,7.17151e+20,sim06298.iv
sim06299,36.2917,3.95317,5.96602,8.98511e+20,2.3461e+19,314.265,3.61742,5.5257,4.20615e+16,1.15408e+16,43.7416,3.15175,5.02542,1.65979e+19,5.6423e+20,sim06299.iv
sim06300,49.9902,3.81118,5.93902,5.19921e+20,3.59693e+19,345.742,3.6345,5.53799,7.3185e+16,3.94241e+16,46.5059,3.07883,5.0428,1.56853e+19,9.21406e+20,sim06300.iv
sim06301,21.0471,3.97371,5.8186,9.35913e+20,2.01946e+19,323.046,3.79987,5.45621,8.61628e+16,8.08727e+16,43.625,2.93084,5.1654,4.78333e+19,5.0625e+20,sim06301.iv
sim06302,44.2115,3.81708,5.84129,6.90675e+20,4.94881e+19,311.58,3.79815,5.47801,7.51098e+16,7.02279e+16,20.1486,2.83734,5.00263,2.87916e+19,7.88489e+20,sim06302.iv
sim06303,21.2534,3.84961,5.95709,5.61066e+20,3.74391e+19,273.458,3.61608,5.54703,8.62619e+16,5.79418e+16,36.3423,2.82219,5.19045,4.51322e+19,9.96648e+20,sim06303.iv
sim06304,42.1686,3.92441,5.97469,9.6869e+20,4.67867e+19,215.064,3.7546,5.47413,8.32008e+16,1.54107e+16,35.6679,3.19209,5.12042,1.22201e+19,9.79997e+20,sim06304.iv
sim06305,28.4634,3.98577,5.84586,7.45056e+20,1.51102e+19,333.29,3.73275,5.42194,8.60293e+16,9.93077e+16,48.576,2.81709,5.15875,4.70047e+19,9.97275e+20,sim06305.iv
sim06306,48.2917,3.97523,5.98086,6.07582e+20,4.82375e+19,317.712,3.66118,5.49117,3.86731e+16,7.22907e+16,23.781,2.92345,5.14467,4.15738e+19,7.49171e+20,sim06306.iv
sim06307,38.3605,3.94952,5.89478,8.10965e+20,1.51582e+19,343.672,3.64295,5.49015,9.18165e+16,4.43554e+16,26.3478,3.139,5.02314,4.27669e+19,5.67549e+20,sim06307.iv
sim06308,20.8185,3.84174,5.86536,7.02507e+20,4.20137e+19,332.153,3.67077,5.43347,4.52747e+16,7.95879e+16,48.7964,2.91967,5.00657,4.51429e+19,6.65818e+20,sim06308.iv
sim06309,39.2892,3.82834,5.8909,7.14917e+20,3.42033e+19,296.432,3.69151,5.59532,9.72763e+16,2.87331e+16,33.4073,2.98034,5.08264,1.13473e+19,8.00813e+20,sim06309.iv
sim06310,28.3333,3.80225,5.93584,9.32646e+20,1.13436e+19,325.822,3.72242,5.46674,6.2963e+16,5.59023e+16,39.3561,3.00757,5.08642,1.09549e+19,6.76968e+20,sim06310.iv
sim06311,29.6723,3.8401,5.85735,9.8433e+20,1.87931e+19,223.798,3.77333,5.5029,9.2803e+16,1.33199e+16,36.4069,2.92293,5.07157,3.96806e+19,8.71443e+20,sim06311.iv
sim06312,34.2374,3.80696,5.98691,5.04164e+20,3.11049e+19,238.233,3.69903,5.41568,1.20391e+16,8.61031e+16,26.5363,2.90201,5.00376,4.24063e+19,7.81665e+20,sim06312.iv
sim06313,44.2956,3.88847,5.92815,7.63839e+20,4.10606e+19,257.835,3.62323,5.44679,6.01155e+16,3.49719e+16,24.9913,3.15463,5.06444,1.14134e+19,7.87523e+20,sim06313.iv
sim06314,42.3027,3.83417,5.89964,5.52697e+20,1.77491e+19,246.174,3.75912,5.43624,1.83431e+16,4.33377e+16,49.4822,3.01583,5.10542,4.1766e+19,7.35099e+20,sim06314.iv
sim06315,41.6097,3.8133,5.85535,7.12723e+20,2.32942e+19,214.649,3.69887,5.45305,5.02445e+16,8.77355e+16,23.5224,3.00122,5.07412,2.22394e+19,6.96775e+20,sim06315.iv
sim06316,23.5953,3.91395,5.88863,9.45272e+20,1.2105e+19,308.034,3.60759,5.49316,4.15108e+16,2.95459e+16,49.5594,3.00936,5.18283,3.21991e+19,9.81188e+20,sim06316.iv
sim06317,48.5393,3.81366,5.8548,9.54452e+20,2.2927e+19,277.922,3.64391,5.56694,4.05725e+16,6.28763e+16,34.6615,3.05733,5.13066,1.7661e+19,6.2043e+20,sim06317.iv
sim06318,29.5718,3.95878,5.88272,8.13322e+20,2.47107e+19,210.225,3.70816,5.472,8.51488e+16,8.48827e+16,39.5852,2.84004,5.13002,2.78444e+19,9.75352e+20,sim06318.iv
sim06319,35.4974,3.85267,5.92029,7.7363e+20,2.45123e+19,307.251,3.69997,5.49052,9.70828e+16,5.79968e+16,34.8663,3.12521,5.14904,1.54556e+19,7.54657e+20,sim06319.iv
sim06320,29.7206,3.92863,5.87454,8.18773e+20,2.95146e+19,277.855,3.7914,5.58198,9.86189e+16,6.82247e+16,41.3708,2.87677,5.01367,1.9559e+19,6.71658e+20,sim06320.iv
sim06321,22.4516,3.88738,5.88294,8.0511e+20,4.50382e+19,336.105,3.72885,5.58137,2.99708e+16,5.93651e+16,46.7769,3.17435,5.19904,4.23838e+19,5.33687e+20,sim06321.iv
sim06322,43.6414,3.82372,5.96217,5.81715e+20,3.93842e+19,329.315,3.62748,5.40492,7.86272e+16,6.14273e+16,30.4472,2.95437,5.01808,4.02527e+19,9.49784e+20,sim06322.iv
sim06323,25.1224,3.91075,5.9527,6.5901e+20,4.77564e+19,251.746,3.79573,5.42139,1.50409e+16,5.40139e+16,20.6934,3.11715,5.14546,1.03906e+19,5.44663e+20,sim06323.iv
sim06324,33.7259,3.99434,5.96529,6.79539e+20,2.25417e+19,311.992,3.66083,5.54059,1.37773e+16,8.42337e+16,25.555,2.94538,5.14282,1.87407e+19,9.98793e+20,sim06324.iv
sim06325,30.3148,3.91278,5.97195,9.86749e+20,4.61791e+19,337.819,3.74547,5.42022,3.17609e+16,7.08617e+16,39.6027,3.054,5.02509,2.03983e+19,8.12871e+20,sim06325.iv
sim06326,34.065,3.927,5.84985,7.67086e+20,1.10876e+19,216.509,3.66075,5.40248,4.62678e+16,3.84024e+16,34.9607,2.83759,5.09017,1.673e+19,7.18174e+20,sim06326.iv
sim06327,25.9801,3.93244,5.83906,5.16969e+20,4.9223e+19,307.303,3.75507,5.41016,6.93099e+16,5.7793e+16,47.5969,3.07845,5.04116,1.64406e+19,6.13355e+20,sim06327.iv
sim06328,38.2321,3.88891,5.99144,8.75854e+20,1.4773e+19,343.073,3.75148,5.40556,9.12267e+16,6.90738e+16,31.0463,2.82234,5.16073,1.85246e+19,7.357e+20,sim06328.iv
sim06329,48.6599,3.952,5.91119,6.88745e+20,3.64091e+19,294.101,3.64901,5.56032,2.07469e+16,2.90378e+16,24.3148,3.04324,5.00723,4.82795e+19,8.12218e+20,sim06329.iv
sim06330,47.0139,3.82457,5.84203,8.76911e+20,4.37648e+19,247.66,3.74459,5.56892,3.71159e+16,4.14614e+16,32.2546,3.10418,5.07112,1.42678e+19,7.80017e+20,sim06330.iv
sim06331,21.6232,3.91164,5.85971,8.44363e+20,1.73382e+19,314.67,3.78569,5.54865,3.70487e+16,5.89446e+16,45.1642,3.11526,5.01107,1.24619e+19,5.55372e+20,sim06331.iv
sim06332,33.7676,3.83606,5.94018,9.48847e+20,1.08845e+19,314.102,3.6075,5.41553,4.89704e+16,9.99574e+16,28.905,3.00482,5.19549,3.51794e+19,6.82023e+20,sim06332.iv
sim06333,29.8211,3.85637,5.81647,5.5194e+20,3.92262e+19,287.868,3.62585,5.48055,3.1057e+16,4.77619e+16,38.7119,2.84936,5.14383,1.15592e+19,5.05297e+20,sim06333.iv
sim06334,45.4129,3.94252,5.81677,5.30492e+20,4.31239e+19,222.593,3.74885,5.52484,8.56891e+16,5.07878e+16,37.339,2.85506,5.17694,2.44279e+19,6.13349e+20,sim06334.iv
sim06335,20.8955,3.89062,5.80031,8.08802e+20,3.95353e+19,225.672,3.69319,5.49205,2.22776e+16,5.58601e+16,39.7541,3.08132,5.02566,3.91405e+19,8.31374e+20,sim06335.iv
sim06336,24.5382,3.83961,5.86458,8.6718e+20,2.31172e+19,315.901,3.734,5.54618,1.66744e+16,4.98388e+16,25.1228,2.83127,5.05877,3.56599e+19,8.62428e+20,sim06336.iv
sim06337,47.1847,3.94392,5.81693,8.53586e+20,1.33801e+19,326.19,3.60752,5.51005,8.37738e+16,4.27179e+16,32.4906,3.06332,5.06442,4.78562e+19,5.98985e+20,sim06337.iv
sim06338,21.1221,3.98805,5.89231,9.04737e+20,3.68712e+19,319.564,3.67066,5.58931,3.38841e+16,6.61521e+16,35.8734,2.82576,5.16278,1.36525e+19,8.84879e+20,sim06338.iv
sim06339,33.4701,3.93764,5.87759,8.32516e+20,3.55325e+19,265.885,3.77071,5.58903,9.5247e+16,8.26559e+16,25.276,3.1859,5.11523,1.86083e+19,7.97181e+20,sim06339.iv
sim06340,38.1375,3.88617,5.82209,8.32604e+20,1.67619e+19,246.584,3.75792,5.53321,2.35592e+16,6.09443e+16,27.8854,3.08865,5.06995,1.79631e+19,6.69682e+20,sim06340.iv
sim06341,46.359,3.80958,5.9463,9.66718e+20,2.02719e+19,232.742,3.78764,5.48139,2.85767e+16,3.83969e+16,35.52,2.96694,5.10602,2.5508e+19,7.65216e+20,sim06341.iv
sim06342,47.0857,3.96386,5.9191,7.10714e+20,4.39262e+19,259.609,3.77607,5.43767,3.43045e+16,6.40392e+16,40.96,3.16797,5.08488,2.64518e+19,5.33797e+20,sim06342.iv
sim06343,40.3577,3.95699,5.802,8.20528e+20,2.19533e+19,314.896,3.61424,5.49831,8.84771e+16,9.8313e+16,41.6154,2.83387,5.10848,3.11126e+19,7.44336e+20,sim06343.iv
sim06344,34.0986,3.80424,5.93734,8.00238e+20,3.19158e+19,310.028,3.71046,5.48535,4.00869e+16,4.56084e+16,35.5499,2.94976,5.08809,3.55411e+19,7.77138e+20,sim06344.iv
sim06345,33.0885,3.97425,5.8686,6.34111e+20,2.36075e+19,297.485,3.6017,5.47281,1.39665e+16,8.09069e+16,31.0716,2.86535,5.0993,2.45908e+19,9.63461e+20,sim06345.iv
sim06346,40.0745,3.89547,5.99371,8.6539e+20,1.77856e+19,275.045,3.70016,5.583,6.00723e+16,7.17752e+16,24.9028,2.96217,5.03623,2.79845e+19,9.35106e+20,sim06346.iv
sim06347,45.6362,3.8302,5.8829,9.76434e+20,1.50954e+19,232.138,3.61843,5.50432,9.9744e+16,8.99105e+16,26.7395,3.12286,5.00551,3.40378e+19,9.36413e+20,sim06347.iv
sim06348,30.6219,3.87752,5.93055,9.36942e+20,3.16968e+19,341.504,3.71729,5.46884,8.59377e+16,8.3405e+16,39.3654,2.85492,5.00049,1.20773e+19,6.25926e+20,sim06348.iv
sim06349,27.1395,3.92349,5.88626,5.12991e+20,4.46296e+19,293.12,3.67845,5.4773,1.95171e+16,5.60178e+16,49.7235,3.00862,5.00298,3.47839e+19,5.03759e+20,sim06349.iv
sim06350,47.3604,3.9032,5.9381,9.37359e+20,4.14012e+19,286.296,3.68073,5.5848,1.208e+16,4.6556e+16,34.9833,3.14846,5.03309,3.79774e+19,8.34166e+20,sim06350.iv
sim06351,48.7862,3.97373,5.89687,5.45966e+20,4.361e+19,244.666,3.75085,5.51239,1.43222e+16,1.02481e+16,23.8154,2.90922,5.05484,1.8858e+19,9.34953e+20,sim06351.iv
sim06352,36.0109,3.82334,5.82081,7.95535e+20,3.69271e+19,309.915,3.7307,5.52679,8.03886e+16,1.70545e+16,39.5312,2.87322,5.03919,4.09797e+19,9.98661e+20,sim06352.iv
sim06353,29.5974,3.90327,5.94032,9.74104e+20,3.58512e+19,308.841,3.65716,5.47422,9.08135e+16,1.37732e+16,36.6709,2.85455,5.00871,1.56805e+19,7.33617e+20,sim06353.iv
sim06354,38.3638,3.83257,5.90253,9.86234e+20,3.15053e+19,218.688,3.64912,5.40779,6.28692e+16,8.89525e+16,43.262,2.81816,5.15545,3.03894e+19,9.25872e+20,sim06354.iv
sim06355,31.9008,3.88137,5.99756,6.72105e+20,1.7887e+19,346.463,3.78082,5.42208,2.94156e+16,8.70522e+16,26.5773,2.92616,5.06953,2.35724e+19,6.15762e+20,sim06355.iv
sim06356,25.3819,3.87244,5.9017,5.11628e+20,1.16622e+19,287.126,3.63545,5.43237,1.58946e+16,8.13066e+16,28.569,3.00238,5.10487,2.00621e+19,9.07578e+20,sim06356.iv
sim06357,49.1219,3.88693,5.9977,6.02871e+20,4.0478e+19,283.06,3.70881,5.58173,9.59322e+16,1.02183e+16,27.132,2.91748,5.09412,3.36803e+19,9.25665e+20,sim06357.iv
sim06358,49.6473,3.8917,5.86299,8.8026e+20,3.81967e+19,226.792,3.72949,5.56651,1.63939e+16,5.9019e+16,20.4917,2.91285,5.01041,4.86962e+19,8.01693e+20,sim06358.iv
sim06359,49.8112,3.97667,5.88059,7.59313e+20,3.85767e+19,240.77,3.61232,5.56866,6.5063e+16,9.36231e+16,41.2136,2.9122,5.05326,2.33894e+19,5.93053e+20,sim06359.iv
sim06360,34.5902,3.85176,5.97225,8.89994e+20,1.84787e+19,281.876,3.77901,5.4247,8.1292e+16,3.19322e+16,30.266,3.02211,5.16289,1.77747e+19,9.63083e+20,sim06360.iv
sim06361,33.9107,3.86401,5.84287,6.587e+20,2.25912e+19,323.612,3.68272,5.46478,2.37718e+16,6.63025e+16,31.426,3.12943,5.02955,3.34835e+19,5.30839e+20,sim06361.iv
sim06362,23.7785,3.99608,5.93972,7.62015e+20,1.42359e+19,211.852,3.65177,5.49733,1.67734e+16,4.20298e+16,27.792,3.1691,5.12445,3.21227e+19,7.43894e+20,sim06362.iv
sim06363,24.5472,3.87593,5.92201,9.21085e+20,4.82212e+19,303.712,3.7506,5.50283,2.76733e+16,7.16092e+16,41.8586,2.89529,5.17834,3.03946e+19,8.42802e+20,sim06363.iv
sim06364,35.6393,3.91554,5.94731,6.12846e+20,4.14603e+19,257.722,3.71158,5.52134,9.39323e+16,2.59365e+16,32.739,2.84238,5.08561,3.90892e+19,6.59167e+20,sim06364.iv
sim06365,39.0164,3.94814,5.90982,9.18268e+20,1.25385e+19,310.662,3.77164,5.55191,4.67853e+16,3.83394e+16,25.2688,2.96431,5.06022,3.58249e+19,5.99114e+20,sim06365.iv
sim06366,20.1604,3.95417,5.95116,6.2187e+20,3.57569e+19,321.544,3.67134,5.50635,3.51784e+16,3.60813e+16,32.127,3.02844,5.14878,2.2802e+19,7.22664e+20,sim06366.iv
sim06367,48.8866,3.98389,5.82215,8.72755e+20,3.47871e+19,297.352,3.72657,5.48736,8.40051e+16,6.86611e+16,41.5403,3.13146,5.08643,1.46892e+19,5.51575e+20,sim06367.iv
sim06368,39.3075,3.89957,5.96148,5.22629e+20,1.2219e+19,317.494,3.79886,5.56948,4.77114e+16,8.88304e+16,21.0926,3.09307,5.03467,2.13697e+19,6.74405e+20,sim06368.iv
sim06369,25.3466,3.90061,5.88518,7.65535e+20,2.47391e+19,222.962,3.76115,5.56143,7.50985e+16,6.92497e+16,34.3115,3.09644,5.17373,4.02858e+19,6.27538e+20,sim06369.iv
sim06370,26.0858,3.9132,5.87897,6.73384e+20,4.74445e+19,313.289,3.70026,5.46877,3.37239e+16,9.9719e+16,28.9128,3.13844,5.0264,4.06211e+19,7.46066e+20,sim06370.iv
sim06371,33.5719,3.96183,5.81089,5.0443e+20,1.42144e+19,216.475,3.78619,5.42369,8.08457e+16,7.8035e+16,20.0332,2.91173,5.16148,3.60424e+19,8.87575e+20,sim06371.iv
sim06372,44.8912,3.80627,5.93433,5.17147e+20,4.71386e+19,269.797,3.66386,5.43466,7.09795e+16,8.37803e+16,23.2548,3.19286,5.01614,4.13604e+19,5.34343e+20,sim06372.iv
sim06373,26.2446,3.83155,5.83385,9.28784e+20,3.65217e+19,346.054,3.6445,5.43802,2.48657e+16,8.50892e+16,29.9489,3.03938,5.06941,3.16202e+19,8.44866e+20,sim06373.iv
sim06374,23.5527,3.98069,5.86172,5.8228e+20,4.15022e+19,349.507,3.66637,5.48232,2.68691e+16,1.21102e+16,24.0252,3.18248,5.17678,4.1914e+19,9.70261e+20,sim06374.iv
sim06375,38.9636,3.87877,5.8522,8.79015e+20,3.75829e+19,278.392,3.72453,5.52861,4.97392e+16,2.8488e+16,26.5474,2.8511,5.02609,2.58766e+19,6.10262e+20,sim06375.iv
sim06376,21.4066,3.86839,5.8262,8.52157e+20,3.01792e+19,214.986,3.63245,5.40453,3.30379e+16,2.47166e+16,23.0786,2.88009,5.13747,1.08819e+19,5.879e+20,sim06376.iv
sim06377,36.1645,3.86221,5.8942,9.93793e+20,2.07828e+19,331.119,3.60142,5.47285,3.52708e+16,6.89031e+16,49.3599,3.03929,5.10307,3.87162e+19,5.0257e+20,sim06377.iv
sim06378,42.7781,3.82029,5.98505,9.51323e+20,2.48059e+19,210.888,3.65295,5.56247,4.07438e+16,4.65808e+16,39.886,2.9126,5.12616,2.78084e+19,9.99703e+20,sim06378.iv
sim06379,49.0563,3.90195,5.88313,5.10524e+20,2.33928e+19,311.859,3.75341,5.43266,9.10947e+16,2.46855e+16,46.08,2.96705,5.04714,3.8334e+19,9.29345e+20,sim06379.iv
sim06380,48.9102,3.95312,5.99211,6.96429e+20,4.61909e+19,276.085,3.62479,5.5931,2.36757e+16,1.85423e+16,29.3173,3.02266,5.06409,3.39558e+19,7.99052e+20,sim06380.iv
sim06381,42.4694,3.9939,5.92523,6.23549e+20,1.10715e+19,297.197,3.6728,5.47258,3.97537e+16,4.81856e+16,34.592,3.06868,5.15373,2.83397e+19,5.42848e+20,sim06381.iv
sim06382,33.2544,3.97958,5.98129,9.82772e+20,4.16713e+19,308.418,3.70913,5.46695,8.31872e+16,2.60695e+16,42.1083,3.01732,5.117,2.56453e+19,7.81948e+20,sim06382.iv
sim06383,43.5642,3.89649,5.96125,5.1165e+20,4.20831e+19,334.72,3.78569,5.4922,4.95385e+16,4.36812e+16,22.4939,3.14973,5.05061,1.6067e+19,8.82735e+20,sim06383.iv
sim06384,24.1583,3.95292,5.96661,6.28947e+20,1.40357e+19,261.503,3.62681,5.51701,9.09872e+16,5.66719e+16,27.0256,3.03849,5.0181,2.22603e+19,9.57281e+20,sim06384.iv
sim06385,45.5346,3.95401,5.93633,8.66879e+20,3.55234e+19,289.47,3.61025,5.41981,3.0871e+16,5.92729e+16,26.6035,2.98673,5.11643,3.99518e+19,7.79099e+20,sim06385.iv
sim06386,40.2848,3.89061,5.98452,8.81959e+20,2.78214e+19,235.255,3.74193,5.48927,3.02156e+16,6.40755e+16,31.6142,3.11094,5.0565,2.87695e+19,6.76768e+20,sim06386.iv
sim06387,45.4618,3.88506,5.84708,9.31037e+20,4.70867e+19,261.7,3.77561,5.49806,7.59289e+16,3.45172e+16,24.7928,3.00773,5.08053,1.00116e+19,5.22786e+20,sim06387.iv
sim06388,38.8198,3.86909,5.80659,7.14912e+20,1.49592e+19,231.087,3.75202,5.4155,5.14187e+16,3.94316e+16,49.3719,2.80869,5.09102,3.79654e+19,9.71545e+20,sim06388.iv
sim06389,29.4603,3.92688,5.85111,8.1482e+20,1.34985e+19,250.058,3.68885,5.41202,2.75796e+16,1.94899e+16,48.3542,3.00483,5.11744,4.27322e+19,6.71596e+20,sim06389.iv
sim06390,23.0063,3.8338,5.93757,9.73661e+20,2.80062e+19,253.159,3.7763,5.47944,2.16252e+16,3.32485e+16,43.4185,3.14495,5.1582,4.93713e+19,5.66735e+20,sim06390.iv
sim06391,34.7324,3.93204,5.99535,9.74241e+20,2.42851e+19,334.402,3.70304,5.41928,1.52318e+16,9.99273e+16,48.2578,3.0528,5.13997,3.33661e+19,8.97714e+20,sim06391.iv
sim06392,28.485,3.84985,5.90028,6.01952e+20,3.06817e+19,343.778,3.66143,5.52066,9.08104e+16,6.14676e+16,23.1341,3.04862,5.12032,2.26719e+19,8.07992e+20,sim06392.iv
sim06393,43.015,3.96221,5.95655,7.52159e+20,4.04679e+19,217.795,3.74593,5.45076,1.7726e+16,5.27715e+16,25.5248,3.19148,5.03747,4.7372e+19,9.19698e+20,sim06393.iv
sim06394,45.3968,3.88806,5.85304,7.4019e+20,4.81673e+19,252.171,3.62679,5.55224,5.29937e+16,3.19135e+16,21.3569,3.12275,5.05147,1.0493e+19,9.91702e+20,sim06394.iv
sim06395,45.5034,3.92431,5.91806,6.04891e+20,2.69334e+19,297.128,3.66006,5.53642,6.76949e+16,9.10773e+16,22.7276,2.81659,5.00016,4.91974e+19,8.03185e+20,sim06395.iv
sim06396,42.6317,3.92944,5.8461,8.33724e+20,3.63702e+19,337.387,3.67104,5.52642,4.52878e+16,2.56926e+16,43.0435,2.9862,5.08104,2.83932e+19,9.54934e+20,sim06396.iv
sim06397,38.1396,3.84479,5.88521,5.50576e+20,2.25915e+19,258.088,3.62838,5.57466,6.62104e+16,1.14743e+16,23.0144,3.1903,5.01976,3.75177e+19,8.78316e+20,sim06397.iv
sim06398,46.5633,3.97377,5.93358,8.32327e+20,2.92537e+19,218.279,3.72041,5.47581,5.44548e+16,6.85197e+16,38.7073,3.10721,5.13687,4.39002e+19,9.91304e+20,sim06398.iv
sim06399,31.4063,3.90165,5.80435,6.27307e+20,3.07304e+19,262.069,3.68733,5.50336,8.43904e+16,1.39515e+16,38.7519,3.03123,5.07154,4.02535e+19,9.95785e+20,sim06399.iv
sim06400,39.9013,3.93415,5.84695,9.3641e+20,1.44961e+19,319.397,3.77878,5.5444,3.83334e+16,5.73494e+16,45.9834,2.82962,5.04957,1.84672e+19,8.1783e+20,sim06400.iv
sim06401,23.238,3.85386,5.96984,8.09202e+20,3.11607e+19,223.986,3.63192,5.42217,2.73845e+16,3.11731e+16,32.9354,2.93255,5.00625,4.29706e+19,9.1261e+20,sim06401.iv
sim06402,31.1231,3.97981,5.99356,6.8986e+20,3.69415e+19,330.288,3.75706,5.44695,6.00115e+16,4.84892e+16,28.5551,3.05225,5.00161,1.65404e+19,5.50649e+20,sim06402.iv
sim06403,49.8205,3.83095,5.96622,9.31531e+20,3.01096e+19,217.634,3.75215,5.51868,6.77556e+16,6.0296e+16,30.0168,3.19725,5.13842,3.83749e+19,7.75285e+20,sim06403.iv
sim06404,21.781,3.91749,5.89525,7.08016e+20,2.86228e+19,329.346,3.77262,5.57327,6.11588e+16,7.72998e+16,28.0533,2.86192,5.1261,4.6135e+19,8.37595e+20,sim06404.iv
sim06405,47.7617,3.88793,5.88326,9.39767e+20,3.28125e+19,243.257,3.60702,5.45177,1.04237e+16,9.88623e+16,24.736,2.86431,5.14445,4.78305e+19,5.83375e+20,sim06405.iv
sim06406,26.5993,3.86948,5.89853,5.38567e+20,1.17219e+19,210.388,3.79923,5.53028,9.1081e+16,7.9222e+16,47.1862,2.95995,5.16152,4.89836e+19,7.57315e+20,sim06406.iv
sim06407,44.2537,3.99267,5.94692,5.05354e+20,4.19798e+19,225.112,3.78886,5.57502,3.90312e+16,6.71034e+16,49.1021,2.93108,5.15044,2.30718e+19,7.54813e+20,sim06407.iv
sim06408,48.1637,3.89235,5.80383,7.5347e+20,2.28598e+19,329.742,3.76099,5.55463,7.27756e+16,9.88032e+16,28.5757,2.83402,5.13865,3.54359e+19,6.83718e+20,sim06408.iv
sim06409,20.5782,3.87399,5.83352,5.75526e+20,4.52506e+19,280.453,3.70282,5.42872,9.41375e+16,4.34002e+16,37.6257,2.83149,5.10733,1.32845e+19,7.21413e+20,sim06409.iv
sim06410,46.0517,3.80934,5.87956,6.26713e+20,1.76976e+19,265.881,3.78437,5.49282,6.55052e+16,8.53463e+16,23.5201,2.93668,5.00805,1.37618e+19,6.36661e+20,sim06410.iv
sim06411,38.2516,3.88766,5.83847,5.25493e+20,2.94536e+19,215.244,3.63722,5.41169,6.1556e+16,2.39432e+16,31.204,2.88833,5.1797,3.54427e+19,7.09775e+20,sim06411.iv
sim06412,44.4296,3.96372,5.94239,7.54742e+20,3.07916e+19,323.215,3.62954,5.51168,9.30612e+16,8.44277e+16,33.146,3.10912,5.02989,4.63618e+19,7.56434e+20,sim06412.iv
sim06413,43.8116,3.90561,5.92262,6.94552e+20,1.66209e+19,282.797,3.79729,5.40602,4.15635e+16,1.87452e+16,40.6365,2.93124,5.19636,1.68566e+19,7.32949e+20,sim06413.iv
sim06414,49.5842,3.83968,5.82322,8.2789e+20,1.30748e+19,266.277,3.65707,5.49752,1.82821e+16,8.97622e+16,22.3644,3.16823,5.15977,4.37198e+19,8.59456e+20,sim06414.iv
sim06415,49.2692,3.96018,5.8843,9.11339e+20,4.76671e+19,330.958,3.72635,5.58354,6.00792e+16,2.93009e+16,25.264,3.0796,5.07023,1.36669e+19,5.3424e+20,sim06415.iv
sim06416,23.8256,3.95463,5.80895,8.85753e+20,1.01631e+19,220.664,3.77444,5.56511,6.25882e+16,3.02954e+16,21.4233,2.95451,5.1569,3.17482e+19,9.08105e+20,sim06416.iv
sim06417,40.3203,3.97976,5.95214,5.87872e+20,1.8818e+19,251.533,3.6532,5.42682,8.14388e+16,3.68666e+16,35.1781,3.17817,5.05911,3.4214e+19,7.55433e+20,sim06417.iv
sim06418,46.8802,3.98974,5.99692,6.18087e+20,4.7303e+19,328.891,3.70156,5.51958,1.09327e+16,8.8654e+16,27.0781,3.00366,5.13525,4.21773e+19,8.97881e+20,sim06418.iv
sim06419,39.159,3.86193,5.96838,6.46622e+20,4.34504e+19,248.193,3.68127,5.47615,7.25455e+16,6.87196e+16,27.0188,2.92392,5.14742,1.29937e+19,9.50982e+20,sim06419.iv
sim06420,46.5178,3.80359,5.9535,5.0182e+20,2.22996e+19,247.268,3.75775,5.42851,3.66539e+16,7.57617e+16,20.918,2.91101,5.1999,4.42408e+19,8.27012e+20,sim06420.iv
sim06421,32.9306,3.94813,5.88291,5.36479e+20,3.01438e+19,301.114,3.7156,5.50372,9.84236e+16,1.03668e+16,31.7925,2.86078,5.07654,2.41473e+19,5.2304e+20,sim06421.iv
sim06422,24.2703,3.95341,5.88107,9.5486e+20,4.98233e+19,333.674,3.72969,5.51167,7.62963e+16,1.07288e+16,23.5076,2.81681,5.16234,1.59923e+19,9.59423e+20,sim06422.iv
sim06423,38.0427,3.99924,5.94478,5.43747e+20,2.95006e+19,234.089,3.61609,5.51951,4.21888e+16,5.06566e+16,33.5355,2.84359,5.00106,4.67908e+19,6.7615e+20,sim06423.iv
sim06424,21.9997,3.87417,5.93576,7.77395e+20,2.14774e+19,248.098,3.72604,5.47673,6.44629e+16,3.16578e+16,30.5144,3.13305,5.11094,2.57273e+19,6.04245e+20,sim06424.iv
sim06425,38.1594,3.8808,5.86437,8.20225e+20,3.35352e+19,239.835,3.75347,5.55545,6.48635e+16,6.47551e+16,28.7626,2.95912,5.17171,4.34903e+19,9.30398e+20,sim06425.iv
sim06426,45.6626,3.96832,5.89492,6.74698e+20,4.83174e+19,316.711,3.60284,5.43128,7.15744e+16,7.87461e+16,23.2856,3.02525,5.11291,2.62779e+19,7.74917e+20,sim06426.iv
sim06427,21.5406,3.88252,5.83447,8.07506e+20,3.20578e+19,210.461,3.79215,5.48033,2.99979e+16,5.46442e+16,38.3366,3.1793,5.18951,3.88493e+19,8.75788e+20,sim06427.iv
sim06428,30.6049,3.86451,5.87145,6.90254e+20,3.3871e+19,282.62,3.67069,5.55339,9.82645e+16,5.86915e+16,30.5666,3.10135,5.03769,3.39381e+19,6.41265e+20,sim06428.iv
sim06429,25.6731,3.90653,5.8237,7.7031e+20,4.4552e+19,313.214,3.72704,5.41455,1.78949e+16,8.39993e+16,43.6019,2.85764,5.09599,4.85217e+19,9.01182e+20,sim06429.iv
sim06430,33.3614,3.88456,5.89602,5.15929e+20,3.57418e+19,270.451,3.62212,5.40267,6.5217e+16,6.35082e+16,43.0922,2.84888,5.01263,4.35447e+19,5.57734e+20,sim06430.iv
sim06431,23.6098,3.98791,5.82463,7.29862e+20,4.54229e+19,246.475,3.68959,5.59564,3.64627e+16,7.89071e+16,39.0763,3.08855,5.07494,3.86491e+19,7.88146e+20,sim06431.iv
sim06432,46.1331,3.85662,5.81651,6.62948e+20,3.9883e+19,281.978,3.70675,5.43006,2.39872e+16,2.36799e+16,33.497,3.0142,5.18879,2.24859e+19,5.50808e+20,sim06432.iv
sim06433,33.751,3.90639,5.91902,9.38064e+20,2.73027e+19,216.762,3.77844,5.48021,1.20217e+16,3.5847e+16,33.6615,3.1748,5.00881,4.49401e+19,5.45279e+20,sim06433.iv
sim06434,39.6435,3.83014,5.8682,9.30187e+20,3.38213e+19,327.451,3.65049,5.49599,2.84781e+16,8.66897e+16,36.6192,3.01186,5.05705,1.42429e+19,7.63439e+20,sim06434.iv
sim06435,24.5917,3.81459,5.9429,8.55775e+20,1.15992e+19,324.666,3.78275,5.57433,2.92788e+16,7.85767e+16,40.4703,3.06746,5.01801,2.70518e+19,5.03378e+20,sim06435.iv
sim06436,49.4116,3.84806,5.99207,8.8502e+20,1.84493e+19,269.962,3.71947,5.40851,5.98893e+16,4.14208e+16,22.4616,3.0779,5.11326,4.24732e+19,9.50825e+20,sim06436.iv
sim06437,25.8662,3.93123,5.86393,7.80404e+20,1.61304e+19,244.889,3.76235,5.44171,4.49936e+16,8.69296e+16,27.906,3.01058,5.03533,1.80309e+19,6.18408e+20,sim06437.iv
sim06438,28.3758,3.82175,5.91701,7.19978e+20,1.0772e+19,214.823,3.75005,5.56572,9.85428e+16,1.496e+16,34.8106,2.83548,5.11213,3.56182e+19,7.67231e+20,sim06438.iv
sim06439,26.8317,3.88965,5.89189,9.60141e+20,1.98985e+19,280.06,3.77518,5.47624,4.72548e+16,3.12508e+16,38.9199,2.95746,5.15752,3.47132e+19,7.92014e+20,sim06439.iv
sim06440,40.9956,3.8092,5.84741,6.82637e+20,4.21138e+19,219.397,3.66491,5.5396,6.53432e+16,8.17584e+16,32.3263,2.89743,5.09263,2.37916e+19,6.77332e+20,sim06440.iv
sim06441,35.9794,3.87015,5.82643,5.18997e+20,3.12038e+19,250.513,3.75344,5.52239,8.21853e+16,3.82438e+16,37.9854,3.18413,5.04773,4.79311e+19,5.89536e+20,sim06441.iv
sim06442,24.5526,3.947,5.99613,9.06259e+20,1.24455e+19,234.978,3.73851,5.57272,5.07444e+16,6.94479e+16,32.9215,2.99063,5.16897,4.2258e+19,7.94251e+20,sim06442.iv
sim06443,26.2343,3.8896,5.93965,5.20854e+20,3.43671e+19,296.985,3.71812,5.49897,4.99259e+16,6.96019e+16,30.8167,3.1612,5.00837,4.60417e+19,9.48174e+20,sim06443.iv
sim06444,40.6044,3.96294,5.8912,6.21516e+20,2.73541e+19,327.77,3.71736,5.57226,8.01951e+16,2.7221e+16,44.567,2.80314,5.19499,2.05009e+19,6.4741e+20,sim06444.iv
sim06445,29.8273,3.98862,5.93206,6.43963e+20,2.258e+19,326.488,3.61611,5.5588,7.72996e+16,4.12534e+16,38.5183,3.12056,5.02697,4.79937e+19,6.15817e+20,sim06445.iv
sim06446,39.6218,3.93372,5.84139,5.56239e+20,4.06206e+19,267.541,3.73355,5.41079,7.97845e+16,8.06246e+16,33.2431,2.90751,5.0093,2.12519e+19,6.99079e+20,sim06446.iv
sim06447,27.2563,3.80672,5.82319,8.14254e+20,2.09148e+19,327.658,3.64006,5.431,4.49488e+16,6.67551e+16,45.7741,3.09738,5.12549,2.39826e+19,9.95429e+20,sim06447.iv
sim06448,27.7578,3.84361,5.91976,8.97718e+20,4.89996e+19,264.102,3.67826,5.56354,9.14395e+16,6.20743e+16,20.2277,3.00304,5.07934,2.895e+19,5.91109e+20,sim06448.iv
sim06449,40.3175,3.99928,5.93223,6.34961e+20,2.72613e+19,298.492,3.75177,5.57507,5.08301e+16,9.38105e+16,47.5148,3.09516,5.1768,3.32302e+19,5.001e+20,sim06449.iv
sim06450,34.9081,3.89878,5.81455,6.57542e+20,2.57902e+19,302.982,3.70254,5.40361,9.81798e+16,3.97833e+16,32.4418,3.04011,5.19239,2.42733e+19,6.9211e+20,sim06450.iv
sim06451,36.4067,3.8437,5.82416,7.56423e+20,4.82889e+19,277.239,3.67736,5.41746,6.07235e+16,5.50321e+16,32.3223,3.10127,5.04585,4.25971e+19,8.954e+20,sim06451.iv
sim06452,22.5789,3.99438,5.84432,7.52515e+20,2.44309e+19,293.131,3.70815,5.59807,9.28062e+16,3.36672e+16,30.4726,3.15293,5.12606,4.12456e+19,7.86673e+20,sim06452.iv
sim06453,48.4941,3.90434,5.90425,5.89585e+20,2.06536e+19,343.556,3.72673,5.49516,8.18024e+16,9.13829e+16,36.9477,3.12192,5.04669,1.86354e+19,5.10126e+20,sim06453.iv
sim06454,26.1835,3.95647,5.92135,8.95379e+20,3.00716e+19,260.222,3.62272,5.47824,8.88023e+16,4.64006e+16,36.9395,3.16358,5.12861,3.36899e+19,9.66067e+20,sim06454.iv
sim06455,29.5629,3.9951,5.97295,7.80733e+20,2.57362e+19,226.536,3.67821,5.47557,3.37597e+16,5.35588e+16,49.3029,2.95055,5.0628,2.11915e+19,5.156e+20,sim06455.iv
sim06456,24.4609,3.84583,5.97126,8.84839e+20,3.91684e+19,233.7,3.79588,5.59153,6.90916e+16,9.53704e+16,43.4412,2.8508,5.11406,2.20922e+19,6.60077e+20,sim06456.iv
sim06457,41.8819,3.92538,5.91179,9.97036e+20,2.04626e+19,332.386,3.73788,5.40558,5.24472e+16,2.37565e+16,23.5718,3.0772,5.17756,3.71767e+19,6.7057e+20,sim06457.iv
sim06458,21.3473,3.89376,5.83893,9.12695e+20,2.39443e+19,336.187,3.62459,5.41245,1.03083e+16,9.8159e+16,34.2018,3.08936,5.02085,1.42415e+19,6.34315e+20,sim06458.iv
sim06459,23.2664,3.80887,5.81316,7.13133e+20,2.71483e+19,279.675,3.72341,5.4551,5.75651e+16,9.88672e+16,39.4379,3.12631,5.17607,1.88608e+19,6.0728e+20,sim06459.iv
sim06460,26.3919,3.88028,5.98634,9.33059e+20,2.71368e+19,275.613,3.77355,5.51111,4.3902e+16,1.50473e+16,33.1449,2.87702,5.01049,1.25239e+19,7.93406e+20,sim06460.iv
sim06461,32.7653,3.96676,5.92524,5.3439e+20,2.93186e+19,292.868,3.76752,5.59284,4.92803e+16,3.17584e+16,34.8883,2.88475,5.05473,1.58524e+19,8.2208e+20,sim06461.iv
sim06462,40.8698,3.87346,5.80169,8.02079e+20,1.94072e+19,226.069,3.69882,5.46563,4.41286e+16,7.92191e+16,46.4359,3.13539,5.11674,1.57608e+19,6.80479e+20,sim06462.iv
sim06463,33.7793,3.91012,5.83001,6.49542e+20,4.35795e+19,348.332,3.64574,5.55075,3.45098e+16,2.28769e+16,24.3145,3.13587,5.09194,3.52706e+19,9.43233e+20,sim06463.iv
sim06464,37.9017,3.80038,5.92297,5.3406e+20,2.81765e+19,318.3,3.76756,5.48384,6.28376e+16,8.04422e+16,28.9,3.03052,5.04408,1.86586e+19,6.26468e+20,sim06464.iv
sim06465,34.2145,3.81892,5.9517,6.58525e+20,4.22941e+19,226.283,3.73722,5.58822,9.08077e+16,9.11378e+16,27.1235,3.00357,5.19423,1.43473e+19,9.26517e+20,sim06465.iv
sim06466,39.4191,3.85802,5.84703,9.86726e+20,1.18582e+19,294.785,3.66535,5.54532,8.77416e+16,8.39685e+16,45.1655,3.17658,5.15898,3.3721e+19,6.1514e+20,sim06466.iv
sim06467,28.572,3.83507,5.93452,5.36497e+20,1.41493e+19,281.335,3.66665,5.58381,8.43845e+16,4.58578e+16,46.8898,3.03351,5.09325,4.26525e+19,9.92138e+20,sim06467.iv
sim06468,41.9216,3.93978,5.95557,7.16608e+20,4.02809e+19,281.071,3.77992,5.57209,1.95213e+16,4.97103e+16,41.0149,2.84276,5.06586,2.4203e+19,8.31335e+20,sim06468.iv
sim06469,22.5696,3.96984,5.88219,5.04418e+20,4.72897e+19,295.901,3.63545,5.56762,8.32173e+16,8.76988e+16,37.5941,3.03687,5.16964,3.50347e+19,5.01096e+20,sim06469.iv
sim06470,40.0316,3.98913,5.90575,5.76971e+20,4.98548e+19,275.701,3.66789,5.57949,7.12809e+16,4.99094e+16,31.1524,3.1567,5.06329,2.7893e+19,7.01736e+20,sim06470.iv
sim06471,49.1385,3.97561,5.93944,7.9329e+20,3.00071e+19,224.693,3.77966,5.59536,7.67696e+16,3.57297e+16,31.7338,3.1247,5.16706,2.22284e+19,8.402e+20,sim06471.iv
sim06472,48.3051,3.94713,5.88166,7.50921e+20,4.06899e+19,214.171,3.7746,5.42959,9.0002e+16,9.93782e+16,21.5321,3.18481,5.0454,2.86243e+19,5.41288e+20,sim06472.iv
sim06473,26.9683,3.84892,5.83722,9.22924e+20,4.9052e+19,252.701,3.7478,5.43037,9.50896e+16,7.27623e+16,40.994,2.89868,5.105,2.62846e+19,9.33967e+20,sim06473.iv
sim06474,39.6901,3.85595,5.82077,9.03552e+20,1.26311e+19,274.67,3.72966,5.52018,2.07562e+16,6.82714e+16,27.2069,3.02272,5.04972,2.54792e+19,8.73053e+20,sim06474.iv
sim06475,27.607,3.97044,5.89075,9.96178e+20,3.44085e+19,232.385,3.74978,5.52209,2.0656e+16,1.61565e+16,44.7404,2.99498,5.13875,3.00392e+19,9.13847e+20,sim06475.iv
sim06476,24.8384,3.82221,5.87784,7.59811e+20,3.47867e+19,243.053,3.75156,5.54707,5.41711e+16,5.24916e+16,41.5385,3.19896,5.0757,2.09707e+19,7.40236e+20,sim06476.iv
sim06477,27.3734,3.81198,5.99064,6.76096e+20,3.04243e+19,224.428,3.74715,5.49615,2.60014e+16,3.37875e+16,38.4783,3.14489,5.02162,1.75378e+19,9.31561e+20,sim06477.iv
sim06478,41.9678,3.98539,5.8315,8.27876e+20,1.92795e+19,252.354,3.70776,5.47651,6.10973e+16,4.45346e+16,42.5765,2.89439,5.01446,4.13528e+19,9.4725e+20,sim06478.iv
sim06479,44.6901,3.88946,5.8888,6.54389e+20,2.86891e+19,214.854,3.73403,5.54066,8.36048e+16,6.81353e+16,25.3342,3.14337,5.07505,3.55897e+19,6.06756e+20,sim06479.iv
sim06480,32.2941,3.92581,5.93123,6.51953e+20,3.3883e+19,210.546,3.71873,5.58149,5.78125e+16,4.95728e+16,34.1198,2.83464,5.0842,4.31634e+19,9.70719e+20,sim06480.iv
sim06481,25.3937,3.93934,5.90198,9.70467e+20,2.81804e+19,240.719,3.60901,5.55026,7.47554e+16,9.3378e+16,21.8135,3.19303,5.03689,3.24425e+19,7.82605e+20,sim06481.iv
sim06482,21.2262,3.92481,5.86789,9.17659e+20,3.13003e+19,220.411,3.71278,5.59203,8.35926e+16,7.72169e+16,47.0971,3.08128,5.03298,2.50751e+19,5.47849e+20,sim06482.iv
sim06483,34.8035,3.85058,5.94242,5.39339e+20,1.30639e+19,343.169,3.77001,5.47065,1.05559e+16,3.56711e+16,27.547,3.09754,5.09447,3.27822e+19,9.45258e+20,sim06483.iv
sim06484,32.4864,3.80145,5.99074,7.65602e+20,1.44843e+19,327.192,3.63846,5.54102,4.03677e+16,9.43079e+16,37.148,2.91207,5.07246,2.8781e+19,9.46928e+20,sim06484.iv
sim06485,32.9784,3.91668,5.8367,5.95221e+20,1.49539e+19,235.252,3.66805,5.46395,7.71197e+16,6.75263e+16,27.8039,2.90276,5.05651,2.55661e+19,7.60905e+20,sim06485.iv
sim06486,40.5984,3.9151,5.86259,7.5397e+20,4.48855e+19,289.826,3.62137,5.50216,9.64094e+16,5.9728e+16,24.0002,3.12748,5.05766,2.49587e+19,9.85104e+20,sim06486.iv
sim06487,25.9984,3.87217,5.99227,9.48763e+20,1.06229e+19,318.625,3.62153,5.51656,7.37238e+16,5.45062e+16,49.9185,3.00025,5.02692,1.14545e+19,8.35e+20,sim06487.iv
sim06488,32.4459,3.93513,5.92917,6.92775e+20,2.5021e+19,277.537,3.69132,5.44331,1.1332e+16,8.46708e+16,45.0838,3.09378,5.07825,3.06705e+19,5.20174e+20,sim06488.iv
sim06489,48.5902,3.86311,5.93572,7.24176e+20,1.29822e+19,306.822,3.64836,5.52592,8.56344e+16,4.2003e+16,45.8616,2.94675,5.07403,4.59577e+19,8.56174e+20,sim06489.iv
sim06490,37.8701,3.82794,5.80921,8.57203e+20,2.66687e+19,219.558,3.61512,5.40392,5.58434e+16,8.07818e+16,42.3743,2.90427,5.1361,4.80918e+19,9.00885e+20,sim06490.iv
sim06491,32.7288,3.94574,5.83284,8.89629e+20,1.85384e+19,262.942,3.71985,5.51203,6.0702e+16,8.05188e+16,26.8131,3.14711,5.00711,1.60315e+19,9.85209e+20,sim06491.iv
sim06492,42.7522,3.82981,5.88966,5.03705e+20,3.08466e+19,347.543,3.72935,5.52187,8.45785e+16,6.18833e+16,39.2762,2.91899,5.1128,3.93866e+19,7.57619e+20,sim06492.iv
sim06493,32.1919,3.84213,5.84918,9.59476e+20,1.52013e+19,298.123,3.74709,5.43997,2.54915e+16,2.88082e+16,36.4317,2.8764,5.05573,2.41984e+19,5.20319e+20,sim06493.iv
sim06494,20.8393,3.80134,5.9769,9.59079e+20,3.28314e+19,215.986,3.70567,5.57556,8.67654e+16,6.31568e+16,23.5197,2.93748,5.19784,4.30192e+19,8.58798e+20,sim06494.iv
sim06495,29.5011,3.83717,5.8856,6.16951e+20,2.34213e+19,323.519,3.63433,5.45011,3.2974e+16,9.22568e+16,23.076,2.98373,5.18619,4.44292e+19,8.29281e+20,sim06495.iv
sim06496,40.8948,3.94,5.82456,5.30529e+20,1.02533e+19,278.419,3.74028,5.49549,1.07691e+16,7.32454e+16,31.8516,3.12147,5.18708,2.83927e+19,7.33114e+20,sim06496.iv
sim06497,31.95,3.88458,5.92393,8.68997e+20,2.5956e+19,243.759,3.62137,5.54662,4.72731e+16,7.40345e+16,30.7913,3.06179,5.08641,4.74787e+19,7.38457e+20,sim06497.iv
sim06498,40.1805,3.91389,5.96612,8.56906e+20,2.63544e+19,231.985,3.68501,5.5824,7.76566e+16,4.71968e+16,31.3377,2.81981,5.06063,3.59368e+19,9.5069e+20,sim06498.iv
sim06499,40.057,3.80663,5.86515,8.89285e+20,4.32754e+19,223.089,3.65286,5.46464,9.02893e+16,6.18346e+16,25.604,3.0314,5.1453,2.44544e+19,9.7059e+20,sim06499.iv
sim06500,44.8498,3.9248,5.87588,5.05573e+20,1.28665e+19,322.744,3.77905,5.42478,1.80938e+16,7.18995e+16,36.7346,2.94739,5.06193,1.97736e+19,5.99853e+20,sim06500.iv
sim06501,26.8302,3.86622,5.90223,9.89224e+20,1.11491e+19,316.829,3.62102,5.51005,2.70579e+16,1.11466e+16,23.7873,2.88989,5.05893,1.74023e+19,6.50422e+20,sim06501.iv
sim06502,28.9319,3.98166,5.95326,5.93249e+20,3.58737e+19,267.453,3.69249,5.46657,6.90835e+16,1.22642e+16,31.2888,3.10743,5.19879,1.54128e+19,6.6716e+20,sim06502.iv
sim06503,31.6165,3.90938,5.89691,9.14627e+20,3.55827e+19,324.239,3.74321,5.58909,7.6334e+16,1.89687e+16,40.6889,2.81318,5.03534,4.74481e+19,9.77746e+20,sim06503.iv
sim06504,23.2458,3.8794,5.9977,5.36827e+20,4.64614e+19,347.599,3.77645,5.5636,6.14124e+16,9.20857e+16,23.0297,2.84535,5.13829,1.03515e+19,8.19824e+20,sim06504.iv
sim06505,38.5258,3.92239,5.8345,9.57567e+20,3.9362e+19,249.341,3.7197,5.47944,7.85366e+16,5.45495e+16,28.6885,3.1266,5.07958,4.98314e+19,6.96085e+20,sim06505.iv
sim06506,37.0984,3.87998,5.90697,9.95526e+20,1.44766e+19,323.97,3.77766,5.53419,5.42587e+16,5.87703e+16,40.5543,3.18115,5.0691,4.66093e+19,6.40074e+20,sim06506.iv
sim06507,33.457,3.88803,5.83483,5.9474e+20,4.44497e+19,348.655,3.78938,5.44239,3.59243e+16,2.13257e+16,40.878,2.80169,5.13584,2.05938e+19,8.60169e+20,sim06507.iv
sim06508,25.5401,3.98664,5.82223,5.18133e+20,1.46705e+19,244.052,3.73609,5.48789,5.14062e+16,6.32075e+16,40.2872,3.08743,5.08456,1.50434e+19,5.4718e+20,sim06508.iv
sim06509,27.726,3.83425,5.87718,9.95906e+20,2.2055e+19,342.111,3.72909,5.4102,7.78918e+16,7.45068e+16,41.1043,2.85521,5.00415,4.30198e+19,8.72822e+20,sim06509.iv
sim06510,37.4887,3.95232,5.91541,7.96313e+20,4.84734e+19,230.353,3.6598,5.42248,3.09443e+16,8.60102e+16,41.5486,3.02809,5.04229,2.92283e+19,7.79434e+20,sim06510.iv
sim06511,23.8573,3.81484,5.83644,8.96219e+20,3.26915e+19,301.074,3.62122,5.46276,3.13684e+16,8.07552e+16,24.253,2.90736,5.13902,3.6195e+19,9.37155e+20,sim06511.iv
sim06512,45.4008,3.96795,5.95072,5.75144e+20,3.17754e+19,226.141,3.69979,5.55673,5.59649e+16,4.10989e+16,49.9731,2.92363,5.03669,3.03893e+19,7.26399e+20,sim06512.iv
sim06513,30.2541,3.85439,5.9989,6.82641e+20,3.21519e+19,222.078,3.69301,5.50057,4.15722e+16,1.3424e+16,35.8519,2.81724,5.04425,4.7565e+19,6.72345e+20,sim06513.iv
sim06514,32.6101,3.9051,5.97521,6.29368e+20,4.81532e+19,314.336,3.6251,5.55084,7.52806e+16,6.61319e+16,31.9171,3.11749,5.17196,1.28129e+19,6.85959e+20,sim06514.iv
sim06515,36.1346,3.99614,5.89861,6.62088e+20,1.38774e+19,295.264,3.76086,5.59806,6.77168e+16,6.51192e+16,36.9759,3.10416,5.10127,2.10668e+19,6.78456e+20,sim06515.iv
sim06516,41.1114,3.96497,5.92366,8.64354e+20,1.00473e+19,344.797,3.63721,5.45268,3.33134e+16,3.51984e+16,25.5464,2.80878,5.18959,2.65271e+19,5.74399e+20,sim06516.iv
sim06517,33.4049,3.91251,5.95026,7.55759e+20,3.6076e+19,237.387,3.77247,5.5714,1.72824e+16,4.34239e+16,44.9844,2.9116,5.01949,1.21118e+19,5.98221e+20,sim06517.iv
sim06518,26.634,3.94917,5.80292,7.78179e+20,4.68663e+19,341.755,3.72037,5.47973,3.93341e+16,5.76826e+16,45.3432,2.8952,5.03616,1.72935e+19,7.4857e+20,sim06518.iv
sim06519,30.4921,3.98623,5.88034,8.33715e+20,4.36682e+19,325.37,3.63676,5.54512,6.65372e+16,5.11362e+16,44.8975,2.94583,5.01214,1.08268e+19,8.18131e+20,sim06519.iv
sim06520,33.882,3.95335,5.97921,8.14618e+20,3.21447e+19,235.541,3.71284,5.50165,6.4668e+16,5.40688e+16,37.1587,3.10175,5.1783,3.07723e+19,9.29584e+20,sim06520.iv
sim06521,37.9664,3.87091,5.87341,8.81867e+20,2.93176e+19,318.95,3.71436,5.4087,5.36023e+16,5.45142e+16,41.2859,3.11752,5.02381,3.47354e+19,8.49589e+20,sim06521.iv
sim06522,45.1536,3.89946,5.80811,5.38857e+20,2.71497e+19,311.23,3.78948,5.47491,6.75832e+16,7.46074e+16,22.1796,3.0087,5.01567,2.87353e+19,9.38238e+20,sim06522.iv
sim06523,43.9693,3.93727,5.98123,6.50442e+20,2.81755e+19,249.733,3.66668,5.53191,7.09203e+16,2.1125e+16,45.6454,2.90112,5.04811,2.41606e+19,6.91955e+20,sim06523.iv
sim06524,39.6728,3.93797,5.93634,7.67299e+20,1.94108e+19,244.26,3.78981,5.43448,5.0815e+16,8.34216e+16,35.6674,3.18297,5.19381,4.3645e+19,7.03307e+20,sim06524.iv
sim06525,45.632,3.93838,5.97719,6.27331e+20,1.38872e+19,287.198,3.69274,5.51776,8.85966e+16,8.52351e+16,22.2946,2.86094,5.13731,3.16203e+19,5.87001e+20,sim06525.iv
sim06526,20.6708,3.85855,5.85062,5.57851e+20,4.94789e+19,340.083,3.6353,5.53553,7.97932e+16,5.56084e+16,35.2516,2.91365,5.14203,1.02636e+19,7.69359e+20,sim06526.iv
sim06527,32.1655,3.96858,5.96909,7.87523e+20,2.17852e+19,293.429,3.71712,5.51256,5.27467e+16,2.36425e+16,37.2282,2.94667,5.09985,4.0658e+19,8.15409e+20,sim06527.iv
sim06528,45.709,3.86193,5.87441,6.88646e+20,1.48325e+19,228.886,3.77333,5.58599,2.23579e+16,1.67885e+16,28.3085,3.12064,5.14197,4.93616e+19,9.96343e+20,sim06528.iv
sim06529,29.4049,3.84983,5.8236,7.57914e+20,4.29198e+19,312.197,3.64278,5.48068,8.15846e+16,4.11545e+16,29.4129,3.11055,5.08618,1.05525e+19,9.28958e+20,sim06529.iv
sim06530,47.2796,3.96232,5.90056,8.92024e+20,3.95222e+19,273.074,3.66976,5.59043,4.95687e+16,2.23594e+16,23.8912,2.95225,5.08285,1.52589e+19,7.24032e+20,sim06530.iv
sim06531,26.5076,3.98221,5.92521,7.1047e+20,3.81881e+19,337.738,3.60797,5.53755,4.18931e+16,6.55179e+16,37.8188,2.83459,5.13337,1.72008e+19,9.05665e+20,sim06531.iv
sim06532,26.0239,3.87104,5.96387,6.23233e+20,3.43156e+19,212.709,3.61563,5.58191,1.46417e+16,3.24269e+16,45.1981,3.02865,5.05356,1.97001e+19,6.33142e+20,sim06532.iv
sim06533,29.6582,3.86329,5.89302,6.98105e+20,4.12669e+19,327.142,3.70567,5.40582,6.22643e+16,4.2203e+16,26.1735,3.00239,5.19965,2.20723e+19,5.54214e+20,sim06533.iv
sim06534,23.3466,3.86436,5.91415,5.65234e+20,4.0161e+19,341.546,3.79839,5.51,1.89813e+16,8.50114e+16,46.0957,2.91526,5.11763,2.23425e+19,8.43214e+20,sim06534.iv
sim06535,42.8148,3.86807,5.80408,6.99198e+20,1.87367e+19,268.667,3.79649,5.40666,3.98918e+16,5.48634e+16,34.3794,2.88376,5.15447,2.1737e+19,5.84493e+20,sim06535.iv
sim06536,45.6903,3.96024,5.91333,6.11845e+20,4.78497e+19,249.156,3.69664,5.58009,7.83507e+16,5.32311e+16,33.584,2.91656,5.15854,4.78639e+19,9.31149e+20,sim06536.iv
sim06537,33.5302,3.99286,5.80267,6.5927e+20,4.1736e+19,344.248,3.79351,5.50191,9.56146e+16,6.44305e+16,42.1647,3.0199,5.05824,1.72859e+19,8.22815e+20,sim06537.iv
sim06538,45.9673,3.92304,5.91561,7.14364e+20,2.49037e+19,339.822,3.6138,5.51398,2.29514e+16,6.19104e+16,30.5906,2.83916,5.01173,4.18419e+19,5.21527e+20,sim06538.iv
sim06539,49.221,3.86463,5.99588,7.0194e+20,4.17407e+19,234.442,3.64056,5.5229,9.51244e+16,9.14259e+16,42.9047,3.12207,5.19956,4.03877e+19,6.91184e+20,sim06539.iv
sim06540,29.8329,3.90028,5.98736,5.07904e+20,4.69196e+19,339.959,3.62457,5.40539,6.51869e+16,1.60938e+16,41.9692,2.94419,5.05886,2.02622e+19,9.16732e+20,sim06540.iv
sim06541,48.1691,3.81846,5.82564,8.64107e+20,4.66388e+19,339.715,3.7751,5.47918,1.12629e+16,1.06396e+16,20.1383,3.00309,5.05805,4.90913e+19,8.22221e+20,sim06541.iv
sim06542,44.7106,3.98064,5.87532,5.58051e+20,1.10216e+19,323.133,3.60602,5.5134,5.72e+16,5.48243e+16,49.118,2.83962,5.12231,1.72152e+19,5.56085e+20,sim06542.iv
sim06543,38.5718,3.88572,5.81176,7.94811e+20,4.89706e+19,211.528,3.65987,5.53726,8.46128e+16,6.07364e+16,30.9049,2.86254,5.03252,4.78513e+19,5.03035e+20,sim06543.iv
sim06544,39.85,3.91386,5.95349,5.65527e+20,3.45855e+19,295.859,3.76621,5.5998,7.10505e+16,6.78971e+16,25.5638,2.9896,5.15116,4.81871e+19,6.02867e+20,sim06544.iv
sim06545,21.6237,3.95356,5.83122,8.2732e+20,1.97185e+19,342.826,3.76415,5.51867,1.98261e+16,6.3216e+16,21.2661,2.83274,5.13906,1.6043e+19,5.41928e+20,sim06545.iv
sim06546,33.4445,3.99694,5.95002,7.54014e+20,1.67943e+19,243.563,3.76143,5.41219,6.07923e+16,9.15435e+16,33.5866,3.17314,5.14737,3.80344e+19,7.09522e+20,sim06546.iv
sim06547,25.1678,3.84739,5.83146,8.61923e+20,3.35855e+19,293.327,3.66498,5.44852,7.88266e+16,3.09874e+16,23.3094,2.9908,5.14421,1.06856e+19,6.29581e+20,sim06547.iv
sim06548,40.0358,3.88174,5.80053,8.52172e+20,1.82226e+19,248.271,3.69926,5.58219,4.90546e+16,1.6306e+16,33.2604,2.94645,5.02331,1.61404e+19,7.99771e+20,sim06548.iv
sim06549,49.4272,3.97693,5.96617,6.21969e+20,3.3334e+19,230.058,3.68633,5.54694,2.95346e+16,8.72446e+16,42.0624,3.06642,5.17701,2.09511e+19,9.72013e+20,sim06549.iv
sim06550,31.7687,3.88004,5.96436,9.29246e+20,3.86549e+19,264.901,3.7782,5.55693,4.94244e+16,4.46513e+16,35.4582,3.15289,5.16571,1.17194e+19,8.42767e+20,sim06550.iv
sim06551,34.8983,3.82853,5.80187,7.11674e+20,1.94347e+19,244.631,3.72379,5.49993,2.89081e+16,9.07418e+16,35.0802,2.84305,5.03903,4.88235e+19,7.38259e+20,sim06551.iv
sim06552,42.2104,3.99948,5.86587,5.14995e+20,3.38488e+19,213.274,3.67855,5.43893,8.79038e+16,1.73114e+16,46.2532,2.96939,5.09436,1.09441e+19,8.59676e+20,sim06552.iv
sim06553,41.0892,3.93228,5.83501,7.19473e+20,4.30292e+19,210.696,3.75164,5.55027,9.4303e+16,6.12888e+16,29.6689,2.82625,5.17197,3.18378e+19,6.55e+20,sim06553.iv
sim06554,45.52,3.94112,5.81782,8.23598e+20,4.35618e+19,245.668,3.64371,5.58987,7.41243e+16,8.98142e+16,30.7872,3.1678,5.11825,3.23384e+19,6.30921e+20,sim06554.iv
sim06555,20.7405,3.90538,5.99604,6.96168e+20,4.75739e+19,219.277,3.64498,5.45673,4.32967e+16,6.00524e+16,45.148,3.02841,5.02499,1.13916e+19,8.47212e+20,sim06555.iv
sim06556,41.4642,3.80098,5.81735,9.41419e+20,3.35508e+19,274.986,3.6183,5.45617,7.47694e+16,6.13086e+16,36.2937,3.11825,5.14588,2.13887e+19,9.61807e+20,sim06556.iv
sim06557,38.0591,3.82579,5.90233,7.11809e+20,4.22169e+19,340.16,3.64307,5.54469,5.84882e+16,9.11915e+16,22.245,3.08348,5.19376,3.30519e+19,6.53195e+20,sim06557.iv
sim06558,39.8181,3.80464,5.9107,6.94954e+20,1.45887e+19,337.508,3.69525,5.57592,3.32239e+16,3.8168e+16,49.5529,3.02113,5.07518,4.00062e+19,5.28404e+20,sim06558.iv
sim06559,43.0544,3.83018,5.80392,9.96945e+20,1.80617e+19,335.784,3.70071,5.43287,5.69094e+16,2.74561e+16,22.2556,2.92251,5.09689,3.66194e+19,6.70257e+20,sim06559.iv
sim06560,28.7973,3.88878,5.88944,9.13704e+20,1.418e+19,222.512,3.70358,5.51719,3.65353e+16,2.92985e+16,45.7972,2.88392,5.12956,3.82403e+19,7.91405e+20,sim06560.iv
sim06561,31.9918,3.96454,5.88723,5.44304e+20,1.03199e+19,338.945,3.7654,5.57617,3.29216e+16,3.40075e+16,37.7999,3.1586,5.17817,2.2998e+19,9.33303e+20,sim06561.iv
sim06562,31.6308,3.836,5.83078,7.91623e+20,1.29895e+19,288.544,3.60418,5.44549,8.97756e+16,9.14402e+16,40.6895,2.83804,5.18199,2.04663e+19,5.3909e+20,sim06562.iv
sim06563,30.4593,3.83232,5.94116,6.62532e+20,3.39029e+19,345.186,3.68843,5.46278,6.34126e+16,6.50277e+16,36.9331,2.84134,5.00373,4.46011e+19,5.96182e+20,sim06563.iv
sim06564,21.1798,3.91503,5.83079,9.79285e+20,3.74506e+19,349.537,3.76342,5.46377,7.17814e+16,4.85589e+16,27.097,3.0179,5.18702,1.03494e+19,9.61363e+20,sim06564.iv
sim06565,27.6139,3.81702,5.99885,5.54543e+20,4.87392e+19,294.264,3.77102,5.52683,1.30712e+16,7.83733e+16,42.0141,2.86857,5.01784,2.52318e+19,5.12063e+20,sim06565.iv
sim06566,20.0819,3.96667,5.9635,7.32691e+20,2.80974e+19,262.358,3.62965,5.52891,3.98895e+16,3.62844e+16,22.3788,3.01702,5.19603,4.68049e+19,5.943e+20,sim06566.iv
sim06567,33.9264,3.89409,5.87348,6.22793e+20,3.97429e+19,262.745,3.75677,5.41493,9.07225e+16,7.81877e+16,29.9182,3.0895,5.1161,2.08934e+19,6.76551e+20,sim06567.iv
sim06568,37.0642,3.90054,5.84428,9.25543e+20,4.7674e+19,304.68,3.72129,5.54402,3.00186e+16,3.47501e+16,20.6059,2.8236,5.05591,1.50594e+19,6.94066e+20,sim06568.iv
sim06569,28.9092,3.9697,5.99814,6.3099e+20,1.73805e+19,244.488,3.61494,5.50676,8.57744e+16,3.86846e+16,42.7646,3.1674,5.00346,3.34029e+19,6.35983e+20,sim06569.iv
sim06570,38.281,3.80857,5.80221,5.42291e+20,4.09315e+19,261.799,3.77213,5.44789,3.2445e+16,2.34982e+16,46.6723,3.10327,5.00963,4.12026e+19,8.96035e+20,sim06570.iv
sim06571,22.4315,3.82267,5.93389,6.02169e+20,1.09301e+19,310.55,3.74032,5.4167,2.50712e+16,2.76303e+16,40.1991,2.91687,5.05808,2.89286e+19,6.41942e+20,sim06571.iv
sim06572,39.0862,3.80693,5.91875,5.73885e+20,1.10946e+19,259.255,3.76807,5.4438,2.6623e+16,5.77781e+16,37.0632,3.03684,5.1248,3.31525e+19,5.74171e+20,sim06572.iv
sim06573,35.2745,3.84271,5.89965,5.65374e+20,3.27445e+19,319.206,3.78032,5.57228,2.61534e+16,5.05666e+16,20.1856,2.95157,5.10693,3.93929e+19,6.38122e+20,sim06573.iv
sim06574,32.2206,3.97322,5.93127,7.81587e+20,2.98752e+19,281.717,3.66023,5.41293,6.21304e+16,8.86454e+16,49.9199,2.83817,5.04058,3.81883e+19,7.7826e+20,sim06574.iv
sim06575,46.0964,3.87199,5.91524,9.53958e+20,3.66859e+19,241.01,3.75494,5.42928,1.95498e+16,4.05642e+16,34.7326,3.0747,5.15776,3.56606e+19,8.74694e+20,sim06575.iv
sim06576,49.9566,3.80544,5.97222,7.78023e+20,2.55981e+19,233.954,3.79821,5.52205,6.59078e+16,2.39096e+16,44.6567,2.99584,5.02266,1.27568e+19,9.91066e+20,sim06576.iv
sim06577,20.4181,3.97406,5.82511,8.4671e+20,1.86292e+19,285.236,3.60627,5.5689,3.29928e+16,8.01509e+16,46.2578,2.98897,5.19242,3.57814e+19,6.00364e+20,sim06577.iv
sim06578,33.0811,3.85766,5.94795,9.08022e+20,1.44808e+19,239.503,3.60814,5.53887,6.6969e+16,3.11302e+16,39.2173,2.97494,5.1394,4.27001e+19,5.91431e+20,sim06578.iv
sim06579,39.5388,3.91891,5.88018,6.79637e+20,4.87001e+19,216.857,3.73237,5.57402,9.27299e+16,7.4171e+16,32.0436,2.82196,5.13189,4.06688e+19,6.55643e+20,sim06579.iv
sim06580,33.651,3.83198,5.83603,8.88708e+20,2.01485e+19,296.809,3.66748,5.49686,6.39204e+16,8.0771e+16,29.3023,2.86312,5.07956,3.98386e+19,5.76281e+20,sim06580.iv
sim06581,21.158,3.83872,5.99778,6.29642e+20,3.89785e+19,349.627,3.68462,5.4601,5.85655e+16,9.1675e+16,28.3897,3.0991,5.07926,2.56677e+19,5.71348e+20,sim06581.iv
sim06582,36.812,3.81288,5.93026,9.42214e+20,2.14142e+19,274.812,3.6812,5.54543,8.36823e+16,4.3042e+16,40.4928,2.82558,5.116,2.98662e+19,5.21997e+20,sim06582.iv
sim06583,45.8623,3.88724,5.96405,7.17303e+20,2.30286e+19,274.354,3.6636,5.42946,6.02933e+16,1.42462e+16,20.4527,2.99373,5.13644,4.56086e+19,6.37578e+20,sim06583.iv
sim06584,36.3447,3.98402,5.81843,6.58864e+20,1.69664e+19,297.485,3.7971,5.53085,8.96326e+16,7.31532e+16,38.8379,2.93384,5.1433,1.42164e+19,5.12446e+20,sim06584.iv
sim06585,40.4444,3.98159,5.94234,6.1186e+20,4.35815e+19,283.618,3.63366,5.52468,2.087e+16,3.11213e+16,42.0555,3.18604,5.0702,1.78225e+19,5.75518e+20,sim06585.iv
sim06586,36.9545,3.80233,5.9448,8.00551e+20,3.75764e+19,260.23,3.62121,5.59314,8.50829e+16,5.88889e+16,25.4864,3.18492,5.06299,4.5505e+19,6.09037e+20,sim06586.iv
sim06587,28.6053,3.86713,5.88185,9.53149e+20,4.7375e+19,220.819,3.76812,5.47851,6.41457e+16,2.41273e+16,23.4936,2.98921,5.13912,4.66417e+19,9.93192e+20,sim06587.iv
sim06588,44.7993,3.96426,5.82442,7.12687e+20,3.83849e+19,283.16,3.64465,5.44098,5.89675e+16,8.84942e+16,28.3369,2.9096,5.18975,2.1072e+19,5.44477e+20,sim06588.iv
sim06589,32.1202,3.94309,5.99842,6.78972e+20,1.05199e+19,262.1,3.71065,5.4453,6.66995e+16,2.66135e+16,49.1221,2.86249,5.14534,3.99837e+19,7.74672e+20,sim06589.iv
sim06590,27.9352,3.88181,5.95034,6.99417e+20,2.65409e+19,284.46,3.72672,5.56239,9.10007e+16,1.2495e+16,43.6639,3.06955,5.18905,2.43255e+19,9.57235e+20,sim06590.iv
sim06591,23.3336,3.88024,5.88453,5.29685e+20,2.49589e+19,252.915,3.76831,5.50808,1.60744e+16,4.88184e+16,28.377,2.87921,5.09378,2.28485e+19,7.37041e+20,sim06591.iv
sim06592,33.5896,3.85128,5.83788,8.13636e+20,3.54037e+19,241.291,3.62289,5.55406,8.00855e+16,5.87468e+16,36.2431,2.8558,5.16917,2.46928e+19,6.13739e+20,sim06592.iv
sim06593,32.8154,3.82882,5.85284,7.0385e+20,1.89445e+19,245.995,3.69894,5.5425,5.23373e+16,9.92371e+16,22.6752,3.00466,5.08052,1.77889e+19,5.12107e+20,sim06593.iv
sim06594,20.4976,3.94026,5.91889,8.12377e+20,2.03732e+19,293.254,3.66571,5.58758,1.25602e+16,9.73633e+16,49.3943,3.18607,5.17184,2.42444e+19,9.4346e+20,sim06594.iv
sim06595,27.4321,3.86841,5.99885,6.19145e+20,2.22461e+19,317.959,3.75986,5.46889,8.39671e+16,5.89516e+16,39.3475,3.15092,5.08459,1.5408e+19,9.31371e+20,sim06595.iv
sim06596,37.2026,3.98862,5.92054,5.49704e+20,2.24462e+19,320.099,3.65808,5.56645,9.26475e+16,4.97212e+16,44.5636,2.89675,5.08405,4.0355e+19,5.89595e+20,sim06596.iv
sim06597,30.073,3.86311,5.99098,7.47476e+20,2.27015e+19,254.119,3.67568,5.4567,3.71005e+16,4.84224e+16,40.6657,2.89628,5.11611,3.97486e+19,5.98563e+20,sim06597.iv
sim06598,41.2988,3.92541,5.86206,7.96338e+20,4.98706e+19,282.01,3.7654,5.53977,7.91605e+16,1.79585e+16,47.154,2.86709,5.06246,3.72931e+19,6.6712e+20,sim06598.iv
sim06599,33.5218,3.87783,5.98064,6.60161e+20,1.70234e+19,229.114,3.61619,5.58254,7.67879e+16,6.46231e+16,43.1873,3.03567,5.17698,2.03734e+19,8.17466e+20,sim06599.iv
sim06600,44.4736,3.80967,5.83033,9.02642e+20,1.11539e+19,323.799,3.7162,5.51716,6.06582e+16,7.99743e+16,40.8144,2.89696,5.15592,3.77526e+19,9.25122e+20,sim06600.iv
sim06601,45.1464,3.86602,5.91186,8.76959e+20,2.44469e+19,347.588,3.72187,5.5749,6.81242e+16,1.54333e+16,42.6868,2.89469,5.15615,1.98386e+19,5.56975e+20,sim06601.iv
sim06602,40.9807,3.88082,5.80349,9.53477e+20,3.23174e+19,293.419,3.67581,5.47158,2.37658e+16,1.75343e+16,35.5363,3.06439,5.11333,4.93491e+19,8.63374e+20,sim06602.iv
sim06603,45.7884,3.80551,5.81339,5.583e+20,3.62165e+19,337.582,3.64042,5.57382,2.9089e+16,7.08964e+16,21.5603,2.93136,5.10325,3.3241e+19,6.6173e+20,sim06603.iv
sim06604,33.5681,3.81705,5.87733,6.81343e+20,1.1277e+19,286.585,3.7928,5.50705,1.40603e+16,1.62167e+16,43.3612,3.04728,5.12631,4.34438e+19,5.73109e+20,sim06604.iv
sim06605,49.7426,3.9266,5.99621,7.84473e+20,4.29677e+19,286.633,3.64772,5.5824,5.37341e+16,3.7856e+16,46.0384,2.97548,5.06268,4.07212e+19,6.8039e+20,sim06605.iv
sim06606,30.9293,3.97369,5.94801,6.11505e+20,1.38031e+19,270.056,3.69881,5.44355,9.97784e+16,3.5788e+16,24.368,2.84685,5.02293,2.24636e+19,5.8407e+20,sim06606.iv
sim06607,39.8477,3.92917,5.82203,9.14274e+20,4.0376e+19,266.968,3.67096,5.43845,4.98787e+16,5.13799e+16,32.0035,2.8612,5.0244,4.39397e+19,5.74716e+20,sim06607.iv
sim06608,45.8959,3.92706,5.93527,6.88596e+20,1.59124e+19,270.114,3.72334,5.49941,8.96371e+16,2.07478e+16,41.8796,3.01424,5.11983,1.71188e+19,8.25181e+20,sim06608.iv
sim06609,35.6946,3.9946,5.92361,7.62669e+20,1.79188e+19,232.183,3.69277,5.54,2.08688e+16,9.05954e+16,45.5291,2.80564,5.15749,4.72622e+19,8.08439e+20,sim06609.iv
sim06610,40.4376,3.83663,5.90583,7.23421e+20,2.22789e+19,277.674,3.60431,5.44837,4.05973e+16,2.65415e+16,24.6408,3.01778,5.18953,3.15047e+19,8.73663e+20,sim06610.iv
sim06611,30.3659,3.99549,5.87102,9.70204e+20,4.46627e+19,327.465,3.79142,5.57396,9.3787e+16,5.4488e+16,26.9278,3.06353,5.09187,1.34361e+19,9.37131e+20,sim06611.iv
sim06612,20.0017,3.86261,5.80591,6.90864e+20,1.40615e+19,314.591,3.73753,5.40452,2.40733e+16,2.26911e+16,43.7288,3.03731,5.09866,4.56485e+19,6.29731e+20,sim06612.iv
sim06613,28.4796,3.95922,5.8081,8.49446e+20,3.1801e+19,275.19,3.60799,5.43458,4.05221e+16,6.75126e+16,26.2403,3.1999,5.18597,4.0739e+19,8.45498e+20,sim06613.iv
sim06614,43.0365,3.94409,5.89478,5.52207e+20,1.69346e+19,329.519,3.78248,5.48907,7.43023e+16,7.96473e+16,37.6334,2.83419,5.00692,1.83577e+19,6.37434e+20,sim06614.iv
sim06615,25.4495,3.88945,5.91536,5.79249e+20,3.64631e+19,320.332,3.7945,5.55702,7.44446e+16,1.98943e+16,41.8416,3.07455,5.0831,4.90065e+19,6.20633e+20,sim06615.iv
sim06616,44.187,3.92559,5.86453,9.52025e+20,2.12792e+19,226.775,3.78565,5.47457,3.23792e+16,3.47459e+16,24.0759,3.10507,5.05558,1.05296e+19,9.9859e+20,sim06616.iv
sim06617,41.1875,3.80698,5.99322,9.47684e+20,3.32187e+19,284.192,3.68513,5.52982,1.6691e+16,9.29863e+16,20.467,2.82088,5.16995,3.69766e+19,7.18051e+20,sim06617.iv
sim06618,26.6982,3.90962,5.93926,5.76928e+20,4.33212e+19,220.278,3.76316,5.52754,3.07496e+16,4.40444e+16,38.1262,2.90088,5.0665,4.0138e+19,5.25534e+20,sim06618.iv
sim06619,40.5628,3.87014,5.85018,6.47327e+20,4.578e+19,330.579,3.70115,5.44575,8.98817e+16,3.17605e+16,34.5597,2.99421,5.12149,3.56684e+19,8.42697e+20,sim06619.iv
sim06620,42.6146,3.86102,5.96761,8.00824e+20,4.92131e+19,287.809,3.76277,5.42032,1.35557e+16,2.71464e+16,27.3688,3.13955,5.05269,1.51489e+19,5.45581e+20,sim06620.iv
sim06621,23.2071,3.93176,5.87426,5.94129e+20,1.14056e+19,342.516,3.62807,5.50834,5.80815e+16,4.67855e+16,38.7038,2.93772,5.02452,2.19921e+19,9.89028e+20,sim06621.iv
sim06622,40.5777,3.86264,5.83166,8.22792e+20,2.44979e+19,243.555,3.68788,5.45425,3.77177e+16,3.35537e+16,38.7994,3.13671,5.11242,4.36508e+19,8.24924e+20,sim06622.iv
sim06623,37.5333,3.99252,5.95604,5.94624e+20,3.364e+19,226.892,3.60047,5.48438,3.40802e+16,9.30031e+16,46.523,3.06394,5.00581,1.43242e+19,6.28389e+20,sim06623.iv
sim06624,39.4755,3.90911,5.81697,8.61507e+20,1.17683e+19,310.744,3.78911,5.4749,8.45318e+16,9.84695e+16,22.9686,2.83713,5.09999,4.88189e+19,8.31079e+20,sim06624.iv
sim06625,26.725,3.86395,5.80888,5.93752e+20,4.13544e+19,347.989,3.78451,5.45626,9.3466e+16,2.88588e+16,26.6934,2.85148,5.14198,2.01492e+19,7.37612e+20,sim06625.iv
sim06626,29.729,3.82455,5.83724,5.79361e+20,1.89848e+19,258.242,3.7016,5.44333,6.91327e+16,3.33532e+16,26.012,3.15707,5.04733,2.21396e+19,7.38637e+20,sim06626.iv
sim06627,46.91,3.96635,5.84543,5.05196e+20,2.54155e+19,262.614,3.64147,5.51129,9.24399e+16,1.45362e+16,42.842,2.84962,5.16965,4.05126e+19,8.03178e+20,sim06627.iv
sim06628,46.0459,3.94266,5.97949,7.97262e+20,1.7567e+19,277.95,3.65153,5.58527,3.76387e+16,6.32389e+16,32.4024,2.83561,5.04436,1.63795e+19,7.05106e+20,sim06628.iv
sim06629,34.2185,3.85422,5.97778,5.43248e+20,2.72725e+19,218.197,3.73555,5.47034,8.6053e+16,7.65063e+16,30.6956,3.18083,5.1156,2.39637e+19,6.94819e+20,sim06629.iv
sim06630,40.7825,3.88891,5.92961,6.33492e+20,1.85817e+19,293.729,3.66482,5.56867,8.70116e+16,3.97953e+16,22.5246,2.95297,5.02975,4.65519e+19,8.80929e+20,sim06630.iv
sim06631,26.9589,3.91256,5.86077,9.12257e+20,4.97787e+19,299.394,3.63506,5.43521,6.08222e+16,7.01645e+16,48.6429,2.91885,5.04634,3.54713e+19,8.02302e+20,sim06631.iv
sim06632,36.7596,3.94077,5.90815,5.17679e+20,2.10337e+19,334.307,3.73599,5.54109,5.42274e+16,4.90695e+16,44.2007,3.1733,5.02761,1.53529e+19,5.24378e+20,sim06632.iv
sim06633,26.1065,3.96304,5.91173,7.11614e+20,2.99449e+19,332.4,3.7633,5.55403,2.76962e+16,7.0343e+16,29.6327,2.98813,5.02876,2.95535e+19,9.698e+20,sim06633.iv
sim06634,40.1222,3.80587,5.96967,8.32075e+20,2.72195e+19,271.091,3.75337,5.45331,4.5205e+16,8.02141e+16,46.4588,3.13661,5.11853,4.40148e+19,8.55879e+20,sim06634.iv
sim06635,44.8399,3.85485,5.81322,9.85205e+20,3.92593e+19,330.95,3.7286,5.47216,5.34999e+16,7.32069e+16,38.6356,2.81,5.13145,2.71843e+19,9.00757e+20,sim06635.iv
sim06636,45.265,3.93414,5.87959,8.89061e+20,4.78671e+19,238.083,3.76449,5.40857,3.18368e+16,9.0609e+16,21.8781,2.83905,5.04499,3.20129e+19,7.78696e+20,sim06636.iv
sim06637,33.6785,3.98872,5.81402,9.57908e+20,1.09115e+19,218.373,3.61671,5.56365,5.87305e+16,6.05167e+16,34.3343,3.01287,5.0202,4.56089e+19,7.9064e+20,sim06637.iv
sim06638,32.8036,3.89605,5.99623,8.54209e+20,3.98045e+19,332.145,3.78725,5.4349,9.11449e+16,9.03806e+16,46.4634,3.03188,5.02653,3.69741e+19,8.74895e+20,sim06638.iv
sim06639,21.4154,3.96706,5.94753,5.69472e+20,2.25611e+19,304.303,3.60102,5.53567,5.2468e+16,7.45144e+16,47.8791,3.18241,5.12542,4.93906e+19,6.64151e+20,sim06639.iv
sim06640,48.1325,3.89083,5.97621,8.21447e+20,4.08872e+19,299.957,3.7788,5.57558,2.51939e+16,5.75297e+16,34.2156,2.8866,5.04794,4.95622e+19,9.10594e+20,sim06640.iv
sim06641,31.7621,3.84088,5.86796,6.60731e+20,4.40191e+19,254.857,3.71814,5.57843,6.58747e+16,9.61121e+16,21.0085,3.18269,5.19009,3.0378e+19,9.37007e+20,sim06641.iv
sim06642,47.8776,3.9857,5.93581,9.541e+20,1.75718e+19,287.179,3.78186,5.59991,8.78839e+16,1.33214e+16,49.9796,3.11533,5.19272,3.88638e+19,5.63793e+20,sim06642.iv
sim06643,44.6202,3.90295,5.8635,5.22998e+20,1.79471e+19,234.149,3.60249,5.49817,2.7163e+16,4.14421e+16,42.0304,2.86967,5.06033,2.25294e+19,8.08735e+20,sim06643.iv
sim06644,48.5731,3.9668,5.83414,7.95572e+20,3.6801e+19,247.965,3.60019,5.50696,8.87675e+16,1.79777e+16,30.38,2.93503,5.11566,2.05477e+19,8.88292e+20,sim06644.iv
sim06645,33.3165,3.96281,5.94349,7.43956e+20,3.23475e+19,291.948,3.74367,5.57801,8.72927e+16,7.82382e+16,31.557,3.12369,5.19471,2.29299e+19,8.28837e+20,sim06645.iv
sim06646,42.4949,3.95485,5.93058,6.95514e+20,3.49903e+19,260.625,3.78657,5.56606,1.09916e+16,4.36239e+16,35.1621,3.09477,5.12153,4.71353e+19,8.73667e+20,sim06646.iv
sim06647,39.2534,3.9376,5.98186,7.52954e+20,3.16592e+19,322.618,3.64743,5.49828,8.02073e+16,7.68718e+16,47.812,3.12761,5.03403,4.54175e+19,8.42857e+20,sim06647.iv
sim06648,25.1521,3.86809,5.82432,9.76519e+20,3.0193e+19,285.54,3.62441,5.49234,8.78152e+16,8.36543e+16,43.6247,3.08513,5.1582,4.34836e+19,8.27982e+20,sim06648.iv
sim06649,24.4196,3.90811,5.81031,8.3302e+20,4.67666e+19,281.279,3.6622,5.48356,8.20433e+16,5.78831e+16,46.1707,3.10235,5.07374,3.62415e+19,6.21976e+20,sim06649.iv
sim06650,26.0647,3.81419,5.84849,8.98203e+20,1.35421e+19,301.785,3.6722,5.59697,6.3581e+16,8.09792e+16,43.7975,2.97782,5.01441,1.48283e+19,7.16356e+20,sim06650.iv
sim06651,39.3682,3.90753,5.9532,9.45553e+20,1.88609e+19,260.165,3.66039,5.43373,5.98483e+16,2.28199e+16,21.2488,2.82607,5.15052,3.3033e+19,9.74219e+20,sim06651.iv
sim06652,47.7364,3.94573,5.97228,5.73771e+20,4.22883e+19,303.791,3.77255,5.45589,7.7945e+16,1.51154e+16,42.0803,2.8761,5.19057,4.93841e+19,7.06513e+20,sim06652.iv
sim06653,47.7314,3.8505,5.9234,9.3384e+20,4.32098e+19,259.441,3.63968,5.45887,1.045e+16,4.03858e+16,41.6651,2.98462,5.02801,2.33669e+19,6.30155e+20,sim06653.iv
sim06654,37.6806,3.81572,5.94624,5.68022e+20,4.88075e+19,318.622,3.67151,5.43819,6.75618e+16,9.66345e+16,34.9889,3.002,5.07027,3.39557e+19,9.86826e+20,sim06654.iv
sim06655,33.5158,3.81827,5.90158,8.79228e+20,4.67614e+19,310.901,3.76601,5.49254,1.85515e+16,1.49901e+16,25.3794,2.9676,5.16838,2.98003e+19,6.74943e+20,sim06655.iv
sim06656,32.0441,3.9929,5.88746,8.42282e+20,4.84467e+19,303.211,3.71045,5.50321,6.89335e+16,6.03786e+16,40.2929,3.03734,5.19496,4.42754e+19,5.47289e+20,sim06656.iv
sim06657,44.8308,3.83573,5.85428,6.01277e+20,2.56832e+19,259.285,3.78041,5.50915,3.89439e+16,6.20062e+16,35.9844,3.18947,5.04049,4.05743e+19,5.29222e+20,sim06657.iv
sim06658,31.365,3.88492,5.9876,5.5557e+20,2.88715e+19,248.687,3.60034,5.41786,4.54289e+16,7.9942e+16,48.9629,2.99761,5.19997,1.17045e+19,5.12261e+20,sim06658.iv
sim06659,31.3825,3.86588,5.85985,9.40472e+20,3.23044e+19,262.616,3.605,5.40512,2.12748e+16,3.26608e+16,20.9944,2.87361,5.01025,4.55215e+19,7.79492e+20,sim06659.iv
sim06660,32.5166,3.86981,5.97624,6.7532e+20,2.6298e+19,220.576,3.7699,5.45967,7.00052e+16,1.7999e+16,29.5424,2.85684,5.14993,3.91889e+19,8.64568e+20,sim06660.iv
sim06661,26.5397,3.92085,5.8195,5.88265e+20,4.85492e+19,281.203,3.72912,5.41497,2.82352e+16,9.22169e+16,22.1383,3.01335,5.16623,4.51918e+19,6.3329e+20,sim06661.iv
sim06662,22.3709,3.8511,5.91795,8.12622e+20,3.60109e+19,256.042,3.7013,5.46233,9.02344e+16,1.12626e+16,29.7675,3.10384,5.19974,2.47963e+19,6.64587e+20,sim06662.iv
sim06663,42.2504,3.9722,5.90653,9.1327e+20,4.53262e+19,256.195,3.65911,5.42076,2.1627e+16,5.91383e+16,23.1861,3.09358,5.09328,4.45295e+19,8.33189e+20,sim06663.iv
sim06664,31.0711,3.84625,5.87496,7.2525e+20,4.08255e+19,254.175,3.63332,5.51732,4.50705e+16,4.44031e+16,30.5078,3.00553,5.09178,4.71746e+19,6.37863e+20,sim06664.iv
sim06665,29.3488,3.86286,5.98573,5.15356e+20,1.2255e+19,334.344,3.64437,5.52023,4.65455e+16,2.7325e+16,45.9829,3.0044,5.11278,1.05346e+19,7.87274e+20,sim06665.iv
sim06666,23.8154,3.98262,5.89022,9.82426e+20,2.41074e+19,274.892,3.60358,5.40295,7.02566e+16,1.02619e+16,48.5873,3.18785,5.04721,4.24579e+19,9.24646e+20,sim06666.iv
sim06667,23.9621,3.96271,5.97265,6.85757e+20,3.77398e+19,247.317,3.715,5.512,2.08924e+16,9.37737e+16,48.1662,3.17905,5.1072,2.00346e+19,8.69662e+20,sim06667.iv
sim06668,39.8472,3.97506,5.97042,6.39177e+20,3.33599e+19,271.435,3.78585,5.48178,1.57077e+16,5.40799e+16,26.9111,2.80428,5.18241,3.69079e+19,5.58578e+20,sim06668.iv
sim06669,31.3847,3.85573,5.96326,8.48349e+20,1.43943e+19,210.928,3.76397,5.58664,9.65665e+16,2.07075e+16,31.7326,2.84893,5.18687,2.80892e+19,9.54944e+20,sim06669.iv
sim06670,33.6229,3.81816,5.87147,9.85714e+20,4.50606e+19,281.937,3.66577,5.4328,2.24082e+16,2.40152e+16,35.9614,3.07984,5.05928,4.93696e+19,7.33401e+20,sim06670.iv
sim06671,37.8675,3.9072,5.95421,9.67814e+20,4.38941e+19,282.078,3.78769,5.48375,1.66416e+16,2.19392e+16,48.5636,3.17602,5.18274,4.00594e+19,8.39641e+20,sim06671.iv
sim06672,45.1286,3.88906,5.90947,9.4916e+20,1.22711e+19,288.856,3.67624,5.51111,9.61541e+16,8.07106e+16,34.2967,3.07233,5.11258,1.78872e+19,7.28026e+20,sim06672.iv
sim06673,23.3268,3.89127,5.88788,8.49163e+20,2.07771e+19,265.022,3.68232,5.43434,7.59266e+16,7.02353e+16,32.0232,2.86336,5.15747,3.77173e+19,8.32095e+20,sim06673.iv
sim06674,48.3669,3.96071,5.97975,8.80239e+20,3.98194e+19,316.176,3.78908,5.505,4.69448e+16,9.65075e+16,49.0674,3.14897,5.11493,3.50692e+19,7.24369e+20,sim06674.iv
sim06675,26.3169,3.82022,5.80247,6.06471e+20,3.15365e+19,336.206,3.68309,5.52817,5.16338e+16,1.12306e+16,32.8279,2.94834,5.06331,2.22297e+19,5.76169e+20,sim06675.iv
sim06676,37.5069,3.96065,5.96658,6.34229e+20,2.14794e+19,249.783,3.63216,5.52482,2.31845e+16,4.58331e+16,36.28,3.07091,5.19347,4.26856e+19,6.96901e+20,sim06676.iv
sim06677,44.861,3.85614,5.93574,6.0306e+20,2.7472e+19,295.973,3.76237,5.58622,9.81759e+16,8.61772e+16,25.7572,3.14023,5.11712,2.4945e+19,6.51469e+20,sim06677.iv
sim06678,41.641,3.88608,5.97267,9.7296e+20,4.56199e+19,274.968,3.77656,5.51971,2.65768e+16,1.79329e+16,21.3395,2.81658,5.1634,1.5287e+19,9.43391e+20,sim06678.iv
sim06679,28.8108,3.99852,5.88754,5.75487e+20,1.91033e+19,239.915,3.63253,5.5592,2.28644e+16,5.36556e+16,44.6213,3.04128,5.15014,1.43701e+19,9.14101e+20,sim06679.iv
sim06680,37.9348,3.8009,5.9646,8.28461e+20,1.06307e+19,320.116,3.79748,5.52996,8.62017e+16,8.74069e+16,49.8638,2.90155,5.09565,2.5981e+19,8.49982e+20,sim06680.iv
sim06681,39.0342,3.89087,5.98596,9.51365e+20,1.52115e+19,273.611,3.60137,5.51771,8.76741e+16,6.6263e+16,29.603,3.16722,5.17105,4.52737e+19,8.69863e+20,sim06681.iv
sim06682,22.5961,3.91665,5.91111,9.65659e+20,4.20678e+19,244.299,3.75151,5.47521,4.42054e+16,9.21398e+16,22.4039,2.86801,5.08291,2.77489e+19,9.5431e+20,sim06682.iv
sim06683,38.9938,3.91447,5.94343,5.3308e+20,3.11125e+19,305.972,3.77061,5.40329,3.38215e+16,2.92096e+16,45.8768,2.95763,5.18964,4.04786e+19,9.31207e+20,sim06683.iv
sim06684,45.1305,3.83158,5.80982,7.92915e+20,1.28779e+19,289.944,3.64726,5.58964,5.01128e+16,6.64694e+16,37.8992,3.16927,5.16447,4.16822e+19,6.60307e+20,sim06684.iv
sim06685,30.4596,3.87518,5.87424,9.41002e+20,2.93825e+19,303.161,3.64525,5.59737,9.65327e+16,6.43545e+16,47.6225,3.13367,5.01866,4.87987e+19,6.50682e+20,sim06685.iv
sim06686,26.1388,3.9981,5.82048,8.20768e+20,4.7304e+19,348.758,3.77471,5.58009,5.31046e+16,9.6095e+16,25.8273,2.90209,5.04212,3.78071e+19,5.17126e+20,sim06686.iv
sim06687,26.7448,3.89042,5.87292,5.01908e+20,1.92482e+19,217.495,3.64659,5.50279,4.255e+16,8.42471e+16,31.35,2.95976,5.06301,1.62636e+19,6.00959e+20,sim06687.iv
sim06688,47.8124,3.90167,5.98244,7.9947e+20,2.37794e+19,348.487,3.61346,5.58487,4.77104e+16,8.12496e+16,44.1126,2.92271,5.01581,4.15241e+19,8.67847e+20,sim06688.iv
sim06689,27.9666,3.96932,5.91058,8.81771e+20,2.90054e+19,222.909,3.61716,5.53464,9.99082e+16,7.97639e+16,33.8165,3.15028,5.09715,3.27087e+19,6.67033e+20,sim06689.iv
sim06690,40.3628,3.91396,5.98808,6.97931e+20,2.97064e+19,234.244,3.75437,5.59663,9.80458e+16,5.29685e+16,35.8846,2.91983,5.19414,1.46199e+19,8.88968e+20,sim06690.iv
sim06691,36.804,3.92906,5.92649,7.18185e+20,3.0814e+19,307.645,3.79021,5.48168,5.01253e+16,2.58043e+16,40.1973,3.16728,5.10647,1.95861e+19,7.31529e+20,sim06691.iv
sim06692,34.229,3.84747,5.91147,8.08177e+20,2.01825e+19,273.512,3.73021,5.58157,1.80555e+16,9.07804e+16,24.0074,2.99738,5.17608,4.6804e+19,8.95354e+20,sim06692.iv
sim06693,22.8081,3.86292,5.83862,7.60428e+20,2.56332e+19,338.599,3.6478,5.56955,4.22101e+16,8.84225e+16,27.7334,2.96735,5.0769,4.04785e+19,8.10349e+20,sim06693.iv
sim06694,48.2742,3.83185,5.99999,5.44955e+20,3.1415e+19,239.029,3.69619,5.5527,5.30937e+16,8.70632e+16,41.1732,3.00455,5.18856,4.23626e+19,9.7524e+20,sim06694.iv
sim06695,36.2105,3.98693,5.82856,9.69481e+20,3.03694e+19,210.656,3.76211,5.57857,6.02799e+16,5.01276e+16,46.3588,2.82053,5.16964,3.83036e+19,8.01101e+20,sim06695.iv
sim06696,37.5969,3.8551,5.83952,7.91384e+20,2.4098e+19,246.076,3.71489,5.50849,3.92705e+16,6.76392e+16,21.4379,3.16461,5.028,4.52446e+19,7.27856e+20,sim06696.iv
sim06697,43.0771,3.92819,5.90829,9.34013e+20,1.67505e+19,348.271,3.76329,5.58615,9.71484e+16,2.76398e+16,49.1621,3.02881,5.11956,2.13604e+19,5.9538e+20,sim06697.iv
sim06698,25.1977,3.80635,5.87283,9.09636e+20,3.95166e+19,214.499,3.76224,5.51146,3.654e+16,5.46831e+16,20.5721,2.97699,5.05783,3.45487e+19,8.99107e+20,sim06698.iv
sim06699,36.0115,3.92471,5.99577,8.65983e+20,1.7918e+19,344.872,3.64993,5.49822,8.44841e+16,5.66561e+16,44.1575,3.04852,5.15816,2.41614e+19,9.88598e+20,sim06699.iv
sim06700,33.8458,3.90419,5.89193,5.5492e+20,1.46443e+19,216.75,3.75328,5.43459,8.10769e+16,9.26474e+16,26.6615,2.86325,5.17295,4.91765e+19,9.19752e+20,sim06700.iv
sim06701,30.4143,3.90602,5.85986,7.71393e+20,2.72771e+19,327.539,3.78723,5.46723,9.78308e+16,8.69744e+16,44.3558,3.18751,5.0472,3.15408e+19,9.86599e+20,sim06701.iv
sim06702,37.0509,3.80204,5.95907,9.62016e+20,3.09694e+19,321.114,3.67031,5.58697,1.05242e+16,4.53506e+16,33.7412,3.09894,5.04273,1.28825e+19,9.36873e+20,sim06702.iv
sim06703,28.3,3.93051,5.93232,9.83686e+20,4.80625e+19,213.899,3.62788,5.43316,7.81817e+16,6.90238e+16,28.1872,3.01826,5.13212,2.24085e+19,8.08126e+20,sim06703.iv
sim06704,25.1537,3.92124,5.95058,8.53966e+20,1.31583e+19,248.536,3.7906,5.45648,1.85606e+16,3.43282e+16,39.5917,3.19425,5.16186,3.58809e+19,7.52663e+20,sim06704.iv
sim06705,20.6789,3.88678,5.8558,6.27041e+20,2.42691e+19,339.665,3.68459,5.45057,6.6372e+16,8.10003e+16,23.4789,3.00568,5.1587,1.92735e+19,7.78775e+20,sim06705.iv
sim06706,20.6837,3.86837,5.89298,7.60993e+20,3.70815e+19,324.505,3.74297,5.40415,3.5372e+16,9.02922e+16,43.4904,3.17307,5.07593,4.38448e+19,7.87486e+20,sim06706.iv
sim06707,35.6527,3.99414,5.89578,7.81032e+20,3.89081e+19,307.34,3.64794,5.45582,1.38038e+16,4.91179e+16,37.7983,2.94782,5.11231,1.32208e+19,7.40688e+20,sim06707.iv
sim06708,38.3825,3.94058,5.92062,6.82306e+20,4.55095e+19,326.24,3.79867,5.40187,1.54683e+16,6.98488e+16,36.5841,2.92076,5.0134,1.2297e+19,8.84624e+20,sim06708.iv
sim06709,33.7371,3.91243,5.85849,6.07037e+20,3.675e+19,225.364,3.79059,5.46418,8.68152e+16,5.7229e+16,45.4286,3.12496,5.16985,2.14001e+19,5.82205e+20,sim06709.iv
sim06710,40.9725,3.86096,5.86265,6.19353e+20,4.08571e+19,326.546,3.6045,5.58644,7.54448e+16,2.95419e+16,40.7907,3.02808,5.18353,3.76804e+19,7.14519e+20,sim06710.iv
sim06711,24.7198,3.95907,5.99423,8.9753e+20,3.84817e+19,335.648,3.74267,5.5938,5.2177e+16,7.59628e+16,37.4589,2.85472,5.05036,2.4818e+19,6.20123e+20,sim06711.iv
sim06712,22.6124,3.80035,5.87827,5.80135e+20,4.93359e+19,277.182,3.76822,5.49795,5.11155e+16,7.54385e+16,46.817,2.92349,5.06955,4.19198e+19,6.13284e+20,sim06712.iv
sim06713,49.4455,3.95336,5.87729,5.68534e+20,3.93144e+19,269.847,3.72683,5.42351,1.51053e+16,3.1624e+16,31.5011,2.89097,5.06163,4.26221e+19,5.4196e+20,sim06713.iv
sim06714,36.1085,3.87759,5.86617,7.46023e+20,4.76098e+19,314.494,3.72869,5.59148,4.27099e+16,7.69074e+16,25.236,2.82516,5.10783,4.03302e+19,8.29402e+20,sim06714.iv
sim06715,31.1118,3.98283,5.87054,6.97182e+20,1.59653e+19,338.176,3.61727,5.54042,3.48491e+16,4.23556e+16,27.1883,2.94696,5.07186,4.21015e+19,9.77463e+20,sim06715.iv
sim06716,22.8755,3.83563,5.9658,8.79685e+20,3.47488e+19,251.151,3.6445,5.5886,3.23689e+16,3.49072e+16,29.9409,3.07399,5.11133,3.95428e+19,8.06696e+20,sim06716.iv
sim06717,42.4407,3.97439,5.90919,6.25309e+20,2.61197e+19,232.146,3.78465,5.48758,8.52049e+16,9.46883e+16,30.7831,2.85114,5.15619,3.37067e+19,8.72832e+20,sim06717.iv
sim06718,31.4688,3.80131,5.95902,9.6907e+20,4.49325e+19,316.574,3.66351,5.45524,3.91261e+16,6.60651e+16,42.1445,2.97589,5.09304,3.35636e+19,6.13561e+20,sim06718.iv
sim06719,49.0821,3.85548,5.99591,5.52479e+20,3.28604e+19,329.437,3.6216,5.52037,2.08631e+16,2.86772e+16,23.9222,2.9469,5.05187,4.69928e+19,9.89334e+20,sim06719.iv
sim06720,28.337,3.95645,5.9557,6.67013e+20,1.9071e+19,317.941,3.66211,5.4012,3.98119e+16,7.0596e+16,28.7329,2.92217,5.03424,1.92876e+19,8.60587e+20,sim06720.iv
sim06721,41.4333,3.97337,5.8973,7.40221e+20,2.89975e+19,252.846,3.79255,5.41616,7.56735e+16,5.3005e+16,47.7334,2.8182,5.1372,2.75309e+19,5.04732e+20,sim06721.iv
sim06722,32.6906,3.89145,5.94639,8.27792e+20,3.86531e+19,313.502,3.7112,5.53891,5.76589e+16,5.75166e+16,46.895,2.81039,5.18414,4.59471e+19,8.6096e+20,sim06722.iv
sim06723,45.1074,3.80787,5.91105,6.94316e+20,3.44041e+19,254.059,3.74221,5.50567,1.76383e+16,7.70936e+16,30.0549,3.10391,5.13343,4.76023e+19,8.69185e+20,sim06723.iv
sim06724,26.1609,3.85337,5.98171,6.23065e+20,3.23036e+19,305.731,3.62052,5.43372,6.54506e+16,5.93992e+16,20.907,3.08553,5.01224,3.98621e+19,5.92519e+20,sim06724.iv
sim06725,35.789,3.92702,5.85292,6.88856e+20,3.20775e+19,323.767,3.72498,5.46278,4.39805e+16,6.32516e+16,35.8627,3.18797,5.10991,2.20597e+19,9.81394e+20,sim06725.iv
sim06726,49.8028,3.85388,5.93097,5.01166e+20,4.83436e+19,335.131,3.65556,5.40632,2.57632e+16,9.06693e+16,36.5361,2.99261,5.15071,3.14426e+19,8.93367e+20,sim06726.iv
sim06727,44.617,3.85154,5.90615,7.30571e+20,3.7102e+19,267.586,3.67811,5.57809,8.24503e+16,9.66351e+16,23.4693,2.9767,5.16342,4.01357e+19,7.21521e+20,sim06727.iv
sim06728,32.2335,3.93053,5.94581,8.95815e+20,1.64857e+19,272.43,3.72594,5.55504,1.58243e+16,6.92082e+16,23.2986,2.95389,5.04579,1.36701e+19,5.81962e+20,sim06728.iv
sim06729,37.9252,3.90179,5.97799,6.14357e+20,1.31134e+19,267.337,3.75255,5.42095,1.08384e+16,7.62322e+16,22.3812,2.94786,5.06926,1.01542e+19,9.92338e+20,sim06729.iv
sim06730,38.6721,3.84923,5.87592,8.32789e+20,4.14577e+19,266.567,3.71164,5.4677,1.16526e+16,3.17826e+16,35.6206,2.91642,5.02101,4.58841e+19,8.55342e+20,sim06730.iv
sim06731,46.0404,3.8778,5.94411,8.17204e+20,2.38642e+19,257.508,3.71724,5.40238,1.82313e+16,6.85293e+16,43.2562,2.82653,5.09348,3.92713e+19,7.01814e+20,sim06731.iv
sim06732,23.6807,3.92921,5.98709,9.5024e+20,4.47635e+19,344.796,3.7619,5.4522,8.59641e+16,8.05356e+16,41.5035,3.1456,5.00147,3.06616e+19,8.94507e+20,sim06732.iv
sim06733,29.2615,3.83566,5.82792,7.96549e+20,3.05577e+19,263.075,3.78169,5.54662,5.83784e+16,8.01301e+16,31.6046,2.99167,5.17457,4.34306e+19,8.26457e+20,sim06733.iv
sim06734,32.9593,3.95282,5.94885,6.9496e+20,2.36206e+19,324.949,3.76958,5.43021,8.28952e+16,5.32423e+16,33.1986,2.93311,5.07405,4.18369e+19,8.22736e+20,sim06734.iv
sim06735,31.7241,3.93439,5.89454,7.3779e+20,4.78997e+19,281.351,3.74403,5.5286,6.94608e+16,6.52621e+16,28.7602,3.17596,5.05218,3.73257e+19,7.7782e+20,sim06735.iv
sim06736,33.9418,3.8444,5.94301,5.34885e+20,4.44849e+19,319.655,3.75052,5.40731,9.80383e+16,1.92125e+16,30.5266,2.99188,5.18267,3.96423e+19,6.46582e+20,sim06736.iv
sim06737,41.3774,3.83938,5.89872,5.74648e+20,1.5072e+19,340.104,3.73413,5.4206,4.52922e+16,8.80089e+16,27.7722,3.13266,5.01237,2.09274e+19,7.97861e+20,sim06737.iv
sim06738,32.5496,3.95285,5.96296,5.32468e+20,2.35293e+19,335.209,3.72772,5.46625,6.29304e+16,2.76177e+16,48.9488,3.11717,5.06724,2.57729e+19,8.84192e+20,sim06738.iv
sim06739,38.4876,3.90892,5.83989,7.81469e+20,4.75859e+19,261.013,3.74465,5.40427,8.10022e+16,7.34195e+16,22.5152,3.17833,5.19744,3.70773e+19,8.52049e+20,sim06739.iv
sim06740,34.966,3.80169,5.90577,9.47845e+20,3.49087e+19,345.015,3.78788,5.45409,7.51084e+16,7.27681e+16,49.9886,2.93714,5.01867,1.33913e+19,7.54281e+20,sim06740.iv
sim06741,44.0735,3.90982,5.99816,9.15342e+20,4.8738e+19,223.739,3.6193,5.5867,4.15295e+16,1.56903e+16,28.4971,2.85318,5.16123,4.77404e+19,8.97908e+20,sim06741.iv
sim06742,23.4901,3.94606,5.80337,6.4631e+20,1.43365e+19,331.374,3.6598,5.58253,1.06559e+16,5.27672e+16,47.9278,2.90416,5.11104,2.11051e+19,5.62469e+20,sim06742.iv
sim06743,45.8291,3.83332,5.90926,7.73353e+20,1.05654e+19,332.138,3.6173,5.47037,3.17995e+16,1.99586e+16,34.0212,3.12843,5.1897,1.0526e+19,9.92298e+20,sim06743.iv
sim06744,40.4622,3.88021,5.90161,7.17853e+20,1.99126e+19,337.793,3.61578,5.49486,8.74429e+16,4.65631e+16,28.2151,2.96168,5.18821,3.46069e+19,5.74613e+20,sim06744.iv
sim06745,42.8957,3.80362,5.8378,8.05401e+20,1.3352e+19,214.796,3.72485,5.59745,2.10975e+16,9.98969e+16,35.0709,3.12645,5.12173,2.54813e+19,5.63752e+20,sim06745.iv
sim06746,39.0696,3.99122,5.86022,7.23686e+20,2.89485e+19,225.588,3.604,5.58143,7.40637e+16,9.88539e+16,47.4233,3.16625,5.03447,3.15454e+19,7.00149e+20,sim06746.iv
sim06747,39.0744,3.96199,5.99806,5.38167e+20,3.89738e+19,318.161,3.75916,5.45215,2.28608e+16,4.38332e+16,32.4616,3.12031,5.19888,4.47534e+19,6.24565e+20,sim06747.iv
sim06748,32.9612,3.96491,5.88355,5.60058e+20,2.9258e+19,312.409,3.75825,5.55245,2.90652e+16,5.82972e+16,24.3098,2.84082,5.17045,2.06209e+19,8.59551e+20,sim06748.iv
sim06749,42.4966,3.84291,5.80847,6.6794e+20,3.02297e+19,260.573,3.66115,5.40546,6.16754e+16,5.25504e+16,46.977,2.85376,5.10048,3.10886e+19,7.53623e+20,sim06749.iv
sim06750,22.1568,3.83417,5.80786,6.04505e+20,2.91065e+19,315.855,3.67022,5.46661,5.0626e+16,6.41252e+16,40.1157,2.94662,5.04859,3.08342e+19,8.21043e+20,sim06750.iv
sim06751,28.3742,3.81074,5.96786,9.47834e+20,3.81526e+19,320.068,3.79974,5.43958,2.79668e+16,6.71218e+16,49.6384,3.03086,5.18753,4.81695e+19,9.23236e+20,sim06751.iv
sim06752,36.927,3.94123,5.93457,7.46522e+20,1.56888e+19,218.989,3.60255,5.51097,4.53229e+16,1.91916e+16,42.2695,3.0492,5.09246,4.79948e+19,7.09136e+20,sim06752.iv
sim06753,35.1769,3.97616,5.98431,7.9157e+20,3.05454e+19,234.402,3.60478,5.56714,4.04721e+16,9.16371e+16,35.2979,2.90769,5.017,2.82515e+19,9.93244e+20,sim06753.iv
sim06754,41.7955,3.89716,5.81622,7.37845e+20,1.69283e+19,278.655,3.63281,5.40613,9.53854e+16,7.59112e+16,47.0089,2.90206,5.10418,2.69525e+19,6.49491e+20,sim06754.iv
sim06755,35.6378,3.99579,5.87653,6.41374e+20,1.13408e+19,214.518,3.69999,5.52225,8.39808e+16,4.00847e+16,39.8222,2.80209,5.00951,4.3157e+19,5.90337e+20,sim06755.iv
sim06756,42.253,3.96369,5.99423,5.98722e+20,4.32916e+19,242.905,3.63692,5.52436,2.319e+16,7.06669e+16,43.4943,3.14875,5.02387,1.42824e+19,7.78271e+20,sim06756.iv
sim06757,40.0675,3.94844,5.82691,8.47875e+20,3.24e+19,243.757,3.64966,5.59453,8.0786e+16,3.2325e+16,24.0389,3.10188,5.06072,1.02748e+19,8.20951e+20,sim06757.iv
sim06758,35.3576,3.84165,5.98364,8.74245e+20,1.85513e+19,349.207,3.66847,5.4508,1.89907e+16,6.87483e+16,37.915,2.97725,5.08882,3.11161e+19,5.40327e+20,sim06758.iv
sim06759,34.014,3.98251,5.96727,8.24568e+20,4.69783e+19,346.611,3.74206,5.42255,1.45717e+16,8.11968e+16,37.3498,3.03257,5.10937,1.17182e+19,5.4321e+20,sim06759.iv
sim06760,26.8023,3.922,5.91153,5.03435e+20,2.58583e+19,230.575,3.6712,5.49869,5.0549e+16,8.27197e+16,22.4975,2.88671,5.09972,3.98845e+19,9.39122e+20,sim06760.iv
sim06761,34.6293,3.98392,5.9186,9.18252e+20,2.44335e+19,252.481,3.75043,5.50916,6.05185e+16,8.04446e+16,39.9099,2.89454,5.02715,1.06153e+19,8.63939e+20,sim06761.iv
sim06762,36.7233,3.8725,5.82363,5.9641e+20,3.57033e+19,231.132,3.70964,5.4866,7.14105e+16,8.43369e+16,47.2654,3.17871,5.09229,3.80097e+19,8.21602e+20,sim06762.iv
sim06763,35.6346,3.91745,5.95323,9.28486e+20,1.90636e+19,221.145,3.64317,5.5591,6.06832e+16,6.79516e+16,42.6761,2.88146,5.13639,1.66203e+19,7.76407e+20,sim06763.iv
sim06764,23.822,3.84852,5.91942,9.75383e+20,2.52231e+19,299.383,3.77008,5.45934,8.79645e+16,7.16476e+16,26.7699,2.98728,5.16078,2.88296e+19,8.52604e+20,sim06764.iv
sim06765,27.9412,3.85044,5.95821,7.21105e+20,3.72725e+19,348.219,3.79838,5.49645,6.07252e+16,3.78988e+16,37.7647,3.13395,5.03225,1.27785e+19,7.12847e+20,sim06765.iv
sim06766,35.0644,3.80567,5.87217,5.71762e+20,4.90131e+19,296.277,3.72783,5.40214,1.53003e+16,4.05592e+16,24.1879,2.83642,5.06139,4.78865e+19,9.6686e+20,sim06766.iv
sim06767,37.1974,3.89677,5.87371,9.93632e+20,1.88323e+19,256.251,3.72828,5.54723,1.08276e+16,3.10601e+16,24.7511,2.83663,5.15013,3.52436e+19,8.35405e+20,sim06767.iv
sim06768,27.4011,3.9991,5.98965,7.1552e+20,1.64821e+19,244.178,3.707,5.54655,1.68481e+16,8.66831e+16,26.7991,3.14195,5.11252,3.12919e+19,5.99486e+20,sim06768.iv
sim06769,37.8806,3.89733,5.91813,9.64912e+20,1.80163e+19,318.297,3.71899,5.59709,3.60054e+16,8.94659e+16,26.2307,3.06822,5.13443,2.85452e+19,7.03783e+20,sim06769.iv
sim06770,48.9556,3.94599,5.95222,8.86649e+20,2.17001e+19,233.774,3.63376,5.52149,5.05505e+16,3.97166e+16,24.8996,2.8967,5.06112,3.55374e+19,8.16698e+20,sim06770.iv
sim06771,41.3031,3.9492,5.94477,5.30219e+20,3.55978e+19,335.78,3.79818,5.405,4.69766e+16,3.34543e+16,25.9634,3.06989,5.07857,4.2307e+19,8.3856e+20,sim06771.iv
sim06772,30.2696,3.83198,5.81963,6.68185e+20,2.63077e+19,222.953,3.69676,5.56115,3.50224e+16,1.69643e+16,47.3689,2.92495,5.06677,1.39168e+19,8.04424e+20,sim06772.iv
sim06773,41.2466,3.85167,5.87398,9.78093e+20,3.27993e+19,322.338,3.67148,5.46432,2.30966e+16,2.99191e+16,34.2959,2.90872,5.06125,3.2742e+19,8.74161e+20,sim06773.iv
sim06774,49.9562,3.81486,5.87784,6.81273e+20,2.04003e+19,226.236,3.64502,5.45985,5.66082e+16,1.28789e+16,35.035,3.17848,5.15848,3.58125e+19,7.5187e+20,sim06774.iv
sim06775,32.8952,3.85552,5.92021,7.38141e+20,4.16085e+19,254.086,3.64895,5.55224,5.93469e+16,7.93034e+16,44.5596,3.03034,5.09933,4.88129e+19,9.21839e+20,sim06775.iv
sim06776,40.6522,3.91351,5.82894,5.04667e+20,4.05542e+19,234.428,3.71114,5.52166,7.1188e+16,5.67279e+16,43.7961,2.9559,5.01783,4.48188e+19,5.53181e+20,sim06776.iv
sim06777,36.6537,3.80771,5.92264,6.6498e+20,3.54763e+19,270.872,3.78666,5.45034,3.66641e+16,4.29142e+16,22.3088,3.14536,5.01916,1.80503e+19,5.63677e+20,sim06777.iv
sim06778,23.8566,3.88006,5.8351,9.4105e+20,4.73271e+19,235.165,3.64354,5.46053,5.8697e+16,5.36467e+16,31.3679,2.90703,5.17046,2.94918e+19,5.59349e+20,sim06778.iv
sim06779,42.8934,3.86359,5.96058,8.6821e+20,1.48302e+19,255.55,3.72619,5.54929,4.88829e+16,6.06468e+16,22.6972,2.80143,5.04687,2.99254e+19,7.77127e+20,sim06779.iv
sim06780,21.6185,3.98519,5.82614,9.36586e+20,4.78789e+19,277.896,3.76203,5.50952,1.8011e+16,2.43332e+16,34.8253,2.93586,5.14699,2.17729e+19,5.36916e+20,sim06780.iv
sim06781,43.9067,3.91238,5.91175,6.85574e+20,2.88505e+19,225.664,3.74273,5.42511,8.14186e+16,4.95105e+16,21.1864,3.16498,5.17777,1.38497e+19,5.26517e+20,sim06781.iv
sim06782,28.5267,3.88046,5.91052,8.42927e+20,4.90014e+19,288.31,3.71314,5.5909,4.34289e+16,9.4914e+16,30.5628,3.09602,5.14273,4.38982e+19,5.90131e+20,sim06782.iv
sim06783,35.301,3.80038,5.97237,6.25774e+20,4.46064e+19,280.514,3.73369,5.44796,5.89038e+16,7.87019e+16,40.3392,3.06514,5.13042,1.15651e+19,5.17681e+20,sim06783.iv
sim06784,46.6008,3.92094,5.95335,8.88914e+20,4.42626e+19,326.711,3.63881,5.51597,5.48613e+16,7.5414e+16,46.9078,3.15239,5.02872,3.70439e+19,5.8636e+20,sim06784.iv
sim06785,37.7923,3.84593,5.80407,5.29148e+20,2.90531e+19,254.997,3.78558,5.44661,8.95467e+16,6.80996e+16,34.3251,2.88953,5.00288,2.70386e+19,7.14183e+20,sim06785.iv
sim06786,26.7397,3.94365,5.9293,6.59641e+20,4.76054e+19,323.458,3.71125,5.56269,8.42825e+16,5.36685e+16,48.9117,3.06208,5.00515,2.82076e+19,8.92303e+20,sim06786.iv
sim06787,33.1863,3.98165,5.95736,7.71288e+20,2.4053e+19,232.695,3.7903,5.46129,3.28767e+16,5.13927e+16,34.9123,3.19906,5.02044,4.4972e+19,5.694e+20,sim06787.iv
sim06788,34.4812,3.97309,5.96029,9.9741e+20,3.496e+19,315.471,3.79069,5.48224,4.71467e+16,6.71833e+16,45.1458,2.90775,5.1523,4.27896e+19,7.9563e+20,sim06788.iv
sim06789,26.263,3.95923,5.98404,6.71498e+20,1.72683e+19,339.863,3.6056,5.58204,4.78037e+16,7.02397e+16,30.5551,2.92477,5.02282,3.38966e+19,8.58186e+20,sim06789.iv
sim06790,23.8542,3.95757,5.84504,6.7734e+20,1.47233e+19,320.372,3.6329,5.44928,1.8956e+16,9.42094e+16,40.0164,3.07243,5.19231,2.7224e+19,7.58232e+20,sim06790.iv
sim06791,25.3918,3.89974,5.93747,5.96545e+20,1.1698e+19,245.916,3.61651,5.56104,8.91401e+16,3.47927e+16,27.2768,3.06491,5.15708,3.78147e+19,8.02741e+20,sim06791.iv
sim06792,30.448,3.93317,5.93143,6.06257e+20,1.10713e+19,301.333,3.66468,5.40547,1.16538e+16,2.28436e+16,22.5664,3.08329,5.18614,1.54611e+19,8.4066e+20,sim06792.iv
sim06793,35.7495,3.94013,5.83632,5.63503e+20,4.3158e+19,322.454,3.78599,5.4428,5.7921e+16,4.42255e+16,45.7139,3.0111,5.03367,2.19309e+19,7.98697e+20,sim06793.iv
sim06794,36.5713,3.95095,5.99982,7.11949e+20,2.94651e+19,287.829,3.73912,5.45177,6.32166e+16,3.22398e+16,32.8475,3.00288,5.09189,3.2523e+19,6.5797e+20,sim06794.iv
sim06795,49.6454,3.92603,5.83534,8.87367e+20,2.50442e+19,253.444,3.76024,5.50554,1.45204e+16,6.81295e+16,24.8524,3.06997,5.11058,2.27428e+19,9.44633e+20,sim06795.iv
sim06796,27.0822,3.8558,5.85389,7.61228e+20,2.45631e+19,258.324,3.74723,5.59763,5.24224e+16,6.83504e+16,42.0779,3.07601,5.15601,3.85931e+19,9.82403e+20,sim06796.iv
sim06797,47.2552,3.92181,5.87742,9.92434e+20,2.46584e+19,252.179,3.60798,5.59347,8.76042e+16,3.13852e+16,31.6504,2.89025,5.19761,1.10705e+19,5.10824e+20,sim06797.iv
sim06798,41.101,3.83964,5.80038,8.05563e+20,2.86582e+19,261.959,3.60245,5.41668,8.60987e+16,9.46307e+16,30.0696,3.13176,5.17412,4.21376e+19,9.62445e+20,sim06798.iv
sim06799,49.8731,3.85644,5.80131,7.02759e+20,3.84029e+19,257.838,3.70351,5.46849,4.6408e+16,5.25986e+16,46.1094,3.12568,5.19032,1.99907e+19,7.31624e+20,sim06799.iv
sim06800,40.4865,3.90209,5.88196,5.79106e+20,3.27959e+19,341.977,3.75071,5.49616,6.33673e+16,2.31427e+16,40.6529,3.04831,5.05863,4.90367e+19,6.19343e+20,sim06800.iv
sim06801,31.0377,3.89737,5.98705,6.76747e+20,3.2982e+19,252.813,3.62032,5.47488,8.37642e+16,4.48185e+16,37.6255,3.08861,5.10559,2.18437e+19,9.95384e+20,sim06801.iv
sim06802,28.0312,3.8348,5.95523,5.01041e+20,2.91808e+19,261.937,3.65177,5.49096,5.56147e+16,4.80712e+16,47.3288,3.1928,5.01439,4.49152e+19,7.75315e+20,sim06802.iv
sim06803,33.7196,3.95039,5.94607,9.05251e+20,1.41853e+19,217.363,3.73812,5.53012,8.58046e+16,8.48553e+16,34.364,2.94341,5.09528,1.93234e+19,5.85875e+20,sim06803.iv
sim06804,44.207,3.83998,5.84088,5.56899e+20,2.08892e+19,214.16,3.62414,5.50336,8.78055e+16,9.6944e+16,28.9996,2.95845,5.0443,2.96537e+19,8.23481e+20,sim06804.iv
sim06805,45.1922,3.85541,5.97196,8.225e+20,4.56828e+19,243.499,3.66585,5.40374,5.31141e+16,4.3903e+16,48.4372,3.11323,5.18715,4.08851e+19,6.67285e+20,sim06805.iv
sim06806,37.3991,3.93664,5.94848,8.48413e+20,1.58302e+19,264.339,3.60709,5.46085,7.93611e+16,4.29812e+16,21.4343,3.19591,5.03729,2.30098e+19,5.36625e+20,sim06806.iv
sim06807,46.3097,3.8648,5.85015,9.03529e+20,3.25283e+19,340.188,3.75159,5.44536,3.25051e+16,5.40917e+16,36.5586,2.98906,5.10727,4.97303e+19,7.08312e+20,sim06807.iv
sim06808,31.9436,3.95654,5.97557,6.48956e+20,4.51592e+19,328.703,3.65689,5.44858,7.29563e+16,7.59982e+16,41.7977,2.81399,5.13827,4.77022e+19,6.7795e+20,sim06808.iv
sim06809,24.4807,3.92331,5.83355,6.07653e+20,1.23093e+19,246.848,3.7261,5.44571,5.94082e+16,7.95641e+16,33.8473,3.14777,5.04192,4.90026e+19,6.06169e+20,sim06809.iv
sim06810,39.6208,3.908,5.8564,6.03986e+20,1.33095e+19,320.924,3.63287,5.52644,2.69743e+16,5.97448e+16,23.0108,2.94872,5.13081,4.24816e+19,9.69094e+20,sim06810.iv
sim06811,46.1635,3.84764,5.83916,6.29381e+20,4.89411e+19,347.525,3.79724,5.53861,4.8229e+16,8.46576e+16,46.011,2.91842,5.05773,4.93499e+19,8.01591e+20,sim06811.iv
sim06812,49.9368,3.9275,5.99861,7.60422e+20,4.25609e+19,280.198,3.78255,5.46903,5.74859e+16,2.61762e+16,44.2048,2.92756,5.0019,1.84883e+19,9.52352e+20,sim06812.iv
sim06813,32.9554,3.82542,5.92258,9.70057e+20,3.94155e+19,299.54,3.72383,5.50156,4.79062e+16,3.47751e+16,36.3016,2.83665,5.00459,3.38372e+19,6.68186e+20,sim06813.iv
sim06814,43.9481,3.95436,5.97243,7.42711e+20,4.40766e+19,302.407,3.78454,5.49311,7.0625e+16,3.24263e+16,44.1643,3.0934,5.1285,1.58957e+19,7.32691e+20,sim06814.iv
sim06815,49.4625,3.99839,5.99085,9.77638e+20,3.75028e+19,300.515,3.77524,5.49159,3.86724e+16,8.85829e+16,22.8832,2.95846,5.17171,4.2227e+19,6.96827e+20,sim06815.iv
sim06816,32.6473,3.87763,5.95178,6.48465e+20,2.99803e+19,248.34,3.76327,5.59497,1.79705e+16,5.03942e+16,39.1506,2.93293,5.04514,1.29719e+19,7.4255e+20,sim06816.iv
sim06817,29.8624,3.80509,5.90885,8.22805e+20,4.82944e+19,273.806,3.67242,5.4323,7.59932e+16,1.05528e+16,47.8523,2.89642,5.0251,3.24657e+19,8.04597e+20,sim06817.iv
sim06818,38.719,3.84612,5.96444,5.33663e+20,4.9431e+19,276.797,3.64789,5.52043,4.5756e+16,1.83944e+16,27.0008,3.08169,5.16024,2.88894e+19,7.69779e+20,sim06818.iv
sim06819,33.3472,3.83358,5.88678,7.16566e+20,3.96669e+19,218.821,3.65022,5.51403,2.96497e+16,4.99027e+16,34.8011,2.86343,5.06264,3.36202e+19,8.8486e+20,sim06819.iv
sim06820,34.204,3.80264,5.93428,6.81485e+20,2.82436e+19,337.464,3.68428,5.58275,3.44488e+16,7.23358e+16,33.0124,3.17584,5.14801,2.01822e+19,7.28349e+20,sim06820.iv
sim06821,47.5589,3.93302,5.97274,6.59039e+20,4.04592e+19,229.111,3.77059,5.50928,1.49203e+16,3.42518e+16,34.9202,3.00636,5.14837,3.21133e+19,8.93147e+20,sim06821.iv
sim06822,44.385,3.92144,5.84316,8.2765e+20,2.75182e+19,220.735,3.69531,5.56201,4.92135e+16,4.29334e+16,25.8369,3.02244,5.05122,3.48051e+19,5.03172e+20,sim06822.iv
sim06823,30.8499,3.95195,5.80575,5.50043e+20,4.87876e+19,211.23,3.75235,5.47206,3.60068e+16,7.41025e+16,45.4039,2.97438,5.00003,4.53674e+19,9.50005e+20,sim06823.iv
sim06824,37.7743,3.84813,5.99362,7.17897e+20,4.63625e+19,243.975,3.78258,5.55034,4.99372e+16,1.41582e+16,31.4365,3.14478,5.13471,2.19256e+19,8.00333e+20,sim06824.iv
sim06825,47.9905,3.87923,5.84524,9.23246e+20,3.15838e+19,289.992,3.78506,5.48061,7.5904e+16,8.79093e+16,37.9111,3.04239,5.0989,1.36091e+19,6.42339e+20,sim06825.iv
sim06826,31.4802,3.85069,5.85466,9.36267e+20,3.36054e+19,341.865,3.69054,5.52595,6.14454e+16,9.47128e+16,23.5341,2.92462,5.15038,4.09926e+19,5.54596e+20,sim06826.iv
sim06827,36.6229,3.8495,5.96958,8.79642e+20,3.22324e+19,297.766,3.78526,5.40068,6.67983e+16,1.65892e+16,48.528,2.94354,5.05193,1.0201e+19,5.05579e+20,sim06827.iv
sim06828,49.0825,3.95556,5.98808,6.94412e+20,2.22419e+19,312.981,3.73734,5.5904,2.91663e+16,6.11841e+16,37.6451,3.08456,5.19355,4.67693e+19,8.7246e+20,sim06828.iv
sim06829,31.4909,3.87529,5.93522,6.85469e+20,3.98689e+19,340.676,3.72193,5.53147,7.12767e+16,6.51949e+16,35.3949,3.12219,5.01762,3.84034e+19,5.91775e+20,sim06829.iv
sim06830,43.8741,3.92295,5.88194,7.11635e+20,1.89357e+19,258.42,3.6315,5.46711,5.16111e+16,3.00798e+16,20.2246,3.12598,5.1603,4.63089e+19,5.80076e+20,sim06830.iv
sim06831,23.9153,3.84458,5.8146,8.22238e+20,3.69105e+19,247.245,3.74178,5.45635,7.93128e+16,3.77255e+16,33.0646,3.15233,5.15235,1.59094e+19,6.89162e+20,sim06831.iv
sim06832,28.5628,3.88762,5.84718,5.20656e+20,4.7352e+19,342.993,3.66874,5.50325,6.62116e+16,2.98397e+16,44.6041,2.89858,5.06456,1.53208e+19,5.7684e+20,sim06832.iv
sim06833,37.7531,3.99464,5.81474,5.70203e+20,2.75077e+19,289.678,3.66879,5.42095,8.88102e+16,6.5467e+16,46.8693,3.04674,5.08628,2.90909e+19,7.9419e+20,sim06833.iv
sim06834,22.4737,3.85485,5.97432,9.99353e+20,3.17012e+19,300.86,3.75439,5.58633,1.08434e+16,7.28956e+16,36.5562,2.86464,5.18427,3.70282e+19,6.89264e+20,sim06834.iv
sim06835,20.8646,3.9074,5.96983,9.2864e+20,4.89469e+19,237.095,3.76317,5.55719,7.99867e+16,4.39263e+16,36.4952,3.09415,5.01381,3.42387e+19,8.39417e+20,sim06835.iv
sim06836,34.8813,3.97839,5.96666,9.51122e+20,4.22398e+19,305.06,3.79262,5.46481,9.7728e+16,3.42864e+16,25.7987,3.14909,5.17234,1.98455e+19,6.83395e+20,sim06836.iv
sim06837,24.2503,3.83891,5.87222,5.80316e+20,1.57582e+19,256.868,3.7602,5.57516,3.5141e+16,9.32696e+16,20.182,2.91964,5.11718,4.58132e+19,9.43836e+20,sim06837.iv
sim06838,43.2899,3.8847,5.97863,5.1129e+20,1.16244e+19,306.249,3.63839,5.59909,5.76539e+16,2.28877e+16,48.6264,2.92376,5.05621,1.52809e+19,9.48968e+20,sim06838.iv
sim06839,42.9186,3.95825,5.88116,8.13404e+20,3.77629e+19,347.935,3.71103,5.45425,2.077e+16,3.18379e+16,20.7624,2.85748,5.10229,1.02127e+19,5.47973e+20,sim06839.iv
sim06840,21.4991,3.90541,5.8049,7.53918e+20,3.44915e+19,241.457,3.78447,5.59578,9.31864e+16,9.13631e+16,22.4114,2.9303,5.05172,1.77881e+19,7.91535e+20,sim06840.iv
sim06841,45.0634,3.9727,5.84427,6.86774e+20,4.19247e+19,318.115,3.77424,5.41914,2.02957e+16,7.83004e+16,41.7676,3.13077,5.18941,4.91125e+19,7.51182e+20,sim06841.iv
sim06842,44.6928,3.87731,5.97059,8.65845e+20,3.19921e+19,259.526,3.76797,5.55032,6.38438e+16,6.1887e+16,24.7838,3.01888,5.03592,1.74335e+19,7.09494e+20,sim06842.iv
sim06843,47.3998,3.91125,5.92545,7.60286e+20,2.20585e+19,234.816,3.7907,5.48304,5.64112e+16,3.89476e+16,35.6154,3.17516,5.14372,4.01893e+19,9.30052e+20,sim06843.iv
sim06844,47.4496,3.95236,5.94419,9.79257e+20,2.00319e+19,302.007,3.65935,5.4451,2.32329e+16,5.83436e+16,40.4941,2.94658,5.04859,3.15249e+19,6.70576e+20,sim06844.iv
sim06845,26.149,3.83156,5.89823,7.07471e+20,2.0944e+19,253.463,3.68996,5.44601,4.94022e+16,2.90476e+16,38.574,3.15118,5.10186,4.55427e+19,9.62039e+20,sim06845.iv
sim06846,34.3888,3.83073,5.87316,5.94389e+20,1.14264e+19,227.205,3.73678,5.5595,6.75297e+16,4.0955e+16,25.9193,2.95793,5.05761,4.58132e+19,9.16384e+20,sim06846.iv
sim06847,23.153,3.92712,5.89035,8.07112e+20,2.95423e+19,237.997,3.67942,5.59262,7.39261e+16,1.51339e+16,37.6373,2.87977,5.14025,2.21943e+19,9.49071e+20,sim06847.iv
sim06848,25.007,3.96139,5.81639,7.17318e+20,3.54076e+19,278.215,3.65997,5.449,9.91599e+16,4.46415e+16,36.3751,3.17719,5.03358,3.10338e+19,9.16584e+20,sim06848.iv
sim06849,38.5,3.86536,5.97071,8.81928e+20,2.257e+19,223.311,3.72587,5.59045,9.78612e+16,8.68417e+16,33.077,3.03659,5.12703,1.38543e+19,7.49352e+20,sim06849.iv
sim06850,24.6351,3.97661,5.94462,5.4347e+20,1.62528e+19,303.548,3.7742,5.51254,8.75056e+16,4.04675e+16,26.4484,3.17861,5.02648,2.21031e+19,6.89371e+20,sim06850.iv
sim06851,35.3811,3.86156,5.85135,6.25445e+20,2.77396e+19,341.55,3.79377,5.50706,2.34007e+16,8.05071e+16,29.9379,2.8511,5.17075,1.10266e+19,5.26918e+20,sim06851.iv
sim06852,30.8344,3.84319,5.94074,9.93289e+20,2.88847e+19,337.941,3.7355,5.42959,8.88986e+16,8.13248e+16,29.2097,3.01429,5.03829,1.38692e+19,6.39451e+20,sim06852.iv
sim06853,41.7839,3.80526,5.89231,7.81104e+20,3.02046e+19,312.586,3.64046,5.59511,5.46733e+16,7.82776e+16,47.5178,2.90013,5.1976,3.60261e+19,6.33863e+20,sim06853.iv
sim06854,35.3624,3.85855,5.95154,8.99889e+20,2.55173e+19,306.088,3.64222,5.4636,6.78123e+16,3.28373e+16,40.1009,2.85864,5.13397,2.11991e+19,7.21623e+20,sim06854.iv
sim06855,37.0776,3.81991,5.91938,9.18336e+20,4.77354e+19,305.811,3.74537,5.58651,9.37166e+16,6.57705e+16,23.689,3.0313,5.06958,4.83689e+19,8.7068e+20,sim06855.iv
sim06856,38.5317,3.85318,5.86627,6.39822e+20,2.97721e+19,271.878,3.70742,5.42832,4.99632e+16,8.78637e+16,23.262,2.80032,5.12146,2.00087e+19,7.65967e+20,sim06856.iv
sim06857,23.8954,3.99225,5.9329,6.69762e+20,4.50498e+19,315.873,3.6323,5.58847,1.55364e+16,9.71496e+16,25.9923,2.83057,5.11347,2.74863e+19,6.97679e+20,sim06857.iv
sim06858,46.9881,3.80171,5.85659,6.23332e+20,1.72217e+19,232.898,3.65204,5.43147,2.90748e+16,6.09402e+16,25.1632,3.17774,5.06116,3.22766e+19,9.00663e+20,sim06858.iv
sim06859,42.3909,3.80666,5.882,8.93188e+20,4.70294e+19,307.809,3.67733,5.51409,7.85241e+16,4.95607e+16,46.8238,2.92463,5.18881,3.8108e+19,9.43179e+20,sim06859.iv
sim06860,48.8532,3.80472,5.9626,6.95591e+20,1.74799e+19,278.672,3.73136,5.42942,9.59564e+16,8.98959e+16,49.2469,2.91478,5.09517,4.45736e+19,7.94195e+20,sim06860.iv
sim06861,45.1823,3.80009,5.90417,9.53701e+20,4.06038e+19,222.694,3.75993,5.45989,6.72562e+16,4.3058e+16,46.1135,3.14127,5.18589,3.16191e+19,7.79277e+20,sim06861.iv
sim06862,23.7471,3.92838,5.99323,9.28686e+20,2.52041e+19,245.002,3.66987,5.56512,5.95431e+16,3.16476e+16,38.0142,2.93367,5.12092,2.41815e+19,8.77159e+20,sim06862.iv
sim06863,34.9662,3.90801,5.80788,9.70417e+20,1.20971e+19,227.876,3.61983,5.44073,4.87234e+16,1.42243e+16,29.6891,3.10378,5.13667,1.22981e+19,9.07232e+20,sim06863.iv
sim06864,31.5219,3.96412,5.8818,9.60894e+20,4.46958e+19,253.538,3.72057,5.48843,5.10103e+16,4.968e+16,39.374,2.96392,5.13005,2.20203e+19,9.48581e+20,sim06864.iv
sim06865,47.3795,3.93767,5.91566,8.19748e+20,2.52394e+19,268.799,3.70184,5.46138,3.49137e+16,5.76068e+16,39.7692,2.99655,5.04216,2.50045e+19,8.52939e+20,sim06865.iv
sim06866,43.515,3.95165,5.93277,6.16459e+20,2.62873e+19,287.954,3.79193,5.43598,6.41878e+16,4.63231e+16,32.539,3.10043,5.13206,3.12334e+19,5.31101e+20,sim06866.iv
sim06867,22.7455,3.90452,5.96864,7.49151e+20,3.25634e+19,349.121,3.64877,5.50552,7.8853e+16,9.56752e+16,44.7215,3.01264,5.12982,4.24169e+19,6.78581e+20,sim06867.iv
sim06868,43.8967,3.90868,5.86445,7.21357e+20,4.67636e+19,291.689,3.78442,5.58738,6.94229e+16,1.56805e+16,47.7181,3.10025,5.08232,2.82058e+19,5.1286e+20,sim06868.iv
sim06869,46.1454,3.98529,5.82215,8.81278e+20,3.13277e+19,231.224,3.73433,5.5571,5.90471e+16,2.52045e+16,48.9629,2.9939,5.18995,2.5066e+19,7.76129e+20,sim06869.iv
sim06870,35.9745,3.83091,5.98619,8.23537e+20,4.33825e+19,215.311,3.61257,5.48018,9.6934e+16,8.79902e+16,44.4203,3.10564,5.12639,3.76006e+19,6.9518e+20,sim06870.iv
sim06871,46.483,3.86836,5.87699,5.83396e+20,1.16537e+19,240.754,3.62126,5.50593,3.77554e+16,4.59387e+16,33.945,2.92597,5.03525,1.43312e+19,9.43407e+20,sim06871.iv
sim06872,30.3012,3.87966,5.96811,6.80894e+20,4.04173e+19,240.124,3.61447,5.55638,6.16138e+16,2.32681e+16,34.252,3.11448,5.19884,2.47815e+19,7.07666e+20,sim06872.iv
sim06873,43.7412,3.81017,5.91614,7.59101e+20,1.69427e+19,276.316,3.7978,5.55969,5.47645e+16,7.86712e+16,30.4042,2.85299,5.07005,1.66753e+19,7.40421e+20,sim06873.iv
sim06874,49.2978,3.95769,5.9392,6.85988e+20,1.62524e+19,305.205,3.62517,5.50638,8.6059e+16,8.95994e+16,33.9872,2.81162,5.18664,3.16619e+19,8.34231e+20,sim06874.iv
sim06875,49.0765,3.82221,5.9625,9.66689e+20,1.51499e+19,348.462,3.79632,5.44484,6.29923e+16,4.89132e+16,43.2132,3.1876,5.19824,3.24003e+19,8.65704e+20,sim06875.iv
sim06876,49.6873,3.80043,5.82823,7.23905e+20,4.11972e+19,258.573,3.68055,5.58327,1.13928e+16,3.15939e+16,49.8119,2.88615,5.14954,1.3451e+19,5.38587e+20,sim06876.iv
sim06877,30.3595,3.91357,5.93218,6.36905e+20,2.6014e+19,343.431,3.6267,5.40001,5.12704e+16,9.67222e+16,45.8936,2.90537,5.02949,2.80072e+19,9.92807e+20,sim06877.iv
sim06878,42.6794,3.96496,5.86825,6.53169e+20,1.06249e+19,284.873,3.69584,5.44276,2.04977e+16,6.83152e+16,34.2874,3.07625,5.03596,1.25391e+19,5.83993e+20,sim06878.iv
sim06879,41.148,3.80063,5.93129,7.10415e+20,4.57769e+19,285.969,3.75246,5.51249,6.36416e+16,3.08476e+16,30.8913,3.12728,5.19647,2.56723e+19,7.58091e+20,sim06879.iv
sim06880,27.7452,3.84076,5.9136,5.35416e+20,3.93196e+19,225.165,3.61228,5.44165,9.0474e+16,2.06504e+16,37.776,2.98162,5.12455,2.60596e+19,7.35357e+20,sim06880.iv
sim06881,49.3782,3.86152,5.83564,5.16187e+20,3.53387e+19,227.554,3.77241,5.52225,8.13281e+16,7.38726e+16,42.5677,3.19311,5.1187,2.23554e+19,8.01276e+20,sim06881.iv
sim06882,35.8383,3.84152,5.86163,8.28334e+20,2.88007e+19,254.146,3.71649,5.45501,9.84098e+16,7.85416e+16,24.5822,2.93765,5.05249,2.018e+19,6.1866e+20,sim06882.iv
sim06883,22.9128,3.86509,5.81086,8.817e+20,1.73921e+19,224.419,3.75098,5.55047,4.77669e+16,8.85638e+16,32.3986,3.00405,5.15837,1.52818e+19,5.25374e+20,sim06883.iv
sim06884,38.5699,3.87192,5.84705,9.08283e+20,3.38118e+19,334.521,3.68951,5.51721,8.78147e+16,4.89607e+16,42.0854,2.8969,5.00305,3.48635e+19,6.58457e+20,sim06884.iv
sim06885,26.3072,3.99429,5.84701,9.58398e+20,3.5593e+19,228.989,3.77538,5.42098,6.83618e+16,4.17374e+16,26.2057,2.97603,5.03354,4.66313e+19,8.11439e+20,sim06885.iv
sim06886,36.0248,3.93854,5.97914,8.38876e+20,4.80366e+19,250.215,3.79138,5.53705,4.05173e+16,6.60493e+16,40.3542,2.9616,5.10913,1.44057e+19,6.25626e+20,sim06886.iv
sim06887,20.1812,3.83966,5.98933,6.50345e+20,3.20148e+19,292.991,3.74189,5.48961,2.21672e+16,6.52345e+16,39.2543,2.96352,5.19815,2.49351e+19,5.12739e+20,sim06887.iv
sim06888,24.5048,3.98928,5.94918,9.20124e+20,4.8554e+19,308.505,3.63387,5.56924,2.82032e+16,7.17691e+16,20.9794,2.93595,5.10339,3.79376e+19,9.26383e+20,sim06888.iv
sim06889,21.7691,3.964,5.94958,9.07871e+20,3.10396e+19,292.041,3.62254,5.56363,2.30975e+16,6.39313e+16,28.7245,2.8463,5.04593,1.05609e+19,6.21611e+20,sim06889.iv
sim06890,33.0227,3.91685,5.83152,6.42403e+20,3.69082e+19,237.993,3.66397,5.51231,5.28472e+16,4.40182e+16,40.2492,2.913,5.07788,3.20384e+19,7.09968e+20,sim06890.iv
sim06891,30.1934,3.99159,5.85267,6.70129e+20,1.42112e+19,348.148,3.76326,5.44078,2.79544e+16,4.4652e+16,32.8483,2.9629,5.08413,2.30892e+19,6.0311e+20,sim06891.iv
sim06892,28.0922,3.85898,5.90945,5.38456e+20,1.70041e+19,286.512,3.6637,5.51563,8.53568e+16,8.80413e+16,23.6682,2.8971,5.14173,3.13819e+19,5.3837e+20,sim06892.iv
sim06893,47.0354,3.93291,5.80322,6.34558e+20,4.92538e+19,270.584,3.64386,5.43547,2.13882e+16,7.32911e+16,41.3923,3.0831,5.18106,4.47712e+19,5.30824e+20,sim06893.iv
sim06894,25.1746,3.82807,5.86971,6.81381e+20,4.40297e+19,281.383,3.74064,5.42568,2.29554e+16,1.69419e+16,25.0861,2.89921,5.11474,3.63932e+19,8.7419e+20,sim06894.iv
sim06895,43.2853,3.83839,5.81489,7.04434e+20,4.79584e+19,279.431,3.75968,5.57902,5.93335e+16,2.93149e+16,42.7119,3.03761,5.19312,3.38821e+19,9.56154e+20,sim06895.iv
sim06896,33.3033,3.9979,5.88571,6.10437e+20,3.07446e+19,212.313,3.7463,5.54486,8.78693e+16,7.4821e+16,21.0804,3.15549,5.10678,3.43619e+19,7.07095e+20,sim06896.iv
sim06897,32.7517,3.87565,5.95912,5.01476e+20,1.72621e+19,314.764,3.68173,5.48476,6.59761e+16,1.68814e+16,40.6935,3.10982,5.0796,3.78266e+19,7.27291e+20,sim06897.iv
sim06898,32.536,3.80478,5.9964,7.41913e+20,4.49191e+19,267.15,3.65557,5.55155,7.92944e+16,9.0905e+16,42.9222,3.08095,5.001,1.67486e+19,7.8783e+20,sim06898.iv
sim06899,37.221,3.93073,5.92666,5.54509e+20,4.78542e+19,273.044,3.74681,5.54847,2.92191e+16,4.70501e+16,21.6325,2.81108,5.0301,1.46661e+19,8.58615e+20,sim06899.iv
sim06900,34.8049,3.87772,5.83324,6.96909e+20,4.21755e+19,338.882,3.67784,5.54278,8.61716e+16,4.54947e+16,28.6021,2.94764,5.08341,3.89274e+19,6.40098e+20,sim06900.iv
sim06901,24.4356,3.9135,5.80405,7.42099e+20,3.82342e+19,246.799,3.60314,5.57717,4.28722e+16,4.00189e+16,41.13,2.86804,5.1381,3.44957e+19,6.06662e+20,sim06901.iv
sim06902,30.9308,3.98179,5.94128,9.15816e+20,2.69259e+19,298.688,3.66187,5.48725,9.78639e+16,6.84786e+16,26.7668,3.07732,5.19883,3.77887e+19,8.09431e+20,sim06902.iv
sim06903,38.6988,3.94612,5.99494,5.00584e+20,1.60789e+19,305.852,3.61137,5.55874,3.36756e+16,7.9687e+16,46.2,2.88279,5.18265,1.44489e+19,6.31619e+20,sim06903.iv
sim06904,28.675,3.87223,5.94223,5.93581e+20,2.75006e+19,332.415,3.60723,5.51399,6.52418e+16,3.5397e+16,43.9061,3.17743,5.06907,4.3675e+19,6.2131e+20,sim06904.iv
sim06905,27.1285,3.91097,5.9063,9.54706e+20,2.80547e+19,289.243,3.66897,5.44409,7.37255e+16,1.56329e+16,45.8523,3.16604,5.10561,1.30642e+19,6.67494e+20,sim06905.iv
sim06906,21.787,3.84634,5.93019,5.13585e+20,2.00693e+19,294.751,3.76449,5.53824,6.50632e+16,2.57337e+16,43.4313,2.90874,5.15097,2.44924e+19,7.223e+20,sim06906.iv
sim06907,46.8558,3.83345,5.9214,8.97486e+20,1.9236e+19,266.106,3.66143,5.5509,6.52801e+16,5.3405e+16,45.6177,2.92431,5.04156,4.13748e+19,6.62625e+20,sim06907.iv
sim06908,32.1767,3.91041,5.99677,6.73462e+20,3.54788e+19,337.948,3.65544,5.55813,7.6379e+16,7.98627e+16,44.3917,2.97721,5.02695,3.07019e+19,5.9002e+20,sim06908.iv
sim06909,24.371,3.89561,5.85344,6.96221e+20,1.77337e+19,329.203,3.74573,5.52666,1.91698e+16,3.83611e+16,38.9103,2.88098,5.16717,4.5016e+19,7.79178e+20,sim06909.iv
sim06910,23.9698,3.84388,5.80415,6.42736e+20,4.2426e+19,252.183,3.76285,5.57223,8.70859e+16,8.48339e+16,25.8641,3.0453,5.08495,1.89806e+19,9.59933e+20,sim06910.iv
sim06911,48.9133,3.87526,5.96824,9.96598e+20,4.78874e+19,246.236,3.60448,5.4377,2.57918e+16,3.41621e+16,31.2798,3.12311,5.06936,4.60602e+19,8.40599e+20,sim06911.iv
sim06912,22.5491,3.99691,5.85551,8.51884e+20,4.18076e+19,262.435,3.77713,5.56196,7.93068e+16,8.95754e+16,30.3889,3.09181,5.09811,3.76783e+19,8.69064e+20,sim06912.iv
sim06913,39.0332,3.96925,5.84823,5.14458e+20,3.64833e+19,219.168,3.65097,5.43478,4.11762e+16,9.90759e+16,40.7639,2.81449,5.19502,4.82473e+19,8.57096e+20,sim06913.iv
sim06914,43.4305,3.83373,5.90716,7.28809e+20,3.6386e+19,312.778,3.65146,5.4568,8.86979e+16,3.48087e+16,30.6123,3.08273,5.14331,2.51505e+19,9.86366e+20,sim06914.iv
sim06915,30.446,3.85244,5.81559,6.94847e+20,3.49772e+19,222.527,3.60022,5.47804,5.38574e+16,3.44772e+16,22.2093,3.08963,5.06663,1.91826e+19,6.96383e+20,sim06915.iv
sim06916,32.0446,3.8662,5.94987,8.55373e+20,1.14378e+19,259.153,3.71412,5.5667,3.85745e+16,1.24904e+16,45.3988,3.08636,5.11253,3.34809e+19,8.76765e+20,sim06916.iv
sim06917,35.8234,3.92379,5.99909,6.11356e+20,3.53003e+19,320.297,3.62953,5.58417,3.62796e+16,7.92873e+16,38.7288,3.01987,5.18543,2.70489e+19,7.30685e+20,sim06917.iv
sim06918,35.943,3.97981,5.99671,9.75031e+20,4.3962e+19,277.504,3.65656,5.58938,2.33332e+16,1.33646e+16,35.9451,3.04079,5.13607,2.63398e+19,9.16759e+20,sim06918.iv
sim06919,40.394,3.96915,5.972,9.43981e+20,3.37545e+19,223.838,3.64183,5.43758,5.38409e+16,2.45526e+16,29.3187,2.88984,5.15721,3.69623e+19,9.10214e+20,sim06919.iv
sim06920,20.4182,3.94024,5.80224,6.86409e+20,1.00472e+19,318.474,3.6475,5.51812,1.57554e+16,1.12927e+16,48.2225,3.16754,5.04867,4.8189e+19,5.5216e+20,sim06920.iv
sim06921,25.5169,3.89027,5.92728,6.77641e+20,2.77659e+19,226.473,3.79177,5.42602,1.58104e+16,2.33962e+16,26.5375,2.83877,5.05722,1.2171e+19,6.02042e+20,sim06921.iv
sim06922,26.3915,3.80212,5.81791,8.40416e+20,4.09734e+19,242.478,3.74131,5.48143,4.05445e+16,7.28859e+16,44.6582,3.03619,5.10292,2.85438e+19,6.55413e+20,sim06922.iv
sim06923,43.7956,3.9508,5.95446,9.38576e+20,4.67759e+19,337.49,3.74469,5.47218,7.32682e+16,9.20399e+16,24.6853,2.83532,5.12654,3.16345e+19,6.38058e+20,sim06923.iv
sim06924,30.6282,3.84555,5.93636,8.83874e+20,1.81054e+19,270.155,3.62703,5.41112,1.53819e+16,4.62545e+16,44.1438,2.93564,5.13779,3.24281e+19,7.0228e+20,sim06924.iv
sim06925,25.0675,3.8363,5.92916,6.63389e+20,3.7603e+19,294.959,3.73421,5.53705,5.01451e+16,4.67023e+16,39.3279,3.17782,5.11891,4.43341e+19,6.1189e+20,sim06925.iv
sim06926,22.5053,3.92507,5.87459,8.21114e+20,1.56506e+19,265.96,3.77618,5.45678,9.72607e+16,6.20429e+16,43.412,2.94041,5.09218,2.69464e+19,8.7557e+20,sim06926.iv
sim06927,24.6403,3.89606,5.80866,8.80197e+20,1.18477e+19,270.15,3.66432,5.46639,2.04963e+16,7.69287e+16,26.8186,3.00044,5.18206,3.18615e+19,7.68062e+20,sim06927.iv
sim06928,24.2813,3.93637,5.86095,7.17172e+20,2.73912e+19,243.954,3.61155,5.52978,8.60031e+16,1.91612e+16,30.7787,2.93991,5.01625,2.23e+19,7.15479e+20,sim06928.iv
sim06929,44.6255,3.80899,5.8938,6.88022e+20,4.86678e+19,345.02,3.78912,5.46922,3.43945e+16,2.07155e+16,46.965,2.91534,5.14281,1.82864e+19,6.2365e+20,sim06929.iv
sim06930,38.9301,3.92857,5.86277,7.15749e+20,2.87579e+19,349.189,3.72953,5.46386,2.26332e+16,9.11915e+16,25.7788,3.19868,5.06151,2.70393e+19,8.10547e+20,sim06930.iv
sim06931,37.1702,3.82001,5.84381,9.02528e+20,3.23812e+19,349.455,3.75995,5.59199,6.24105e+16,4.55324e+16,40.327,2.99012,5.16463,2.03559e+19,5.17789e+20,sim06931.iv
sim06932,33.8113,3.85742,5.89419,7.0184e+20,1.9125e+19,332.131,3.74736,5.59389,5.46871e+16,4.01054e+16,37.3823,2.84725,5.10001,4.83207e+19,8.89073e+20,sim06932.iv
sim06933,47.1257,3.84515,5.80374,8.7072e+20,4.22315e+19,256.661,3.70386,5.48198,6.88442e+16,8.95496e+16,41.0024,3.01633,5.14885,3.85889e+19,5.3225e+20,sim06933.iv
sim06934,43.4595,3.98018,5.81667,8.13682e+20,1.03498e+19,280.711,3.71996,5.44878,2.17702e+16,3.46074e+16,44.9795,3.00507,5.06003,4.39259e+19,9.52926e+20,sim06934.iv
sim06935,38.8491,3.83549,5.90194,6.61119e+20,1.27115e+19,349.043,3.61797,5.46334,3.48725e+16,3.52826e+16,26.6242,3.02012,5.15485,1.80896e+19,8.95938e+20,sim06935.iv
sim06936,36.8791,3.99925,5.90544,9.33257e+20,2.43961e+19,308.847,3.64574,5.41541,7.53081e+16,7.32462e+16,36.4491,3.1342,5.1411,3.00991e+19,7.84029e+20,sim06936.iv
sim06937,43.0425,3.84547,5.84921,6.47603e+20,3.63386e+19,338.317,3.61299,5.44285,2.66361e+16,1.65705e+16,42.8894,3.18698,5.12818,3.10502e+19,9.51047e+20,sim06937.iv
sim06938,46.5326,3.87096,5.83309,6.22534e+20,4.13021e+19,316.068,3.69795,5.41967,8.18769e+16,6.11607e+16,31.0363,3.1729,5.03633,2.1466e+19,6.44925e+20,sim06938.iv
sim06939,47.9713,3.97692,5.93261,7.20875e+20,1.54964e+19,329.415,3.60873,5.40179,4.97246e+16,6.12006e+16,39.0329,3.02413,5.09268,2.82006e+19,6.25434e+20,sim06939.iv
sim06940,26.1882,3.85004,5.80634,6.11109e+20,1.46341e+19,330.928,3.72948,5.45297,6.66577e+16,8.38693e+16,46.3585,3.09804,5.07322,1.83121e+19,9.75049e+20,sim06940.iv
sim06941,24.0504,3.99367,5.98307,7.43752e+20,2.87989e+19,223.037,3.78297,5.49892,1.14503e+16,4.02025e+16,37.2972,2.98803,5.06458,2.83375e+19,6.75309e+20,sim06941.iv
sim06942,47.5173,3.83982,5.88091,9.39261e+20,2.63636e+19,280.612,3.70068,5.54684,4.92999e+16,2.5031e+16,44.7869,3.07905,5.17336,2.25106e+19,6.47857e+20,sim06942.iv
sim06943,20.0331,3.80609,5.88639,8.74566e+20,1.35606e+19,225.752,3.67688,5.55127,1.90568e+16,6.57963e+16,30.6246,2.89266,5.1964,4.40372e+19,5.99625e+20,sim06943.iv
sim06944,33.2117,3.85445,5.8978,6.11881e+20,1.21104e+19,277.003,3.73143,5.47887,2.66132e+16,6.51989e+16,44.1975,2.93009,5.17829,1.57516e+19,6.9525e+20,sim06944.iv
sim06945,21.5386,3.94398,5.98531,7.91394e+20,2.71655e+19,289.756,3.75156,5.48593,8.57508e+16,3.99319e+16,29.8542,3.1411,5.15559,1.13071e+19,7.45717e+20,sim06945.iv
sim06946,46.418,3.89801,5.80113,7.85433e+20,1.27646e+19,238.032,3.61019,5.57599,6.176e+16,4.41301e+16,33.3662,2.99662,5.02124,2.68382e+19,7.29368e+20,sim06946.iv
sim06947,38.4531,3.85072,5.97061,7.07356e+20,1.88923e+19,289.96,3.68788,5.43608,8.70958e+16,6.44792e+16,43.3667,3.1277,5.08024,4.77559e+19,5.29554e+20,sim06947.iv
sim06948,27.181,3.84002,5.83707,8.87422e+20,1.34353e+19,240.509,3.63981,5.55595,8.73533e+16,2.0263e+16,23.145,2.80063,5.12546,2.88468e+19,8.95264e+20,sim06948.iv
sim06949,45.2854,3.85115,5.86764,5.99185e+20,2.17511e+19,312.318,3.68435,5.53076,5.90849e+16,8.77464e+16,37.1446,2.8862,5.17872,3.78422e+19,6.90406e+20,sim06949.iv
sim06950,25.7051,3.93235,5.91801,7.03112e+20,2.27441e+19,299.405,3.62183,5.50259,9.91322e+16,9.24645e+16,28.5082,2.9603,5.1774,3.51242e+19,6.3028e+20,sim06950.iv
sim06951,28.6025,3.80103,5.97266,5.54633e+20,2.28603e+19,259.9,3.76817,5.40361,2.18667e+16,9.17228e+16,26.5665,2.87386,5.11163,1.93293e+19,8.33083e+20,sim06951.iv
sim06952,46.9531,3.98252,5.96655,9.64654e+20,4.68144e+19,238.525,3.72193,5.47512,4.52542e+16,3.82201e+16,38.5053,2.94085,5.05936,2.58558e+19,8.95053e+20,sim06952.iv
sim06953,41.0287,3.84774,5.97576,5.3315e+20,2.30033e+19,221.854,3.71427,5.57913,1.73258e+16,6.38691e+16,43.3103,3.03228,5.17356,3.02165e+19,6.91659e+20,sim06953.iv
sim06954,23.567,3.91352,5.83883,8.36514e+20,3.95756e+19,264.725,3.70652,5.54899,5.92606e+16,3.41048e+16,44.4275,3.1443,5.11269,1.30371e+19,7.46504e+20,sim06954.iv
sim06955,49.2153,3.95967,5.95486,7.84627e+20,2.08247e+19,238.823,3.68727,5.40694,9.04456e+16,2.92506e+16,36.49,3.06966,5.06561,4.45721e+19,5.20242e+20,sim06955.iv
sim06956,42.5597,3.89083,5.84302,6.59849e+20,1.56011e+19,211.844,3.73138,5.4042,9.76987e+16,3.192e+16,48.8605,3.16911,5.08156,3.45928e+19,7.05701e+20,sim06956.iv
sim06957,29.6221,3.99537,5.97485,6.42219e+20,2.1627e+19,307.973,3.63909,5.52143,2.88088e+16,4.32033e+16,26.4666,2.96693,5.09637,3.62863e+19,7.25913e+20,sim06957.iv
sim06958,45.3292,3.8173,5.87231,9.38912e+20,1.21534e+19,320.14,3.60017,5.47646,8.65206e+16,2.85961e+16,24.4271,2.91613,5.07556,3.49894e+19,7.31914e+20,sim06958.iv
sim06959,45.4393,3.97858,5.97121,9.10616e+20,4.17392e+19,262.008,3.76635,5.44223,9.09169e+16,8.73718e+16,41.4923,3.11125,5.18614,4.28607e+19,8.03798e+20,sim06959.iv
sim06960,48.9752,3.88151,5.97179,8.62812e+20,4.69013e+19,244.369,3.67221,5.47735,7.34358e+16,5.92382e+16,25.5473,2.95001,5.16776,3.44934e+19,8.33456e+20,sim06960.iv
sim06961,23.7619,3.89711,5.97753,9.48362e+20,4.74338e+19,332.726,3.65832,5.48027,7.25435e+16,2.99416e+16,42.9677,3.06465,5.11389,4.89548e+19,8.54675e+20,sim06961.iv
sim06962,22.0869,3.80657,5.9682,6.62672e+20,1.9157e+19,287.836,3.73361,5.51162,7.46724e+16,5.30166e+16,46.447,3.07215,5.09997,4.1661e+19,5.07149e+20,sim06962.iv
sim06963,49.077,3.86202,5.81991,6.697e+20,3.89207e+19,228.474,3.66625,5.45465,1.12254e+16,2.36101e+16,34.9256,2.83715,5.17846,1.45451e+19,5.56277e+20,sim06963.iv
sim06964,29.5635,3.92314,5.94613,5.95142e+20,1.7574e+19,244.505,3.77814,5.4952,8.19787e+16,8.75544e+16,39.7083,2.98281,5.18647,1.59923e+19,5.93322e+20,sim06964.iv
sim06965,34.8301,3.85016,5.96122,6.56453e+20,4.52828e+19,316.953,3.7452,5.51184,9.47732e+16,8.98205e+16,27.1783,2.80471,5.17324,1.10302e+19,8.19357e+20,sim06965.iv
sim06966,44.7946,3.80256,5.84744,9.02951e+20,3.88301e+19,249.205,3.66209,5.58895,2.27909e+16,5.32686e+16,32.1156,3.00214,5.08453,1.82116e+19,8.9873e+20,sim06966.iv
sim06967,37.7304,3.91042,5.98836,8.33563e+20,2.83119e+19,325.508,3.78234,5.43752,4.55204e+16,7.62944e+16,40.6682,2.86944,5.0929,2.77173e+19,6.44186e+20,sim06967.iv
sim06968,27.9171,3.93277,5.96576,9.4099e+20,1.10372e+19,252.402,3.74709,5.51403,8.94416e+16,9.39859e+16,23.8681,2.84022,5.11877,2.83338e+19,6.39335e+20,sim06968.iv
sim06969,27.6953,3.92567,5.84988,5.46823e+20,4.59308e+19,305.026,3.77224,5.43453,2.12815e+16,7.6215e+16,33.3311,3.16847,5.16655,2.24757e+19,9.31686e+20,sim06969.iv
sim06970,22.8756,3.80314,5.86964,9.80624e+20,3.56665e+19,296.176,3.69719,5.40701,5.46386e+16,7.13754e+16,38.0602,3.01767,5.09172,4.23407e+19,7.11557e+20,sim06970.iv
sim06971,42.1003,3.90283,5.97853,5.60588e+20,3.8897e+19,227.832,3.78768,5.56995,4.28336e+16,8.01632e+16,22.4106,3.06222,5.1829,1.07986e+19,6.91703e+20,sim06971.iv
sim06972,26.9484,3.89658,5.95713,6.86909e+20,2.40722e+19,275.637,3.65128,5.56356,2.23934e+16,7.53988e+16,25.1207,3.00229,5.17075,2.96775e+19,5.93306e+20,sim06972.iv
sim06973,20.73,3.9127,5.90878,9.56654e+20,4.61521e+19,302.957,3.61281,5.50541,2.45658e+16,1.91282e+16,45.6896,2.86998,5.16096,1.86954e+19,5.83263e+20,sim06973.iv
sim06974,34.0972,3.83652,5.95178,9.82444e+20,3.25666e+19,244.976,3.76592,5.46302,4.70438e+16,4.04563e+16,47.2931,2.84022,5.01221,2.31898e+19,8.26785e+20,sim06974.iv
sim06975,21.5041,3.90581,5.98751,7.91776e+20,2.71778e+19,307.191,3.76264,5.52984,4.76419e+16,2.19601e+16,32.2352,3.00499,5.124,2.91133e+19,9.49792e+20,sim06975.iv
sim06976,48.9859,3.89473,5.83216,5.70224e+20,3.29149e+19,212.456,3.63593,5.55621,1.7779e+16,2.32281e+16,49.6944,3.06502,5.1572,3.26536e+19,7.93482e+20,sim06976.iv
sim06977,33.817,3.83632,5.99005,9.45768e+20,1.74428e+19,313.788,3.65164,5.55672,7.69133e+16,6.83059e+16,42.1457,3.12233,5.10821,1.43964e+19,7.68382e+20,sim06977.iv
sim06978,42.0199,3.87082,5.98668,7.39654e+20,2.17756e+19,337.799,3.69661,5.41277,3.6292e+16,2.67945e+16,46.4161,2.92125,5.09535,2.59466e+19,7.32815e+20,sim06978.iv
sim06979,35.3637,3.87222,5.83469,8.79742e+20,2.58019e+19,323.074,3.68982,5.59932,9.81882e+16,9.25022e+16,35.9064,2.8515,5.10845,2.60817e+19,5.34815e+20,sim06979.iv
sim06980,34.5424,3.9489,5.92924,9.02088e+20,4.7181e+19,317.307,3.71981,5.52931,6.33207e+16,3.17428e+16,24.0813,3.0499,5.1985,2.09427e+19,9.06268e+20,sim06980.iv
sim06981,34.5537,3.92119,5.89621,6.53992e+20,4.64593e+19,257.27,3.62492,5.47,6.92294e+16,5.37012e+16,27.2972,3.18418,5.11521,4.77285e+19,8.26771e+20,sim06981.iv
sim06982,21.2216,3.94304,5.88258,7.96163e+20,3.47538e+19,333.302,3.60614,5.51888,1.58885e+16,2.43904e+16,33.6264,3.10751,5.02609,1.11245e+19,7.35072e+20,sim06982.iv
sim06983,23.785,3.89832,5.81395,9.2455e+20,1.88718e+19,267.8,3.65256,5.53053,2.23518e+16,3.79112e+16,28.8339,3.19642,5.1673,2.05673e+19,8.29074e+20,sim06983.iv
sim06984,45.4383,3.94518,5.94989,9.93029e+20,4.15251e+19,215.267,3.68764,5.5233,9.94286e+16,5.58453e+16,47.5567,2.87943,5.08075,1.88538e+19,8.61511e+20,sim06984.iv
sim06985,42.9576,3.84993,5.92771,8.60647e+20,4.92827e+19,217.322,3.72739,5.54357,4.53838e+16,3.0328e+16,20.2556,3.12706,5.02,1.92015e+19,8.5386e+20,sim06985.iv
sim06986,41.7413,3.81441,5.96271,8.08978e+20,1.21492e+19,329.397,3.72986,5.53912,9.75529e+16,3.74693e+16,43.8853,3.17787,5.04943,3.66153e+19,7.45493e+20,sim06986.iv
sim06987,40.4969,3.92417,5.89584,7.56149e+20,1.6395e+19,338.086,3.67212,5.50117,6.19064e+16,4.12659e+16,22.8855,2.84982,5.08624,3.88995e+19,5.77343e+20,sim06987.iv
sim06988,48.8377,3.92741,5.97233,8.72037e+20,2.41196e+19,301.406,3.79879,5.40425,9.82955e+16,9.45917e+16,30.1361,2.99682,5.0841,2.75357e+19,6.0182e+20,sim06988.iv
sim06989,41.2062,3.84802,5.82792,5.01091e+20,1.15136e+19,316.553,3.71685,5.40728,9.58742e+16,4.03314e+16,47.2556,3.03559,5.14661,4.72724e+19,9.54401e+20,sim06989.iv
sim06990,34.4179,3.81142,5.99589,6.8801e+20,2.38269e+19,303.517,3.75112,5.51926,7.88003e+16,1.4625e+16,45.3849,3.01403,5.06291,1.83603e+19,7.98201e+20,sim06990.iv
sim06991,41.9887,3.95265,5.89547,5.72211e+20,2.88035e+19,276.847,3.60289,5.50741,6.30717e+16,7.13524e+16,21.5714,2.88774,5.11722,4.17273e+19,5.84944e+20,sim06991.iv
sim06992,31.6583,3.90566,5.90402,8.08407e+20,2.91093e+19,282.123,3.64665,5.40555,8.43367e+16,4.78556e+16,29.1719,3.16292,5.07252,3.56642e+19,5.28611e+20,sim06992.iv
sim06993,32.7021,3.8227,5.9996,8.89416e+20,2.23615e+19,339.115,3.79108,5.47061,6.20102e+16,4.81085e+16,44.6209,2.81132,5.00755,4.86954e+19,7.7788e+20,sim06993.iv
sim06994,31.0157,3.89764,5.95946,5.91846e+20,2.84255e+19,323.603,3.68559,5.55771,6.83966e+16,4.06285e+16,48.2466,3.03021,5.1237,1.50915e+19,6.98186e+20,sim06994.iv
sim06995,30.6412,3.82116,5.85387,7.89034e+20,4.41041e+19,345.49,3.7788,5.47172,8.38823e+16,8.6041e+16,49.1182,3.15377,5.02194,4.51521e+19,5.05332e+20,sim06995.iv
sim06996,35.2369,3.94219,5.9152,7.11582e+20,4.32771e+19,280.076,3.76108,5.41403,2.43653e+16,6.45863e+16,37.1825,2.87125,5.17728,1.5074e+19,5.8367e+20,sim06996.iv
sim06997,42.8106,3.86905,5.88021,9.98444e+20,2.7696e+19,223.903,3.78477,5.51492,3.19823e+16,1.76751e+16,32.955,3.17186,5.10048,2.87295e+19,7.23392e+20,sim06997.iv
sim06998,28.0891,3.88823,5.83049,9.33733e+20,2.03752e+19,255.84,3.72796,5.4915,8.6377e+16,1.23524e+16,28.6364,2.97186,5.09504,4.96216e+19,6.47251e+20,sim06998.iv
sim06999,45.6089,3.83136,5.94167,8.9198e+20,1.83704e+19,225.841,3.71029,5.5355,9.22016e+16,6.54043e+16,31.5647,3.16475,5.09295,1.69501e+19,9.80587e+20,sim06999.iv
sim07000,33.8187,3.87031,5.96937,9.81002e+20,2.16441e+19,244.764,3.72262,5.5195,8.165e+16,9.48258e+16,20.3844,2.91792,5.02166,2.30208e+19,6.23138e+20,sim07000.iv
