sim_id,L1_L,L1_E_c,L1_E_v,L1_N_D,L1_N_A,L2_L,L2_E_c,L2_E_v,L2_N_D,L2_N_A,L3_L,L3_E_c,L3_E_v,L3_N_D,L3_N_A,iv_file
sim02001,30.4138,3.8842,5.99694,5.42097e+20,1.4466e+19,270.952,3.63385,5.53697,4.2461e+16,8.61587e+16,42.4583,2.98832,5.169,1.40328e+19,7.9055e+20,sim02001.iv
sim02002,38.154,3.8492,5.80992,7.67599e+20,3.05471e+19,301.506,3.64259,5.43593,9.80124e+16,2.0232e+16,49.9823,3.08799,5.12586,2.35913e+19,9.33902e+20,sim02002.iv
sim02003,47.3018,3.94438,5.94198,7.46577e+20,1.31134e+19,349.864,3.60311,5.49908,4.30421e+16,7.98519e+16,42.0734,3.05122,5.01495,1.9474e+19,5.47079e+20,sim02003.iv
sim02004,49.3693,3.82556,5.99344,5.56356e+20,4.44892e+19,290.448,3.76635,5.52681,7.91953e+16,7.5773e+16,27.8056,3.17402,5.12873,1.80834e+19,6.53021e+20,sim02004.iv
sim02005,35.9915,3.97637,5.95935,6.51024e+20,3.75395e+19,210.232,3.66653,5.56792,2.36081e+16,4.18056e+16,20.0313,2.80925,5.0292,1.40745e+19,7.44865e+20,sim02005.iv
sim02006,47.0001,3.81693,5.97397,8.34079e+20,1.67558e+19,250.563,3.63884,5.55786,7.5259e+16,3.73968e+16,21.63,2.8675,5.12598,1.36149e+19,7.68233e+20,sim02006.iv
sim02007,38.3879,3.93755,5.82507,7.29853e+20,2.85359e+19,326.94,3.69374,5.48136,2.11114e+16,7.25018e+16,38.5937,3.08678,5.13126,4.50114e+19,9.38673e+20,sim02007.iv
sim02008,29.2305,3.83648,5.9853,8.5652e+20,4.88391e+19,279.574,3.79245,5.42454,6.31328e+16,5.47062e+16,20.0793,2.87716,5.03069,1.24324e+19,9.74075e+20,sim02008.iv
sim02009,48.961,3.97835,5.99778,9.15332e+20,4.72872e+19,237.668,3.65138,5.57241,5.31517e+16,7.45275e+16,36.8573,2.92226,5.05697,3.99272e+19,7.66048e+20,sim02009.iv
sim02010,30.7816,3.92341,5.88399,7.37537e+20,3.71164e+19,274.115,3.78999,5.49704,9.65641e+16,8.62919e+16,46.7278,3.10531,5.12091,3.13067e+19,7.75828e+20,sim02010.iv
sim02011,26.0436,3.84288,5.80683,8.7278e+20,1.49945e+19,291.501,3.62758,5.41331,5.80235e+16,8.85786e+16,30.6804,3.16769,5.00206,2.86296e+19,5.73382e+20,sim02011.iv
sim02012,29.4734,3.80475,5.80707,8.56407e+20,3.61816e+19,239.167,3.78023,5.5376,4.02556e+16,4.66888e+16,28.7767,3.13224,5.09879,1.54123e+19,6.00857e+20,sim02012.iv
sim02013,28.8974,3.88063,5.91853,9.82082e+20,2.04771e+19,255.976,3.60479,5.47451,7.0757e+16,9.66755e+16,42.2057,2.8472,5.17801,4.35472e+19,5.94511e+20,sim02013.iv
sim02014,48.0303,3.94282,5.95656,7.2957e+20,1.80273e+19,321.875,3.69549,5.59349,2.38001e+16,4.19863e+16,42.0664,3.02891,5.08666,3.80644e+19,8.66676e+20,sim02014.iv
sim02015,37.319,3.86382,5.92375,7.72621e+20,4.19062e+19,301.484,3.69935,5.40374,2.50246e+16,4.02935e+16,38.0414,3.11694,5.19199,3.39922e+19,8.64422e+20,sim02015.iv
sim02016,38.6432,3.88606,5.92194,7.00336e+20,2.81456e+19,337.541,3.71277,5.42008,5.71389e+16,9.57934e+16,23.0013,3.18847,5.19753,3.24285e+19,6.66219e+20,sim02016.iv
sim02017,20.259,3.8031,5.87762,8.91536e+20,4.76949e+19,231.669,3.69755,5.50035,4.42273e+16,5.8596e+16,47.7507,2.97541,5.02756,3.6618e+19,5.15687e+20,sim02017.iv
sim02018,48.2035,3.98798,5.81843,7.75443e+20,4.18956e+19,275.041,3.69575,5.59404,3.07457e+16,5.73679e+16,23.449,2.92098,5.17018,3.86579e+19,8.06002e+20,sim02018.iv
sim02019,23.4167,3.97014,5.85962,7.67491e+20,1.9339e+19,282.903,3.71243,5.46809,5.55329e+16,4.65447e+16,40.9249,3.01756,5.17562,1.19857e+19,5.13319e+20,sim02019.iv
sim02020,25.6565,3.82372,5.90518,6.00067e+20,1.06419e+19,249.567,3.70184,5.54285,4.94555e+16,9.66443e+16,25.9836,3.00562,5.05064,4.22667e+19,5.93879e+20,sim02020.iv
sim02021,48.848,3.94332,5.91137,7.66174e+20,2.44988e+19,212.944,3.78302,5.55899,2.21372e+16,2.09872e+16,29.243,3.10526,5.10063,3.61684e+19,5.03097e+20,sim02021.iv
sim02022,47.7111,3.83314,5.86378,9.73575e+20,3.93157e+19,281.549,3.77258,5.41225,1.68664e+16,2.39645e+16,27.9371,3.08361,5.10648,2.70418e+19,8.91294e+20,sim02022.iv
sim02023,29.5148,3.81709,5.87935,8.83206e+20,2.89634e+19,346.801,3.77123,5.55819,7.95863e+16,6.23012e+16,47.0345,3.03595,5.07451,1.78361e+19,9.06547e+20,sim02023.iv
sim02024,31.1341,3.95818,5.9966,6.99353e+20,2.36297e+19,233.813,3.69507,5.5308,3.81508e+16,5.37099e+16,36.1122,2.91009,5.0047,1.8625e+19,9.01575e+20,sim02024.iv
sim02025,28.3419,3.80276,5.88499,8.41236e+20,4.00964e+19,267.946,3.71437,5.5491,9.00317e+16,6.75909e+16,40.7259,2.83947,5.08409,4.55584e+19,5.8036e+20,sim02025.iv
sim02026,29.2988,3.93559,5.98041,5.2952e+20,4.48197e+19,240.845,3.77217,5.57785,7.97934e+16,9.31435e+16,48.8347,3.17007,5.10263,2.85471e+19,5.52603e+20,sim02026.iv
sim02027,26.4827,3.93047,5.82547,9.7119e+20,1.90818e+19,222.31,3.64705,5.40978,2.49481e+16,6.28916e+16,28.6749,3.12046,5.08095,3.85586e+19,8.54147e+20,sim02027.iv
sim02028,24.0733,3.81132,5.9684,8.50426e+20,1.69992e+19,305.199,3.66589,5.41135,3.05886e+16,7.80224e+16,31.7218,3.01794,5.02731,1.37064e+19,6.19626e+20,sim02028.iv
sim02029,34.1761,3.9694,5.95268,5.80032e+20,1.28589e+19,241.571,3.77047,5.50317,8.26212e+16,4.32624e+16,37.7133,3.03789,5.12535,2.88061e+19,6.1962e+20,sim02029.iv
sim02030,32.8545,3.99495,5.85442,8.62414e+20,4.77892e+19,289.276,3.69787,5.42417,7.7794e+16,9.20342e+16,49.4205,2.88066,5.18401,2.48107e+19,8.09576e+20,sim02030.iv
sim02031,26.7095,3.84968,5.92379,7.42416e+20,4.85759e+19,247.025,3.77561,5.49209,2.21099e+16,3.15214e+16,42.671,3.13065,5.00791,2.64012e+19,7.47086e+20,sim02031.iv
sim02032,38.451,3.93012,5.96611,6.36695e+20,1.44771e+19,236.108,3.78737,5.50934,2.97185e+16,8.07278e+16,37.6102,2.94693,5.00366,4.13115e+19,8.58721e+20,sim02032.iv
sim02033,27.8632,3.85312,5.8543,8.3521e+20,2.17671e+19,253.451,3.67532,5.59604,5.14089e+16,4.39638e+16,34.1007,3.08768,5.17674,4.96321e+19,7.43032e+20,sim02033.iv
sim02034,33.8043,3.86606,5.95582,8.27793e+20,2.45346e+19,282.596,3.64116,5.5388,3.26911e+16,4.14591e+16,22.0436,2.88795,5.03898,3.94123e+19,8.47234e+20,sim02034.iv
sim02035,36.1443,3.87741,5.97788,9.42042e+20,3.41134e+19,302.113,3.75929,5.54455,3.02411e+16,5.53025e+16,24.5566,3.12375,5.13072,4.91636e+19,5.68255e+20,sim02035.iv
sim02036,35.3044,3.9448,5.97347,9.26699e+20,1.808e+19,347.525,3.79627,5.59381,6.52252e+16,8.48742e+16,22.281,2.90218,5.0184,3.02224e+19,9.82365e+20,sim02036.iv
sim02037,39.4751,3.89225,5.95857,7.75168e+20,2.83059e+19,298.106,3.70236,5.52831,8.22373e+16,5.16177e+16,32.4506,3.02347,5.18095,2.69193e+19,9.23875e+20,sim02037.iv
sim02038,38.5149,3.80248,5.89524,6.05268e+20,1.60147e+19,242.821,3.74248,5.52548,5.83168e+16,5.45742e+16,31.6753,3.15463,5.18649,4.05775e+19,6.44112e+20,sim02038.iv
sim02039,47.4159,3.96383,5.82481,6.70839e+20,2.31042e+19,312.207,3.70478,5.45338,3.07715e+16,5.11755e+16,39.9787,3.00349,5.05221,3.47994e+19,9.99456e+20,sim02039.iv
sim02040,25.3001,3.90568,5.87513,6.09208e+20,4.50197e+19,344.088,3.67004,5.46946,1.82586e+16,6.55978e+16,20.7964,2.99848,5.03056,3.68927e+19,9.64455e+20,sim02040.iv
sim02041,22.6635,3.95555,5.96611,5.88103e+20,4.69057e+19,296.928,3.70699,5.53428,3.59298e+16,1.2287e+16,33.2615,3.09734,5.18373,2.72042e+19,6.31824e+20,sim02041.iv
sim02042,23.9389,3.9871,5.84619,9.55536e+20,1.73502e+19,212.539,3.64484,5.49856,4.13834e+16,9.16949e+16,36.3525,2.84711,5.12507,2.55579e+19,8.39471e+20,sim02042.iv
sim02043,43.5853,3.99711,5.91533,6.83375e+20,2.7344e+19,266.367,3.69011,5.40601,3.22595e+16,9.88985e+16,47.8404,2.81932,5.19592,4.16782e+19,5.01374e+20,sim02043.iv
sim02044,47.4039,3.99207,5.92575,8.94165e+20,2.33013e+19,290.125,3.74631,5.51225,3.74145e+16,6.8428e+16,45.1526,3.1344,5.02643,2.78168e+19,5.1937e+20,sim02044.iv
sim02045,38.983,3.84843,5.98607,8.09128e+20,2.60247e+19,312.405,3.64148,5.41829,1.78643e+16,6.24525e+16,46.6661,2.8891,5.15201,1.15049e+19,6.7667e+20,sim02045.iv
sim02046,39.6115,3.96525,5.98864,8.16285e+20,2.8507e+19,218.489,3.65513,5.58462,6.24607e+16,4.0841e+16,27.4645,2.84546,5.15032,2.6495e+19,9.68275e+20,sim02046.iv
sim02047,33.6318,3.96368,5.82605,5.75454e+20,2.09285e+19,236.773,3.79535,5.56163,4.13571e+16,5.67841e+16,35.9974,3.04288,5.02072,2.39592e+19,5.42965e+20,sim02047.iv
sim02048,47.572,3.88069,5.9454,9.60413e+20,2.23775e+19,222.299,3.66724,5.5342,5.49818e+16,1.67458e+16,22.1059,3.07982,5.14731,1.43803e+19,8.97359e+20,sim02048.iv
sim02049,30.3668,3.81364,5.86677,8.65238e+20,3.62311e+19,277.406,3.65593,5.48359,4.4345e+16,4.5102e+16,34.6908,2.98211,5.02049,2.16068e+19,5.64555e+20,sim02049.iv
sim02050,38.0629,3.88456,5.93439,5.43802e+20,2.37964e+19,235.249,3.61842,5.55469,2.17843e+16,2.57423e+16,31.0033,2.91711,5.18396,4.95459e+19,7.112e+20,sim02050.iv
sim02051,26.034,3.89962,5.89913,7.33019e+20,1.08134e+19,227.973,3.6282,5.47035,6.22709e+16,8.90059e+16,26.7007,3.10848,5.04524,1.13047e+19,8.24929e+20,sim02051.iv
sim02052,26.439,3.98393,5.98668,5.52516e+20,1.77887e+19,239.458,3.78229,5.4156,7.76051e+16,3.58934e+16,37.473,2.87091,5.16131,3.68309e+19,5.10573e+20,sim02052.iv
sim02053,27.114,3.89327,5.90624,9.13636e+20,2.54786e+19,339.758,3.63878,5.57154,9.1387e+16,6.64018e+16,49.0257,2.96423,5.13986,1.04039e+19,6.3734e+20,sim02053.iv
sim02054,36.9911,3.97519,5.99059,7.89717e+20,4.42348e+19,321.893,3.75473,5.42229,5.30775e+16,5.37634e+16,43.6237,3.03444,5.16397,4.8258e+19,7.77332e+20,sim02054.iv
sim02055,43.7513,3.91211,5.92514,7.38003e+20,4.83838e+19,324.461,3.75039,5.46592,5.36873e+16,8.76618e+16,48.0915,3.19902,5.14689,3.92335e+19,5.46938e+20,sim02055.iv
sim02056,42.5462,3.86935,5.97292,5.05625e+20,4.73754e+19,277.743,3.62559,5.5202,7.22832e+16,8.01818e+16,41.0554,3.02135,5.01639,4.45159e+19,9.91702e+20,sim02056.iv
sim02057,43.3402,3.80695,5.95114,6.34821e+20,4.8484e+19,218.891,3.61845,5.43627,7.77842e+16,6.86264e+16,41.8171,2.94155,5.17592,2.78502e+19,5.67057e+20,sim02057.iv
sim02058,43.0242,3.90591,5.91868,6.9256e+20,3.84288e+19,214.98,3.69824,5.48543,7.7183e+16,3.39282e+16,27.0113,2.92793,5.09611,1.83951e+19,8.42104e+20,sim02058.iv
sim02059,29.9483,3.88431,5.91152,6.88438e+20,3.80491e+19,301.867,3.75137,5.5046,4.3068e+16,2.81015e+16,33.1066,3.14921,5.02421,1.86161e+19,8.32623e+20,sim02059.iv
sim02060,37.2486,3.98324,5.80581,9.39258e+20,3.90196e+19,318.572,3.67573,5.46147,1.1294e+16,8.08665e+16,24.8466,2.89045,5.05531,4.4787e+19,6.4395e+20,sim02060.iv
sim02061,32.7705,3.94947,5.97845,8.95591e+20,3.14166e+19,210.305,3.63157,5.45072,4.72389e+16,4.25971e+16,35.4322,2.96481,5.14521,1.20892e+19,9.97364e+20,sim02061.iv
sim02062,45.2918,3.86699,5.87936,9.81853e+20,4.74322e+19,265.044,3.61192,5.59759,6.88378e+16,7.23702e+16,28.2379,3.12748,5.1115,2.88097e+19,8.70601e+20,sim02062.iv
sim02063,31.157,3.88588,5.93047,8.19793e+20,4.88474e+19,288.799,3.6642,5.45749,5.80617e+16,2.07603e+16,37.643,2.9561,5.0704,1.76991e+19,7.47707e+20,sim02063.iv
sim02064,21.129,3.92144,5.85711,9.52535e+20,3.10545e+19,319.282,3.77024,5.5758,8.83568e+16,3.02922e+16,29.0995,3.08318,5.10752,3.43733e+19,8.38865e+20,sim02064.iv
sim02065,23.4276,3.83366,5.92757,8.12686e+20,4.26973e+19,307.129,3.64154,5.41401,4.51922e+16,4.34145e+16,43.0225,3.06859,5.17444,3.01705e+19,6.4435e+20,sim02065.iv
sim02066,35.1275,3.8431,5.81211,7.49842e+20,2.65442e+19,214.512,3.74425,5.52887,1.66422e+16,7.39021e+16,22.4847,3.00706,5.12445,2.99594e+19,8.73703e+20,sim02066.iv
sim02067,31.567,3.84259,5.89728,6.71118e+20,1.60511e+19,275.952,3.64029,5.49406,6.33275e+16,8.03978e+16,45.595,3.06727,5.17871,3.23116e+19,8.55216e+20,sim02067.iv
sim02068,43.1109,3.96497,5.95037,9.51207e+20,2.89142e+19,343.487,3.68006,5.41404,2.63904e+16,6.02439e+16,20.4376,2.86296,5.07482,3.49719e+19,5.82775e+20,sim02068.iv
sim02069,37.2459,3.93263,5.95273,8.30239e+20,2.00033e+19,349.63,3.77765,5.4747,1.26271e+16,5.75837e+16,45.9557,3.12878,5.17951,4.87807e+19,8.56514e+20,sim02069.iv
sim02070,24.8719,3.80728,5.83028,6.0055e+20,1.24556e+19,273.483,3.75678,5.40085,8.23264e+16,9.32777e+16,24.5596,2.80854,5.09587,4.47412e+19,8.68416e+20,sim02070.iv
sim02071,21.041,3.93465,5.96355,6.35525e+20,3.61365e+19,279.153,3.64113,5.5803,3.00708e+16,8.56428e+16,41.0497,2.88836,5.14226,1.10402e+19,6.18136e+20,sim02071.iv
sim02072,28.5622,3.97784,5.98308,6.35496e+20,2.89863e+19,347.427,3.7332,5.41394,4.52289e+16,4.79294e+16,29.1919,3.00797,5.1472,3.766e+19,6.75774e+20,sim02072.iv
sim02073,42.0992,3.90681,5.9539,5.56945e+20,2.61904e+19,265.251,3.67036,5.53961,6.01416e+16,4.47303e+16,36.0891,3.08176,5.13503,4.0427e+19,9.25738e+20,sim02073.iv
sim02074,42.1818,3.83603,5.96932,6.66012e+20,3.6639e+19,348.736,3.65893,5.45404,2.63947e+16,9.8567e+16,32.8081,3.11355,5.00985,1.7217e+19,5.31592e+20,sim02074.iv
sim02075,44.4691,3.82131,5.98463,8.31879e+20,4.63815e+19,267.24,3.70513,5.40551,5.19315e+16,6.31645e+16,23.0177,3.19249,5.00088,2.0698e+19,8.07811e+20,sim02075.iv
sim02076,34.9291,3.84784,5.99735,5.94439e+20,3.27341e+19,226.224,3.61123,5.49757,8.2423e+16,5.78184e+16,28.8089,2.80669,5.18811,1.84754e+19,7.87286e+20,sim02076.iv
sim02077,20.4658,3.81944,5.83403,5.56157e+20,3.12301e+19,265.587,3.76026,5.42324,4.87961e+16,4.85426e+16,26.9244,2.83838,5.00213,1.07531e+19,6.99313e+20,sim02077.iv
sim02078,21.6283,3.87891,5.88748,7.22693e+20,1.76662e+19,279.82,3.67846,5.59791,1.40832e+16,1.48491e+16,44.7359,2.90641,5.03676,4.49794e+19,7.66365e+20,sim02078.iv
sim02079,38.4737,3.80159,5.85215,6.29601e+20,4.04357e+19,263.977,3.71549,5.58638,9.86209e+16,2.14596e+16,36.676,3.07966,5.15641,4.68043e+19,8.64169e+20,sim02079.iv
sim02080,40.6981,3.81082,5.90896,7.99383e+20,3.78599e+19,291.671,3.68189,5.49749,9.70588e+16,3.96193e+16,43.5337,3.04298,5.08877,2.65727e+19,7.68613e+20,sim02080.iv
sim02081,43.9938,3.82443,5.98213,8.87073e+20,2.39611e+19,211.425,3.62105,5.42888,1.93222e+16,1.92501e+16,48.8044,3.06338,5.16413,3.25126e+19,8.09742e+20,sim02081.iv
sim02082,46.4299,3.85239,5.9389,9.49654e+20,4.74517e+19,272.167,3.77134,5.50077,3.32097e+16,3.25863e+16,33.553,2.90316,5.006,1.42219e+19,9.2461e+20,sim02082.iv
sim02083,46.4753,3.97461,5.91074,9.67609e+20,2.99637e+19,274.756,3.69488,5.45082,6.52153e+16,5.04056e+16,49.2397,2.86879,5.01534,2.40456e+19,6.07775e+20,sim02083.iv
sim02084,49.7571,3.91172,5.87194,8.21371e+20,2.81245e+19,239.236,3.6789,5.45727,6.73833e+16,8.34912e+16,27.8773,3.04853,5.1417,2.48004e+19,7.43768e+20,sim02084.iv
sim02085,30.7645,3.87458,5.88924,6.47711e+20,2.95332e+19,315.314,3.67886,5.58909,2.96196e+16,5.04554e+16,38.0506,3.01731,5.18939,2.29731e+19,6.88816e+20,sim02085.iv
sim02086,37.8704,3.91927,5.95749,8.97258e+20,1.04348e+19,316.988,3.74357,5.51715,3.85288e+16,9.1635e+16,42.1466,2.90291,5.06104,3.84182e+19,9.58827e+20,sim02086.iv
sim02087,34.7162,3.97584,5.87642,6.97582e+20,3.74376e+19,217.075,3.62778,5.54569,3.17877e+16,2.57571e+16,22.6716,2.88994,5.05009,2.36465e+19,9.69165e+20,sim02087.iv
sim02088,39.3386,3.93866,5.82655,5.96333e+20,4.59468e+19,298.803,3.76193,5.47149,6.19486e+16,5.51987e+16,26.1624,3.12991,5.06675,2.86755e+19,5.66497e+20,sim02088.iv
sim02089,39.1507,3.95823,5.88208,9.89066e+20,2.03034e+19,332.231,3.74424,5.58545,7.66583e+16,5.45367e+16,32.4041,3.13176,5.16807,3.35562e+19,8.51062e+20,sim02089.iv
sim02090,33.8857,3.84367,5.81,8.26853e+20,3.67685e+19,303.137,3.71248,5.46848,3.17833e+16,1.59134e+16,24.4403,3.05132,5.15361,4.63049e+19,5.41958e+20,sim02090.iv
sim02091,44.4208,3.91948,5.86026,8.62896e+20,4.95742e+19,263.118,3.72549,5.45217,2.84525e+16,2.34218e+16,20.9646,3.08952,5.02919,3.70509e+19,9.34804e+20,sim02091.iv
sim02092,45.398,3.85979,5.82488,7.21532e+20,1.72516e+19,262.291,3.71376,5.52887,2.96491e+16,3.04566e+16,45.979,3.17796,5.12849,3.22729e+19,8.29037e+20,sim02092.iv
sim02093,23.8586,3.97941,5.84172,8.3484e+20,1.88788e+19,308.811,3.75069,5.54821,4.85829e+16,6.46329e+16,37.9397,3.08813,5.0998,3.02917e+19,8.42204e+20,sim02093.iv
sim02094,25.1045,3.9305,5.82965,8.62418e+20,2.55565e+19,327.542,3.61768,5.4921,2.50496e+16,8.81977e+16,23.7574,2.99408,5.02105,4.19085e+19,6.4102e+20,sim02094.iv
sim02095,37.8218,3.83403,5.87032,5.56849e+20,3.20332e+19,210.483,3.79861,5.48326,6.66502e+16,3.58103e+16,27.5974,3.13845,5.15164,3.57317e+19,8.76152e+20,sim02095.iv
sim02096,25.2594,3.98682,5.89095,9.34356e+20,3.94423e+19,250.029,3.71386,5.59333,1.33379e+16,4.83834e+16,38.6162,2.93596,5.06358,3.99477e+19,9.58163e+20,sim02096.iv
sim02097,36.1288,3.98964,5.82026,6.13735e+20,1.35085e+19,270.975,3.72534,5.44009,5.03685e+16,7.15955e+16,39.1846,3.05171,5.12121,4.94644e+19,8.56961e+20,sim02097.iv
sim02098,47.2302,3.99035,5.97194,5.47584e+20,3.11698e+19,263.412,3.61941,5.51284,2.91542e+16,6.23563e+16,44.5217,2.95754,5.18997,4.06587e+19,9.02141e+20,sim02098.iv
sim02099,23.3687,3.98837,5.80691,9.21948e+20,1.1186e+19,232.744,3.66307,5.54755,9.09478e+16,6.99849e+16,41.8331,2.91591,5.19508,2.63094e+19,9.56457e+20,sim02099.iv
sim02100,43.3776,3.87345,5.86863,8.39741e+20,4.76189e+19,304.128,3.77149,5.59326,3.97002e+16,5.84642e+16,38.2732,2.88687,5.15951,2.04703e+19,8.53437e+20,sim02100.iv
sim02101,35.7147,3.96733,5.90231,7.93334e+20,1.72429e+19,323.146,3.68042,5.51595,8.61453e+16,5.3145e+16,28.2339,2.90616,5.11327,2.16482e+19,6.69275e+20,sim02101.iv
sim02102,27.0442,3.88926,5.89322,7.6296e+20,3.37142e+19,292.307,3.67345,5.58014,5.60491e+16,8.48905e+16,36.7214,2.94825,5.14773,1.70784e+19,9.8484e+20,sim02102.iv
sim02103,37.1691,3.82083,5.88427,8.56269e+20,1.27244e+19,246.593,3.78487,5.47124,2.43246e+16,1.88544e+16,38.5719,3.02325,5.12955,4.83215e+19,5.30059e+20,sim02103.iv
sim02104,25.9301,3.84676,5.88542,5.60513e+20,2.63948e+19,324.267,3.63273,5.58332,9.20128e+16,5.61689e+16,45.8047,3.0846,5.07135,3.24701e+19,5.58308e+20,sim02104.iv
sim02105,34.8729,3.966,5.91705,6.91015e+20,3.65424e+19,346.76,3.6135,5.46607,2.40345e+16,9.61253e+16,36.3771,2.85187,5.12243,3.00168e+19,5.2966e+20,sim02105.iv
sim02106,45.9354,3.94184,5.80105,9.79836e+20,1.63707e+19,210.037,3.68545,5.42816,6.13133e+16,3.80287e+16,25.5553,3.19414,5.06655,2.65893e+19,6.4712e+20,sim02106.iv
sim02107,45.1096,3.83936,5.82553,9.40729e+20,1.73344e+19,330.111,3.71564,5.56467,1.63142e+16,9.67259e+16,28.9929,2.82345,5.15298,1.71381e+19,6.75556e+20,sim02107.iv
sim02108,37.8397,3.81372,5.84039,7.44536e+20,2.68761e+19,288.06,3.74573,5.4706,4.63965e+16,3.45143e+16,30.1909,2.82041,5.11602,1.69111e+19,8.58143e+20,sim02108.iv
sim02109,21.2658,3.81198,5.85694,7.19202e+20,3.77443e+19,306.906,3.79468,5.47033,1.53416e+16,8.75138e+16,41.9191,2.82725,5.01667,2.90654e+19,6.70822e+20,sim02109.iv
sim02110,37.8912,3.84383,5.99187,7.56068e+20,4.00288e+19,227.61,3.72339,5.57304,1.20692e+16,5.85988e+16,27.4028,2.99136,5.1632,3.76028e+19,8.7725e+20,sim02110.iv
sim02111,26.3505,3.9665,5.9228,5.34651e+20,4.45084e+19,217.806,3.60575,5.56675,1.11721e+16,1.79591e+16,20.5086,3.15211,5.00894,2.49072e+19,6.08496e+20,sim02111.iv
sim02112,30.2498,3.85812,5.97757,8.84353e+20,4.54007e+19,310.806,3.66607,5.43717,5.76802e+16,4.21002e+16,39.3024,2.81557,5.1426,2.19824e+19,7.3112e+20,sim02112.iv
sim02113,49.3584,3.84312,5.82353,6.04907e+20,2.40601e+19,285.073,3.79605,5.57398,7.43461e+16,7.48477e+16,28.5135,3.17119,5.10791,1.65008e+19,9.75151e+20,sim02113.iv
sim02114,35.1958,3.8311,5.94705,6.16895e+20,1.75067e+19,247.463,3.71566,5.45852,1.36732e+16,4.48747e+16,27.0316,3.00458,5.09191,1.31233e+19,6.22657e+20,sim02114.iv
sim02115,28.4445,3.89695,5.96444,6.09301e+20,1.63275e+19,210.143,3.7213,5.46513,7.0314e+16,7.21128e+16,21.3411,2.96736,5.1936,2.10058e+19,7.64775e+20,sim02115.iv
sim02116,36.1344,3.85211,5.95585,5.01841e+20,1.90716e+19,292.954,3.78346,5.40191,6.40781e+16,1.0303e+16,38.6845,2.96464,5.08689,4.87004e+19,8.41123e+20,sim02116.iv
sim02117,25.8924,3.99947,5.85134,8.42953e+20,3.72118e+19,328.962,3.67977,5.53919,6.63347e+16,4.92778e+16,47.4787,2.90077,5.04485,3.52155e+19,5.95133e+20,sim02117.iv
sim02118,44.8998,3.86794,5.88422,8.41158e+20,4.54041e+19,306.595,3.61884,5.46761,7.75057e+16,9.16976e+16,39.0148,3.03846,5.07584,2.91221e+19,7.16114e+20,sim02118.iv
sim02119,21.6553,3.80437,5.92348,7.54919e+20,1.97956e+19,334.985,3.64132,5.5401,8.09527e+16,8.56204e+16,45.1859,3.11767,5.09156,3.49565e+19,9.28856e+20,sim02119.iv
sim02120,32.6087,3.93417,5.83191,7.82346e+20,1.56418e+19,302.441,3.67537,5.44557,4.24669e+16,7.31275e+16,47.241,2.80451,5.03357,3.82293e+19,7.84367e+20,sim02120.iv
sim02121,29.5755,3.93035,5.97344,6.28989e+20,2.94269e+19,212.907,3.7892,5.56033,5.54581e+16,9.92798e+16,26.6066,3.09759,5.1539,4.32342e+19,8.42548e+20,sim02121.iv
sim02122,25.7177,3.81827,5.83607,9.29159e+20,2.60798e+19,286.463,3.60507,5.49829,4.68342e+16,5.81104e+16,31.2582,2.83018,5.00879,4.79919e+19,8.01909e+20,sim02122.iv
sim02123,39.3019,3.98308,5.91017,8.07776e+20,3.09215e+19,234.636,3.6623,5.57687,4.99478e+16,2.83735e+16,44.8412,2.83492,5.12791,3.8005e+19,6.51884e+20,sim02123.iv
sim02124,25.0065,3.88966,5.95101,9.43346e+20,4.26135e+19,225.334,3.64456,5.5234,7.38919e+16,1.07864e+16,24.2772,2.83761,5.06822,3.72321e+19,9.71597e+20,sim02124.iv
sim02125,22.6857,3.90122,5.87449,6.99161e+20,1.27219e+19,250.365,3.65049,5.54366,6.77672e+16,6.72679e+16,35.5777,2.93683,5.04876,1.04514e+19,5.73964e+20,sim02125.iv
sim02126,26.5964,3.99511,5.99409,8.83833e+20,3.4413e+19,303.633,3.72011,5.52937,2.97313e+16,9.79032e+16,42.6992,2.8937,5.10273,4.15687e+19,9.5558e+20,sim02126.iv
sim02127,31.5153,3.89675,5.86198,6.8829e+20,1.91084e+19,214.188,3.68327,5.49412,8.01907e+16,5.70359e+16,29.7919,2.9853,5.15923,2.9238e+19,7.77592e+20,sim02127.iv
sim02128,25.19,3.80153,5.98594,6.33982e+20,2.3903e+19,226.079,3.7026,5.54742,7.1746e+16,8.70042e+16,28.5971,2.92587,5.19311,2.8264e+19,9.17257e+20,sim02128.iv
sim02129,38.3451,3.83617,5.99149,6.62221e+20,3.56717e+19,245.632,3.71513,5.50822,3.34934e+16,9.89894e+16,24.2205,2.97721,5.00628,3.73089e+19,7.31052e+20,sim02129.iv
sim02130,36.8028,3.9397,5.9528,9.82914e+20,4.45598e+19,255.333,3.74545,5.41519,2.22586e+16,5.13651e+16,33.7887,3.0023,5.09504,3.56551e+19,9.77173e+20,sim02130.iv
sim02131,25.1807,3.87149,5.81485,5.99992e+20,4.94922e+19,215.538,3.64274,5.4853,3.63402e+16,5.90701e+16,49.7134,3.08157,5.08117,3.73175e+19,9.36128e+20,sim02131.iv
sim02132,26.8701,3.94339,5.92279,8.6691e+20,1.33664e+19,312.612,3.75761,5.53745,2.77516e+16,2.4521e+16,42.1513,3.05908,5.19673,2.81898e+19,6.14658e+20,sim02132.iv
sim02133,43.0917,3.94971,5.90454,8.73025e+20,2.24237e+19,240.201,3.62522,5.4581,6.8911e+16,3.32587e+16,46.5032,2.89991,5.13689,3.11026e+19,6.05774e+20,sim02133.iv
sim02134,36.6859,3.99095,5.98884,6.45797e+20,3.14595e+19,231.12,3.69381,5.4643,9.36535e+16,6.69413e+16,25.5478,3.19694,5.13884,1.5387e+19,8.99776e+20,sim02134.iv
sim02135,36.7268,3.88005,5.83926,6.38964e+20,1.66903e+19,322.47,3.65459,5.49399,9.71123e+16,9.95101e+16,43.738,3.11956,5.18897,4.18729e+19,7.25476e+20,sim02135.iv
sim02136,21.8093,3.84167,5.88891,6.32705e+20,2.31673e+19,218.25,3.71043,5.47032,3.32956e+16,6.49336e+16,28.3033,2.99051,5.04928,3.72206e+19,9.27076e+20,sim02136.iv
sim02137,22.4513,3.96397,5.97034,9.82464e+20,4.31135e+19,287.335,3.61405,5.41489,2.77031e+16,5.0239e+16,48.6632,2.87014,5.10776,4.99228e+19,5.06889e+20,sim02137.iv
sim02138,21.4095,3.85398,5.84503,7.49301e+20,2.68181e+19,291.71,3.62942,5.53717,2.93224e+16,5.06793e+16,21.0005,3.11914,5.12542,1.83509e+19,8.00876e+20,sim02138.iv
sim02139,33.1102,3.96525,5.99674,5.6226e+20,2.96043e+19,246.123,3.74994,5.40689,5.90118e+16,8.71386e+16,31.6786,3.13516,5.02938,4.6733e+19,8.95726e+20,sim02139.iv
sim02140,31.733,3.82613,5.90408,8.35213e+20,1.51571e+19,340.644,3.75254,5.59033,3.69319e+16,4.90087e+16,27.2033,2.90951,5.02906,1.50094e+19,8.35392e+20,sim02140.iv
sim02141,24.7083,3.82669,5.90692,8.51999e+20,4.11215e+19,291.233,3.64031,5.51465,6.63218e+16,3.32288e+16,24.3346,3.17026,5.01919,2.10873e+19,6.15724e+20,sim02141.iv
sim02142,46.7595,3.90039,5.99132,9.1411e+20,4.01948e+19,234.749,3.66887,5.56405,9.85178e+16,8.90129e+16,48.4524,3.05674,5.09656,3.05889e+19,7.29246e+20,sim02142.iv
sim02143,24.6461,3.86115,5.81807,5.4428e+20,2.24734e+19,303.258,3.72274,5.51189,7.74039e+16,4.80422e+16,33.2631,3.00721,5.01332,3.32677e+19,8.7512e+20,sim02143.iv
sim02144,27.9093,3.97096,5.85324,7.56607e+20,4.4979e+19,313.338,3.71523,5.52455,1.97998e+16,7.29389e+16,38.3578,2.83381,5.02486,4.88402e+19,5.89056e+20,sim02144.iv
sim02145,46.8732,3.85517,5.87922,7.77745e+20,3.50347e+19,279.689,3.66969,5.49974,7.30619e+16,4.56835e+16,36.3574,2.95167,5.06599,2.19527e+19,6.11977e+20,sim02145.iv
sim02146,42.8231,3.99678,5.8058,5.98031e+20,4.857e+19,257.849,3.67779,5.53259,4.17417e+16,5.4343e+16,47.0216,3.02591,5.13338,1.86834e+19,6.30726e+20,sim02146.iv
sim02147,46.7467,3.98352,5.9614,5.61033e+20,4.27413e+19,212.692,3.71931,5.53505,4.83762e+16,5.31292e+16,42.2555,3.15795,5.03787,1.55394e+19,8.14996e+20,sim02147.iv
sim02148,26.9228,3.83884,5.8407,5.98419e+20,2.90847e+19,345.015,3.76561,5.50867,1.73049e+16,7.05638e+16,33.5343,3.11134,5.09879,3.67309e+19,6.00025e+20,sim02148.iv
sim02149,44.9965,3.95588,5.8748,9.81822e+20,1.64158e+19,212.802,3.75263,5.52011,1.99829e+16,2.43556e+16,23.9264,2.86674,5.09228,1.20385e+19,7.59693e+20,sim02149.iv
sim02150,38.1612,3.94547,5.98921,5.41239e+20,1.14063e+19,229.479,3.66746,5.50507,1.03857e+16,7.23133e+16,48.7065,2.89991,5.00176,4.01298e+19,8.85025e+20,sim02150.iv
sim02151,21.3053,3.92346,5.84857,8.16437e+20,3.90551e+19,241.184,3.65215,5.52231,6.24036e+16,8.9755e+16,35.3111,3.11991,5.1464,3.6628e+19,5.95886e+20,sim02151.iv
sim02152,28.2908,3.91335,5.81319,5.22525e+20,1.19927e+19,338.983,3.73778,5.56735,9.67075e+16,7.30872e+16,35.4596,2.99161,5.14921,4.47159e+19,9.14808e+20,sim02152.iv
sim02153,34.7884,3.9547,5.89532,6.92193e+20,2.19069e+19,217.636,3.64023,5.546,2.5454e+16,9.11059e+16,22.3575,2.82045,5.09622,1.89066e+19,5.51476e+20,sim02153.iv
sim02154,21.796,3.90546,5.85189,7.77883e+20,1.59319e+19,213.419,3.60545,5.42253,8.16438e+16,5.03663e+16,38.7158,3.15,5.04252,4.48539e+19,8.72818e+20,sim02154.iv
sim02155,41.8705,3.97415,5.82518,7.70251e+20,2.93413e+19,302.96,3.6476,5.42547,9.761e+16,5.19113e+16,26.9606,2.85146,5.11872,1.59105e+19,5.91521e+20,sim02155.iv
sim02156,48.5646,3.80583,5.83737,8.3561e+20,1.86758e+19,235.472,3.7113,5.53919,4.87569e+16,8.03159e+16,44.4563,3.04923,5.11556,4.26522e+19,5.07515e+20,sim02156.iv
sim02157,35.319,3.82575,5.84431,9.745e+20,1.01484e+19,252.982,3.63087,5.51408,8.59834e+16,4.518e+16,45.1156,2.97609,5.18181,4.38778e+19,5.8941e+20,sim02157.iv
sim02158,46.5519,3.83851,5.89808,5.98002e+20,2.54585e+19,347.985,3.75303,5.51081,9.41931e+16,4.23733e+16,25.1962,3.13158,5.00244,4.21838e+19,5.10929e+20,sim02158.iv
sim02159,28.5314,3.8711,5.86371,6.21716e+20,1.43271e+19,210.445,3.75494,5.49138,2.4575e+16,1.73959e+16,28.3531,2.94175,5.09228,1.40421e+19,9.89962e+20,sim02159.iv
sim02160,28.0624,3.88826,5.9418,6.55095e+20,1.32999e+19,262.716,3.71057,5.56835,4.31133e+16,9.00569e+16,36.3823,3.08699,5.00603,4.58291e+19,6.06724e+20,sim02160.iv
sim02161,29.7761,3.90473,5.99197,6.72838e+20,1.88201e+19,344.502,3.76169,5.53268,4.68673e+16,4.78409e+16,48.5201,2.82758,5.1515,3.4046e+19,9.84218e+20,sim02161.iv
sim02162,36.7522,3.85611,5.95598,9.92814e+20,4.62981e+19,251.263,3.66927,5.55096,6.38371e+16,1.10451e+16,24.2558,2.8342,5.03575,2.21964e+19,9.836e+20,sim02162.iv
sim02163,40.2941,3.81095,5.92147,7.18332e+20,4.01616e+19,333.75,3.61304,5.59599,1.52115e+16,7.59136e+16,47.094,3.10069,5.03016,1.83197e+19,5.2059e+20,sim02163.iv
sim02164,23.9322,3.8122,5.81073,7.81056e+20,1.3068e+19,269.509,3.74193,5.40303,6.7499e+16,7.81465e+16,36.1001,2.99024,5.14617,3.11893e+19,7.54642e+20,sim02164.iv
sim02165,44.0545,3.96751,5.87368,7.0774e+20,4.20304e+19,286.282,3.73736,5.41504,1.85832e+16,5.78621e+16,44.5768,2.92662,5.19213,4.0413e+19,8.90856e+20,sim02165.iv
sim02166,45.021,3.8509,5.86607,5.59216e+20,2.52142e+19,215.017,3.7503,5.56051,2.9226e+16,5.40909e+16,40.1598,3.09702,5.19389,1.80261e+19,6.23362e+20,sim02166.iv
sim02167,45.6164,3.81944,5.95718,5.6667e+20,2.85788e+19,292.914,3.75358,5.42291,8.41652e+16,8.65502e+16,43.805,3.17492,5.17445,4.07191e+19,7.89668e+20,sim02167.iv
sim02168,44.2587,3.99507,5.92746,6.21303e+20,1.99138e+19,321.438,3.79789,5.44206,9.73076e+16,3.4146e+16,32.3841,3.16326,5.19236,3.26782e+19,9.75045e+20,sim02168.iv
sim02169,45.2726,3.97328,5.97365,6.93124e+20,1.12266e+19,233.051,3.61489,5.44848,1.49765e+16,3.49247e+16,37.6688,2.85642,5.06315,1.89654e+19,5.47551e+20,sim02169.iv
sim02170,40.283,3.97861,5.9432,8.42107e+20,4.93207e+19,312.379,3.60942,5.44365,6.73716e+16,6.7514e+16,44.978,2.86353,5.19624,3.06516e+19,9.60206e+20,sim02170.iv
sim02171,35.8803,3.83738,5.8702,6.10583e+20,2.0569e+19,334.65,3.67548,5.43653,4.28088e+16,6.55532e+16,26.0266,2.82039,5.17442,1.95688e+19,9.68181e+20,sim02171.iv
sim02172,21.4143,3.93017,5.93305,5.78014e+20,3.66093e+19,264.269,3.67635,5.5755,9.57173e+16,2.53103e+16,40.523,2.86188,5.007,1.59812e+19,8.17328e+20,sim02172.iv
sim02173,41.7931,3.90141,5.99033,8.82086e+20,1.64647e+19,239.111,3.71922,5.46666,1.00804e+16,1.21865e+16,32.243,3.00945,5.13066,4.05256e+19,9.84379e+20,sim02173.iv
sim02174,45.166,3.87119,5.90694,6.0796e+20,4.87501e+19,284.962,3.64993,5.54481,5.39101e+16,9.97053e+16,22.2413,2.93419,5.18837,2.8448e+19,6.55897e+20,sim02174.iv
sim02175,38.1462,3.9329,5.81856,6.29694e+20,2.2359e+19,244.413,3.67658,5.46694,7.58279e+16,6.39041e+16,32.8758,2.88,5.08413,1.72194e+19,9.76073e+20,sim02175.iv
sim02176,25.2132,3.97174,5.92312,9.05409e+20,4.55425e+19,322.558,3.71786,5.4534,6.94005e+16,1.04359e+16,31.324,3.14319,5.11611,2.04249e+19,9.4609e+20,sim02176.iv
sim02177,20.4581,3.97659,5.95189,5.73188e+20,1.25162e+19,343.173,3.61341,5.59475,4.78566e+16,4.18154e+16,39.5013,2.99842,5.07801,3.56065e+19,6.75033e+20,sim02177.iv
sim02178,21.0306,3.96493,5.90293,8.43342e+20,3.3007e+19,295.987,3.64379,5.58693,5.0295e+16,9.28087e+16,44.2075,3.08803,5.09202,1.09057e+19,6.57606e+20,sim02178.iv
sim02179,39.9457,3.86613,5.81983,7.58879e+20,1.61792e+19,252.871,3.70038,5.42326,2.01276e+16,2.8908e+16,37.7542,3.17328,5.04781,3.87929e+19,5.94689e+20,sim02179.iv
sim02180,39.0654,3.82754,5.96908,8.71254e+20,3.72291e+19,212.053,3.76728,5.43017,5.8014e+16,7.98995e+16,38.9501,3.12761,5.14177,4.0243e+19,6.49384e+20,sim02180.iv
sim02181,31.3732,3.90029,5.91723,8.45836e+20,3.2223e+19,309.464,3.63015,5.47893,9.21975e+16,2.95261e+16,24.3098,3.09792,5.03889,2.83044e+19,8.55916e+20,sim02181.iv
sim02182,34.5455,3.9803,5.97563,7.51475e+20,4.8434e+19,250.848,3.64678,5.53405,6.15504e+16,3.25996e+16,31.1339,2.89321,5.0474,2.47028e+19,9.6211e+20,sim02182.iv
sim02183,45.0469,3.90248,5.89555,5.15739e+20,2.84918e+19,297.329,3.75572,5.4712,9.2745e+16,8.56174e+16,22.467,3.16118,5.04457,4.69327e+19,8.1534e+20,sim02183.iv
sim02184,32.3576,3.88729,5.91256,9.21936e+20,4.34769e+19,268.086,3.76981,5.49439,4.75796e+16,3.18928e+16,44.8379,3.04803,5.08622,3.64951e+19,9.30506e+20,sim02184.iv
sim02185,25.9347,3.87849,5.87606,5.38011e+20,2.33627e+19,316.651,3.65067,5.56218,9.59728e+16,3.01573e+16,32.29,2.85253,5.13843,2.9288e+19,7.94356e+20,sim02185.iv
sim02186,43.3608,3.95524,5.9032,9.4116e+20,4.72773e+19,298.3,3.60768,5.55519,9.02725e+16,6.00975e+16,41.0107,2.94242,5.10042,4.19243e+19,9.37981e+20,sim02186.iv
sim02187,23.4565,3.80344,5.87472,6.95459e+20,4.09332e+19,211.204,3.7528,5.50727,7.28043e+16,5.58333e+16,43.7217,2.97483,5.06917,3.54608e+19,7.22222e+20,sim02187.iv
sim02188,29.1028,3.98271,5.94465,5.98439e+20,3.96042e+19,245.336,3.68625,5.44348,2.01968e+16,4.59157e+16,36.6524,2.92085,5.015,1.99855e+19,6.22829e+20,sim02188.iv
sim02189,37.7226,3.85643,5.90676,7.3517e+20,2.06543e+19,313.77,3.73352,5.53605,4.90223e+16,3.84937e+16,37.7222,3.18364,5.08679,3.66113e+19,7.21175e+20,sim02189.iv
sim02190,47.978,3.85294,5.89168,7.46826e+20,3.91459e+19,310.983,3.74789,5.54659,5.22782e+16,2.40008e+16,46.1131,2.92993,5.02206,1.51513e+19,7.47379e+20,sim02190.iv
sim02191,32.778,3.93271,5.92237,5.53706e+20,2.187e+19,335.476,3.75334,5.57411,1.19789e+16,9.2088e+16,45.8323,2.98091,5.13472,2.08797e+19,8.29294e+20,sim02191.iv
sim02192,43.9631,3.89671,5.80565,7.08173e+20,3.89992e+19,308.526,3.69726,5.59714,2.05341e+16,2.42459e+16,27.7498,3.12142,5.15256,4.09105e+19,9.39811e+20,sim02192.iv
sim02193,33.2873,3.86371,5.92008,7.04936e+20,3.09536e+19,229.63,3.67928,5.49453,1.78696e+16,9.95046e+16,21.1336,3.16781,5.01604,4.43719e+19,7.74121e+20,sim02193.iv
sim02194,25.89,3.84627,5.87032,8.97011e+20,1.58858e+19,243.912,3.73854,5.5228,4.78742e+16,1.54483e+16,36.755,2.89169,5.12242,2.09806e+19,9.90165e+20,sim02194.iv
sim02195,37.7178,3.91426,5.96735,9.96582e+20,4.11669e+19,293.145,3.7727,5.43624,7.87806e+16,7.11909e+16,36.8975,3.1467,5.14193,3.86693e+19,9.54871e+20,sim02195.iv
sim02196,40.9824,3.85108,5.83673,7.56598e+20,1.93965e+19,307.949,3.76854,5.45836,9.22127e+16,7.72213e+16,49.6442,2.87948,5.09231,3.56123e+19,8.81459e+20,sim02196.iv
sim02197,47.358,3.97825,5.84722,7.11236e+20,3.87322e+19,228.524,3.79187,5.54939,8.45958e+16,9.167e+16,25.3386,2.96885,5.13033,4.28984e+19,8.69002e+20,sim02197.iv
sim02198,23.6459,3.92913,5.85881,7.03249e+20,4.97692e+19,231.988,3.62088,5.48183,8.77715e+16,2.45987e+16,22.3986,2.96754,5.12646,1.61877e+19,9.02294e+20,sim02198.iv
sim02199,45.3775,3.90452,5.80609,7.58051e+20,1.85673e+19,272.454,3.75195,5.41088,1.00137e+16,2.20104e+16,21.3611,2.90417,5.08085,4.11883e+19,5.15164e+20,sim02199.iv
sim02200,30.5297,3.98589,5.91528,9.13382e+20,2.93406e+19,223.614,3.63739,5.55162,8.77697e+16,5.20788e+16,34.7737,2.98005,5.00367,1.38204e+19,9.95944e+20,sim02200.iv
sim02201,21.2604,3.86979,5.93814,7.12415e+20,4.93066e+19,214.583,3.77491,5.42695,2.8434e+16,5.75473e+16,46.1436,2.96563,5.05871,2.60669e+19,5.47172e+20,sim02201.iv
sim02202,45.147,3.98304,5.93515,7.22335e+20,3.4566e+19,287.261,3.61031,5.47888,6.91146e+16,8.63019e+16,30.7692,3.12771,5.15138,4.71724e+19,9.94715e+20,sim02202.iv
sim02203,21.252,3.88749,5.95471,9.11583e+20,1.33142e+19,294.923,3.77969,5.44541,4.12623e+16,4.55363e+16,31.8361,3.02468,5.01216,4.11676e+19,5.61439e+20,sim02203.iv
sim02204,44.3995,3.80342,5.95741,6.77634e+20,3.62343e+19,235.084,3.7074,5.45982,1.03532e+16,7.52627e+16,23.9353,3.17588,5.10874,1.0067e+19,9.72461e+20,sim02204.iv
sim02205,23.9835,3.96679,5.86586,7.84031e+20,4.3429e+19,217.022,3.73601,5.42972,7.44756e+16,2.44634e+16,20.6583,2.86218,5.12515,4.94291e+19,9.85061e+20,sim02205.iv
sim02206,42.3707,3.96492,5.97479,7.64177e+20,1.91441e+19,302.553,3.62832,5.56647,4.70882e+16,3.39843e+16,45.3037,2.84448,5.19497,4.80165e+19,8.04394e+20,sim02206.iv
sim02207,41.3638,3.80743,5.88742,9.42308e+20,1.04609e+19,250.687,3.67077,5.53502,7.34355e+16,1.58671e+16,26.5255,3.1302,5.03836,2.14614e+19,5.81122e+20,sim02207.iv
sim02208,42.6295,3.80542,5.86038,7.66158e+20,1.02408e+19,343.558,3.77386,5.52946,4.95218e+16,2.39776e+16,36.6092,2.89568,5.1276,1.58234e+19,8.5856e+20,sim02208.iv
sim02209,29.6872,3.9004,5.83237,6.28138e+20,2.80085e+19,274.145,3.79996,5.46708,1.7594e+16,5.71797e+16,29.6548,3.15111,5.04206,4.42265e+19,8.31789e+20,sim02209.iv
sim02210,25.6397,3.88105,5.89849,7.609e+20,2.58838e+19,291.848,3.74335,5.50124,6.4219e+16,8.73636e+16,34.9326,2.96652,5.04955,1.52546e+19,6.46129e+20,sim02210.iv
sim02211,32.1849,3.95285,5.84349,8.51073e+20,1.31614e+19,232.175,3.66527,5.49396,2.62836e+16,2.00828e+16,36.9748,2.9648,5.08318,2.23179e+19,6.85624e+20,sim02211.iv
sim02212,25.5222,3.85412,5.90845,7.61146e+20,4.62371e+19,326.556,3.60142,5.44595,8.98926e+16,3.83278e+16,34.3312,3.06999,5.10867,1.01947e+19,6.03282e+20,sim02212.iv
sim02213,23.0132,3.83353,5.82947,8.11389e+20,2.62626e+19,219.317,3.61646,5.59007,2.39286e+16,3.28456e+16,37.2288,2.87484,5.03951,1.29035e+19,9.90411e+20,sim02213.iv
sim02214,38.1815,3.90595,5.97773,7.97213e+20,2.05233e+19,276.116,3.69552,5.47962,7.78267e+16,1.98715e+16,24.7764,2.94888,5.01423,4.94958e+19,7.47897e+20,sim02214.iv
sim02215,21.5032,3.92158,5.95622,7.03858e+20,2.92213e+19,308.084,3.64676,5.51953,6.67851e+16,8.24179e+16,46.7321,3.17636,5.02527,4.26507e+19,8.37715e+20,sim02215.iv
sim02216,31.1218,3.98456,5.97202,8.87179e+20,1.22994e+19,234.781,3.78367,5.59645,3.49574e+16,3.49648e+16,38.3091,2.83047,5.11906,4.87476e+19,6.48476e+20,sim02216.iv
sim02217,42.2824,3.90498,5.85746,7.06239e+20,3.20433e+19,316.623,3.70816,5.58503,2.05254e+16,9.61928e+16,36.5195,2.95673,5.01521,2.18499e+19,7.18967e+20,sim02217.iv
sim02218,48.112,3.95129,5.81181,6.63947e+20,2.96573e+19,329.012,3.75529,5.44323,1.45414e+16,2.19138e+16,35.0987,2.83595,5.04995,4.28539e+19,7.00977e+20,sim02218.iv
sim02219,49.8844,3.9512,5.85298,5.03785e+20,3.10883e+19,308.82,3.69394,5.5813,7.91156e+16,5.68242e+16,20.5677,2.9353,5.09888,2.00094e+19,9.18826e+20,sim02219.iv
sim02220,32.7341,3.84076,5.95582,8.04142e+20,1.78831e+19,284.584,3.7389,5.48969,3.72144e+16,7.20702e+16,40.618,2.80677,5.04683,3.58526e+19,6.12072e+20,sim02220.iv
sim02221,48.8796,3.83256,5.94964,9.99161e+20,2.38631e+19,294.438,3.62114,5.52436,9.88771e+16,9.75573e+16,32.3533,3.12825,5.16532,2.30907e+19,9.11374e+20,sim02221.iv
sim02222,24.8721,3.99578,5.97283,7.55297e+20,2.54129e+19,342.433,3.61423,5.49968,5.38252e+16,4.43192e+16,23.3788,2.90055,5.19662,4.23181e+19,9.19142e+20,sim02222.iv
sim02223,35.2859,3.93237,5.901,8.3868e+20,4.45387e+19,243.963,3.79018,5.58272,4.77362e+16,9.79133e+16,46.4757,2.81603,5.00842,3.82914e+19,8.91836e+20,sim02223.iv
sim02224,27.4606,3.89975,5.90785,7.22798e+20,1.27649e+19,240.645,3.7629,5.41462,6.59927e+16,6.70742e+16,48.6947,3.19498,5.18901,3.16529e+19,5.20888e+20,sim02224.iv
sim02225,28.319,3.8951,5.80782,5.18549e+20,2.29609e+19,264.228,3.71617,5.58657,4.52059e+16,1.43282e+16,36.2013,2.94318,5.18022,2.72599e+19,6.60899e+20,sim02225.iv
sim02226,41.7164,3.89865,5.91102,5.76034e+20,2.50077e+19,216.499,3.75098,5.44912,2.08464e+16,6.30561e+16,37.3829,2.92632,5.19247,3.54209e+19,9.63197e+20,sim02226.iv
sim02227,29.0179,3.91036,5.8827,7.06642e+20,1.19107e+19,240.749,3.77387,5.56997,1.94588e+16,1.16333e+16,23.0614,3.05552,5.04796,4.0505e+19,5.02915e+20,sim02227.iv
sim02228,41.4732,3.97728,5.80896,9.33697e+20,4.67148e+19,285.018,3.65691,5.51256,3.79528e+16,9.39889e+16,36.309,3.11948,5.12199,2.15363e+19,7.50065e+20,sim02228.iv
sim02229,46.3967,3.87657,5.86827,9.78215e+20,2.33624e+19,330.33,3.63566,5.55834,6.53771e+16,2.08177e+16,21.9184,2.91932,5.13149,2.44045e+19,6.35576e+20,sim02229.iv
sim02230,37.4559,3.99051,5.82437,8.22291e+20,4.64961e+19,285.754,3.79284,5.51958,7.05342e+16,8.12152e+16,25.9917,3.02408,5.12285,1.48059e+19,7.27756e+20,sim02230.iv
sim02231,43.1204,3.80814,5.8827,5.72859e+20,1.70299e+19,281.76,3.6059,5.48499,1.23135e+16,9.33004e+16,46.4886,2.88466,5.01316,2.00254e+19,5.14196e+20,sim02231.iv
sim02232,42.0437,3.91478,5.90877,9.25986e+20,4.23725e+19,267.243,3.72207,5.48836,6.61609e+16,2.36372e+16,29.0024,2.90075,5.03349,2.65535e+19,8.6325e+20,sim02232.iv
sim02233,31.8817,3.99653,5.86042,9.74065e+20,1.77421e+19,254.908,3.63282,5.44758,2.414e+16,6.62345e+16,26.0185,2.83405,5.05328,3.7136e+19,7.14316e+20,sim02233.iv
sim02234,24.6847,3.81269,5.94587,8.52055e+20,2.8461e+19,283.885,3.6481,5.49707,7.55746e+16,7.94379e+16,30.2148,3.07154,5.0973,3.95734e+19,8.4539e+20,sim02234.iv
sim02235,42.5107,3.83298,5.86442,6.32492e+20,2.78828e+19,275.088,3.73346,5.51392,6.21887e+16,6.69686e+16,28.1867,2.89045,5.04304,4.11779e+19,5.48631e+20,sim02235.iv
sim02236,29.4828,3.85605,5.91839,9.62096e+20,4.51438e+19,224.754,3.70804,5.40744,8.13166e+16,4.37246e+16,26.4459,2.99364,5.08702,4.77251e+19,5.16593e+20,sim02236.iv
sim02237,48.4995,3.84687,5.82901,8.70912e+20,3.09031e+19,335.391,3.70853,5.50109,2.85546e+16,9.54796e+16,39.9347,3.04063,5.15801,1.40508e+19,9.33207e+20,sim02237.iv
sim02238,35.0145,3.96044,5.94253,7.2563e+20,4.07884e+19,310.897,3.60074,5.54185,5.5791e+16,8.55524e+16,44.2893,2.86826,5.00435,1.7853e+19,8.70563e+20,sim02238.iv
sim02239,46.1405,3.94011,5.96412,7.9362e+20,3.02608e+19,345.851,3.61612,5.48427,3.50252e+16,2.09846e+16,38.1673,2.9053,5.09259,1.54635e+19,6.94993e+20,sim02239.iv
sim02240,26.0076,3.97939,5.90448,8.99772e+20,2.94291e+19,215.934,3.73891,5.40956,4.55536e+16,5.92245e+16,43.3948,3.15944,5.04096,3.65429e+19,7.35114e+20,sim02240.iv
sim02241,43.0255,3.98797,5.90659,6.43386e+20,4.19404e+19,283.743,3.77646,5.51321,9.43411e+16,1.15783e+16,42.1688,2.93862,5.13372,4.76939e+19,8.26956e+20,sim02241.iv
sim02242,42.3496,3.83161,5.8341,7.86713e+20,2.72242e+19,225.561,3.74567,5.53979,1.82418e+16,1.43791e+16,31.3644,3.05317,5.17871,2.73802e+19,5.42051e+20,sim02242.iv
sim02243,45.214,3.82498,5.92748,7.06727e+20,4.63828e+19,308.688,3.60003,5.47455,2.62278e+16,3.55178e+16,31.9687,3.01655,5.15968,1.34571e+19,7.20552e+20,sim02243.iv
sim02244,45.5215,3.88644,5.90386,8.89303e+20,3.85158e+19,281.4,3.79342,5.40724,1.49059e+16,4.84626e+16,24.7355,2.8866,5.03002,3.76948e+19,7.10634e+20,sim02244.iv
sim02245,45.0252,3.85008,5.92469,6.06721e+20,1.05794e+19,306.449,3.6291,5.53876,7.21604e+16,7.0133e+16,37.7588,3.15397,5.01513,4.72728e+19,5.32985e+20,sim02245.iv
sim02246,34.8597,3.98465,5.85379,9.18952e+20,3.37276e+19,330.566,3.60971,5.51119,2.69786e+16,1.16262e+16,40.6686,3.09987,5.14726,3.9079e+19,8.99971e+20,sim02246.iv
sim02247,34.0877,3.86952,5.95419,8.3323e+20,1.80003e+19,270.941,3.63643,5.55578,3.22418e+16,6.60426e+16,42.061,3.19664,5.08663,4.48984e+19,8.32177e+20,sim02247.iv
sim02248,20.2535,3.87826,5.87882,5.59813e+20,2.74836e+19,226.304,3.76708,5.47238,2.6481e+16,6.41641e+16,45.7275,3.17397,5.17886,4.52821e+19,6.74026e+20,sim02248.iv
sim02249,35.1626,3.87426,5.98445,5.46413e+20,3.21728e+19,244.567,3.77007,5.46784,8.77316e+16,9.35239e+16,25.159,3.1017,5.07,2.6131e+19,6.37191e+20,sim02249.iv
sim02250,38.5,3.86863,5.94812,8.89246e+20,2.58053e+19,210.664,3.61322,5.45476,9.58486e+16,4.54428e+16,42.3271,3.17443,5.06834,3.24516e+19,9.2616e+20,sim02250.iv
sim02251,38.4439,3.82244,5.95392,9.52046e+20,4.0751e+19,315.355,3.75114,5.52251,3.23029e+16,9.19755e+16,23.8672,3.13092,5.07187,3.69528e+19,9.02549e+20,sim02251.iv
sim02252,43.9577,3.83223,5.92218,6.07281e+20,1.44842e+19,281.899,3.79751,5.59633,6.16061e+16,7.94957e+16,27.4903,2.88974,5.1413,4.144e+19,8.70919e+20,sim02252.iv
sim02253,23.1352,3.87125,5.80884,8.93081e+20,2.24699e+19,270.163,3.71578,5.40011,4.18708e+16,7.54555e+16,28.582,3.02819,5.19543,1.47263e+19,6.3412e+20,sim02253.iv
sim02254,40.519,3.91968,5.9956,5.17301e+20,4.51198e+19,278.396,3.64538,5.50067,4.70977e+16,2.61401e+16,26.5819,2.91526,5.11044,1.3324e+19,5.44423e+20,sim02254.iv
sim02255,29.9524,3.94146,5.99566,5.06002e+20,4.88936e+19,306.046,3.7802,5.50727,5.16645e+16,8.06644e+16,36.5333,3.15895,5.17861,3.12182e+19,7.86882e+20,sim02255.iv
sim02256,33.6883,3.93788,5.93647,8.25297e+20,1.2494e+19,344.902,3.66712,5.44924,2.89944e+16,1.62355e+16,33.7112,2.81663,5.03218,1.0211e+19,5.87341e+20,sim02256.iv
sim02257,49.8574,3.90829,5.81343,7.82073e+20,3.40317e+19,286.682,3.6672,5.53145,2.28348e+16,2.97607e+16,49.8416,2.96624,5.02956,1.8681e+19,8.62066e+20,sim02257.iv
sim02258,23.4875,3.8708,5.86568,6.13991e+20,2.90735e+19,225.418,3.69131,5.40652,9.73308e+16,6.44386e+16,22.2521,2.87629,5.14729,3.92669e+19,6.82492e+20,sim02258.iv
sim02259,24.4531,3.90719,5.85528,5.48404e+20,2.38399e+19,315.142,3.67083,5.40816,2.08358e+16,6.36711e+16,35.6646,3.06995,5.11435,2.98892e+19,7.3756e+20,sim02259.iv
sim02260,48.8461,3.97246,5.87658,8.26736e+20,1.08173e+19,212.933,3.66371,5.55095,9.32913e+16,7.14678e+16,41.1917,2.81285,5.18603,1.34717e+19,9.73454e+20,sim02260.iv
sim02261,24.2512,3.80668,5.91272,5.56824e+20,1.11526e+19,303.496,3.74765,5.45859,5.80157e+16,6.27441e+16,24.8254,2.97603,5.12739,4.54277e+19,7.09431e+20,sim02261.iv
sim02262,40.98,3.90034,5.94142,8.94493e+20,3.12221e+19,218.554,3.77508,5.5202,6.40579e+16,5.58518e+16,25.2191,2.99447,5.10736,2.53506e+19,5.74551e+20,sim02262.iv
sim02263,42.8671,3.89132,5.94013,5.2349e+20,3.01751e+19,220.329,3.74671,5.51619,5.06252e+16,9.75558e+16,29.7805,2.96916,5.14751,3.10021e+19,8.29261e+20,sim02263.iv
sim02264,49.2884,3.93914,5.83014,6.04674e+20,4.47943e+19,216.716,3.70184,5.58119,7.98605e+16,2.041e+16,42.214,2.95283,5.18026,3.29118e+19,7.74386e+20,sim02264.iv
sim02265,20.2613,3.84993,5.88255,8.61959e+20,3.0802e+19,329.355,3.60687,5.46458,6.37831e+16,6.9288e+16,35.0723,2.95954,5.01431,3.78497e+19,9.51863e+20,sim02265.iv
sim02266,44.2651,3.94025,5.92683,8.8602e+20,4.10693e+19,210.972,3.67157,5.57361,8.65705e+16,7.3896e+16,29.2721,3.11916,5.04631,1.8964e+19,7.67867e+20,sim02266.iv
sim02267,37.1402,3.87027,5.92076,8.54556e+20,1.72087e+19,250.406,3.73997,5.58545,8.95998e+16,2.16682e+16,37.0918,3.12007,5.04747,3.57276e+19,7.13819e+20,sim02267.iv
sim02268,39.8819,3.80642,5.86259,6.53664e+20,2.67469e+19,226.035,3.68732,5.5083,1.23993e+16,3.70824e+16,25.3187,3.18887,5.02604,3.50966e+19,7.00927e+20,sim02268.iv
sim02269,28.6199,3.97082,5.93282,8.10151e+20,1.37463e+19,246.256,3.6553,5.48688,9.29321e+16,4.63287e+16,29.8406,2.82837,5.07699,1.20943e+19,6.82602e+20,sim02269.iv
sim02270,49.0335,3.91121,5.84177,6.4961e+20,3.2844e+19,212.7,3.77991,5.51563,5.43056e+16,7.4461e+16,26.0078,2.80866,5.12304,1.64001e+19,5.0612e+20,sim02270.iv
sim02271,47.8675,3.95768,5.82284,9.48175e+20,1.2703e+19,322.419,3.68289,5.50364,7.01496e+16,1.88885e+16,47.2327,2.85746,5.18832,1.36593e+19,5.86004e+20,sim02271.iv
sim02272,21.7267,3.87956,5.91817,8.12537e+20,4.31408e+19,283.973,3.70202,5.46523,6.85995e+16,9.17676e+16,30.659,2.94254,5.06866,1.90965e+19,7.83355e+20,sim02272.iv
sim02273,23.1673,3.96696,5.82755,5.86965e+20,1.2743e+19,263.389,3.75153,5.58202,4.90853e+16,3.11623e+16,41.7696,3.07526,5.13633,2.77369e+19,7.82649e+20,sim02273.iv
sim02274,21.859,3.85,5.98539,5.2089e+20,2.2064e+19,241.73,3.62605,5.58487,2.13306e+16,5.40434e+16,45.1853,2.80155,5.02171,2.36758e+19,5.73758e+20,sim02274.iv
sim02275,25.4798,3.91823,5.83413,8.19424e+20,4.66207e+19,242.12,3.64246,5.40228,1.132e+16,4.56964e+16,34.6713,2.87312,5.0646,1.56124e+19,8.40624e+20,sim02275.iv
sim02276,31.7882,3.94687,5.91006,6.8865e+20,3.50547e+19,211.004,3.73807,5.47421,5.62219e+16,5.71069e+16,36.7524,3.08095,5.02213,2.95591e+19,5.41577e+20,sim02276.iv
sim02277,27.0246,3.83785,5.91974,8.03049e+20,4.3236e+19,283.057,3.74894,5.57782,2.20183e+16,7.48872e+16,29.8381,2.91123,5.1926,1.82583e+19,9.57277e+20,sim02277.iv
sim02278,44.7115,3.97573,5.9172,7.92353e+20,2.61033e+19,266.129,3.77013,5.47755,5.38027e+16,9.96754e+16,30.6294,3.12904,5.05544,1.10029e+19,7.96714e+20,sim02278.iv
sim02279,34.3804,3.95733,5.80083,5.3528e+20,4.43872e+19,277.316,3.70127,5.44502,9.33329e+16,9.22979e+16,35.5008,2.88713,5.19656,4.56983e+19,7.60706e+20,sim02279.iv
sim02280,38.792,3.88793,5.84121,8.40725e+20,3.67654e+19,286.626,3.76289,5.49037,8.74825e+16,2.95317e+16,48.8542,2.88203,5.03202,3.41359e+19,5.4654e+20,sim02280.iv
sim02281,25.0379,3.94581,5.86163,9.00061e+20,1.62221e+19,263.942,3.67726,5.49608,4.69353e+16,4.48107e+16,29.8531,2.80606,5.12332,2.89397e+19,6.86641e+20,sim02281.iv
sim02282,26.3424,3.97828,5.84758,9.60462e+20,1.86906e+19,346,3.68397,5.50654,3.68929e+16,9.45263e+16,28.4771,3.09208,5.0041,3.23487e+19,8.70788e+20,sim02282.iv
sim02283,34.1262,3.92866,5.95361,7.50119e+20,1.87237e+19,265.548,3.74616,5.45422,6.68831e+16,2.33463e+16,47.9088,3.04119,5.09365,4.24609e+19,8.98586e+20,sim02283.iv
sim02284,22.9197,3.86141,5.89172,6.7027e+20,2.2692e+19,259.307,3.62841,5.42388,3.3428e+16,1.63074e+16,35.3066,2.86125,5.01351,4.34858e+19,7.93755e+20,sim02284.iv
sim02285,46.9508,3.99668,5.91871,8.97989e+20,1.63817e+19,307.772,3.70991,5.53528,1.94252e+16,9.42234e+16,32.5246,3.11032,5.19812,4.49325e+19,6.55853e+20,sim02285.iv
sim02286,32.0593,3.92973,5.9076,7.0515e+20,3.61348e+19,337.334,3.6619,5.42567,7.08175e+16,6.30635e+16,47.1676,3.09706,5.07942,3.53332e+19,9.31184e+20,sim02286.iv
sim02287,30.4242,3.80277,5.92527,5.12963e+20,4.74992e+19,233.548,3.67485,5.58926,1.71938e+16,1.03908e+16,23.1091,3.19442,5.19435,2.5384e+19,8.71443e+20,sim02287.iv
sim02288,42.078,3.81996,5.84702,9.44491e+20,1.66279e+19,282.92,3.64883,5.51152,2.76878e+16,2.94173e+16,21.404,3.19607,5.02262,2.66248e+19,7.08779e+20,sim02288.iv
sim02289,29.1088,3.9588,5.86754,8.12725e+20,3.172e+19,330.964,3.7639,5.44359,7.75101e+16,8.13312e+16,47.5756,3.18529,5.14739,2.79972e+19,6.46485e+20,sim02289.iv
sim02290,45.9399,3.98311,5.81951,7.77161e+20,1.51678e+19,245.221,3.67664,5.46223,7.44399e+16,1.7107e+16,38.4132,3.03257,5.15744,1.38671e+19,6.66302e+20,sim02290.iv
sim02291,40.9131,3.94234,5.88993,7.30885e+20,4.85984e+19,255.672,3.63002,5.59057,8.28647e+16,3.13357e+16,45.7177,2.90092,5.16549,3.51425e+19,7.4129e+20,sim02291.iv
sim02292,47.8422,3.96187,5.82599,8.52784e+20,4.15801e+19,285.758,3.65521,5.44689,9.76731e+16,4.93114e+16,35.5648,3.03927,5.02013,1.32518e+19,5.99068e+20,sim02292.iv
sim02293,21.9599,3.97969,5.8296,6.13285e+20,3.14924e+19,335.469,3.60981,5.44319,7.45615e+16,5.67262e+16,37.8356,2.80678,5.17336,3.31496e+19,9.17184e+20,sim02293.iv
sim02294,48.9123,3.94643,5.8062,8.55765e+20,3.25388e+19,224.496,3.65409,5.43377,9.32357e+16,8.15755e+16,41.0256,3.10533,5.12025,4.42107e+19,6.14304e+20,sim02294.iv
sim02295,27.5151,3.91835,5.96203,9.17894e+20,4.90501e+19,316.72,3.64655,5.44613,5.0103e+16,6.85136e+16,35.3898,2.82699,5.09638,4.26839e+19,6.20157e+20,sim02295.iv
sim02296,39.051,3.85394,5.91113,8.50489e+20,1.82889e+19,313.537,3.7353,5.46255,9.05477e+16,8.02463e+16,35.634,2.83307,5.08812,2.3194e+19,6.31223e+20,sim02296.iv
sim02297,39.3072,3.98435,5.82931,8.70819e+20,3.48686e+19,303.385,3.76904,5.47509,6.21599e+16,3.49141e+16,28.5263,3.00531,5.00146,1.99246e+19,5.75814e+20,sim02297.iv
sim02298,23.596,3.87693,5.82087,5.77145e+20,3.67486e+19,301.188,3.789,5.58405,8.86546e+16,7.21859e+16,27.9977,2.87126,5.18988,4.83852e+19,7.52217e+20,sim02298.iv
sim02299,36.4524,3.80107,5.82972,7.72997e+20,1.72717e+19,277.022,3.75898,5.56016,8.75492e+16,3.12141e+16,32.9569,3.05074,5.11622,4.99629e+19,6.38141e+20,sim02299.iv
sim02300,22.1402,3.87757,5.9036,6.9362e+20,2.27746e+19,246.016,3.6855,5.53784,2.33979e+16,8.78981e+16,39.2337,2.84295,5.0047,1.20543e+19,5.45184e+20,sim02300.iv
sim02301,39.3062,3.98817,5.82666,6.42166e+20,4.4634e+19,280.794,3.68543,5.49465,1.91008e+16,2.97631e+16,48.8605,3.05737,5.05726,4.78791e+19,6.98748e+20,sim02301.iv
sim02302,24.2259,3.99306,5.93319,8.76408e+20,1.09005e+19,249.64,3.78909,5.43111,8.8613e+16,7.93421e+16,31.3555,3.15469,5.18454,4.46747e+19,7.0374e+20,sim02302.iv
sim02303,37.6141,3.86123,5.82599,9.51056e+20,4.92463e+19,218.202,3.73755,5.58985,6.47126e+16,1.42386e+16,20.4474,3.00164,5.18799,2.11546e+19,6.75163e+20,sim02303.iv
sim02304,43.8798,3.96033,5.98873,9.19336e+20,3.37568e+19,341.426,3.72288,5.52032,1.13952e+16,5.09911e+16,21.2885,3.15951,5.00209,2.22801e+19,9.97533e+20,sim02304.iv
sim02305,43.852,3.95153,5.94258,5.2562e+20,2.1528e+19,321.783,3.77911,5.47001,3.33475e+16,3.12306e+16,36.4419,2.91659,5.00427,2.563e+19,7.76867e+20,sim02305.iv
sim02306,39.0273,3.86859,5.86278,6.41938e+20,3.4933e+19,249.708,3.78337,5.45634,8.11842e+16,3.87758e+16,39.0422,3.07961,5.03487,2.51986e+19,5.63791e+20,sim02306.iv
sim02307,35.3197,3.98188,5.91925,8.5083e+20,2.13222e+19,275.552,3.74816,5.42626,2.09538e+16,3.01991e+16,27.104,3.18496,5.03172,1.42062e+19,5.68841e+20,sim02307.iv
sim02308,26.0873,3.87374,5.83943,5.439e+20,1.54647e+19,320.554,3.70402,5.54918,2.59029e+16,3.74655e+16,49.4692,2.83427,5.08773,2.18308e+19,5.03667e+20,sim02308.iv
sim02309,36.5736,3.91,5.86409,7.36129e+20,2.56779e+19,274.989,3.76961,5.54279,3.5222e+16,3.15587e+16,41.7565,2.88981,5.18152,4.33127e+19,6.2626e+20,sim02309.iv
sim02310,44.045,3.83827,5.80497,9.8056e+20,4.0454e+19,278.463,3.76864,5.41516,7.65714e+16,9.60693e+16,44.5577,2.97267,5.06926,4.56966e+19,6.45754e+20,sim02310.iv
sim02311,48.1234,3.86397,5.825,6.17945e+20,3.07793e+19,228.355,3.67599,5.58117,1.84499e+16,6.5309e+16,32.1129,3.05898,5.09792,4.50682e+19,7.01249e+20,sim02311.iv
sim02312,35.2529,3.82603,5.89806,5.57365e+20,3.33252e+19,269.835,3.75667,5.4837,6.67536e+16,1.53093e+16,41.3006,3.18297,5.08956,1.0394e+19,8.01823e+20,sim02312.iv
sim02313,24.3553,3.89359,5.80649,7.21406e+20,4.49794e+19,228.954,3.69967,5.45077,3.34928e+16,6.78973e+16,42.4483,3.14931,5.05565,1.2831e+19,7.21141e+20,sim02313.iv
sim02314,37.5377,3.94792,5.95121,9.31809e+20,1.12466e+19,347.34,3.79336,5.40711,3.81966e+16,7.88988e+16,34.3553,2.80186,5.07094,3.31576e+19,9.3979e+20,sim02314.iv
sim02315,44.8775,3.98926,5.89359,8.99137e+20,1.40294e+19,282.584,3.78332,5.56777,6.90049e+16,2.34283e+16,25.4624,3.07146,5.06511,2.31779e+19,9.23811e+20,sim02315.iv
sim02316,20.614,3.8785,5.84764,5.1355e+20,1.86629e+19,235.795,3.70089,5.48704,5.2453e+16,8.9012e+16,34.8329,3.0556,5.1295,3.0675e+19,6.52387e+20,sim02316.iv
sim02317,47.0948,3.88764,5.91423,7.79572e+20,4.31055e+19,284.847,3.69138,5.49201,8.01954e+16,3.96978e+16,48.0455,3.13864,5.02767,2.26896e+19,9.5281e+20,sim02317.iv
sim02318,28.3511,3.86353,5.84349,5.27197e+20,2.91382e+19,315.679,3.732,5.40552,5.71045e+16,3.9726e+16,39.2537,2.96206,5.19611,4.3138e+19,8.50185e+20,sim02318.iv
sim02319,35.47,3.91822,5.88843,8.97329e+20,4.63294e+19,349.873,3.71977,5.53638,4.59876e+16,1.07626e+16,41.0971,3.17361,5.17192,4.51448e+19,7.01063e+20,sim02319.iv
sim02320,41.4065,3.92769,5.90819,5.7581e+20,3.30177e+19,251.803,3.74072,5.58897,7.54892e+16,3.33576e+16,33.9574,3.02595,5.14523,1.59139e+19,7.62796e+20,sim02320.iv
sim02321,45.8041,3.80552,5.94552,9.40218e+20,4.18305e+19,340.457,3.75654,5.5036,5.29241e+16,1.28656e+16,20.558,3.05579,5.05508,2.22838e+19,9.03533e+20,sim02321.iv
sim02322,23.3381,3.85677,5.93701,5.15283e+20,3.07916e+19,221.965,3.75233,5.52692,6.47697e+16,2.99157e+16,41.741,2.92067,5.11416,1.36812e+19,5.48043e+20,sim02322.iv
sim02323,25.8197,3.8432,5.82529,5.59124e+20,4.51612e+19,287.649,3.72444,5.45756,1.49939e+16,9.71446e+16,21.6208,3.12905,5.13302,2.63008e+19,8.73299e+20,sim02323.iv
sim02324,42.942,3.97566,5.90899,6.06854e+20,3.29032e+19,223.904,3.67525,5.52207,3.26698e+16,8.78574e+16,49.2816,2.83036,5.04118,2.89205e+19,5.18971e+20,sim02324.iv
sim02325,22.7878,3.98013,5.80911,6.23742e+20,2.69453e+19,212.864,3.76212,5.566,4.55203e+16,2.81606e+16,46.7707,3.07142,5.10477,2.56959e+19,7.69638e+20,sim02325.iv
sim02326,27.4853,3.88992,5.93718,7.05679e+20,3.73982e+19,313.422,3.75074,5.51384,2.65949e+16,7.30504e+16,44.5784,2.83772,5.17919,4.7652e+19,8.34118e+20,sim02326.iv
sim02327,23.3319,3.93074,5.87121,6.51823e+20,1.14706e+19,311.477,3.71334,5.49016,4.4982e+16,4.70667e+16,33.5928,2.991,5.01954,2.52128e+19,5.32018e+20,sim02327.iv
sim02328,43.2779,3.90445,5.9599,7.1466e+20,1.61239e+19,251.941,3.64677,5.48798,8.1002e+16,2.0497e+16,32.003,2.83672,5.07829,3.33009e+19,5.34487e+20,sim02328.iv
sim02329,21.9993,3.9461,5.8815,6.75691e+20,3.74528e+19,221.867,3.77194,5.55509,4.5068e+16,5.21837e+16,31.9315,3.11409,5.0058,3.68555e+19,6.51274e+20,sim02329.iv
sim02330,43.3864,3.99678,5.8558,7.22926e+20,3.19036e+19,287.147,3.63131,5.51665,7.51521e+16,9.49626e+16,41.7614,3.04132,5.04665,1.39168e+19,8.17167e+20,sim02330.iv
sim02331,38.7555,3.96787,5.88922,5.86022e+20,1.89891e+19,276.696,3.66241,5.43605,1.97066e+16,4.71116e+16,30.1255,3.18611,5.17128,1.73397e+19,8.76677e+20,sim02331.iv
sim02332,34.4059,3.98522,5.92164,6.01997e+20,1.78387e+19,345.422,3.78366,5.49657,6.07546e+16,5.92388e+16,42.9043,2.98979,5.02453,2.29713e+19,7.84138e+20,sim02332.iv
sim02333,30.5322,3.96271,5.98958,6.20999e+20,4.55658e+19,310.199,3.71739,5.42608,4.69855e+16,9.95817e+16,39.4505,3.03667,5.00712,2.28355e+19,7.44078e+20,sim02333.iv
sim02334,39.2499,3.97142,5.89161,6.37227e+20,2.12513e+19,229.294,3.62911,5.46106,7.89926e+16,4.71899e+16,45.787,3.17966,5.01508,3.84329e+19,5.42633e+20,sim02334.iv
sim02335,22.1518,3.85515,5.82032,8.31486e+20,3.86448e+19,299.497,3.71507,5.55625,7.95321e+16,8.8323e+16,40.7959,2.94235,5.10494,2.9624e+19,5.53933e+20,sim02335.iv
sim02336,44.3523,3.98257,5.99688,6.23984e+20,1.38256e+19,225.546,3.76086,5.52635,7.80508e+16,9.14677e+16,26.7881,2.94563,5.15847,2.03757e+19,7.5302e+20,sim02336.iv
sim02337,33.3035,3.91906,5.99764,5.51858e+20,2.93857e+19,344.258,3.66958,5.54812,9.36343e+16,3.16547e+16,22.4414,2.83028,5.0146,2.40208e+19,5.63107e+20,sim02337.iv
sim02338,32.1508,3.95083,5.85965,7.39709e+20,1.50948e+19,307.761,3.66353,5.42705,9.59204e+16,7.9266e+16,39.5698,3.0892,5.0851,2.19332e+19,7.49993e+20,sim02338.iv
sim02339,44.7577,3.99276,5.92106,6.8818e+20,3.87282e+19,307.589,3.64949,5.4871,2.20612e+16,4.62051e+16,42.8825,2.92556,5.12661,2.3106e+19,5.73552e+20,sim02339.iv
sim02340,42.2416,3.91786,5.96509,8.39477e+20,4.26877e+19,231.693,3.72292,5.47348,7.71856e+16,6.22077e+16,21.6254,3.01342,5.14886,2.05115e+19,8.27263e+20,sim02340.iv
sim02341,45.2278,3.81303,5.9156,9.438e+20,1.50568e+19,247.695,3.72518,5.51704,8.14057e+16,6.66148e+16,37.2754,2.98074,5.01565,3.36435e+19,5.78313e+20,sim02341.iv
sim02342,49.8755,3.8157,5.81514,8.93665e+20,1.40466e+19,266.711,3.7855,5.55758,3.09558e+16,3.25927e+16,37.7681,2.99458,5.02335,1.63459e+19,9.01448e+20,sim02342.iv
sim02343,30.3437,3.9598,5.83797,7.99716e+20,3.02043e+19,255.694,3.72172,5.42491,8.70822e+16,7.69045e+16,28.6092,3.03206,5.18043,2.68922e+19,6.81671e+20,sim02343.iv
sim02344,43.9684,3.80024,5.93727,6.07903e+20,3.77699e+19,271.306,3.60406,5.57485,5.91886e+16,3.82241e+16,41.1014,2.99838,5.00699,3.60103e+19,9.84766e+20,sim02344.iv
sim02345,26.6594,3.97259,5.9242,5.38949e+20,3.9199e+19,271.809,3.75875,5.52715,1.02506e+16,2.13667e+16,30.5732,2.99274,5.18643,4.28789e+19,9.00808e+20,sim02345.iv
sim02346,36.1873,3.81857,5.94916,5.43274e+20,1.36579e+19,245.712,3.78451,5.54998,1.68987e+16,9.27019e+16,43.5013,3.04146,5.02539,2.28049e+19,6.50341e+20,sim02346.iv
sim02347,39.2014,3.91757,5.85545,6.5555e+20,3.07377e+19,328.357,3.62525,5.54515,9.96107e+16,7.7476e+16,33.2471,3.09267,5.17214,4.074e+19,5.06379e+20,sim02347.iv
sim02348,23.9448,3.82143,5.80637,8.57262e+20,2.06949e+19,311.074,3.73322,5.50472,1.53743e+16,3.74776e+16,20.8134,3.16401,5.06173,1.3798e+19,5.01259e+20,sim02348.iv
sim02349,38.3454,3.92419,5.99899,6.44305e+20,1.1861e+19,319.114,3.66092,5.46613,9.16961e+16,6.17833e+16,32.0105,3.18022,5.05306,1.08591e+19,6.15438e+20,sim02349.iv
sim02350,21.3238,3.88155,5.96621,9.8759e+20,3.80128e+19,339.656,3.68171,5.46054,2.38803e+16,5.50793e+16,29.8081,2.84302,5.18638,1.49482e+19,8.6987e+20,sim02350.iv
sim02351,22.0423,3.90542,5.93496,6.17267e+20,1.3026e+19,293.071,3.72058,5.4624,4.38574e+16,1.41045e+16,28.8737,3.15304,5.03426,2.87221e+19,8.38413e+20,sim02351.iv
sim02352,44.0865,3.81623,5.91837,8.13645e+20,1.78953e+19,214.319,3.76887,5.48801,1.54701e+16,6.20226e+16,31.3074,2.83208,5.05742,2.30732e+19,7.87452e+20,sim02352.iv
sim02353,32.1,3.8214,5.92707,8.644e+20,3.02921e+19,218.869,3.62064,5.58893,2.70429e+16,3.76745e+16,40.6254,3.11673,5.1822,2.58074e+19,9.96146e+20,sim02353.iv
sim02354,23.1167,3.96531,5.85442,9.68545e+20,4.47679e+19,316.718,3.72075,5.44289,5.15733e+16,1.31307e+16,41.2821,2.84635,5.05166,1.9802e+19,8.93974e+20,sim02354.iv
sim02355,32.0194,3.90691,5.84172,6.67051e+20,3.0476e+19,237.189,3.73796,5.48985,9.85285e+16,3.21877e+16,31.8818,3.16987,5.1772,2.93668e+19,5.61797e+20,sim02355.iv
sim02356,32.2634,3.91747,5.85085,5.95566e+20,3.12575e+19,234.643,3.77491,5.41485,9.88661e+16,5.84149e+16,49.5069,3.10061,5.03058,1.90975e+19,5.53473e+20,sim02356.iv
sim02357,41.8726,3.83373,5.94292,9.29749e+20,2.64686e+19,302.545,3.77904,5.55063,2.17685e+16,3.63261e+16,36.0691,2.90571,5.10118,4.81132e+19,7.26584e+20,sim02357.iv
sim02358,27.8501,3.82932,5.98022,6.14897e+20,1.77448e+19,287.159,3.69234,5.47713,6.20787e+16,6.12465e+16,22.0521,2.96597,5.1442,2.52672e+19,9.9883e+20,sim02358.iv
sim02359,27.0616,3.89927,5.93479,7.73931e+20,1.15629e+19,281.913,3.79329,5.48133,2.04561e+16,1.19133e+16,32.3679,2.87412,5.16694,4.80903e+19,9.70265e+20,sim02359.iv
sim02360,31.2359,3.89095,5.86302,5.64526e+20,3.23616e+19,236.069,3.61188,5.56989,8.18664e+16,9.33654e+16,29.8222,3.14829,5.07969,1.29112e+19,7.28921e+20,sim02360.iv
sim02361,36.6136,3.88642,5.95709,6.75914e+20,4.68424e+19,220.383,3.74408,5.5858,5.97846e+16,8.9081e+16,40.7549,2.80581,5.13425,3.62625e+19,5.00014e+20,sim02361.iv
sim02362,32.2748,3.80776,5.8586,9.93291e+20,4.76114e+19,305.88,3.67337,5.47929,1.34393e+16,4.04456e+16,43.5315,3.00774,5.09534,1.36439e+19,9.595e+20,sim02362.iv
sim02363,28.4922,3.87658,5.86614,6.64367e+20,3.3973e+19,297.785,3.71971,5.4137,9.72584e+16,7.42589e+16,46.4819,2.86387,5.18642,3.88672e+19,7.50358e+20,sim02363.iv
sim02364,20.694,3.85064,5.96775,6.89591e+20,3.71311e+19,312.311,3.75513,5.47647,9.1885e+16,3.6298e+16,45.0819,2.96989,5.04685,2.3738e+19,8.99782e+20,sim02364.iv
sim02365,38.4461,3.82734,5.82479,8.436e+20,1.95797e+19,239.212,3.7499,5.46453,1.61475e+16,4.82351e+16,37.0754,3.0406,5.0117,2.81424e+19,6.79781e+20,sim02365.iv
sim02366,33.468,3.80834,5.85912,8.21729e+20,1.50367e+19,344.291,3.79878,5.47209,7.1286e+16,6.71809e+16,25.0149,2.95528,5.19613,1.5107e+19,7.87588e+20,sim02366.iv
sim02367,37.9754,3.83351,5.90705,9.58731e+20,1.46262e+19,236.564,3.65113,5.5502,6.19526e+16,5.53192e+16,43.7619,3.19131,5.03919,4.2482e+19,6.85044e+20,sim02367.iv
sim02368,24.3797,3.8513,5.87986,9.4958e+20,2.91364e+19,296.002,3.60665,5.4128,9.44499e+16,8.54486e+16,34.6892,2.88016,5.00804,4.9014e+19,5.02836e+20,sim02368.iv
sim02369,27.1294,3.93678,5.98758,5.5853e+20,4.09556e+19,256.448,3.73594,5.41933,8.78335e+16,7.36502e+16,48.6681,3.00097,5.17754,3.16159e+19,7.56395e+20,sim02369.iv
sim02370,22.8383,3.96283,5.88244,8.00013e+20,3.60277e+19,318.474,3.71507,5.52398,5.68679e+16,6.52557e+16,33.3269,3.11056,5.1621,3.06843e+19,5.73314e+20,sim02370.iv
sim02371,31.2049,3.96799,5.98335,6.33527e+20,4.76441e+19,248.74,3.78378,5.58709,5.54349e+16,9.55497e+16,36.4782,2.95156,5.16203,1.43409e+19,6.08328e+20,sim02371.iv
sim02372,26.3975,3.92441,5.94177,9.18713e+20,4.59945e+19,332.507,3.7364,5.58297,3.4799e+16,7.52748e+16,22.3,2.85009,5.04522,1.41071e+19,9.82833e+20,sim02372.iv
sim02373,33.9873,3.98134,5.89533,8.49838e+20,2.28686e+19,343.093,3.60698,5.53948,9.55342e+16,8.09334e+16,44.8279,2.91967,5.09037,1.54472e+19,6.88203e+20,sim02373.iv
sim02374,20.2531,3.95575,5.9906,8.50425e+20,4.24119e+19,281.886,3.63833,5.54416,3.69355e+16,5.13573e+16,47.02,2.94917,5.05787,1.12678e+19,8.50728e+20,sim02374.iv
sim02375,26.4566,3.92788,5.87332,8.93838e+20,4.55958e+19,242.998,3.75846,5.43056,2.26835e+16,4.85601e+16,29.7353,3.19486,5.1608,4.56095e+19,5.67999e+20,sim02375.iv
sim02376,41.4188,3.92086,5.81985,8.96832e+20,4.41513e+19,337.973,3.78796,5.42156,8.93955e+16,9.50824e+16,40.7238,2.87354,5.08017,1.36044e+19,5.02123e+20,sim02376.iv
sim02377,47.6019,3.99447,5.98386,6.26981e+20,3.48444e+19,279.958,3.69921,5.48567,9.47062e+16,8.118e+16,45.4061,2.81384,5.08239,3.39191e+19,8.29361e+20,sim02377.iv
sim02378,46.8464,3.8334,5.81801,9.46599e+20,3.02648e+19,285.49,3.778,5.54996,7.57679e+16,2.67426e+16,38.6423,2.98003,5.12221,3.30271e+19,5.1314e+20,sim02378.iv
sim02379,30.3163,3.89156,5.90004,5.49735e+20,4.59416e+19,256.804,3.69788,5.53275,7.47173e+16,4.40225e+16,23.8734,2.88293,5.03301,1.97655e+19,8.01823e+20,sim02379.iv
sim02380,36.0728,3.83373,5.9363,5.31852e+20,4.63843e+19,289.267,3.71808,5.45718,5.60473e+16,4.83632e+16,48.5224,2.83049,5.09175,4.16607e+19,7.72289e+20,sim02380.iv
sim02381,36.9565,3.98224,5.87514,5.01032e+20,4.70269e+19,214.628,3.75948,5.42792,1.18616e+16,4.19203e+16,45.9217,2.81478,5.05254,2.1162e+19,5.47403e+20,sim02381.iv
sim02382,22.7767,3.98164,5.93906,6.55569e+20,1.95328e+19,216.003,3.67176,5.46023,9.25372e+16,2.98458e+16,32.1544,3.07281,5.06424,4.12714e+19,8.63128e+20,sim02382.iv
sim02383,21.0641,3.97117,5.87278,5.47928e+20,3.79338e+19,314.601,3.6142,5.47078,9.05932e+16,7.02494e+16,36.0177,3.00165,5.12168,3.61208e+19,5.34418e+20,sim02383.iv
sim02384,30.0244,3.90533,5.94607,8.71387e+20,3.42204e+19,292.113,3.67355,5.56694,9.2476e+16,8.61686e+16,46.1576,3.16352,5.04041,3.05551e+19,7.6727e+20,sim02384.iv
sim02385,34.5627,3.9697,5.86501,5.80657e+20,2.0972e+19,230.038,3.68096,5.42336,1.78818e+16,5.05905e+16,38.0342,3.04306,5.01846,4.8863e+19,5.60873e+20,sim02385.iv
sim02386,39.8139,3.97773,5.97695,7.56064e+20,2.10981e+19,325.902,3.72252,5.55821,4.59993e+16,9.22086e+16,47.8878,3.09494,5.18851,2.81399e+19,5.97232e+20,sim02386.iv
sim02387,39.6771,3.93067,5.89826,6.30309e+20,3.49737e+19,235.309,3.75066,5.58136,2.49959e+16,8.38244e+16,25.9542,3.00017,5.18585,1.33084e+19,5.44883e+20,sim02387.iv
sim02388,48.7617,3.83177,5.86841,7.29497e+20,1.02678e+19,236.331,3.76568,5.50377,4.54508e+16,7.13773e+16,29.7431,2.97542,5.19875,4.09714e+19,7.76987e+20,sim02388.iv
sim02389,35.8024,3.96885,5.92017,6.69639e+20,2.67117e+19,235.675,3.7919,5.53044,4.58713e+16,4.23899e+16,47.2098,2.94413,5.15127,4.34171e+19,9.549e+20,sim02389.iv
sim02390,31.1916,3.95307,5.86538,9.7201e+20,1.04464e+19,289.827,3.70199,5.57552,2.94681e+16,1.78559e+16,45.3932,2.94004,5.06498,1.42124e+19,9.60029e+20,sim02390.iv
sim02391,38.9887,3.93844,5.97959,9.21927e+20,2.80726e+19,232.368,3.73446,5.53014,1.42372e+16,9.09461e+16,30.0572,2.97151,5.10276,4.64808e+19,5.85245e+20,sim02391.iv
sim02392,31.0607,3.90027,5.99838,7.19876e+20,2.59415e+19,340.904,3.7323,5.43271,2.58222e+16,6.80007e+16,34.0117,2.80359,5.08972,4.75878e+19,8.73689e+20,sim02392.iv
sim02393,36.7581,3.83904,5.86713,9.9832e+20,3.63621e+19,248.68,3.7476,5.41827,4.33524e+16,3.06218e+16,46.8802,3.09406,5.0995,2.6312e+19,9.29294e+20,sim02393.iv
sim02394,25.863,3.81495,5.97035,9.28248e+20,1.97231e+19,237.34,3.74426,5.42868,6.59756e+16,7.31111e+16,38.6594,2.97077,5.16324,4.71993e+19,8.52854e+20,sim02394.iv
sim02395,32.5685,3.99914,5.88988,5.58132e+20,1.73033e+19,258.712,3.63422,5.55566,1.12695e+16,4.65295e+16,46.3462,2.84709,5.11522,4.7354e+19,5.35798e+20,sim02395.iv
sim02396,30.4918,3.80753,5.93644,7.0875e+20,4.78929e+19,306.781,3.72039,5.58206,2.16696e+16,8.051e+16,41.8941,3.0693,5.12762,1.49749e+19,9.07022e+20,sim02396.iv
sim02397,39.0546,3.95429,5.97522,7.71213e+20,4.82754e+19,225.288,3.60081,5.46599,2.94895e+16,5.98249e+16,28.4089,3.07526,5.18907,4.07703e+19,7.10126e+20,sim02397.iv
sim02398,49.5651,3.95424,5.96218,6.02375e+20,3.7476e+19,219.889,3.64706,5.40329,7.34713e+16,1.18852e+16,33.4753,3.05955,5.061,2.46912e+19,9.3408e+20,sim02398.iv
sim02399,47.0424,3.97174,5.94999,6.38765e+20,1.29871e+19,278.417,3.78488,5.44467,2.88594e+16,8.01684e+16,37.7596,2.96172,5.17253,3.33011e+19,9.60134e+20,sim02399.iv
sim02400,31.0445,3.88882,5.81486,6.83845e+20,1.71886e+19,214.596,3.65115,5.49813,3.22622e+16,1.9818e+16,33.546,2.85914,5.0172,4.84073e+19,7.37978e+20,sim02400.iv
sim02401,44.0698,3.83416,5.89231,5.44962e+20,2.6472e+19,325.696,3.77855,5.5038,3.57762e+16,7.60122e+16,39.1679,2.98819,5.09507,2.97286e+19,6.69621e+20,sim02401.iv
sim02402,35.5691,3.81147,5.91404,7.48102e+20,2.68225e+19,255.359,3.72436,5.497,1.90756e+16,4.37007e+16,22.2952,2.95167,5.10657,2.56412e+19,6.70815e+20,sim02402.iv
sim02403,28.4345,3.87635,5.81386,9.9695e+20,3.22136e+19,299.065,3.63663,5.58468,6.14048e+16,4.72937e+16,41.3964,2.92174,5.18693,1.67726e+19,9.16555e+20,sim02403.iv
sim02404,48.9982,3.89835,5.97533,5.35781e+20,3.48236e+19,259.873,3.67286,5.49007,6.37099e+16,6.54412e+16,28.3482,2.95358,5.04991,3.53016e+19,5.51017e+20,sim02404.iv
sim02405,32.7072,3.9957,5.99776,7.58982e+20,1.98984e+19,291.689,3.69769,5.4085,9.90185e+16,3.94451e+16,31.9784,3.00542,5.17607,4.19648e+19,6.02775e+20,sim02405.iv
sim02406,41.4934,3.97491,5.94285,5.69592e+20,3.15559e+19,327.398,3.63912,5.50771,7.02595e+16,6.71833e+16,23.1981,2.91098,5.11043,1.83505e+19,6.66856e+20,sim02406.iv
sim02407,32.4523,3.80272,5.90208,9.97378e+20,2.63307e+19,248.402,3.6506,5.50303,5.10409e+16,8.75787e+16,39.1773,2.95946,5.07715,3.18876e+19,6.26684e+20,sim02407.iv
sim02408,32.6854,3.85701,5.90309,7.73301e+20,4.38724e+19,245.165,3.78094,5.50705,7.5415e+16,6.50504e+16,44.8712,3.06526,5.00221,2.5611e+19,9.69182e+20,sim02408.iv
sim02409,33.5436,3.96568,5.97379,6.66289e+20,4.4309e+19,262.841,3.60507,5.53888,8.3826e+16,5.06447e+16,25.2023,3.04611,5.14765,3.61927e+19,6.77896e+20,sim02409.iv
sim02410,31.0499,3.90982,5.83868,9.23088e+20,1.40928e+19,278.117,3.77189,5.50588,7.84855e+16,3.1562e+16,33.3654,3.08522,5.17767,3.57218e+19,6.21383e+20,sim02410.iv
sim02411,24.3888,3.96831,5.91081,5.91936e+20,2.94271e+19,227.685,3.62103,5.584,5.90164e+16,3.24021e+16,46.438,3.19955,5.17684,3.99037e+19,9.81033e+20,sim02411.iv
sim02412,25.9216,3.97554,5.87175,5.16119e+20,1.12951e+19,236.297,3.7559,5.57933,2.15166e+16,8.60844e+16,42.6642,2.82089,5.14628,1.15352e+19,6.31292e+20,sim02412.iv
sim02413,35.9273,3.98185,5.82107,6.74153e+20,3.30767e+19,313.629,3.78308,5.49377,8.5681e+16,6.5532e+16,26.1216,3.03184,5.06276,3.81457e+19,6.4227e+20,sim02413.iv
sim02414,27.8853,3.98907,5.98174,7.25873e+20,4.06187e+19,347.489,3.61773,5.52123,3.28148e+16,8.20014e+16,23.0423,3.11552,5.04012,2.82408e+19,9.0691e+20,sim02414.iv
sim02415,22.0239,3.98563,5.84347,7.50364e+20,3.93828e+19,227.29,3.72175,5.50311,6.27251e+16,6.96246e+16,32.6188,2.91951,5.03677,4.75626e+19,7.00688e+20,sim02415.iv
sim02416,28.4667,3.81051,5.95024,7.63873e+20,1.76386e+19,335.072,3.78676,5.57614,6.04874e+16,4.35952e+16,24.8566,2.9509,5.12243,1.90621e+19,7.31981e+20,sim02416.iv
sim02417,37.1928,3.94629,5.81827,9.33498e+20,2.8243e+19,291.47,3.78806,5.4336,8.96037e+16,8.23987e+16,49.8208,2.95722,5.02537,1.0567e+19,8.96298e+20,sim02417.iv
sim02418,24.0979,3.8612,5.99746,7.21047e+20,1.92482e+19,315.453,3.65431,5.5062,2.41599e+16,5.1475e+16,23.2585,3.10924,5.07303,2.27521e+19,9.96893e+20,sim02418.iv
sim02419,44.8911,3.91079,5.98884,6.05699e+20,3.29394e+19,340.068,3.71394,5.4616,8.3049e+16,2.24929e+16,24.56,3.09245,5.01387,1.20252e+19,6.89537e+20,sim02419.iv
sim02420,31.9372,3.89393,5.94815,7.84426e+20,3.85419e+19,216.985,3.66314,5.59328,4.84989e+16,3.00243e+16,49.7626,2.96453,5.09576,1.89519e+19,8.28177e+20,sim02420.iv
sim02421,26.2169,3.92198,5.95149,8.26199e+20,1.36153e+19,221.168,3.76847,5.58091,2.22094e+16,4.37914e+16,39.622,3.13419,5.1818,3.79473e+19,5.73737e+20,sim02421.iv
sim02422,43.0505,3.9718,5.87026,7.47076e+20,1.66553e+19,252.633,3.77396,5.41777,7.86181e+16,1.87873e+16,28.7786,3.03296,5.00066,3.70149e+19,6.58098e+20,sim02422.iv
sim02423,42.4571,3.99505,5.8833,5.14998e+20,4.39557e+19,248.441,3.62972,5.57584,3.09277e+16,6.44757e+16,27.6195,3.08498,5.12975,3.03667e+19,7.77512e+20,sim02423.iv
sim02424,26.8173,3.80439,5.96014,9.44651e+20,4.11148e+19,309.109,3.69438,5.51678,7.22464e+16,1.23605e+16,32.7101,2.88987,5.07289,3.99693e+19,6.81693e+20,sim02424.iv
sim02425,42.1728,3.99437,5.98468,9.13862e+20,4.41196e+19,265.151,3.74632,5.5334,9.84603e+16,6.17409e+16,32.893,3.13491,5.14991,1.49945e+19,7.9814e+20,sim02425.iv
sim02426,37.7692,3.92632,5.9883,8.01018e+20,4.48008e+19,260.173,3.61148,5.47504,5.79402e+16,8.49989e+16,38.9555,2.97688,5.09237,4.98663e+19,5.70672e+20,sim02426.iv
sim02427,26.1655,3.92506,5.94028,6.9749e+20,1.12853e+19,283.082,3.62887,5.41121,4.10284e+16,2.22087e+16,33.1699,3.10468,5.00941,2.99957e+19,7.4849e+20,sim02427.iv
sim02428,20.0533,3.94765,5.81795,9.66028e+20,3.55746e+19,250.294,3.78506,5.48009,3.34235e+16,4.46051e+16,38.3476,3.08944,5.13236,4.68495e+19,9.78086e+20,sim02428.iv
sim02429,25.9119,3.98251,5.82134,9.78446e+20,2.03738e+19,247.21,3.68431,5.43635,8.44947e+16,2.12264e+16,33.1787,3.16286,5.12708,3.42866e+19,9.97322e+20,sim02429.iv
sim02430,20.6765,3.86396,5.825,5.92289e+20,1.86402e+19,297.765,3.65442,5.53284,7.64263e+16,4.61722e+16,36.0898,2.85284,5.15053,2.67647e+19,9.17318e+20,sim02430.iv
sim02431,35.7866,3.93935,5.87172,6.85885e+20,2.74603e+19,299.045,3.70131,5.56086,1.49318e+16,9.10488e+16,47.7811,2.89763,5.02016,3.28742e+19,5.32085e+20,sim02431.iv
sim02432,26.8915,3.90151,5.92276,5.97152e+20,4.73095e+19,235.385,3.63073,5.43246,9.36572e+16,8.90894e+16,20.9912,3.09065,5.0147,1.30124e+19,5.3801e+20,sim02432.iv
sim02433,44.8886,3.88549,5.91141,5.15407e+20,4.60357e+19,347.483,3.64704,5.5313,7.10923e+16,9.69652e+16,34.513,2.89517,5.07206,3.55845e+19,7.36244e+20,sim02433.iv
sim02434,22.3822,3.96147,5.97285,7.39166e+20,3.09388e+19,278.82,3.70595,5.42052,4.9027e+16,5.03088e+16,49.9314,2.81946,5.06243,2.98398e+19,9.23618e+20,sim02434.iv
sim02435,33.8371,3.8582,5.90705,6.48513e+20,3.19329e+19,306.58,3.70616,5.52193,1.34846e+16,6.9292e+16,49.0903,2.99666,5.16054,3.19562e+19,8.51999e+20,sim02435.iv
sim02436,29.2974,3.99337,5.84303,5.79549e+20,1.1821e+19,285.767,3.72378,5.5299,2.55008e+16,6.86293e+16,24.9532,3.102,5.05505,2.68818e+19,6.83614e+20,sim02436.iv
sim02437,31.0317,3.94419,5.99955,7.63665e+20,2.60416e+19,251.118,3.7249,5.49024,7.95552e+16,6.4602e+16,32.3576,3.1812,5.00225,3.75795e+19,7.05396e+20,sim02437.iv
sim02438,23.6487,3.81854,5.92986,5.73887e+20,4.4243e+19,253.53,3.66877,5.53202,2.98147e+16,1.06335e+16,33.3749,3.01115,5.08918,2.83197e+19,8.32869e+20,sim02438.iv
sim02439,45.3707,3.8731,5.95802,5.31342e+20,2.92104e+19,262.661,3.69319,5.4183,2.24946e+16,3.64132e+16,28.2059,2.95404,5.09145,1.88469e+19,8.0961e+20,sim02439.iv
sim02440,31.2746,3.81203,5.84874,7.80074e+20,3.42751e+19,321.953,3.6491,5.51244,5.28495e+16,8.63664e+16,41.8998,2.85279,5.19175,2.42086e+19,9.77296e+20,sim02440.iv
sim02441,28.5566,3.89379,5.91009,5.31796e+20,3.86266e+19,224.659,3.63283,5.45805,9.64672e+16,9.75805e+16,34.6795,3.01333,5.04237,2.67217e+19,9.92209e+20,sim02441.iv
sim02442,43.7238,3.93948,5.85568,8.8153e+20,4.86622e+19,348.313,3.71996,5.43215,9.67663e+16,5.87241e+16,21.1502,2.8326,5.11545,4.34118e+19,9.70761e+20,sim02442.iv
sim02443,48.3331,3.91572,5.99628,5.74798e+20,1.37867e+19,214.239,3.75483,5.58332,8.5585e+16,9.45673e+16,36.442,3.10522,5.06734,4.06632e+19,8.76523e+20,sim02443.iv
sim02444,33.0681,3.80875,5.85325,9.42593e+20,3.34907e+19,266.713,3.78948,5.47329,3.95275e+16,7.93446e+16,30.6591,2.97849,5.14449,2.72048e+19,6.61144e+20,sim02444.iv
sim02445,20.4617,3.97211,5.90534,9.25666e+20,3.47137e+19,238.093,3.67263,5.48345,7.65753e+16,5.93356e+16,39.0951,3.10123,5.05477,4.52797e+19,7.26638e+20,sim02445.iv
sim02446,39.8337,3.84364,5.84667,8.67495e+20,2.40162e+19,332.634,3.73295,5.53309,4.42241e+16,9.12403e+16,48.3392,2.90318,5.10291,4.62773e+19,5.5064e+20,sim02446.iv
sim02447,28.9274,3.99089,5.89699,9.75769e+20,2.52067e+19,283.85,3.69082,5.49144,9.25942e+16,7.25179e+16,48.3719,2.93181,5.19878,3.83066e+19,5.65655e+20,sim02447.iv
sim02448,32.3883,3.84973,5.84709,9.64776e+20,4.8398e+19,211.983,3.62761,5.45557,8.62962e+16,6.49995e+16,36.9628,3.03931,5.19012,2.10316e+19,5.61661e+20,sim02448.iv
sim02449,38.2345,3.99377,5.942,9.46058e+20,4.58476e+19,240.696,3.73712,5.57244,1.91207e+16,6.8633e+16,28.1601,3.12867,5.04464,2.49368e+19,8.38371e+20,sim02449.iv
sim02450,36.6748,3.824,5.84506,9.4292e+20,4.95512e+19,307.156,3.60195,5.54868,6.78543e+16,4.70638e+16,26.8414,2.86628,5.01671,3.55708e+19,6.68637e+20,sim02450.iv
sim02451,35.5404,3.90504,5.92146,7.97273e+20,3.07631e+19,231.716,3.60541,5.51524,4.80898e+16,4.69107e+16,32.902,2.84542,5.03585,3.64862e+19,7.56891e+20,sim02451.iv
sim02452,38.2899,3.82587,5.96283,6.8632e+20,3.45229e+19,275.191,3.69366,5.55572,1.99314e+16,1.67311e+16,23.0317,3.19812,5.18543,3.80221e+19,7.23773e+20,sim02452.iv
sim02453,22.5521,3.96418,5.83789,6.36421e+20,4.36317e+19,246.027,3.76892,5.55719,8.53561e+16,7.06862e+16,30.5638,3.06127,5.16582,3.99768e+19,9.31014e+20,sim02453.iv
sim02454,49.5059,3.93803,5.98563,6.35889e+20,4.89393e+19,337.445,3.60825,5.51809,5.52675e+16,8.34045e+16,23.7902,3.01106,5.10025,2.58216e+19,9.96091e+20,sim02454.iv
sim02455,36.1864,3.88265,5.97128,5.69527e+20,2.15025e+19,249.045,3.78674,5.57607,6.46016e+16,3.87666e+16,34.0431,3.02846,5.10802,2.02374e+19,5.65244e+20,sim02455.iv
sim02456,47.2291,3.92817,5.82902,9.94922e+20,2.64511e+19,312.616,3.63534,5.58655,1.71287e+16,9.60239e+16,41.8137,2.8909,5.03618,4.3484e+19,5.19962e+20,sim02456.iv
sim02457,23.4284,3.93457,5.81547,7.70623e+20,3.29621e+19,212.502,3.67543,5.40571,9.70197e+16,2.9379e+16,40.6913,3.06951,5.15445,2.34131e+19,5.92199e+20,sim02457.iv
sim02458,35.9151,3.93887,5.95106,5.24458e+20,4.01064e+19,225.741,3.70493,5.51108,2.14345e+16,9.67598e+16,39.1405,2.88956,5.01018,4.10009e+19,9.20658e+20,sim02458.iv
sim02459,22.7189,3.85149,5.92848,7.09489e+20,2.37005e+19,269.423,3.70106,5.43693,4.49257e+16,1.62843e+16,20.1817,3.19008,5.01096,1.17391e+19,9.44981e+20,sim02459.iv
sim02460,49.2811,3.96891,5.82791,8.19766e+20,3.7877e+19,318.033,3.62258,5.47815,3.48487e+16,6.89064e+16,30.308,3.00353,5.12529,4.46324e+19,9.60458e+20,sim02460.iv
sim02461,40.8034,3.83128,5.97778,6.02258e+20,1.21275e+19,271.218,3.73693,5.42987,3.69429e+16,1.72054e+16,38.5462,3.0833,5.10394,2.77773e+19,9.23851e+20,sim02461.iv
sim02462,32.5756,3.88835,5.91547,8.51925e+20,4.10812e+19,215.715,3.77023,5.49026,9.15285e+16,5.82709e+16,34.275,2.87815,5.09392,2.97172e+19,9.47239e+20,sim02462.iv
sim02463,46.6126,3.89728,5.97351,9.27195e+20,4.79354e+19,260.624,3.64245,5.58878,6.26375e+16,5.19992e+16,32.3437,2.8339,5.04082,2.16633e+19,7.75658e+20,sim02463.iv
sim02464,35.5014,3.90857,5.81529,5.04887e+20,2.85261e+19,237.088,3.77834,5.48618,4.16793e+16,5.89605e+16,38.8581,2.83279,5.14827,1.55032e+19,6.93366e+20,sim02464.iv
sim02465,30.706,3.91383,5.93789,9.00409e+20,3.10858e+19,231.755,3.73919,5.49576,6.3004e+16,4.99337e+16,32.4888,3.08054,5.10482,4.47119e+19,8.71723e+20,sim02465.iv
sim02466,34.2894,3.84284,5.80351,6.027e+20,2.12508e+19,226.536,3.73382,5.46522,1.27221e+16,4.9319e+16,43.5294,2.9359,5.18047,4.41117e+19,9.44689e+20,sim02466.iv
sim02467,40.0337,3.96132,5.8778,8.4661e+20,1.8956e+19,238.661,3.78872,5.50976,1.6451e+16,2.77571e+16,33.8402,3.13836,5.17919,1.45383e+19,5.31014e+20,sim02467.iv
sim02468,23.6506,3.93428,5.90657,8.68946e+20,3.37344e+19,223.424,3.65153,5.46631,7.36927e+16,6.37167e+16,48.4047,2.85821,5.18773,1.8806e+19,6.71734e+20,sim02468.iv
sim02469,21.0374,3.85931,5.83994,6.08626e+20,3.28882e+19,319.31,3.74899,5.56583,7.58202e+16,9.78855e+16,20.5542,3.19516,5.08197,2.91122e+19,7.88675e+20,sim02469.iv
sim02470,20.2557,3.83634,5.88919,8.84759e+20,4.48035e+19,230.683,3.6526,5.52147,4.24885e+16,3.68122e+16,31.4996,3.08064,5.03972,1.24762e+19,5.01728e+20,sim02470.iv
sim02471,35.8001,3.85,5.91233,9.40496e+20,2.17463e+19,235.7,3.60032,5.59627,5.65144e+16,8.21885e+16,45.743,3.19809,5.17193,2.17624e+19,7.82183e+20,sim02471.iv
sim02472,48.8821,3.92668,5.95381,9.53331e+20,3.45461e+19,306.945,3.71765,5.46773,3.23916e+16,6.70181e+16,49.4337,3.16645,5.04197,4.37103e+19,5.10554e+20,sim02472.iv
sim02473,37.6835,3.98607,5.99187,8.01529e+20,3.52326e+19,264.587,3.74473,5.44914,1.30484e+16,8.51773e+16,21.8109,3.06588,5.08739,1.17303e+19,5.79908e+20,sim02473.iv
sim02474,23.0216,3.84288,5.92706,7.85311e+20,2.73174e+19,328.027,3.75062,5.53654,6.38978e+16,7.26499e+16,26.7978,2.90393,5.05962,3.96425e+19,7.16137e+20,sim02474.iv
sim02475,48.7851,3.80804,5.87663,5.77363e+20,4.26528e+19,277.145,3.724,5.51959,1.7116e+16,8.05364e+16,44.6593,3.04298,5.05619,3.89637e+19,8.50333e+20,sim02475.iv
sim02476,47.3762,3.82347,5.98196,9.43536e+20,2.19011e+19,310.268,3.65274,5.44702,6.77381e+16,1.4503e+16,22.8943,3.06406,5.19037,1.13616e+19,5.11459e+20,sim02476.iv
sim02477,22.2432,3.80033,5.98566,7.37021e+20,3.76845e+19,268.294,3.79945,5.49599,9.45339e+16,6.84649e+16,48.4321,2.99806,5.17578,2.33555e+19,8.30599e+20,sim02477.iv
sim02478,38.5155,3.89737,5.9003,5.85061e+20,4.62411e+19,273.589,3.63029,5.54087,7.54445e+16,1.40605e+16,29.9846,3.0337,5.16432,2.24242e+19,6.49827e+20,sim02478.iv
sim02479,42.097,3.84384,5.9792,8.95208e+20,4.57222e+19,259.524,3.63315,5.51701,2.70972e+16,3.39502e+16,32.017,2.98509,5.06448,2.13888e+19,6.23363e+20,sim02479.iv
sim02480,40.7041,3.86118,5.93888,8.71442e+20,3.85692e+19,338.021,3.7909,5.42937,3.88528e+16,8.089e+16,43.4541,2.82838,5.19241,4.42482e+19,9.49602e+20,sim02480.iv
sim02481,26.1315,3.90018,5.88811,6.80149e+20,1.90942e+19,229.545,3.7741,5.50609,6.40744e+16,3.35441e+16,48.0516,3.17455,5.13429,2.28221e+19,6.16422e+20,sim02481.iv
sim02482,37.8581,3.96658,5.9934,5.34095e+20,2.33679e+19,264.761,3.67381,5.53356,5.92486e+16,9.02237e+16,26.6765,2.95973,5.10823,4.26719e+19,9.1162e+20,sim02482.iv
sim02483,45.7812,3.90383,5.84832,8.63128e+20,4.81869e+19,249.942,3.63968,5.4045,6.99821e+16,5.90514e+16,24.0414,2.87981,5.13244,2.74407e+19,6.16615e+20,sim02483.iv
sim02484,38.1747,3.81053,5.80324,6.30439e+20,2.15808e+19,224.612,3.62297,5.43356,7.52148e+16,8.25549e+16,25.4481,3.06271,5.04673,4.52023e+19,6.34464e+20,sim02484.iv
sim02485,23.8931,3.88783,5.83084,5.99183e+20,2.35625e+19,302.501,3.62337,5.45682,8.72528e+16,3.46392e+16,25.0534,3.01345,5.00666,4.2158e+19,6.11231e+20,sim02485.iv
sim02486,23.9857,3.96164,5.96855,8.67366e+20,1.93839e+19,283.778,3.79381,5.49555,9.54676e+16,7.08732e+16,45.3499,2.87696,5.18535,4.41338e+19,8.92525e+20,sim02486.iv
sim02487,48.2367,3.95778,5.91535,8.24345e+20,4.28358e+19,314.882,3.71836,5.51962,8.92254e+16,1.0892e+16,41.5386,3.02626,5.16766,1.82175e+19,7.62672e+20,sim02487.iv
sim02488,23.8293,3.93187,5.95275,8.11766e+20,3.21909e+19,258.073,3.72796,5.5799,7.49276e+16,1.20658e+16,35.2616,3.09457,5.10083,3.3654e+19,9.55792e+20,sim02488.iv
sim02489,46.2185,3.81626,5.90211,8.11158e+20,4.40813e+19,247.17,3.62797,5.51943,5.20851e+16,3.31935e+16,48.2878,2.92702,5.01106,1.2352e+19,6.00541e+20,sim02489.iv
sim02490,23.5021,3.87894,5.81609,7.80583e+20,2.63356e+19,293.71,3.79785,5.59838,4.75326e+16,4.30349e+16,40.4466,2.94707,5.15566,3.40658e+19,5.99744e+20,sim02490.iv
sim02491,32.445,3.97273,5.91067,8.54959e+20,3.8394e+19,277.502,3.6591,5.51927,2.01752e+16,6.37634e+16,23.0822,3.16072,5.14877,1.72484e+19,8.9233e+20,sim02491.iv
sim02492,41.7756,3.94569,5.86706,7.6137e+20,3.3431e+19,262.777,3.71208,5.4488,8.87396e+16,9.64303e+16,29.802,2.93696,5.04324,4.45912e+19,5.81681e+20,sim02492.iv
sim02493,43.9658,3.96647,5.86324,8.88396e+20,2.81189e+19,258.783,3.77868,5.49071,1.49707e+16,6.71069e+16,39.7401,3.05386,5.07206,3.71446e+19,6.45547e+20,sim02493.iv
sim02494,33.9309,3.84334,5.92265,9.0525e+20,1.39067e+19,213.782,3.75223,5.46458,3.91443e+16,6.08266e+16,34.6021,2.84862,5.15209,1.70509e+19,9.13014e+20,sim02494.iv
sim02495,42.9304,3.83345,5.95164,8.3047e+20,4.92728e+19,309.656,3.67804,5.52401,6.95685e+16,7.71085e+16,34.0588,3.13108,5.05739,4.85336e+19,6.55215e+20,sim02495.iv
sim02496,21.1264,3.84003,5.98549,8.95026e+20,2.75748e+19,336.722,3.64933,5.44671,2.16062e+16,4.98189e+16,35.4238,2.85806,5.02292,2.56181e+19,6.16309e+20,sim02496.iv
sim02497,37.2279,3.90487,5.8325,5.06639e+20,3.57916e+19,318.204,3.69765,5.5151,9.6554e+16,7.90933e+16,30.0143,3.14012,5.1097,3.08774e+19,8.45936e+20,sim02497.iv
sim02498,32.8845,3.97615,5.83346,7.10957e+20,1.25945e+19,308.755,3.65406,5.48508,8.97726e+16,2.67657e+16,20.0675,3.03125,5.08751,1.21984e+19,6.48123e+20,sim02498.iv
sim02499,27.1732,3.85212,5.95793,6.52375e+20,2.95851e+19,247.173,3.79011,5.55484,4.80954e+16,7.54285e+16,29.4448,2.83289,5.0861,3.25834e+19,6.74677e+20,sim02499.iv
sim02500,32.0462,3.94289,5.97909,9.47053e+20,3.30277e+19,298.129,3.70656,5.47425,7.64344e+16,2.00121e+16,46.8204,2.91349,5.04376,2.09598e+19,9.05858e+20,sim02500.iv
sim02501,28.0668,3.92191,5.86863,8.28202e+20,3.36651e+19,349.687,3.66219,5.46996,2.78891e+16,5.17517e+16,45.1208,2.8844,5.19228,1.05263e+19,9.02574e+20,sim02501.iv
sim02502,40.7488,3.98105,5.90436,8.40482e+20,1.1977e+19,265.21,3.75414,5.4218,8.04158e+16,3.77446e+16,30.5897,3.05895,5.01563,3.4985e+19,9.56862e+20,sim02502.iv
sim02503,22.8129,3.8506,5.80274,7.58995e+20,3.92384e+19,339.696,3.67361,5.42975,1.26176e+16,3.92506e+16,35.3668,3.16031,5.04329,4.1252e+19,7.4046e+20,sim02503.iv
sim02504,46.0261,3.97261,5.97154,7.00673e+20,2.38484e+19,239.02,3.64569,5.52325,9.65747e+16,6.45363e+16,32.3695,2.89697,5.13039,1.84378e+19,5.46688e+20,sim02504.iv
sim02505,22.8062,3.97009,5.87645,9.7017e+20,2.98697e+19,306.811,3.76539,5.5749,2.46295e+16,2.95006e+16,24.5028,2.97822,5.03101,3.60346e+19,6.81413e+20,sim02505.iv
sim02506,48.9221,3.96332,5.94486,8.44356e+20,1.15842e+19,221.716,3.68642,5.58294,1.84625e+16,4.78126e+16,43.8174,2.92792,5.18588,4.7388e+19,5.28487e+20,sim02506.iv
sim02507,38.4921,3.82911,5.8882,9.48902e+20,1.29347e+19,341.23,3.79889,5.53405,4.20644e+16,3.25911e+16,32.9782,2.87193,5.00401,1.25095e+19,8.31783e+20,sim02507.iv
sim02508,20.6227,3.86029,5.93528,5.87389e+20,2.32911e+19,214.402,3.62248,5.44519,2.13559e+16,5.24854e+16,23.8084,2.92207,5.14471,3.61541e+19,6.915e+20,sim02508.iv
sim02509,47.9326,3.95744,5.92144,7.18389e+20,1.24014e+19,267.799,3.70905,5.5982,9.56446e+16,2.0099e+16,49.378,3.10185,5.13639,4.61424e+19,6.62528e+20,sim02509.iv
sim02510,31.9791,3.97419,5.8208,8.5458e+20,4.23929e+19,333.909,3.64383,5.53585,1.77146e+16,8.74866e+16,34.454,3.04967,5.17028,3.02409e+19,7.54329e+20,sim02510.iv
sim02511,33.9397,3.92014,5.94346,9.02584e+20,1.11921e+19,258.731,3.68651,5.41974,7.76459e+16,5.70588e+16,20.0565,3.05255,5.0678,3.90742e+19,5.89848e+20,sim02511.iv
sim02512,20.0363,3.81736,5.88808,8.74005e+20,3.41566e+19,212.095,3.71832,5.49643,8.16891e+16,3.30999e+16,41.5679,3.05271,5.1246,2.62222e+19,5.06424e+20,sim02512.iv
sim02513,25.6293,3.96885,5.92337,7.8907e+20,3.10276e+19,220.77,3.66953,5.52383,2.12995e+16,9.28895e+16,22.1794,3.07191,5.06025,4.4547e+19,9.13419e+20,sim02513.iv
sim02514,29.9963,3.89242,5.99182,8.03951e+20,1.02401e+19,318.814,3.67226,5.45517,8.48927e+16,9.70774e+16,21.8612,2.95614,5.05594,4.59102e+19,9.33847e+20,sim02514.iv
sim02515,47.0335,3.80853,5.81002,7.757e+20,1.66761e+19,225.772,3.65207,5.54188,7.04489e+16,8.06673e+16,21.8826,3.10657,5.09812,2.25198e+19,8.05142e+20,sim02515.iv
sim02516,43.9859,3.82077,5.96146,7.8472e+20,3.48022e+19,333.053,3.742,5.5167,4.0242e+16,5.59279e+16,45.097,3.19824,5.15123,4.16065e+19,8.49709e+20,sim02516.iv
sim02517,43.0085,3.84864,5.88477,7.77998e+20,3.19786e+19,293.617,3.79471,5.57105,8.4505e+16,8.47333e+16,43.8,3.07168,5.05131,4.42307e+19,6.39865e+20,sim02517.iv
sim02518,41.7467,3.8222,5.90946,6.594e+20,3.81783e+19,329.74,3.60311,5.42286,9.32965e+16,3.15344e+16,41.9237,3.12502,5.14811,1.12843e+19,8.67712e+20,sim02518.iv
sim02519,48.8471,3.87376,5.94205,6.38235e+20,4.98982e+19,239.168,3.66111,5.43358,9.5966e+16,6.14284e+16,27.4095,2.8538,5.17496,1.25064e+19,8.21632e+20,sim02519.iv
sim02520,38.3039,3.95436,5.93637,9.18238e+20,1.15213e+19,270.241,3.61619,5.48104,6.04743e+16,6.34397e+16,47.743,3.16869,5.06196,3.79627e+19,8.56354e+20,sim02520.iv
sim02521,48.7146,3.81679,5.92343,7.03632e+20,2.38931e+19,296.449,3.65591,5.40717,8.00013e+16,1.78118e+16,29.8459,3.03797,5.12475,3.66506e+19,9.97252e+20,sim02521.iv
sim02522,32.0416,3.8275,5.82759,7.55124e+20,2.53496e+19,337.843,3.70219,5.49039,8.76121e+16,8.16498e+16,41.4164,3.01094,5.04693,3.2699e+19,5.57883e+20,sim02522.iv
sim02523,36.1044,3.97029,5.903,5.34238e+20,1.12527e+19,330.468,3.64486,5.50514,7.9911e+16,3.2789e+16,42.1234,2.83012,5.14972,1.25596e+19,6.3857e+20,sim02523.iv
sim02524,27.7011,3.97828,5.9069,9.21538e+20,3.32912e+19,322.967,3.71027,5.48998,6.92179e+16,3.57804e+16,47.5621,3.16325,5.01455,4.66715e+19,5.90932e+20,sim02524.iv
sim02525,40.4382,3.96462,5.84825,5.56328e+20,4.02471e+19,271.94,3.69734,5.55237,3.28416e+16,1.87437e+16,48.7322,3.07986,5.13043,2.33177e+19,9.97853e+20,sim02525.iv
sim02526,26.6763,3.83562,5.86366,8.69477e+20,1.94804e+19,253.787,3.70593,5.52999,2.34295e+16,6.89175e+16,31.4317,2.93846,5.0158,4.89585e+19,8.4656e+20,sim02526.iv
sim02527,22.9964,3.87325,5.81601,7.70766e+20,3.80059e+19,217.917,3.78443,5.47483,3.11314e+16,2.1687e+16,24.3688,3.13992,5.09601,4.1938e+19,6.13539e+20,sim02527.iv
sim02528,29.5386,3.88252,5.8909,5.4884e+20,1.18001e+19,349.425,3.73331,5.41095,7.95309e+16,4.25003e+16,43.8938,3.17992,5.00531,4.85717e+19,5.8288e+20,sim02528.iv
sim02529,28.917,3.92539,5.94319,5.85116e+20,1.5473e+19,250.116,3.66512,5.46364,2.54181e+16,9.73727e+16,43.9422,3.19201,5.02073,1.30231e+19,7.67987e+20,sim02529.iv
sim02530,38.434,3.92703,5.81865,9.21898e+20,2.95885e+19,261.539,3.70089,5.40809,2.93569e+16,9.98641e+16,36.5768,2.83142,5.05857,1.7391e+19,9.6235e+20,sim02530.iv
sim02531,44.1863,3.90938,5.99036,6.86435e+20,4.45987e+19,275.456,3.76973,5.58014,5.16668e+16,2.60201e+16,25.7712,2.91555,5.04459,2.55301e+19,7.53341e+20,sim02531.iv
sim02532,22.6134,3.98193,5.80049,5.69145e+20,1.03364e+19,348.114,3.68213,5.43921,2.06804e+16,4.33371e+16,49.277,3.01949,5.07084,2.45816e+19,5.58668e+20,sim02532.iv
sim02533,35.5102,3.88484,5.94577,5.95974e+20,1.54935e+19,291.404,3.7484,5.4995,8.1103e+16,8.56978e+16,47.4989,2.95127,5.18087,3.83622e+19,8.12456e+20,sim02533.iv
sim02534,36.6132,3.80394,5.91207,8.89496e+20,4.95347e+19,270.636,3.79803,5.43422,9.6238e+16,6.3069e+16,39.8771,3.02947,5.19657,1.17719e+19,7.05232e+20,sim02534.iv
sim02535,46.257,3.83342,5.91392,7.61789e+20,4.22972e+19,338.555,3.65177,5.53863,5.92919e+16,6.96508e+16,26.0113,2.90907,5.10997,1.01178e+19,8.58213e+20,sim02535.iv
sim02536,24.847,3.98626,5.97212,8.11676e+20,4.56423e+19,348.214,3.75499,5.52533,5.04354e+16,8.32206e+16,41.1331,2.98906,5.10001,1.91574e+19,8.94295e+20,sim02536.iv
sim02537,46.3499,3.8033,5.82238,9.95618e+20,1.71243e+19,313.114,3.69617,5.50427,1.9754e+16,2.24063e+16,37.3373,2.95105,5.15949,4.88791e+19,9.06158e+20,sim02537.iv
sim02538,32.1775,3.89644,5.83134,8.47846e+20,2.78943e+19,330.034,3.73041,5.43411,4.69885e+16,7.09254e+16,45.7377,2.94032,5.1339,1.69437e+19,9.52356e+20,sim02538.iv
sim02539,37.2551,3.95372,5.87937,9.70271e+20,3.88043e+19,231.512,3.71004,5.45435,8.50024e+16,8.04542e+16,34.8364,2.92077,5.17054,4.40194e+19,7.52618e+20,sim02539.iv
sim02540,41.5177,3.8571,5.86977,9.72028e+20,3.94511e+19,220.097,3.69155,5.47915,3.0789e+16,9.95448e+16,24.0737,2.92571,5.16974,1.5291e+19,6.88069e+20,sim02540.iv
sim02541,39.0258,3.86738,5.88176,7.75057e+20,4.81075e+19,331.927,3.62239,5.51389,6.87967e+16,3.93186e+16,27.9259,3.03909,5.083,4.62026e+19,5.81777e+20,sim02541.iv
sim02542,21.2325,3.97992,5.97922,7.08385e+20,4.01556e+19,328.4,3.65098,5.53089,7.63435e+16,4.21743e+16,48.3798,3.18686,5.09735,1.304e+19,9.59484e+20,sim02542.iv
sim02543,35.6892,3.82777,5.94642,8.43577e+20,1.55943e+19,248.48,3.77285,5.59392,4.64727e+16,2.21128e+16,30.5594,3.00305,5.06008,3.4452e+19,5.03962e+20,sim02543.iv
sim02544,44.4943,3.96893,5.9567,6.51717e+20,3.52949e+19,261.13,3.67785,5.54182,8.59187e+16,8.47892e+16,26.9326,3.06321,5.05341,3.51376e+19,6.83602e+20,sim02544.iv
sim02545,43.6988,3.98749,5.858,9.34407e+20,3.96e+19,289.243,3.70499,5.46386,2.82957e+16,1.75048e+16,41.3735,2.88898,5.09908,4.55926e+19,8.35553e+20,sim02545.iv
sim02546,25.077,3.94689,5.84297,8.89955e+20,1.31085e+19,229.839,3.78684,5.45606,2.35572e+16,2.93417e+16,30.833,3.13505,5.0305,1.063e+19,9.32496e+20,sim02546.iv
sim02547,28.9898,3.81538,5.80555,9.49789e+20,3.09256e+19,295.47,3.72321,5.50444,7.92335e+16,9.15477e+16,39.2323,3.13755,5.00192,2.92075e+19,8.02024e+20,sim02547.iv
sim02548,26.0369,3.83206,5.82725,6.4241e+20,4.29364e+19,213.871,3.72049,5.41363,6.33877e+16,3.26987e+16,24.7203,2.98633,5.04622,2.51307e+19,8.16525e+20,sim02548.iv
sim02549,48.0869,3.92356,5.90141,7.785e+20,2.88837e+19,288.793,3.71404,5.49844,8.09535e+16,4.51671e+16,23.2564,3.05722,5.15922,4.12007e+19,6.26066e+20,sim02549.iv
sim02550,39.4106,3.99972,5.82091,7.61378e+20,2.22155e+19,320.771,3.66495,5.54672,2.44409e+16,1.60271e+16,23.1231,2.90412,5.1699,1.60174e+19,5.16695e+20,sim02550.iv
sim02551,45.6038,3.87498,5.91775,5.41899e+20,4.62938e+19,280.622,3.61791,5.52676,4.29009e+16,4.18066e+16,32.2466,3.00325,5.12387,1.58565e+19,8.77183e+20,sim02551.iv
sim02552,20.8143,3.93983,5.83666,7.23412e+20,3.2462e+19,300.633,3.75821,5.50324,8.92114e+16,9.59546e+16,49.2814,2.92782,5.00643,3.86319e+19,6.25949e+20,sim02552.iv
sim02553,43.0306,3.801,5.95544,5.35072e+20,4.51739e+19,301.184,3.63234,5.50156,5.54681e+16,8.91135e+16,35.9701,3.02019,5.0638,3.91402e+19,5.25149e+20,sim02553.iv
sim02554,49.0386,3.92125,5.96913,8.90533e+20,1.87261e+19,250.471,3.6556,5.4451,1.14317e+16,8.44256e+16,36.1356,3.03647,5.09834,1.49745e+19,7.18051e+20,sim02554.iv
sim02555,28.809,3.97841,5.94024,5.81329e+20,3.80767e+19,286.771,3.61634,5.41391,2.32694e+16,8.29448e+16,44.8985,3.04327,5.00313,2.26849e+19,7.00454e+20,sim02555.iv
sim02556,28.5316,3.91623,5.81244,5.09985e+20,3.35147e+19,247.034,3.73731,5.55552,6.49951e+16,9.90726e+16,39.2878,3.1091,5.1282,4.22177e+19,6.95301e+20,sim02556.iv
sim02557,33.0307,3.86704,5.9153,6.87321e+20,4.95145e+19,294.421,3.66714,5.50163,8.02552e+16,8.25506e+16,39.113,2.80093,5.17372,4.63921e+19,9.35825e+20,sim02557.iv
sim02558,40.1335,3.80542,5.99016,5.33904e+20,1.59794e+19,297.906,3.69236,5.55095,6.6983e+16,1.03771e+16,39.2844,3.14329,5.17043,1.62963e+19,6.73681e+20,sim02558.iv
sim02559,23.5859,3.9503,5.92551,7.42217e+20,2.19904e+19,320.194,3.75829,5.49824,2.11979e+16,5.18823e+16,46.882,3.03363,5.1508,2.17867e+19,6.71582e+20,sim02559.iv
sim02560,23.5136,3.86856,5.83392,7.6949e+20,2.57522e+19,327.005,3.67655,5.44247,1.75811e+16,3.27314e+16,40.9209,3.05049,5.12399,4.43268e+19,6.26405e+20,sim02560.iv
sim02561,34.1238,3.83364,5.84376,6.85459e+20,3.82832e+19,326.719,3.66144,5.47955,8.98895e+16,8.02216e+16,40.7101,2.96286,5.06821,3.89372e+19,5.46663e+20,sim02561.iv
sim02562,36.304,3.81216,5.92467,7.84206e+20,1.23917e+19,268.781,3.63849,5.55962,9.21954e+16,3.8321e+16,20.8796,3.15906,5.1689,4.18739e+19,6.78189e+20,sim02562.iv
sim02563,22.3912,3.99497,5.89868,6.78306e+20,4.10884e+19,303.898,3.60837,5.59168,6.00457e+16,2.69415e+16,20.4791,3.0209,5.11881,1.3985e+19,7.72464e+20,sim02563.iv
sim02564,32.9517,3.88753,5.99505,6.47943e+20,4.53664e+19,258.233,3.6359,5.43045,9.46574e+16,1.20963e+16,26.5748,2.93619,5.13136,2.5032e+19,5.10207e+20,sim02564.iv
sim02565,35.5088,3.97689,5.97731,9.95798e+20,2.36957e+19,227.145,3.61391,5.57342,7.73392e+16,6.64816e+16,34.9028,2.98294,5.09879,2.45538e+19,7.37339e+20,sim02565.iv
sim02566,26.3099,3.82355,5.84226,9.85482e+20,4.96275e+19,315.212,3.76744,5.42071,2.10724e+16,1.83389e+16,21.8959,3.09894,5.01128,4.79616e+19,8.27019e+20,sim02566.iv
sim02567,25.1263,3.9635,5.96474,7.81944e+20,1.36394e+19,266.109,3.70971,5.54876,3.68653e+16,8.85841e+16,27.5221,3.19928,5.02301,4.3318e+19,5.66108e+20,sim02567.iv
sim02568,42.7794,3.97246,5.86258,5.50667e+20,4.99964e+19,345.947,3.75136,5.4773,2.20961e+16,4.76245e+16,41.6103,2.86095,5.00336,4.61614e+19,8.49995e+20,sim02568.iv
sim02569,40.8152,3.98944,5.90414,6.59038e+20,4.6377e+19,348.014,3.60409,5.46613,4.26165e+16,2.00105e+16,26.6472,2.80978,5.13928,1.42762e+19,9.43814e+20,sim02569.iv
sim02570,37.5193,3.87123,5.96178,8.25335e+20,4.01209e+19,332.889,3.76153,5.55583,7.56859e+16,4.3974e+16,39.5549,3.02628,5.19269,3.00374e+19,6.10909e+20,sim02570.iv
sim02571,33.7319,3.88293,5.8937,7.90515e+20,4.79209e+19,249.351,3.79383,5.55592,2.64629e+16,3.52397e+16,47.2798,3.12054,5.02867,3.33827e+19,6.38497e+20,sim02571.iv
sim02572,38.8925,3.83472,5.87038,6.94264e+20,3.15084e+19,243.504,3.74555,5.56185,6.75991e+16,9.12773e+16,43.7149,2.81761,5.01694,3.63987e+19,8.60938e+20,sim02572.iv
sim02573,49.0371,3.80067,5.84739,9.15875e+20,4.56613e+19,275.021,3.69675,5.57072,5.13972e+16,8.08685e+16,48.4619,2.90474,5.05488,4.75441e+19,7.1215e+20,sim02573.iv
sim02574,20.4718,3.9005,5.92335,6.22369e+20,3.90964e+19,242.612,3.62393,5.44987,5.80519e+16,8.70209e+16,35.88,3.13959,5.01284,2.49035e+19,7.17589e+20,sim02574.iv
sim02575,44.0518,3.92213,5.95701,6.69278e+20,4.73613e+19,323.912,3.7831,5.45256,1.05912e+16,6.53933e+16,34.7774,3.11158,5.0195,3.38179e+19,5.99449e+20,sim02575.iv
sim02576,35.438,3.83166,5.98247,5.91639e+20,3.30031e+19,210.785,3.63129,5.49987,1.36865e+16,5.88504e+16,25.53,3.09062,5.17366,4.03418e+19,5.31695e+20,sim02576.iv
sim02577,34.8904,3.82224,5.88181,9.19774e+20,1.16464e+19,245.231,3.76531,5.48119,3.1182e+16,9.54469e+16,24.6719,3.11544,5.03562,4.85221e+19,8.93036e+20,sim02577.iv
sim02578,28.2929,3.99672,5.82289,9.29798e+20,3.79772e+19,234.344,3.70927,5.40238,6.15815e+16,6.23983e+16,32.2558,3.12977,5.18615,3.13505e+19,8.36977e+20,sim02578.iv
sim02579,24.3757,3.99962,5.97158,9.74514e+20,4.11226e+19,255.208,3.64434,5.50221,1.74339e+16,5.96637e+16,31.0976,3.09117,5.12514,1.98608e+19,8.66721e+20,sim02579.iv
sim02580,29.3334,3.84972,5.88371,5.78927e+20,2.30064e+19,246.379,3.60435,5.46018,5.2015e+16,8.46765e+16,25.4143,2.93096,5.00587,1.30043e+19,6.78057e+20,sim02580.iv
sim02581,34.9979,3.94965,5.95264,9.56989e+20,4.63118e+19,224.21,3.62241,5.49936,6.30526e+16,6.38101e+16,34.5883,3.19248,5.10179,4.74124e+19,9.94096e+20,sim02581.iv
sim02582,33.3207,3.82675,5.86518,6.7927e+20,4.55331e+19,344.638,3.63393,5.40401,8.47597e+16,6.02782e+16,42.5352,2.93267,5.0317,2.05864e+19,5.2424e+20,sim02582.iv
sim02583,31.5754,3.81985,5.89275,8.99612e+20,1.19052e+19,335.54,3.62463,5.5312,3.16482e+16,8.60426e+16,20.3106,2.96855,5.19238,1.45158e+19,8.80322e+20,sim02583.iv
sim02584,41.7985,3.86383,5.81209,9.16548e+20,4.61951e+19,227.896,3.76957,5.56664,6.19321e+16,8.05179e+16,21.1844,2.99847,5.1934,4.10086e+19,6.34067e+20,sim02584.iv
sim02585,38.7059,3.84251,5.84443,5.94673e+20,1.75993e+19,279.901,3.66196,5.55559,9.04701e+16,5.38832e+16,25.7394,3.1992,5.00941,3.19858e+19,6.09825e+20,sim02585.iv
sim02586,48.1297,3.86499,5.99161,9.86401e+20,4.7719e+19,320.981,3.74824,5.59055,3.01303e+16,8.28912e+16,23.4046,2.94475,5.08037,4.98131e+19,6.60488e+20,sim02586.iv
sim02587,36.642,3.9267,5.93557,5.60075e+20,3.23651e+19,298.861,3.78067,5.59146,3.11524e+16,2.89467e+16,40.5124,2.99579,5.14871,4.39389e+19,5.05342e+20,sim02587.iv
sim02588,46.3619,3.85309,5.99388,7.15131e+20,4.40979e+19,237.991,3.70503,5.41266,7.61359e+16,9.4789e+16,45.2937,3.07214,5.02379,4.93584e+19,6.71981e+20,sim02588.iv
sim02589,38.9832,3.8546,5.96546,6.8921e+20,2.56271e+19,210.627,3.71507,5.45015,9.29665e+16,8.04835e+16,48.5622,2.9559,5.13235,2.80721e+19,9.54669e+20,sim02589.iv
sim02590,29.7278,3.86571,5.87319,7.48895e+20,4.55088e+19,239.045,3.73026,5.46119,1.74395e+16,9.58291e+16,43.5734,3.18081,5.08005,4.02792e+19,8.25572e+20,sim02590.iv
sim02591,38.5705,3.80805,5.81435,5.97631e+20,3.99862e+19,321.768,3.72944,5.43841,7.99856e+16,2.02122e+16,46.8207,2.95391,5.14542,1.67798e+19,6.57141e+20,sim02591.iv
sim02592,34.8582,3.89927,5.81944,7.74159e+20,1.30047e+19,339.315,3.68435,5.48782,6.19294e+16,8.03507e+16,22.086,3.08119,5.18211,2.75679e+19,5.06633e+20,sim02592.iv
sim02593,27.4211,3.98821,5.8236,5.06807e+20,4.74344e+19,330.824,3.69208,5.40108,6.25393e+16,8.35086e+16,28.5821,2.86909,5.18093,4.07171e+19,7.24041e+20,sim02593.iv
sim02594,47.1504,3.92163,5.98882,5.51581e+20,2.74566e+19,305.09,3.68158,5.46995,7.25881e+16,6.45119e+16,28.4762,2.9776,5.14138,3.50762e+19,7.26513e+20,sim02594.iv
sim02595,27.8001,3.82292,5.96804,9.10157e+20,3.45321e+19,289.988,3.62727,5.48935,5.35479e+16,5.15273e+16,27.2627,2.84952,5.18628,3.22538e+19,9.31285e+20,sim02595.iv
sim02596,40.1596,3.96406,5.8432,5.53017e+20,3.45548e+19,286.909,3.61929,5.52226,2.63709e+16,1.9735e+16,49.5569,3.02229,5.06595,1.39222e+19,9.58361e+20,sim02596.iv
sim02597,48.2774,3.85139,5.88701,8.22774e+20,1.44463e+19,285.174,3.64373,5.44505,6.42756e+16,3.79067e+16,36.5106,2.90492,5.09754,4.72893e+19,7.42363e+20,sim02597.iv
sim02598,35.0405,3.89857,5.97131,8.4087e+20,1.1225e+19,226.514,3.71558,5.55204,2.05306e+16,5.52506e+16,39.2749,2.96032,5.1387,2.37051e+19,8.11509e+20,sim02598.iv
sim02599,42.9713,3.99116,5.92778,6.7579e+20,3.88496e+19,322.627,3.68293,5.47251,2.37221e+16,7.0921e+16,33.3461,2.85316,5.11229,4.95952e+19,5.25665e+20,sim02599.iv
sim02600,35.4656,3.98717,5.99183,6.70861e+20,1.68642e+19,268.902,3.66371,5.49652,6.36364e+16,7.91416e+16,39.0247,3.15682,5.14714,3.07459e+19,5.5965e+20,sim02600.iv
sim02601,44.1126,3.94283,5.86723,6.15979e+20,3.63232e+19,221.792,3.75745,5.44538,6.34128e+16,3.73206e+16,34.3172,3.12025,5.05741,1.13236e+19,5.38696e+20,sim02601.iv
sim02602,22.2343,3.8918,5.81666,7.06335e+20,3.79142e+19,333.182,3.64429,5.57533,9.80276e+16,6.63137e+16,42.1166,2.99321,5.01497,4.83976e+19,9.72633e+20,sim02602.iv
sim02603,29.6833,3.83915,5.8131,7.48909e+20,4.69908e+19,215.732,3.72231,5.56711,4.41732e+16,6.50779e+16,33.3144,2.82616,5.10089,1.35623e+19,8.42485e+20,sim02603.iv
sim02604,29.3029,3.9605,5.91741,9.67515e+20,3.95097e+19,311.479,3.66092,5.48838,7.71012e+16,7.49808e+16,40.7687,2.80318,5.00346,1.26987e+19,5.15792e+20,sim02604.iv
sim02605,43.1855,3.90938,5.90098,5.428e+20,4.09849e+19,222.998,3.64436,5.56378,7.23319e+16,1.83352e+16,22.2168,2.9626,5.12068,1.98704e+19,7.92587e+20,sim02605.iv
sim02606,30.7821,3.91773,5.9451,9.21581e+20,1.78339e+19,221.917,3.62368,5.43308,3.91919e+16,1.25772e+16,44.9762,3.13962,5.14263,2.42593e+19,8.53374e+20,sim02606.iv
sim02607,37.2382,3.93247,5.81758,9.37358e+20,2.39472e+19,247.692,3.67816,5.44946,9.94752e+16,6.81593e+16,46.8923,3.18041,5.11625,4.20207e+19,9.52645e+20,sim02607.iv
sim02608,24.5003,3.85383,5.88032,8.11421e+20,4.07319e+19,258.301,3.76854,5.53087,4.3482e+16,7.12642e+16,45.561,2.93438,5.0774,3.76734e+19,7.14911e+20,sim02608.iv
sim02609,25.33,3.97083,5.84031,6.23171e+20,4.47126e+19,299.874,3.68632,5.47636,2.64913e+16,1.61125e+16,47.2827,2.81789,5.01234,4.00841e+19,9.46872e+20,sim02609.iv
sim02610,41.2914,3.84842,5.85413,9.80689e+20,3.80033e+19,325.893,3.68927,5.5553,9.82694e+16,4.21048e+16,29.6157,2.81718,5.1474,1.96268e+19,6.26956e+20,sim02610.iv
sim02611,38.9602,3.94777,5.8815,9.72271e+20,1.64685e+19,283.829,3.72347,5.52348,6.91166e+16,6.70495e+16,43.7511,3.12563,5.19549,4.75879e+19,7.59964e+20,sim02611.iv
sim02612,41.1784,3.88049,5.93013,5.03722e+20,2.47037e+19,338.035,3.735,5.40346,5.70418e+16,4.293e+16,44.2633,2.84594,5.12081,3.84828e+19,7.97727e+20,sim02612.iv
sim02613,28.2331,3.95864,5.95872,6.80465e+20,2.06669e+19,302.945,3.67356,5.46907,5.05503e+16,5.12282e+16,44.8887,3.18113,5.14269,1.35294e+19,6.68892e+20,sim02613.iv
sim02614,25.6884,3.93265,5.91963,9.91227e+20,2.79079e+19,224.764,3.71968,5.47339,2.60186e+16,4.3389e+16,27.1455,2.87889,5.09673,4.24004e+19,9.42832e+20,sim02614.iv
sim02615,27.8095,3.88968,5.96858,9.94339e+20,4.39973e+19,279.165,3.77403,5.54133,2.02164e+16,1.75727e+16,48.0879,3.16978,5.09167,3.6473e+19,6.52396e+20,sim02615.iv
sim02616,41.042,3.88924,5.8697,7.20302e+20,2.82222e+19,341.986,3.777,5.43889,3.50621e+16,3.69437e+16,20.3471,3.01217,5.09654,1.49841e+19,9.95119e+20,sim02616.iv
sim02617,42.8386,3.83662,5.94107,6.70317e+20,3.53139e+19,275.869,3.62777,5.49202,9.65518e+16,7.73317e+16,38.7975,3.13741,5.16574,4.55282e+19,5.5443e+20,sim02617.iv
sim02618,23.8835,3.95978,5.99907,7.81272e+20,4.85706e+19,302.794,3.61706,5.58525,8.55291e+16,5.82263e+16,42.3172,2.94062,5.12316,2.65296e+19,7.63567e+20,sim02618.iv
sim02619,39.0966,3.81077,5.8192,5.41206e+20,3.37972e+19,267.807,3.70001,5.50006,1.36424e+16,8.16453e+16,41.0206,3.07516,5.00685,3.60687e+19,7.50229e+20,sim02619.iv
sim02620,42.817,3.81937,5.94934,9.80844e+20,4.40395e+19,335.184,3.61516,5.50593,3.21996e+16,5.90432e+16,41.1975,3.09873,5.19832,4.83051e+19,6.23577e+20,sim02620.iv
sim02621,47.4685,3.9768,5.94469,6.28829e+20,1.753e+19,270.985,3.60781,5.45678,1.66046e+16,5.72057e+16,38.4964,2.84452,5.17479,1.3872e+19,6.98105e+20,sim02621.iv
sim02622,35.0294,3.91642,5.86382,8.56542e+20,2.36544e+19,245.377,3.69064,5.42269,9.69542e+16,5.95088e+16,24.3216,3.11843,5.14408,2.72203e+19,9.91851e+20,sim02622.iv
sim02623,35.0185,3.84255,5.95825,9.64371e+20,2.04949e+19,210.941,3.72186,5.54656,3.34769e+16,9.6729e+16,25.0291,3.12046,5.17526,1.68354e+19,7.50672e+20,sim02623.iv
sim02624,20.8414,3.92838,5.9093,8.89136e+20,3.00511e+19,259.544,3.62733,5.41021,5.75949e+16,9.26996e+16,42.9801,2.95725,5.19675,1.736e+19,9.98814e+20,sim02624.iv
sim02625,26.9041,3.83364,5.97167,7.34427e+20,4.56743e+19,314.726,3.63135,5.42438,5.0209e+16,6.0539e+16,32.6964,2.8848,5.04351,3.03964e+19,5.0715e+20,sim02625.iv
sim02626,33.1684,3.80665,5.97463,8.10056e+20,1.64075e+19,317.599,3.69852,5.50214,3.30515e+16,4.54381e+16,46.3446,2.85888,5.12474,1.8676e+19,7.22402e+20,sim02626.iv
sim02627,35.9906,3.82436,5.8157,7.4203e+20,2.63737e+19,338.939,3.7396,5.57936,9.35474e+16,1.17159e+16,46.3958,3.18339,5.09053,3.54395e+19,6.72989e+20,sim02627.iv
sim02628,22.9597,3.85252,5.81611,7.43395e+20,3.61435e+19,210.732,3.64577,5.41475,9.69168e+16,8.228e+16,20.9297,3.1256,5.16545,4.22096e+19,9.3921e+20,sim02628.iv
sim02629,34.0528,3.84788,5.97409,9.17323e+20,2.09884e+19,291.301,3.71139,5.49751,6.47751e+16,1.75573e+16,33.6393,2.91195,5.00047,3.0767e+19,6.82352e+20,sim02629.iv
sim02630,32.9371,3.82227,5.90112,6.35063e+20,1.00233e+19,319.202,3.72557,5.50558,6.59851e+16,3.913e+16,23.6911,2.94277,5.15778,3.43306e+19,8.95621e+20,sim02630.iv
sim02631,47.0684,3.84993,5.98289,8.313e+20,3.24311e+19,280.449,3.69374,5.41478,1.49176e+16,3.97878e+16,26.1067,2.83464,5.00489,4.91355e+19,6.06047e+20,sim02631.iv
sim02632,49.5407,3.9089,5.83837,5.72651e+20,1.80322e+19,260.929,3.641,5.5656,4.30329e+16,5.74251e+16,35.0369,3.06381,5.19948,2.77425e+19,6.61325e+20,sim02632.iv
sim02633,49.2223,3.99952,5.95619,8.98835e+20,2.6293e+19,285.446,3.67036,5.52377,8.43166e+16,4.36659e+16,36.0558,3.10999,5.04177,3.44147e+19,8.87879e+20,sim02633.iv
sim02634,21.5644,3.85074,5.80505,5.03206e+20,2.91047e+19,308.094,3.67661,5.52422,2.72338e+16,8.52782e+16,30.8777,3.08288,5.02599,4.27243e+19,7.5903e+20,sim02634.iv
sim02635,49.108,3.88107,5.9746,7.0605e+20,1.43157e+19,306.269,3.63659,5.55997,4.01378e+16,7.80782e+16,34.4432,3.0148,5.14693,3.66022e+19,8.32108e+20,sim02635.iv
sim02636,39.7684,3.91705,5.96144,6.5001e+20,1.72626e+19,312.922,3.70797,5.58012,9.68577e+16,8.80421e+16,36.4268,3.10165,5.06687,1.05905e+19,8.90235e+20,sim02636.iv
sim02637,43.4449,3.80161,5.97272,9.40719e+20,2.28258e+19,212.414,3.7752,5.4141,3.08984e+16,5.88317e+16,44.496,3.11273,5.13624,4.3147e+19,8.42716e+20,sim02637.iv
sim02638,39.1307,3.83354,5.88798,7.25691e+20,1.07399e+19,266.773,3.64542,5.41793,5.91689e+16,3.13311e+16,25.7113,3.11472,5.16202,3.64343e+19,5.94834e+20,sim02638.iv
sim02639,38.9808,3.94266,5.84666,5.66472e+20,2.73411e+19,269.403,3.63066,5.43834,5.49655e+16,5.7468e+16,36.1358,3.19281,5.00792,4.14516e+19,6.75904e+20,sim02639.iv
sim02640,42.5872,3.94709,5.92397,8.15577e+20,3.65439e+19,314.664,3.62632,5.47217,8.57808e+16,5.93096e+16,24.1081,3.18466,5.19757,3.05071e+19,7.66597e+20,sim02640.iv
sim02641,28.7607,3.90323,5.99376,6.27284e+20,2.21847e+19,335.65,3.67688,5.59451,4.1463e+16,1.04169e+16,48.6118,2.8948,5.13882,1.18953e+19,8.74126e+20,sim02641.iv
sim02642,26.6021,3.96005,5.99332,5.22613e+20,2.47197e+19,310.209,3.79929,5.47261,9.95482e+16,9.09267e+16,41.5794,2.95276,5.10738,3.88139e+19,8.42864e+20,sim02642.iv
sim02643,28.652,3.91144,5.967,7.37538e+20,3.26497e+19,255.855,3.63202,5.4132,4.6545e+16,6.68593e+16,42.8004,2.83362,5.0637,4.23162e+19,5.56128e+20,sim02643.iv
sim02644,49.7984,3.92654,5.988,8.65141e+20,4.85551e+19,303.147,3.65362,5.56005,3.03463e+16,6.08505e+16,31.1912,3.11964,5.1519,4.45558e+19,6.23474e+20,sim02644.iv
sim02645,49.9267,3.96107,5.87734,5.63832e+20,2.3977e+19,224.866,3.72307,5.42258,4.87461e+16,7.00811e+16,33.5921,3.15266,5.0482,3.09557e+19,9.5659e+20,sim02645.iv
sim02646,30.596,3.89454,5.98657,7.49657e+20,4.45696e+19,341.664,3.65122,5.55717,6.88379e+16,9.88047e+16,37.5671,3.11711,5.06914,3.42557e+19,8.8929e+20,sim02646.iv
sim02647,49.0074,3.85037,5.81578,9.88152e+20,3.41057e+19,212.415,3.704,5.58721,9.85982e+16,3.9314e+16,43.4573,2.98348,5.0796,4.03277e+19,6.34984e+20,sim02647.iv
sim02648,32.7913,3.84931,5.82853,6.89649e+20,4.83691e+19,268.643,3.73664,5.45701,8.78821e+16,6.6241e+16,48.5136,2.93038,5.10761,1.76418e+19,5.67942e+20,sim02648.iv
sim02649,37.5608,3.96068,5.83996,8.51458e+20,3.68622e+19,277.557,3.75338,5.51878,9.5185e+16,7.87335e+16,46.5978,2.94455,5.1622,4.9681e+19,5.81732e+20,sim02649.iv
sim02650,35.3354,3.97247,5.87933,7.54117e+20,3.99051e+19,325.458,3.63991,5.47822,4.55055e+16,2.37542e+16,22.7345,3.09788,5.1704,4.80767e+19,9.78147e+20,sim02650.iv
sim02651,49.8405,3.8166,5.87936,5.41078e+20,3.71156e+19,346.135,3.60734,5.50527,5.79937e+16,2.46947e+16,45.0041,2.95789,5.08409,4.84783e+19,6.23692e+20,sim02651.iv
sim02652,31.564,3.95403,5.896,8.0171e+20,2.91125e+19,249.666,3.63255,5.57003,3.47691e+16,9.97631e+16,20.3019,3.15278,5.18947,1.23482e+19,8.13787e+20,sim02652.iv
sim02653,43.4804,3.92307,5.97602,5.6624e+20,4.79503e+19,287.071,3.66887,5.50504,4.05384e+16,5.09899e+16,24.6938,3.13786,5.07792,2.86805e+19,9.54788e+20,sim02653.iv
sim02654,47.2101,3.95762,5.806,9.53188e+20,1.75494e+19,271.361,3.7806,5.41901,2.19793e+16,6.18452e+16,34.0315,2.95587,5.16193,4.57872e+19,9.95714e+20,sim02654.iv
sim02655,23.6888,3.93525,5.97427,6.20259e+20,2.92014e+19,211.004,3.62692,5.42511,7.36806e+16,6.60024e+16,21.1609,3.03828,5.01363,1.8088e+19,9.50681e+20,sim02655.iv
sim02656,33.4179,3.95627,5.86286,5.55387e+20,4.55277e+19,232.936,3.66993,5.54025,6.32623e+16,9.35191e+16,49.6301,2.85865,5.04532,3.55665e+19,5.73366e+20,sim02656.iv
sim02657,36.2666,3.87457,5.97763,9.59047e+20,2.03532e+19,223.394,3.79822,5.42998,2.56091e+16,3.26956e+16,30.2256,2.85911,5.06445,1.0881e+19,9.00492e+20,sim02657.iv
sim02658,27.9066,3.96356,5.92938,7.40273e+20,4.88917e+19,264.134,3.63568,5.51549,2.26135e+16,3.49134e+16,47.2322,3.15686,5.09315,2.91308e+19,7.83392e+20,sim02658.iv
sim02659,22.5254,3.85063,5.916,6.60583e+20,1.85356e+19,300.631,3.71329,5.46541,9.43652e+16,7.99921e+16,37.8842,2.88379,5.12962,3.75095e+19,7.90633e+20,sim02659.iv
sim02660,39.1388,3.83245,5.867,9.45372e+20,1.54845e+19,292.557,3.77953,5.40283,9.70409e+16,8.95008e+16,41.452,3.08365,5.17354,1.68397e+19,8.49967e+20,sim02660.iv
sim02661,30.3033,3.97513,5.90667,8.82908e+20,1.6681e+19,243.886,3.76763,5.47905,5.75042e+16,7.52983e+16,25.0906,2.92101,5.06513,4.66671e+19,5.68794e+20,sim02661.iv
sim02662,31.1395,3.99186,5.96697,8.35232e+20,3.19573e+19,327.422,3.78928,5.58481,6.75212e+16,7.5509e+16,43.2592,3.12374,5.14661,1.7198e+19,8.7979e+20,sim02662.iv
sim02663,31.7113,3.83996,5.82051,6.20157e+20,3.031e+19,244.563,3.73318,5.59288,1.39642e+16,2.17588e+16,27.4184,3.12174,5.05425,1.76611e+19,5.76433e+20,sim02663.iv
sim02664,24.4975,3.94396,5.94162,6.55566e+20,2.79777e+19,297.947,3.79501,5.54863,8.22726e+16,9.79956e+16,31.4329,2.82764,5.14938,1.48439e+19,7.19298e+20,sim02664.iv
sim02665,42.1512,3.91167,5.87343,7.57176e+20,1.9809e+19,220.379,3.6825,5.41166,9.81691e+16,5.02873e+16,46.471,3.18072,5.08987,2.68143e+19,9.46713e+20,sim02665.iv
sim02666,21.0405,3.89744,5.85372,8.76379e+20,4.34689e+19,296.8,3.68139,5.511,6.16728e+16,6.71621e+16,47.6658,2.89965,5.04031,1.7609e+19,8.48626e+20,sim02666.iv
sim02667,47.1467,3.86536,5.88413,9.84094e+20,1.58112e+19,333.138,3.79186,5.5599,4.02765e+16,6.88223e+16,28.7426,2.84833,5.02147,1.03737e+19,9.89178e+20,sim02667.iv
sim02668,39.6524,3.86425,5.91582,8.09537e+20,1.73172e+19,250.442,3.70946,5.56796,2.1663e+16,8.72502e+16,38.2696,2.99586,5.02879,3.19962e+19,6.76816e+20,sim02668.iv
sim02669,25.669,3.97599,5.89211,5.39878e+20,2.20855e+19,235.411,3.78785,5.44861,5.55757e+16,7.7097e+16,24.7553,2.975,5.13066,4.52781e+19,8.27052e+20,sim02669.iv
sim02670,22.4025,3.86431,5.87019,6.94137e+20,4.76647e+19,214.998,3.66043,5.49849,1.77756e+16,5.35184e+16,23.2139,3.13511,5.05402,3.09204e+19,8.09159e+20,sim02670.iv
sim02671,29.1718,3.87026,5.9021,9.02717e+20,2.81077e+19,278.725,3.71917,5.48504,7.53471e+16,1.04417e+16,34.4906,3.16921,5.12318,2.9456e+19,8.86012e+20,sim02671.iv
sim02672,31.79,3.89345,5.83903,5.62102e+20,1.10209e+19,312.411,3.69364,5.58787,2.59134e+16,3.19585e+16,39.1618,2.82184,5.10068,1.49433e+19,5.80699e+20,sim02672.iv
sim02673,35.363,3.91381,5.84241,6.35619e+20,2.13643e+19,229.853,3.79314,5.53844,1.99758e+16,4.21444e+16,25.1781,2.89375,5.1879,1.54701e+19,9.39906e+20,sim02673.iv
sim02674,45.2551,3.94873,5.89934,6.29184e+20,4.32392e+19,326.77,3.70506,5.40952,2.73665e+16,1.50475e+16,25.3951,3.00337,5.17083,3.61295e+19,8.00451e+20,sim02674.iv
sim02675,42.4386,3.92798,5.88869,9.07682e+20,2.24074e+19,339.936,3.62324,5.52754,5.50465e+16,4.83185e+16,32.8915,2.81688,5.1503,2.40939e+19,7.38318e+20,sim02675.iv
sim02676,45.4278,3.91542,5.97029,5.6854e+20,2.12727e+19,241.911,3.77727,5.55631,8.50691e+16,6.11815e+16,26.6225,2.9508,5.11006,1.07591e+19,8.19821e+20,sim02676.iv
sim02677,45.6461,3.86513,5.93596,7.41782e+20,1.01591e+19,249.759,3.70557,5.54498,4.6183e+16,2.67621e+16,21.8315,3.08588,5.07301,3.58842e+19,6.10876e+20,sim02677.iv
sim02678,42.6406,3.86888,5.81047,7.55117e+20,3.92579e+19,340.55,3.79417,5.49128,6.50686e+16,6.01499e+16,36.0062,2.84582,5.13417,4.86108e+19,5.63401e+20,sim02678.iv
sim02679,29.3556,3.81541,5.88056,7.40836e+20,2.43207e+19,276.722,3.76059,5.44278,7.82175e+16,8.13959e+16,37.434,2.92613,5.1873,2.45561e+19,5.24961e+20,sim02679.iv
sim02680,24.0826,3.97832,5.83,7.23697e+20,3.76789e+19,290.31,3.73067,5.46976,6.96013e+16,1.08177e+16,27.8975,2.84944,5.09105,1.58329e+19,7.73686e+20,sim02680.iv
sim02681,25.42,3.88285,5.81484,7.1999e+20,4.23193e+19,254.366,3.74126,5.4852,3.10791e+16,3.73131e+16,29.0773,3.09695,5.04019,4.91109e+19,8.43742e+20,sim02681.iv
sim02682,32.0346,3.9996,5.84323,8.81456e+20,2.08375e+19,286.099,3.61088,5.56929,4.29537e+16,6.26038e+16,47.8185,2.8121,5.1936,3.10072e+19,8.90373e+20,sim02682.iv
sim02683,34.1913,3.96318,5.97611,6.90837e+20,3.89053e+19,349.807,3.75143,5.59138,7.62956e+16,3.96898e+16,44.8146,3.06654,5.00661,1.68974e+19,6.30637e+20,sim02683.iv
sim02684,42.3069,3.95943,5.96538,5.33607e+20,1.28863e+19,251.922,3.73625,5.56844,8.82438e+16,2.86764e+16,43.0225,3.05631,5.18535,4.09144e+19,7.64311e+20,sim02684.iv
sim02685,43.4958,3.86166,5.95723,8.90584e+20,4.42083e+19,243.935,3.7698,5.43381,7.9471e+16,9.36926e+16,21.0739,3.05041,5.13192,4.26057e+19,5.51412e+20,sim02685.iv
sim02686,47.2829,3.99876,5.93442,7.14966e+20,3.54006e+19,217.659,3.75061,5.41399,3.90332e+16,2.25459e+16,41.7812,3.03777,5.13984,1.25826e+19,6.85203e+20,sim02686.iv
sim02687,32.1851,3.92048,5.82047,8.23618e+20,2.57879e+19,336.829,3.68996,5.42041,1.93062e+16,3.28866e+16,27.1943,3.11867,5.14448,1.30669e+19,9.25717e+20,sim02687.iv
sim02688,22.8839,3.95713,5.82232,6.88179e+20,4.00372e+19,245.509,3.62267,5.55744,7.21878e+16,9.02141e+16,39.2466,2.82958,5.12773,4.29003e+19,5.41839e+20,sim02688.iv
sim02689,24.0708,3.93551,5.95827,6.76576e+20,3.94105e+19,233.432,3.6888,5.54959,2.79088e+16,4.14007e+16,38.872,2.9384,5.17483,4.8269e+19,8.21145e+20,sim02689.iv
sim02690,43.472,3.98134,5.94037,8.86657e+20,1.32088e+19,325.327,3.65491,5.41416,6.30524e+16,3.04108e+16,22.3954,3.04382,5.01971,4.54891e+19,9.84636e+20,sim02690.iv
sim02691,42.1458,3.85753,5.91251,5.15693e+20,3.4856e+19,246.938,3.691,5.43577,9.87896e+16,2.86682e+16,32.5081,2.90184,5.10832,4.62137e+19,5.81694e+20,sim02691.iv
sim02692,24.2244,3.81481,5.91787,8.01038e+20,4.28556e+19,327.035,3.62039,5.58211,8.46445e+16,6.82522e+16,30.4118,3.09823,5.12413,2.41219e+19,5.06628e+20,sim02692.iv
sim02693,37.7738,3.9153,5.83092,9.53163e+20,1.63711e+19,250.193,3.6744,5.53659,1.73476e+16,7.32137e+16,32.4343,2.87318,5.02242,2.64934e+19,7.22991e+20,sim02693.iv
sim02694,24.119,3.89649,5.90049,9.90505e+20,3.85322e+19,211.704,3.69537,5.40432,5.60092e+16,4.04143e+16,47.1052,2.99732,5.16998,3.33549e+19,6.98257e+20,sim02694.iv
sim02695,26.8912,3.83663,5.95891,9.41493e+20,2.29634e+19,279.246,3.6575,5.49106,8.82542e+16,2.24177e+16,28.7446,3.07811,5.06213,1.32462e+19,6.87203e+20,sim02695.iv
sim02696,40.2918,3.9968,5.97843,7.80939e+20,4.10933e+19,289.994,3.69878,5.43413,3.62953e+16,5.06896e+16,49.5681,3.04342,5.18898,2.03473e+19,5.34486e+20,sim02696.iv
sim02697,49.3513,3.86592,5.90706,5.35571e+20,4.44157e+19,210.095,3.7812,5.43307,2.6513e+16,8.4322e+16,31.5869,2.90241,5.11929,2.01765e+19,6.43274e+20,sim02697.iv
sim02698,21.3665,3.90788,5.82588,9.18561e+20,4.00408e+19,249.964,3.70676,5.51548,6.99807e+16,4.77029e+16,39.576,2.86776,5.0942,1.37603e+19,9.70535e+20,sim02698.iv
sim02699,32.0423,3.92349,5.89796,5.13409e+20,1.25085e+19,247.038,3.73499,5.52829,2.6915e+16,5.39752e+16,31.0118,3.02742,5.06694,4.58479e+19,7.36209e+20,sim02699.iv
sim02700,32.7973,3.94067,5.95614,7.18776e+20,1.43584e+19,221.912,3.66537,5.54652,6.88275e+16,3.58962e+16,20.1318,3.05707,5.11288,4.08996e+19,8.43083e+20,sim02700.iv
sim02701,27.407,3.94658,5.89728,7.87388e+20,2.42797e+19,320.683,3.63922,5.44091,3.13683e+16,8.10597e+16,41.8431,2.90784,5.02878,1.11276e+19,8.41912e+20,sim02701.iv
sim02702,36.1662,3.94046,5.94165,9.22388e+20,2.66387e+19,325.818,3.68715,5.54156,5.96028e+16,9.29282e+16,31.1039,3.07593,5.11962,4.99473e+19,5.38631e+20,sim02702.iv
sim02703,37.9433,3.84649,5.97684,8.9725e+20,3.64736e+19,277.249,3.73626,5.51087,3.58569e+16,8.3748e+16,35.3773,2.90285,5.13287,1.07457e+19,8.60045e+20,sim02703.iv
sim02704,34.11,3.92686,5.83144,8.59126e+20,3.8931e+19,313.823,3.69344,5.5281,5.9433e+16,3.09772e+16,20.6907,2.96543,5.16298,2.28895e+19,8.74501e+20,sim02704.iv
sim02705,39.19,3.87065,5.80012,7.15503e+20,2.5714e+19,229.424,3.76375,5.5911,2.09119e+16,3.07847e+16,38.9749,3.18034,5.1868,4.72538e+19,7.20072e+20,sim02705.iv
sim02706,49.5771,3.87293,5.81734,8.5222e+20,3.22474e+19,321.923,3.72422,5.56413,4.09502e+16,3.59143e+16,42.7174,2.99909,5.03588,2.50008e+19,9.00329e+20,sim02706.iv
sim02707,47.7177,3.95206,5.94363,9.05824e+20,1.80212e+19,291.141,3.71884,5.58919,1.13774e+16,9.73471e+16,41.7822,2.80898,5.10376,1.27914e+19,8.01697e+20,sim02707.iv
sim02708,33.5482,3.95449,5.91589,8.9319e+20,2.47514e+19,329.964,3.77326,5.53109,3.37346e+16,9.92288e+16,44.532,3.14066,5.00231,4.30458e+19,6.0888e+20,sim02708.iv
sim02709,35.2477,3.94086,5.88206,6.21812e+20,3.00073e+19,251.967,3.72306,5.42194,4.67486e+16,6.32442e+16,49.7156,2.99818,5.08518,4.95685e+19,9.62692e+20,sim02709.iv
sim02710,40.189,3.90895,5.85418,8.11926e+20,4.33589e+19,347.422,3.63419,5.45481,8.95983e+16,8.74869e+16,41.4998,2.84149,5.14125,2.87624e+19,6.85626e+20,sim02710.iv
sim02711,27.5206,3.8636,5.90716,5.80975e+20,3.03722e+19,216.748,3.68213,5.59201,7.65078e+16,1.61742e+16,40.6351,2.87845,5.09483,2.17667e+19,9.67081e+20,sim02711.iv
sim02712,21.6332,3.97619,5.94028,6.81395e+20,4.51857e+19,266.882,3.73967,5.55757,3.57752e+16,1.6503e+16,46.0438,2.89251,5.18636,2.26016e+19,7.07448e+20,sim02712.iv
sim02713,32.9093,3.89358,5.99255,6.22543e+20,3.4331e+19,251.178,3.62619,5.45775,5.97164e+16,6.46291e+16,27.9116,3.19493,5.07255,4.32815e+19,5.17517e+20,sim02713.iv
sim02714,40.8565,3.86069,5.90738,9.18302e+20,3.89938e+19,260.349,3.7465,5.4828,1.57138e+16,6.99026e+16,48.1045,2.83346,5.13753,4.35894e+19,7.98316e+20,sim02714.iv
sim02715,34.5621,3.84744,5.83877,6.98148e+20,3.56515e+19,254.054,3.69768,5.52,2.88982e+16,7.67256e+16,38.8595,3.03673,5.09562,2.45922e+19,7.74407e+20,sim02715.iv
sim02716,42.9719,3.9412,5.94754,6.04709e+20,4.11874e+19,256.958,3.64662,5.42431,8.47295e+16,6.60878e+16,45.2392,3.02457,5.17206,3.22628e+19,8.22922e+20,sim02716.iv
sim02717,21.6908,3.93393,5.91954,6.21038e+20,1.45094e+19,258.606,3.61204,5.52017,5.91349e+16,9.26034e+16,35.5268,3.09189,5.1328,3.79866e+19,6.56826e+20,sim02717.iv
sim02718,32.4605,3.82395,5.93009,6.51219e+20,3.19517e+19,339.013,3.73658,5.45353,5.63182e+16,6.41959e+16,45.5046,3.1175,5.06305,4.67857e+19,5.73694e+20,sim02718.iv
sim02719,28.2826,3.80677,5.86225,7.07024e+20,1.96523e+19,211.766,3.6021,5.58479,7.61326e+16,7.28556e+16,43.572,3.07768,5.01229,4.70292e+19,7.14405e+20,sim02719.iv
sim02720,33.6028,3.97731,5.8409,6.5641e+20,4.42005e+19,282.753,3.68403,5.59091,8.99846e+16,8.98651e+16,26.3661,3.13756,5.13134,3.76611e+19,5.23915e+20,sim02720.iv
sim02721,36.672,3.84371,5.98542,7.80816e+20,3.46956e+19,244.06,3.68428,5.50588,8.30836e+16,6.50428e+16,23.3911,2.98031,5.0591,3.15566e+19,7.34918e+20,sim02721.iv
sim02722,20.6698,3.8415,5.93202,7.72165e+20,1.21313e+19,293.673,3.70065,5.43004,1.01763e+16,4.01875e+16,43.3908,2.85321,5.18889,3.16981e+19,8.79197e+20,sim02722.iv
sim02723,49.3056,3.85253,5.91657,6.70329e+20,1.33818e+19,321.09,3.60242,5.57377,8.15097e+16,6.74561e+16,37.7342,3.13826,5.01114,3.94556e+19,5.9021e+20,sim02723.iv
sim02724,20.6106,3.86246,5.86543,5.96309e+20,3.84335e+19,288.248,3.78401,5.55234,8.43517e+16,9.12254e+16,44.1908,2.84725,5.0371,2.60725e+19,6.66034e+20,sim02724.iv
sim02725,46.5628,3.90484,5.97519,6.93581e+20,4.62603e+19,220.042,3.68911,5.58023,5.04663e+16,7.59423e+16,30.8263,3.13168,5.12628,4.24743e+19,7.68244e+20,sim02725.iv
sim02726,39.1284,3.90573,5.91346,8.44583e+20,1.48339e+19,317.601,3.67104,5.40252,6.79307e+16,6.52276e+16,41.7746,3.19933,5.09229,4.89329e+19,7.88891e+20,sim02726.iv
sim02727,30.7363,3.93556,5.83929,9.83146e+20,2.76423e+19,211.488,3.73107,5.42407,1.80024e+16,1.21199e+16,46.489,2.81347,5.10744,2.95775e+19,9.55519e+20,sim02727.iv
sim02728,47.3343,3.98418,5.88,7.36751e+20,4.30267e+19,226.822,3.62288,5.58435,1.2649e+16,4.44586e+16,25.8484,2.83359,5.19477,1.66381e+19,7.15987e+20,sim02728.iv
sim02729,27.6852,3.89823,5.95338,8.29858e+20,3.287e+19,281.495,3.62637,5.4805,9.14739e+16,8.38471e+16,21.9422,3.13618,5.16561,4.20784e+19,9.07406e+20,sim02729.iv
sim02730,49.491,3.81104,5.87676,9.84219e+20,3.21068e+19,305.522,3.67237,5.44238,9.80583e+16,4.25487e+16,36.826,2.89753,5.19339,2.03366e+19,9.56973e+20,sim02730.iv
sim02731,28.7543,3.98939,5.87347,9.3603e+20,3.3993e+19,225.935,3.65912,5.55218,7.00784e+16,4.20488e+16,25.8604,3.13153,5.12448,3.72786e+19,7.39533e+20,sim02731.iv
sim02732,30.5102,3.87645,5.80622,9.71882e+20,2.46619e+19,277.616,3.67143,5.47104,7.17053e+16,7.0332e+16,44.3068,2.82872,5.17481,4.82673e+19,9.94553e+20,sim02732.iv
sim02733,23.8638,3.89734,5.98781,8.79468e+20,1.24081e+19,331.843,3.76771,5.55603,4.70653e+16,6.69065e+16,41.4777,2.95866,5.1568,2.09315e+19,5.91817e+20,sim02733.iv
sim02734,45.767,3.86786,5.81135,9.16349e+20,4.19606e+19,322.335,3.66818,5.52065,1.12524e+16,1.02057e+16,27.778,3.01012,5.12006,1.5336e+19,9.33832e+20,sim02734.iv
sim02735,48.7866,3.82384,5.96477,8.07119e+20,3.00959e+19,278.469,3.74997,5.44178,6.48063e+16,3.35218e+16,22.5549,3.02115,5.05372,3.97062e+19,8.25206e+20,sim02735.iv
sim02736,26.7297,3.97231,5.8694,8.54527e+20,2.06929e+19,237.524,3.77205,5.58373,4.16846e+16,3.83473e+16,41.077,2.89095,5.17284,1.03406e+19,5.71062e+20,sim02736.iv
sim02737,23.6211,3.86356,5.97323,8.20005e+20,1.42989e+19,221.048,3.65769,5.52397,6.34383e+16,2.02801e+16,42.824,3.05291,5.19661,3.21038e+19,6.63662e+20,sim02737.iv
sim02738,23.5805,3.98382,5.80753,6.74364e+20,3.12296e+19,289.771,3.71646,5.54342,2.1549e+16,7.47412e+16,46.6855,2.81218,5.00716,4.96552e+19,6.55971e+20,sim02738.iv
sim02739,33.6519,3.86201,5.9113,8.55741e+20,4.0398e+19,259.754,3.65212,5.50933,4.4583e+16,6.599e+16,38.3466,3.15778,5.00077,1.40739e+19,8.93374e+20,sim02739.iv
sim02740,37.5068,3.8125,5.98851,8.25202e+20,2.94398e+19,319.142,3.7192,5.47466,3.66971e+16,5.08087e+16,34.2574,3.08481,5.0946,1.07337e+19,8.42325e+20,sim02740.iv
sim02741,22.0882,3.96927,5.94166,7.9892e+20,2.81664e+19,234.095,3.731,5.4219,6.44091e+16,2.65005e+16,37.9061,2.86046,5.0189,2.88348e+19,8.54877e+20,sim02741.iv
sim02742,27.1536,3.89954,5.95978,7.74718e+20,3.38852e+19,240.822,3.6249,5.42981,9.75524e+16,1.77956e+16,24.5452,2.88228,5.15759,2.59181e+19,8.95448e+20,sim02742.iv
sim02743,32.5678,3.95895,5.97909,7.23648e+20,4.94547e+19,340.608,3.60307,5.51283,6.9141e+16,8.58848e+16,40.2008,3.0753,5.05793,4.28217e+19,5.31644e+20,sim02743.iv
sim02744,39.7219,3.8404,5.95312,8.95121e+20,1.69914e+19,321.097,3.7675,5.41061,4.87006e+16,2.73426e+16,23.7922,3.12142,5.05864,3.57599e+19,5.01841e+20,sim02744.iv
sim02745,22.3836,3.92205,5.87405,9.39853e+20,1.32896e+19,297.326,3.74058,5.52224,7.12638e+16,3.24397e+16,43.0153,3.02186,5.15761,1.48706e+19,5.63515e+20,sim02745.iv
sim02746,31.8656,3.87797,5.82569,5.40602e+20,1.3231e+19,217.333,3.60663,5.56155,9.41485e+16,4.83108e+16,25.6022,2.93135,5.1637,4.71701e+19,6.19343e+20,sim02746.iv
sim02747,20.9183,3.86172,5.87707,5.01504e+20,3.7257e+19,227.43,3.61637,5.54383,7.93704e+16,2.65625e+16,43.0547,2.919,5.06162,1.48973e+19,6.13257e+20,sim02747.iv
sim02748,21.1631,3.93439,5.97027,5.24172e+20,2.02163e+19,258.469,3.67851,5.56484,1.38589e+16,6.52702e+16,35.968,3.13539,5.06117,1.40728e+19,5.65289e+20,sim02748.iv
sim02749,38.9173,3.90915,5.91846,5.68546e+20,1.16996e+19,289.309,3.61621,5.58593,8.22986e+16,2.61958e+16,37.9353,2.85281,5.18723,3.35781e+19,6.58878e+20,sim02749.iv
sim02750,40.412,3.80051,5.85757,6.17085e+20,2.38471e+19,221.943,3.7936,5.49358,8.70767e+16,1.53562e+16,45.3447,3.06121,5.13575,4.22537e+19,7.63037e+20,sim02750.iv
sim02751,39.0203,3.97996,5.82502,5.27833e+20,4.93077e+19,333.41,3.7028,5.55615,8.93729e+16,5.20171e+16,22.9388,2.99226,5.07027,1.09257e+19,9.79524e+20,sim02751.iv
sim02752,41.4735,3.95716,5.91935,6.34585e+20,3.33881e+19,305.238,3.71947,5.42543,8.32197e+16,3.67797e+16,31.902,3.02029,5.19553,2.2501e+19,5.20938e+20,sim02752.iv
sim02753,49.1737,3.9915,5.83966,9.14522e+20,4.67847e+19,211.819,3.75095,5.43598,8.44463e+16,1.18852e+16,40.7372,3.12671,5.00713,4.02825e+19,5.59382e+20,sim02753.iv
sim02754,22.3726,3.98413,5.98461,8.7057e+20,4.56082e+19,212.339,3.70234,5.57433,9.03498e+16,4.30324e+16,29.7383,3.07999,5.01203,4.12208e+19,6.24841e+20,sim02754.iv
sim02755,35.6472,3.83851,5.94687,9.78235e+20,3.16333e+19,343.1,3.68041,5.45728,8.54749e+16,1.34139e+16,28.4353,3.0762,5.03778,4.56181e+19,7.41089e+20,sim02755.iv
sim02756,27.3771,3.87425,5.85675,8.5046e+20,1.43962e+19,329.514,3.62976,5.45649,6.64034e+16,4.18786e+16,35.3016,3.02764,5.0518,3.13841e+19,9.69682e+20,sim02756.iv
sim02757,20.0743,3.91925,5.86404,9.31028e+20,1.38637e+19,218.487,3.68098,5.53475,1.05807e+16,8.3011e+16,30.0954,3.1681,5.18115,4.05524e+19,8.68503e+20,sim02757.iv
sim02758,38.0244,3.9589,5.83562,9.08554e+20,3.26083e+19,319.477,3.69876,5.52619,4.07437e+16,4.8197e+16,30.9432,3.09624,5.04011,4.72208e+19,9.14642e+20,sim02758.iv
sim02759,45.852,3.9828,5.8872,9.45957e+20,2.77642e+19,224.225,3.60992,5.41272,2.69206e+16,4.23825e+16,49.3776,2.89648,5.1826,4.24173e+19,9.30561e+20,sim02759.iv
sim02760,43.5429,3.99462,5.82396,7.39489e+20,2.37134e+19,249.793,3.68936,5.49619,9.87352e+16,3.38214e+16,47.3504,2.86679,5.13301,2.22166e+19,9.8019e+20,sim02760.iv
sim02761,39.0384,3.81284,5.98471,6.46909e+20,4.70959e+19,211.888,3.64374,5.45568,7.19187e+16,8.18156e+16,38.9027,2.82481,5.08673,2.97594e+19,6.79361e+20,sim02761.iv
sim02762,32.5864,3.89652,5.9108,8.15475e+20,1.84049e+19,336.236,3.76558,5.55732,8.25269e+16,5.72912e+16,48.5917,2.94638,5.084,4.26511e+19,9.34502e+20,sim02762.iv
sim02763,33.4696,3.9696,5.92665,6.9401e+20,4.62199e+19,280.445,3.76983,5.56248,1.86969e+16,8.84013e+16,24.8727,3.12554,5.15111,3.9487e+19,9.60438e+20,sim02763.iv
sim02764,38.0168,3.86772,5.91864,8.48064e+20,2.45848e+19,245.601,3.69794,5.57966,6.67418e+16,9.0753e+16,34.2535,3.1788,5.15831,2.41833e+19,7.2411e+20,sim02764.iv
sim02765,49.9331,3.99074,5.88205,9.1678e+20,4.63892e+19,245.245,3.70352,5.55142,1.69175e+16,8.25116e+16,26.3314,2.99159,5.07504,3.96068e+19,6.16582e+20,sim02765.iv
sim02766,33.9907,3.85312,5.81096,9.21756e+20,1.89808e+19,242.538,3.60935,5.50054,3.42068e+16,6.08951e+16,41.7059,2.81837,5.0401,2.56357e+19,9.39882e+20,sim02766.iv
sim02767,23.2918,3.94877,5.99072,5.38833e+20,2.33204e+19,317.74,3.78704,5.44935,6.77692e+16,7.58407e+16,32.1207,3.06781,5.10983,4.74871e+19,7.69361e+20,sim02767.iv
sim02768,35.4984,3.93386,5.83046,7.65479e+20,1.20275e+19,297.783,3.70693,5.56788,8.17933e+16,4.89291e+16,39.7698,2.92133,5.07757,1.3121e+19,5.50352e+20,sim02768.iv
sim02769,44.5624,3.99439,5.89784,5.63982e+20,1.35335e+19,216.357,3.77576,5.48844,8.92332e+16,4.26545e+16,37.6418,3.06954,5.01001,3.72638e+19,8.99858e+20,sim02769.iv
sim02770,20.6624,3.81176,5.90442,9.85691e+20,4.89298e+19,225.341,3.75218,5.55866,8.8926e+16,1.39166e+16,49.173,3.12868,5.12154,1.26731e+19,6.20079e+20,sim02770.iv
sim02771,30.3989,3.97148,5.95222,9.7036e+20,2.69015e+19,338.352,3.77914,5.4037,3.15329e+16,8.19895e+16,39.9528,2.88916,5.15629,2.26622e+19,8.01072e+20,sim02771.iv
sim02772,48.0397,3.84792,5.81107,8.30069e+20,3.91369e+19,253.761,3.69368,5.50022,8.34352e+16,7.23771e+16,28.1895,2.9092,5.06499,1.58381e+19,5.67139e+20,sim02772.iv
sim02773,44.5223,3.96634,5.85202,9.25198e+20,3.28294e+19,309.702,3.77609,5.46167,6.96003e+16,3.7768e+16,47.0874,2.91983,5.12507,1.76411e+19,6.8489e+20,sim02773.iv
sim02774,30.542,3.95006,5.85732,6.63704e+20,1.03766e+19,254.217,3.65443,5.50892,4.61602e+16,9.82424e+16,36.384,2.8291,5.1619,1.21306e+19,9.18615e+20,sim02774.iv
sim02775,32.1641,3.81234,5.99547,7.47713e+20,4.41925e+19,268.878,3.69232,5.47247,4.3203e+16,8.1411e+16,20.9235,2.99595,5.05311,3.22688e+19,6.07606e+20,sim02775.iv
sim02776,30.4625,3.90665,5.94836,9.72984e+20,1.97252e+19,277.608,3.66973,5.52121,4.29832e+16,1.87272e+16,38.4319,2.81423,5.00861,4.53688e+19,9.3514e+20,sim02776.iv
sim02777,36.8814,3.8036,5.86862,6.73134e+20,3.88356e+19,323.667,3.67085,5.48435,3.02194e+16,7.55127e+16,30.4746,3.08219,5.14138,1.62485e+19,9.42739e+20,sim02777.iv
sim02778,44.7357,3.9166,5.81726,5.83627e+20,1.36871e+19,274.906,3.6531,5.56616,4.92361e+16,5.06888e+16,47.6578,3.03111,5.07747,4.93383e+19,7.31218e+20,sim02778.iv
sim02779,37.3904,3.8764,5.93384,8.87904e+20,3.51457e+19,244.779,3.78846,5.50234,8.43421e+16,1.07942e+16,35.5329,3.17423,5.13764,1.45673e+19,8.54987e+20,sim02779.iv
sim02780,20.4506,3.87374,5.84734,6.25944e+20,1.16592e+19,296.399,3.74838,5.45837,6.28166e+16,5.47654e+16,49.7945,3.12493,5.18921,4.29732e+19,8.28836e+20,sim02780.iv
sim02781,22.135,3.97158,5.9522,6.41081e+20,2.07754e+19,283.395,3.6566,5.59413,2.74212e+16,2.38041e+16,21.3057,3.02104,5.14807,3.34537e+19,6.04138e+20,sim02781.iv
sim02782,47.7028,3.87586,5.82816,5.95528e+20,2.75285e+19,286.213,3.72029,5.41465,8.80745e+16,4.02787e+16,27.7819,3.07503,5.12271,4.97128e+19,7.05177e+20,sim02782.iv
sim02783,25.4974,3.99455,5.8964,8.30763e+20,1.16926e+19,257.024,3.79744,5.59288,9.85736e+16,8.41538e+16,35.0153,3.02881,5.01497,4.1731e+19,8.74536e+20,sim02783.iv
sim02784,41.2489,3.87651,5.85317,9.04959e+20,4.89815e+19,269.288,3.6111,5.58015,7.20499e+16,7.0428e+16,48.3277,3.0682,5.1235,3.84044e+19,7.41972e+20,sim02784.iv
sim02785,28.6096,3.85036,5.94525,6.21305e+20,4.72462e+19,266.42,3.72671,5.40856,5.04046e+16,4.59605e+16,42.6397,2.82217,5.08047,4.43253e+19,8.34249e+20,sim02785.iv
sim02786,43.3227,3.95265,5.93239,6.95648e+20,2.59757e+19,217.165,3.639,5.51162,9.05571e+16,6.51006e+16,31.6114,3.13277,5.08975,2.03953e+19,5.40036e+20,sim02786.iv
sim02787,44.8565,3.9232,5.91616,8.60335e+20,3.42016e+19,259.074,3.72352,5.42801,3.66557e+16,5.83582e+16,22.0745,3.12871,5.00893,2.48947e+19,7.27197e+20,sim02787.iv
sim02788,40.4212,3.83097,5.96427,7.13056e+20,2.0046e+19,223.767,3.78506,5.48068,4.43201e+16,2.62219e+16,35.1901,2.92795,5.03318,4.01148e+19,9.49133e+20,sim02788.iv
sim02789,30.5688,3.8573,5.87468,9.62417e+20,3.33442e+19,233.228,3.7265,5.48025,1.15668e+16,9.72937e+16,23.4469,2.9654,5.13153,3.34409e+19,5.02109e+20,sim02789.iv
sim02790,38.2366,3.94545,5.96986,5.91971e+20,1.14702e+19,342.213,3.73609,5.49099,7.52546e+16,2.41372e+16,48.7519,3.0617,5.17539,3.22683e+19,9.00402e+20,sim02790.iv
sim02791,29.8302,3.82662,5.87076,9.48462e+20,3.79237e+19,273.874,3.64704,5.51961,6.33613e+16,5.77828e+16,42.1341,2.89713,5.1022,2.23362e+19,6.028e+20,sim02791.iv
sim02792,29.9834,3.96059,5.82278,6.37741e+20,3.1321e+19,266.136,3.76554,5.55585,7.10127e+16,3.54248e+16,20.6366,2.92556,5.12019,1.40579e+19,9.11791e+20,sim02792.iv
sim02793,49.5979,3.94751,5.88292,8.98609e+20,2.09039e+19,343.575,3.67332,5.53798,1.17025e+16,6.67647e+16,28.8809,2.84085,5.08671,1.42342e+19,5.92531e+20,sim02793.iv
sim02794,46.8541,3.81269,5.925,5.30144e+20,3.8722e+19,346.905,3.68591,5.59363,6.77339e+16,6.35921e+16,25.135,3.18094,5.17231,1.52703e+19,5.14319e+20,sim02794.iv
sim02795,30.7716,3.83189,5.86723,9.79231e+20,4.44761e+19,271.617,3.65517,5.51556,9.43748e+16,8.11587e+16,46.0326,3.10444,5.10073,1.56603e+19,9.09305e+20,sim02795.iv
sim02796,39.5291,3.95454,5.9468,6.23056e+20,2.14267e+19,329.893,3.68145,5.43554,6.78439e+16,3.68485e+16,39.2803,3.03603,5.13263,4.97374e+19,6.38655e+20,sim02796.iv
sim02797,49.2691,3.95269,5.97108,9.01248e+20,1.09185e+19,280.516,3.62115,5.5347,1.5368e+16,1.29879e+16,47.2019,3.16682,5.12475,2.83971e+19,9.14247e+20,sim02797.iv
sim02798,48.9266,3.81086,5.82071,9.52544e+20,1.39759e+19,309.984,3.7107,5.50433,1.87878e+16,7.55837e+16,38.0603,3.17154,5.0962,4.64966e+19,5.91947e+20,sim02798.iv
sim02799,26.1167,3.9898,5.81988,6.1827e+20,1.56541e+19,309.362,3.75605,5.5803,2.32125e+16,3.89565e+16,29.5159,3.18939,5.11658,2.34999e+19,6.49368e+20,sim02799.iv
sim02800,29.5704,3.94244,5.90986,8.11805e+20,2.88202e+19,213.676,3.73742,5.54483,2.62224e+16,6.84436e+16,46.3264,3.04111,5.13371,3.80285e+19,6.62168e+20,sim02800.iv
sim02801,24.6289,3.89453,5.84636,8.43497e+20,3.8597e+19,211.146,3.79084,5.585,2.18745e+16,5.30015e+16,26.2707,3.18557,5.11321,3.80064e+19,9.88943e+20,sim02801.iv
sim02802,40.19,3.97416,5.84811,6.14696e+20,2.76479e+19,333.407,3.60782,5.48828,8.42417e+16,2.59707e+16,38.4718,2.82798,5.00207,2.27561e+19,9.02822e+20,sim02802.iv
sim02803,21.2401,3.87296,5.94573,6.84567e+20,2.91523e+19,280.049,3.78159,5.57518,1.57263e+16,7.22989e+16,36.2876,2.94181,5.09851,4.51922e+19,8.86529e+20,sim02803.iv
sim02804,37.0422,3.83512,5.92373,7.49012e+20,2.78753e+19,342.136,3.79853,5.59027,7.64988e+16,6.38981e+16,29.583,3.17887,5.09112,1.80652e+19,5.5537e+20,sim02804.iv
sim02805,45.0735,3.86563,5.95324,8.13696e+20,2.13409e+19,329.094,3.76897,5.43436,2.09572e+16,6.40459e+16,27.0022,2.93288,5.18734,1.70222e+19,7.35246e+20,sim02805.iv
sim02806,28.8471,3.86959,5.87402,6.29998e+20,4.05397e+19,323.662,3.7079,5.57986,2.22986e+16,5.55937e+16,44.8529,3.04837,5.197,3.38298e+19,9.80014e+20,sim02806.iv
sim02807,22.9612,3.80852,5.8713,9.20667e+20,1.20204e+19,245.321,3.797,5.52819,4.53799e+16,1.70076e+16,42.6573,3.17012,5.14831,1.46565e+19,7.65931e+20,sim02807.iv
sim02808,32.0831,3.98081,5.95246,9.00986e+20,2.65495e+19,213.482,3.75188,5.52666,2.27334e+16,7.81097e+16,24.479,3.09587,5.14272,1.03007e+19,8.87388e+20,sim02808.iv
sim02809,32.2298,3.90132,5.99294,9.59925e+20,2.53067e+19,309.34,3.70262,5.56444,3.87691e+16,5.23844e+16,23.3723,3.17067,5.18014,2.10425e+19,7.91487e+20,sim02809.iv
sim02810,31.3509,3.83116,5.809,9.11416e+20,2.15655e+19,282.162,3.78054,5.40398,5.92656e+16,9.59944e+16,44.2785,2.88772,5.04018,4.04995e+19,5.39865e+20,sim02810.iv
sim02811,37.9809,3.84682,5.96785,6.89708e+20,2.65989e+19,321.218,3.61762,5.52019,9.66358e+16,6.85338e+16,22.4538,3.16341,5.02579,2.47539e+19,5.90839e+20,sim02811.iv
sim02812,41.6556,3.85298,5.85222,7.0678e+20,2.14438e+19,319.838,3.70534,5.51118,2.45464e+16,9.22141e+16,30.4666,2.95095,5.04848,4.84075e+19,8.03526e+20,sim02812.iv
sim02813,21.8287,3.83852,5.89609,5.93926e+20,3.42014e+19,253.106,3.66992,5.55733,5.71935e+16,2.01726e+16,31.1568,3.15854,5.16923,4.03937e+19,9.21764e+20,sim02813.iv
sim02814,22.7453,3.82443,5.80373,5.62514e+20,4.29419e+19,215.31,3.69304,5.44942,8.49249e+16,8.22579e+16,42.9798,2.9513,5.18512,4.58343e+19,8.25407e+20,sim02814.iv
sim02815,38.3778,3.86739,5.94718,9.69245e+20,2.26486e+19,250.03,3.65272,5.59663,5.86286e+16,9.70812e+16,38.5214,2.91738,5.11728,1.62179e+19,7.2405e+20,sim02815.iv
sim02816,33.2863,3.91531,5.87745,7.27568e+20,4.50462e+19,235.255,3.78453,5.50771,6.65986e+16,1.93839e+16,24.3577,3.09303,5.18013,3.07542e+19,5.83763e+20,sim02816.iv
sim02817,43.9075,3.98351,5.93404,5.91432e+20,2.64988e+19,341.577,3.63832,5.43415,7.31611e+16,5.88795e+16,26.142,3.04661,5.18733,4.42079e+19,5.03266e+20,sim02817.iv
sim02818,46.3034,3.92538,5.85343,5.4671e+20,4.88483e+19,214.065,3.63692,5.53425,7.82154e+16,3.39997e+16,42.1121,3.10607,5.16055,4.01569e+19,5.16331e+20,sim02818.iv
sim02819,46.7692,3.91256,5.88621,5.12217e+20,3.3632e+19,232.786,3.70953,5.43784,7.19124e+16,1.79961e+16,38.0115,3.05752,5.07905,4.66862e+19,7.63275e+20,sim02819.iv
sim02820,42.5155,3.8889,5.95834,9.487e+20,2.65196e+19,345.431,3.63063,5.56923,5.73251e+16,2.24571e+16,38.76,2.85253,5.1775,4.26395e+19,8.27157e+20,sim02820.iv
sim02821,26.9896,3.99256,5.97063,8.57606e+20,2.46147e+19,277.783,3.66761,5.56988,3.77995e+16,3.1448e+16,26.4304,2.96047,5.12459,4.3266e+19,9.62354e+20,sim02821.iv
sim02822,22.4026,3.80944,5.87255,9.05052e+20,4.62961e+19,233.583,3.65715,5.58039,6.18235e+16,4.66927e+16,27.306,2.84516,5.02169,3.6963e+19,8.60207e+20,sim02822.iv
sim02823,30.9705,3.9212,5.83121,5.10477e+20,1.3993e+19,224.82,3.79695,5.4472,2.20712e+16,8.15848e+16,30.9998,2.8825,5.04407,1.55615e+19,5.39953e+20,sim02823.iv
sim02824,40.4041,3.888,5.82969,8.96223e+20,1.0765e+19,270.289,3.62546,5.40555,5.95596e+16,2.3989e+16,22.0555,2.99151,5.16873,2.94252e+19,5.39827e+20,sim02824.iv
sim02825,29.1307,3.88922,5.85623,6.68768e+20,3.00067e+19,341.946,3.76097,5.44088,8.06732e+16,4.5509e+16,44.4715,3.04684,5.1358,2.44841e+19,8.56596e+20,sim02825.iv
sim02826,36.9707,3.92371,5.90941,5.27895e+20,2.89699e+19,217.176,3.6337,5.49512,4.65557e+16,1.43143e+16,24.1167,2.98612,5.19353,2.94558e+19,8.86277e+20,sim02826.iv
sim02827,33.2917,3.83834,5.80424,6.87747e+20,4.67796e+19,255.475,3.67371,5.53854,7.63222e+16,6.47546e+16,30.1468,3.1781,5.0705,2.16804e+19,9.2158e+20,sim02827.iv
sim02828,48.0567,3.99131,5.90664,9.34746e+20,1.73484e+19,334.46,3.75164,5.47984,3.20666e+16,7.83685e+16,32.9175,3.19145,5.17092,4.16172e+19,6.66896e+20,sim02828.iv
sim02829,41.3496,3.95118,5.88189,5.47292e+20,3.94114e+19,251.225,3.62655,5.40854,3.94532e+16,5.58949e+16,21.1519,3.02536,5.17908,3.3917e+19,7.62294e+20,sim02829.iv
sim02830,26.968,3.88785,5.92011,9.3255e+20,4.52736e+19,273.27,3.63673,5.54147,9.55513e+16,9.62113e+16,49.8696,2.90089,5.16738,1.20682e+19,5.07519e+20,sim02830.iv
sim02831,40.213,3.82398,5.87767,5.06226e+20,1.34717e+19,239.212,3.71089,5.46639,6.07471e+16,6.84076e+16,20.101,3.13908,5.01155,4.49222e+19,9.8803e+20,sim02831.iv
sim02832,47.1056,3.90843,5.95393,5.86341e+20,4.74837e+19,213.266,3.7103,5.49224,8.17206e+16,7.7053e+16,29.9054,2.86541,5.15885,4.90991e+19,5.48935e+20,sim02832.iv
sim02833,41.9866,3.90314,5.8624,5.07224e+20,3.89627e+19,228.484,3.77016,5.45292,6.3311e+16,3.55817e+16,41.0678,2.84686,5.0686,3.03584e+19,7.92729e+20,sim02833.iv
sim02834,37.3873,3.81588,5.80676,6.18596e+20,1.15083e+19,240.884,3.61185,5.50547,1.94094e+16,4.73718e+16,43.0869,3.10896,5.11244,1.12312e+19,7.68349e+20,sim02834.iv
sim02835,27.5798,3.91368,5.98168,7.99434e+20,4.76234e+19,239.206,3.65366,5.42975,1.70499e+16,1.09451e+16,47.838,2.98069,5.18777,4.45601e+19,8.71956e+20,sim02835.iv
sim02836,47.5353,3.8528,5.97128,8.3999e+20,3.39817e+19,296.613,3.78123,5.58578,2.59267e+16,1.72689e+16,28.1793,3.12407,5.01941,3.64704e+19,6.99606e+20,sim02836.iv
sim02837,47.3698,3.964,5.90156,6.90333e+20,4.33844e+19,244.208,3.70867,5.58633,6.43329e+16,9.37078e+16,33.2603,3.05172,5.18808,3.94911e+19,9.52798e+20,sim02837.iv
sim02838,44.9613,3.81556,5.85169,8.70741e+20,4.56016e+19,322.323,3.66263,5.52421,6.95251e+16,4.93582e+16,37.6309,3.1944,5.10894,1.77744e+19,7.52053e+20,sim02838.iv
sim02839,25.2725,3.93764,5.98038,8.37934e+20,4.51053e+19,311.877,3.68749,5.50764,5.79304e+16,4.53244e+16,22.7877,3.08073,5.00943,1.81619e+19,7.26938e+20,sim02839.iv
sim02840,49.6126,3.86137,5.95894,7.09735e+20,1.88622e+19,213.721,3.61769,5.48335,4.60166e+16,6.63721e+16,21.8666,2.91357,5.00468,4.48765e+19,6.98772e+20,sim02840.iv
sim02841,37.5286,3.94211,5.85359,5.67474e+20,3.32108e+19,336.47,3.77852,5.46165,3.39544e+16,4.18201e+16,27.3574,3.18581,5.00693,1.7653e+19,5.14149e+20,sim02841.iv
sim02842,45.6194,3.8943,5.84561,6.97697e+20,1.42434e+19,225.074,3.78938,5.53922,6.74823e+16,5.25481e+16,34.6946,3.10882,5.01048,3.66977e+19,7.75251e+20,sim02842.iv
sim02843,29.201,3.84313,5.97235,9.65779e+20,1.38329e+19,233.776,3.73342,5.5548,5.42206e+16,9.34203e+16,46.191,2.8505,5.02849,1.34358e+19,9.3771e+20,sim02843.iv
sim02844,36.7289,3.98828,5.94585,8.66e+20,1.5006e+19,225.333,3.78619,5.49652,9.94534e+16,3.90731e+16,38.6425,3.02912,5.01362,3.07542e+19,9.62191e+20,sim02844.iv
sim02845,33.6161,3.89453,5.94017,8.90354e+20,4.31184e+19,273.275,3.6888,5.49467,9.72089e+16,9.36265e+16,38.6825,2.91373,5.18008,1.68372e+19,5.53375e+20,sim02845.iv
sim02846,32.437,3.93706,5.81052,6.56445e+20,4.13659e+19,302.291,3.61689,5.44036,7.52653e+16,2.0498e+16,20.2911,3.19707,5.12279,2.71581e+19,7.98539e+20,sim02846.iv
sim02847,40.1055,3.8991,5.93161,8.54285e+20,1.71783e+19,269.319,3.66092,5.55947,7.92916e+16,8.29545e+16,33.1244,3.03013,5.14112,2.28845e+19,9.88843e+20,sim02847.iv
sim02848,31.3587,3.9074,5.96536,8.73544e+20,3.00631e+19,267.166,3.72742,5.48714,6.32808e+16,8.19982e+16,23.6535,3.07894,5.01077,3.93604e+19,6.04577e+20,sim02848.iv
sim02849,34.8012,3.8534,5.86438,8.14362e+20,2.7247e+19,278.26,3.79979,5.42432,4.45843e+16,5.77189e+16,44.4112,2.91296,5.07877,4.28505e+19,7.65186e+20,sim02849.iv
sim02850,45.682,3.81287,5.85742,7.78877e+20,1.48794e+19,277.45,3.60353,5.50093,9.28284e+16,9.53486e+16,29.5734,2.80138,5.18243,3.26876e+19,7.90311e+20,sim02850.iv
sim02851,44.452,3.87867,5.88402,9.25743e+20,2.96616e+19,313.013,3.78101,5.47872,9.00039e+16,3.94659e+16,47.8873,2.92215,5.04685,3.88329e+19,9.60999e+20,sim02851.iv
sim02852,43.0444,3.94802,5.99461,7.78722e+20,4.55048e+19,215.193,3.62643,5.4543,9.51512e+16,2.77237e+16,31.4925,2.81421,5.01564,3.33059e+19,5.48869e+20,sim02852.iv
sim02853,46.9761,3.97716,5.92444,6.98144e+20,4.55129e+19,278.294,3.63812,5.46913,4.26829e+16,6.21828e+16,32.0362,3.12731,5.1253,2.0085e+19,7.0104e+20,sim02853.iv
sim02854,41.6974,3.84845,5.81833,8.55573e+20,2.62663e+19,227.399,3.69589,5.51206,1.23182e+16,8.12008e+16,34.7453,2.81022,5.17236,3.34103e+19,9.81626e+20,sim02854.iv
sim02855,28.4365,3.88252,5.93259,9.56991e+20,4.16466e+19,300.023,3.7591,5.41897,7.51761e+16,6.20765e+16,28.2276,2.89542,5.05765,1.49149e+19,6.36627e+20,sim02855.iv
sim02856,22.1376,3.93455,5.90246,5.63841e+20,3.78878e+19,234.922,3.69898,5.58402,7.84827e+16,6.25725e+16,37.5476,2.82568,5.0854,2.22849e+19,7.37318e+20,sim02856.iv
sim02857,48.5427,3.9573,5.922,8.52345e+20,3.9224e+19,273.892,3.77327,5.52346,7.6423e+16,1.09944e+16,36.1375,2.94567,5.01108,3.58453e+19,9.6438e+20,sim02857.iv
sim02858,41.9827,3.81598,5.81134,6.72516e+20,1.95419e+19,213.86,3.60801,5.46903,2.20185e+16,2.752e+16,46.0856,3.19747,5.16092,1.93107e+19,5.87921e+20,sim02858.iv
sim02859,37.3543,3.95678,5.93149,9.01876e+20,2.94799e+19,348.288,3.75737,5.41019,4.27649e+16,6.03659e+16,26.7259,2.96134,5.12592,3.20867e+19,9.30725e+20,sim02859.iv
sim02860,27.8753,3.98423,5.86443,9.60198e+20,1.99315e+19,281.056,3.78645,5.4555,8.63877e+16,5.51108e+16,32.5939,3.06548,5.03971,3.63532e+19,5.88313e+20,sim02860.iv
sim02861,41.326,3.92213,5.82797,5.50342e+20,3.42941e+19,227.008,3.72502,5.5998,2.10678e+16,5.2643e+16,47.7321,3.17484,5.00598,4.23203e+19,6.19273e+20,sim02861.iv
sim02862,42.3971,3.871,5.84498,7.35361e+20,1.70367e+19,269.387,3.67896,5.59257,5.87911e+16,7.27363e+16,25.2482,3.19892,5.09954,1.30092e+19,8.04643e+20,sim02862.iv
sim02863,29.5444,3.85879,5.8634,7.25208e+20,2.1485e+19,319.015,3.63579,5.42839,1.94025e+16,4.69325e+16,23.3863,2.81002,5.05888,4.92012e+19,5.05459e+20,sim02863.iv
sim02864,21.9161,3.91663,5.89958,5.52156e+20,4.5789e+19,304.42,3.69894,5.50875,8.16555e+16,1.88272e+16,47.995,2.84505,5.09171,1.99033e+19,8.32606e+20,sim02864.iv
sim02865,45.1949,3.92333,5.8448,8.89689e+20,4.77065e+19,232.538,3.6507,5.50592,7.65795e+16,2.14288e+16,21.5195,3.02678,5.15945,2.19052e+19,7.91492e+20,sim02865.iv
sim02866,44.1035,3.80576,5.86723,6.51599e+20,3.89223e+19,303.271,3.76536,5.50973,3.05101e+16,4.89793e+16,31.8815,3.0671,5.19078,2.83081e+19,8.19422e+20,sim02866.iv
sim02867,25.3308,3.91488,5.94568,8.81873e+20,4.8945e+19,348.259,3.70309,5.57212,7.63415e+16,5.72139e+16,20.9021,3.19081,5.19305,3.07257e+19,6.72218e+20,sim02867.iv
sim02868,23.3535,3.81103,5.96068,7.0472e+20,3.25132e+19,252.207,3.7228,5.55175,9.03603e+16,5.46476e+16,29.0055,2.83072,5.1708,4.41427e+19,6.76692e+20,sim02868.iv
sim02869,26.2178,3.93468,5.95133,8.60911e+20,1.28513e+19,347.792,3.7089,5.52167,1.40792e+16,1.10623e+16,23.79,2.95639,5.18895,3.91209e+19,9.99614e+20,sim02869.iv
sim02870,40.3962,3.81995,5.9389,8.20665e+20,4.54524e+19,286.194,3.64911,5.54654,7.78063e+16,5.62785e+16,22.8448,2.96551,5.16798,2.21452e+19,8.65827e+20,sim02870.iv
sim02871,27.6053,3.86574,5.86741,5.67767e+20,2.40466e+19,311.306,3.68026,5.45995,7.30639e+16,5.63931e+16,33.076,3.11846,5.07639,3.17739e+19,5.15887e+20,sim02871.iv
sim02872,30.1825,3.84738,5.97715,5.10526e+20,3.80018e+19,315.868,3.6665,5.45142,2.48351e+16,3.49394e+16,47.4182,2.81733,5.09134,2.05752e+19,8.47935e+20,sim02872.iv
sim02873,30.0171,3.86919,5.81166,9.55248e+20,3.08635e+19,219.658,3.75034,5.55601,5.15026e+16,9.81215e+16,26.78,3.13769,5.16929,3.08491e+19,7.70054e+20,sim02873.iv
sim02874,23.3684,3.82664,5.88456,9.59051e+20,1.8581e+19,276.5,3.61285,5.45985,4.34805e+16,9.66592e+16,25.7912,2.84029,5.01075,3.08817e+19,7.59726e+20,sim02874.iv
sim02875,25.8755,3.8495,5.86377,5.04725e+20,4.26822e+19,318.188,3.66405,5.51486,3.95362e+16,1.24113e+16,37.6937,3.08865,5.06677,1.96549e+19,6.32114e+20,sim02875.iv
sim02876,30.4729,3.89351,5.95098,5.99504e+20,3.82539e+19,345.037,3.63605,5.50152,4.25149e+16,6.4041e+16,46.4254,3.15454,5.08861,4.0294e+19,7.55652e+20,sim02876.iv
sim02877,43.1602,3.97687,5.94236,5.30378e+20,1.98118e+19,320.009,3.60393,5.50359,6.49378e+16,8.37996e+16,44.1985,2.82927,5.13594,4.1612e+19,5.5272e+20,sim02877.iv
sim02878,34.5624,3.92987,5.86848,6.85266e+20,1.41151e+19,318.411,3.64742,5.48698,5.64743e+16,1.78525e+16,32.9339,2.86095,5.0465,2.42515e+19,7.44865e+20,sim02878.iv
sim02879,33.0261,3.81432,5.87007,5.1961e+20,2.00315e+19,221.915,3.63348,5.5005,9.34579e+16,2.75288e+16,41.9242,2.81748,5.06717,2.60554e+19,5.54176e+20,sim02879.iv
sim02880,39.1032,3.82913,5.96014,7.95763e+20,3.96517e+19,232.993,3.66342,5.5411,5.08011e+16,6.69107e+16,32.4038,3.06888,5.12831,2.19802e+19,9.4084e+20,sim02880.iv
sim02881,41.9717,3.81364,5.80754,8.58061e+20,3.52813e+19,339.424,3.73509,5.44164,1.37837e+16,5.79166e+16,34.8889,3.17495,5.14167,4.60021e+19,8.78283e+20,sim02881.iv
sim02882,39.8186,3.91263,5.91601,7.53728e+20,4.35588e+19,242.848,3.78304,5.5119,4.93689e+16,2.89924e+16,28.2819,3.03366,5.03034,1.01324e+19,6.29613e+20,sim02882.iv
sim02883,29.1231,3.98826,5.91636,7.02883e+20,4.932e+19,261.437,3.79163,5.58829,7.20907e+16,5.72711e+16,44.6523,2.92956,5.07357,1.82754e+19,6.27701e+20,sim02883.iv
sim02884,24.0937,3.97014,5.80025,7.12238e+20,2.45687e+19,264.274,3.76875,5.56421,6.97057e+16,7.20198e+16,44.106,2.95402,5.09011,1.97893e+19,6.19027e+20,sim02884.iv
sim02885,48.0385,3.95213,5.8906,5.19497e+20,3.9712e+19,342.792,3.78535,5.54283,6.82964e+16,2.08756e+16,22.5699,2.90608,5.11275,4.65286e+19,9.35548e+20,sim02885.iv
sim02886,29.1819,3.87325,5.86207,7.65086e+20,4.2357e+19,319.636,3.77726,5.50434,6.9234e+16,9.58515e+16,40.2666,2.86682,5.06537,1.30278e+19,5.55248e+20,sim02886.iv
sim02887,34.755,3.94771,5.83779,6.60008e+20,2.3462e+19,327.617,3.63681,5.40681,6.61457e+16,5.74166e+16,20.0813,3.10588,5.08477,3.19129e+19,8.35407e+20,sim02887.iv
sim02888,21.5404,3.83451,5.89263,5.8595e+20,1.46633e+19,255.495,3.68533,5.56997,6.35444e+16,9.36457e+16,33.7159,2.98897,5.06229,1.32624e+19,5.86004e+20,sim02888.iv
sim02889,22.0312,3.94069,5.8698,5.15759e+20,4.0088e+19,245.678,3.7787,5.56462,3.73383e+16,3.12145e+16,49.7924,3.12786,5.18532,1.06815e+19,7.99165e+20,sim02889.iv
sim02890,27.9993,3.87495,5.81822,8.74183e+20,3.10258e+19,320.883,3.6233,5.59945,4.13701e+16,9.56299e+16,40.2937,2.84353,5.1564,3.24265e+19,5.94352e+20,sim02890.iv
sim02891,25.6171,3.99063,5.99971,7.88058e+20,1.74861e+19,257.636,3.64239,5.5215,4.6025e+16,4.40261e+16,44.0425,3.18543,5.03941,2.6577e+19,7.68265e+20,sim02891.iv
sim02892,27.3762,3.88038,5.81116,5.20611e+20,4.14544e+19,257.473,3.74148,5.41658,7.036e+16,6.88033e+16,44.6436,2.88184,5.11022,4.60473e+19,6.09942e+20,sim02892.iv
sim02893,23.7459,3.86895,5.99307,5.78695e+20,1.47734e+19,349.685,3.67863,5.42985,6.02758e+16,1.12472e+16,32.7672,2.81449,5.11307,3.49908e+19,5.01764e+20,sim02893.iv
sim02894,35.3812,3.98899,5.87962,9.77251e+20,4.85388e+19,243.635,3.71548,5.56606,7.38242e+16,7.84116e+16,27.8279,3.16729,5.04713,3.57923e+19,9.42356e+20,sim02894.iv
sim02895,30.7848,3.91043,5.9381,9.64244e+20,2.79215e+19,294.449,3.62836,5.41304,1.19291e+16,5.28926e+16,36.3716,2.83454,5.03622,2.0652e+19,9.45637e+20,sim02895.iv
sim02896,22.9778,3.89794,5.95781,9.35087e+20,3.77254e+19,247.177,3.62428,5.43158,7.93248e+16,3.6688e+16,30.1362,2.87021,5.08693,2.33817e+19,6.78508e+20,sim02896.iv
sim02897,21.0137,3.89251,5.82238,7.67838e+20,3.67673e+19,286.455,3.62929,5.5233,4.71519e+16,4.23454e+16,24.4633,3.19773,5.07853,2.82548e+19,5.47191e+20,sim02897.iv
sim02898,40.2642,3.85653,5.94803,5.33564e+20,2.18735e+19,314.392,3.6792,5.40686,8.10588e+16,9.69038e+16,31.2954,3.04864,5.07453,3.21993e+19,8.69282e+20,sim02898.iv
sim02899,38.9874,3.86294,5.83904,7.72167e+20,3.63799e+19,290.429,3.62563,5.47101,7.70184e+16,2.32074e+16,46.5014,2.98661,5.15823,2.36322e+19,6.79608e+20,sim02899.iv
sim02900,49.0109,3.91347,5.82038,9.78833e+20,2.4994e+19,309.431,3.62571,5.57106,9.63165e+16,4.44564e+16,24.3415,3.02306,5.03236,2.76856e+19,8.11329e+20,sim02900.iv
sim02901,24.179,3.9896,5.94112,6.8064e+20,2.66275e+19,328.737,3.6952,5.59742,1.55957e+16,3.44203e+16,35.5534,2.85434,5.07125,3.07991e+19,6.30496e+20,sim02901.iv
sim02902,24.9382,3.85367,5.81651,5.97967e+20,1.24406e+19,343.354,3.6322,5.40025,9.61645e+16,7.82724e+16,28.0106,3.15157,5.17433,3.96398e+19,7.96112e+20,sim02902.iv
sim02903,37.5415,3.99378,5.89303,9.04282e+20,1.44996e+19,308.116,3.79791,5.402,3.32112e+16,8.06451e+16,42.0143,3.09368,5.19649,1.38342e+19,8.37547e+20,sim02903.iv
sim02904,39.2356,3.84115,5.84259,8.25106e+20,3.61808e+19,294.01,3.69238,5.53744,3.89701e+16,3.12222e+16,37.8627,3.04691,5.16245,2.6643e+19,8.82061e+20,sim02904.iv
sim02905,47.5313,3.88513,5.90852,9.55131e+20,2.201e+19,311.172,3.71544,5.4828,8.77778e+16,2.41055e+16,21.062,2.88286,5.17525,2.3744e+19,8.41984e+20,sim02905.iv
sim02906,26.9252,3.89818,5.90457,6.22687e+20,2.54961e+19,246.648,3.62014,5.48633,6.07264e+16,1.81053e+16,30.7368,2.98508,5.18651,3.44129e+19,9.71133e+20,sim02906.iv
sim02907,35.7315,3.96065,5.81925,7.82209e+20,2.41174e+19,311.98,3.77552,5.54245,1.79455e+16,6.5895e+16,42.3231,2.81194,5.03395,3.72115e+19,6.57458e+20,sim02907.iv
sim02908,21.8655,3.97788,5.99044,6.86736e+20,4.97151e+19,329.921,3.71117,5.54945,9.42618e+16,7.54588e+16,30.1245,2.87721,5.08635,1.74667e+19,5.10762e+20,sim02908.iv
sim02909,33.6784,3.86585,5.81906,9.35731e+20,1.49179e+19,298.256,3.71386,5.5958,3.28455e+16,3.11952e+16,38.816,3.0233,5.16236,1.69226e+19,6.50309e+20,sim02909.iv
sim02910,20.1501,3.94432,5.86509,6.18045e+20,3.41973e+19,245.239,3.61135,5.44725,8.64749e+16,6.35829e+16,34.1349,2.99656,5.19939,1.12596e+19,5.80608e+20,sim02910.iv
sim02911,45.9652,3.90697,5.99901,8.41962e+20,3.8937e+19,291.167,3.60347,5.5816,5.70703e+16,1.08148e+16,26.2968,2.94015,5.05724,1.11105e+19,6.40118e+20,sim02911.iv
sim02912,46.8892,3.91777,5.86539,5.44055e+20,4.00518e+19,310.57,3.60047,5.59868,3.3909e+16,3.36161e+16,29.031,3.18469,5.16822,3.54915e+19,7.47132e+20,sim02912.iv
sim02913,29.8107,3.86701,5.86513,9.313e+20,3.72525e+19,266.953,3.79871,5.4355,1.6901e+16,4.31328e+16,49.4553,2.80961,5.0162,2.3658e+19,9.93713e+20,sim02913.iv
sim02914,30.3035,3.93562,5.97281,8.35279e+20,1.35927e+19,230.795,3.65177,5.55919,8.217e+16,2.53226e+16,31.3732,2.85592,5.09462,2.45716e+19,9.9605e+20,sim02914.iv
sim02915,31.6613,3.81001,5.9041,9.53591e+20,2.47795e+19,324.59,3.68335,5.51367,5.52109e+16,8.86748e+16,37.0414,2.95163,5.1534,1.20136e+19,6.36262e+20,sim02915.iv
sim02916,28.593,3.91379,5.96683,7.76908e+20,2.83332e+19,219.143,3.79401,5.45911,2.167e+16,8.49582e+16,46.7104,2.91944,5.10972,4.13382e+19,5.10851e+20,sim02916.iv
sim02917,49.6077,3.86479,5.89595,5.25284e+20,1.18775e+19,225.632,3.66422,5.58431,5.63891e+16,3.9317e+16,33.5343,2.90602,5.1248,3.02869e+19,6.89274e+20,sim02917.iv
sim02918,40.5837,3.87834,5.96131,7.99208e+20,1.80859e+19,232.847,3.65119,5.58365,8.41072e+16,9.74995e+16,42.3297,3.16578,5.07107,3.47955e+19,6.95752e+20,sim02918.iv
sim02919,45.946,3.99939,5.9491,8.90768e+20,4.52378e+19,223.346,3.69636,5.5465,6.44535e+16,5.86294e+16,31.5745,2.88818,5.18448,3.93651e+19,8.06767e+20,sim02919.iv
sim02920,22.5611,3.82233,5.88647,5.62864e+20,1.59567e+19,221.385,3.65881,5.40222,7.59042e+16,6.39408e+16,35.2297,3.19475,5.09638,4.47862e+19,5.94686e+20,sim02920.iv
sim02921,27.9442,3.86571,5.99807,9.53805e+20,2.79439e+19,328.224,3.64664,5.51852,2.45673e+16,6.17687e+16,26.6677,3.0343,5.08573,3.23508e+19,5.80597e+20,sim02921.iv
sim02922,35.1946,3.86327,5.82879,7.50197e+20,1.55372e+19,269.823,3.66463,5.5086,5.35422e+16,2.2112e+16,28.3704,3.0227,5.16678,1.23687e+19,5.45433e+20,sim02922.iv
sim02923,43.9078,3.86797,5.85137,6.14815e+20,4.88283e+19,281.504,3.63218,5.4812,3.34581e+16,2.51824e+16,49.3575,2.97804,5.13825,4.59425e+19,6.02811e+20,sim02923.iv
sim02924,23.8405,3.85205,5.94251,6.90993e+20,2.95635e+19,212.836,3.60085,5.48142,2.35326e+16,8.1199e+16,48.5386,3.17028,5.09311,2.14742e+19,7.41904e+20,sim02924.iv
sim02925,23.121,3.98879,5.93426,6.43274e+20,4.03701e+19,244.301,3.75029,5.48036,8.77534e+16,9.90811e+16,29.6062,3.02047,5.04759,4.20145e+19,7.45974e+20,sim02925.iv
sim02926,49.5139,3.97738,5.85454,5.59749e+20,3.47942e+19,254.527,3.65074,5.50902,5.84382e+16,5.83841e+16,28.8272,2.86215,5.03673,3.88057e+19,7.34023e+20,sim02926.iv
sim02927,34.081,3.99535,5.98359,5.32477e+20,4.19067e+19,244.709,3.74446,5.43467,2.30835e+16,9.45282e+16,36.7491,2.93986,5.17822,2.15932e+19,5.31947e+20,sim02927.iv
sim02928,31.8441,3.94146,5.93241,7.36855e+20,3.04067e+19,284.126,3.6749,5.41659,2.42031e+16,7.51845e+16,44.3016,2.95821,5.06585,3.43075e+19,5.10886e+20,sim02928.iv
sim02929,37.0858,3.89381,5.88839,5.00722e+20,4.77147e+19,234.274,3.6226,5.47717,8.00894e+16,7.885e+16,35.3543,3.01968,5.09104,1.10118e+19,6.3893e+20,sim02929.iv
sim02930,31.6684,3.91089,5.9318,9.93819e+20,3.02948e+19,304.067,3.79213,5.45574,5.08359e+16,7.48881e+16,36.955,3.15727,5.11322,4.68944e+19,5.74279e+20,sim02930.iv
sim02931,44.1058,3.84265,5.80982,5.55825e+20,3.32282e+19,250.717,3.62879,5.52582,5.39162e+16,4.42482e+16,36.0713,3.14457,5.14494,2.98074e+19,9.11293e+20,sim02931.iv
sim02932,45.8766,3.87526,5.82996,5.57522e+20,3.55542e+19,341.081,3.60771,5.49945,2.74823e+16,5.78362e+16,45.6999,3.11478,5.19426,2.93812e+19,8.31699e+20,sim02932.iv
sim02933,46.9554,3.93952,5.99284,6.22775e+20,1.53988e+19,230.878,3.77048,5.41057,8.28927e+16,5.17695e+16,40.7369,3.09822,5.08488,1.58434e+19,8.0849e+20,sim02933.iv
sim02934,48.6957,3.80511,5.84539,9.37203e+20,1.27908e+19,211.419,3.77556,5.55362,3.28492e+16,9.69814e+16,41.3727,2.84764,5.0921,4.46026e+19,8.33869e+20,sim02934.iv
sim02935,37.5741,3.8834,5.84961,8.06799e+20,1.61536e+19,323.388,3.64192,5.42411,1.64826e+16,8.33419e+16,34.034,2.95946,5.10424,3.34925e+19,9.40361e+20,sim02935.iv
sim02936,30.3139,3.83742,5.97381,7.40289e+20,3.31801e+19,232.142,3.77243,5.58767,5.0282e+16,1.18134e+16,20.8117,2.92092,5.09837,2.73124e+19,7.84438e+20,sim02936.iv
sim02937,27.7216,3.84195,5.99483,6.40295e+20,4.7861e+19,290.012,3.614,5.519,9.86991e+16,8.55707e+16,29.1064,2.8382,5.09209,1.39478e+19,6.48836e+20,sim02937.iv
sim02938,47.5434,3.93071,5.95669,7.70292e+20,1.67251e+19,231.055,3.75315,5.48586,5.49999e+16,2.61022e+16,30.8502,2.85289,5.0409,4.55555e+19,8.58344e+20,sim02938.iv
sim02939,45.558,3.97483,5.91792,6.52104e+20,2.97019e+19,212.64,3.76347,5.56053,5.57498e+16,4.39793e+16,25.178,2.83023,5.06499,4.7499e+19,5.34378e+20,sim02939.iv
sim02940,48.4742,3.90574,5.88818,5.61479e+20,1.2855e+19,286.225,3.71972,5.48682,3.58597e+16,1.11909e+16,28.0003,3.08593,5.1212,1.63238e+19,8.96719e+20,sim02940.iv
sim02941,24.4546,3.95909,5.90252,8.58468e+20,1.33208e+19,313.738,3.74429,5.43505,2.23786e+16,7.73826e+16,32.4847,3.05907,5.00181,1.7346e+19,8.72962e+20,sim02941.iv
sim02942,25.966,3.81606,5.83502,9.16201e+20,2.38612e+19,284.211,3.7155,5.47453,1.84328e+16,3.31124e+16,24.7343,3.16381,5.14802,4.29221e+19,9.06125e+20,sim02942.iv
sim02943,20.0652,3.9498,5.89641,8.87318e+20,4.83937e+19,260.08,3.72096,5.46092,9.04426e+16,3.28621e+16,30.5375,3.15518,5.02017,2.97606e+19,7.90643e+20,sim02943.iv
sim02944,37.3705,3.82401,5.8079,7.08321e+20,2.81544e+19,341.973,3.75113,5.51973,2.89102e+16,9.11304e+16,25.8058,3.17895,5.18919,4.91157e+19,6.41509e+20,sim02944.iv
sim02945,24.1246,3.92576,5.88457,6.9425e+20,3.22523e+19,306.525,3.66642,5.46702,6.49324e+16,1.64179e+16,40.9984,3.1196,5.17595,4.01533e+19,7.53372e+20,sim02945.iv
sim02946,46.2144,3.8982,5.95742,5.31806e+20,3.83615e+19,221.774,3.60554,5.50045,2.07503e+16,3.92606e+16,43.2273,3.02011,5.14668,4.13421e+19,7.40127e+20,sim02946.iv
sim02947,49.5692,3.84042,5.81698,6.59243e+20,4.05004e+19,223.474,3.69335,5.51427,8.27167e+16,8.61305e+16,27.168,2.90964,5.13679,4.43912e+19,5.84179e+20,sim02947.iv
sim02948,41.6792,3.84753,5.83613,6.68777e+20,4.17862e+19,313.957,3.69574,5.54284,4.65261e+16,2.89458e+16,45.2904,2.82152,5.1802,4.15551e+19,8.6179e+20,sim02948.iv
sim02949,37.0737,3.962,5.80564,7.95507e+20,2.04416e+19,299.498,3.73494,5.44295,2.39326e+16,6.28712e+16,48.2173,3.06538,5.09683,4.74196e+19,9.09458e+20,sim02949.iv
sim02950,41.984,3.88748,5.89828,6.3231e+20,4.26753e+19,249.853,3.74075,5.57499,5.96949e+16,2.40858e+16,20.7464,3.0693,5.04493,1.15627e+19,6.71641e+20,sim02950.iv
sim02951,37.4637,3.91031,5.83348,8.01993e+20,2.64309e+19,276.868,3.77489,5.41571,5.75084e+16,2.56262e+16,25.4832,3.04419,5.13394,3.4249e+19,9.61747e+20,sim02951.iv
sim02952,43.8399,3.83972,5.92717,8.1017e+20,3.5861e+19,270.071,3.78952,5.49275,8.10419e+16,5.33177e+16,43.6228,2.95826,5.00016,2.99944e+19,7.73999e+20,sim02952.iv
sim02953,23.4684,3.93304,5.97075,9.3417e+20,2.50758e+19,267.401,3.77168,5.59967,1.47345e+16,1.55602e+16,21.6278,2.98499,5.15691,1.37473e+19,8.44474e+20,sim02953.iv
sim02954,25.1348,3.80659,5.91912,7.9693e+20,2.13318e+19,255.113,3.6708,5.58585,8.79688e+16,5.74758e+16,48.9037,3.03269,5.02031,2.94864e+19,9.4726e+20,sim02954.iv
sim02955,39.8797,3.99053,5.90618,9.55924e+20,4.06635e+19,325.18,3.79829,5.46045,6.65251e+16,3.30807e+16,45.6169,3.03435,5.03517,2.68498e+19,5.90872e+20,sim02955.iv
sim02956,33.7385,3.81552,5.99306,7.98309e+20,4.96265e+19,234.327,3.67688,5.58625,7.22768e+16,1.63034e+16,46.4955,2.87553,5.05236,3.92702e+19,8.55346e+20,sim02956.iv
sim02957,39.8178,3.80108,5.84988,6.72448e+20,2.60134e+19,220.351,3.73508,5.57825,9.90705e+16,8.18182e+16,26.078,3.00451,5.18315,1.26638e+19,6.14165e+20,sim02957.iv
sim02958,27.9421,3.92192,5.9903,7.41295e+20,3.25559e+19,299.581,3.77031,5.45727,6.63624e+16,9.3277e+16,48.168,2.95306,5.02236,4.69757e+19,9.60483e+20,sim02958.iv
sim02959,22.9173,3.81627,5.83703,8.23424e+20,2.21049e+19,243.628,3.75993,5.44878,9.64376e+16,4.94594e+16,32.6778,3.17745,5.02403,1.45977e+19,7.16786e+20,sim02959.iv
sim02960,37.612,3.90161,5.99098,9.96581e+20,1.16346e+19,233.167,3.71073,5.59003,3.51917e+16,4.30366e+16,26.9318,3.18697,5.03077,3.25825e+19,5.11477e+20,sim02960.iv
sim02961,38.0502,3.87849,5.91313,5.40127e+20,1.36428e+19,222.914,3.76704,5.54484,2.15537e+16,3.84442e+16,33.093,2.83945,5.16799,2.45175e+19,8.35245e+20,sim02961.iv
sim02962,39.2593,3.98286,5.94839,5.17215e+20,1.62028e+19,272.283,3.6186,5.47837,9.79675e+16,2.84921e+16,41.1419,2.90398,5.00683,1.39363e+19,5.51947e+20,sim02962.iv
sim02963,28.9704,3.99211,5.92413,5.61498e+20,1.28102e+19,345.908,3.63427,5.45409,8.57517e+16,5.99405e+16,26.8002,3.06578,5.07431,3.32628e+19,5.48387e+20,sim02963.iv
sim02964,46.406,3.9191,5.80087,7.79538e+20,2.44829e+19,336.773,3.62771,5.46674,7.88088e+16,3.0271e+16,29.3946,3.1085,5.14247,2.43873e+19,7.33707e+20,sim02964.iv
sim02965,36.5705,3.97759,5.9323,7.96249e+20,4.24375e+19,252.606,3.68879,5.53733,4.63489e+16,5.31172e+16,24.8115,3.04401,5.12805,4.42474e+19,5.42705e+20,sim02965.iv
sim02966,46.9874,3.81719,5.94906,7.94508e+20,2.62425e+19,339.287,3.69131,5.40495,5.6853e+16,5.79212e+16,42.3312,2.9433,5.01479,2.39787e+19,8.01306e+20,sim02966.iv
sim02967,36.3426,3.9694,5.85404,7.84632e+20,4.90235e+19,253.913,3.68722,5.59884,2.29967e+16,6.1623e+16,31.1105,2.81846,5.15216,1.79533e+19,9.46028e+20,sim02967.iv
sim02968,32.5355,3.82893,5.8492,9.16436e+20,2.49552e+19,245.877,3.64979,5.51664,3.31142e+16,9.418e+16,21.481,2.86234,5.08579,1.83311e+19,8.89311e+20,sim02968.iv
sim02969,47.4963,3.92004,5.9708,9.00293e+20,1.63451e+19,220.941,3.72581,5.5965,8.48717e+16,6.5467e+16,23.3283,3.11189,5.13659,4.73552e+19,8.54704e+20,sim02969.iv
sim02970,23.1059,3.92184,5.88075,7.10691e+20,3.53181e+19,335.954,3.75196,5.40446,2.32299e+16,4.26869e+16,40.5407,3.05368,5.10074,2.72053e+19,8.94782e+20,sim02970.iv
sim02971,22.8709,3.91901,5.9617,6.36203e+20,1.80901e+19,304.284,3.63513,5.49764,9.30544e+16,1.54619e+16,47.2745,2.87615,5.09647,1.52892e+19,8.54934e+20,sim02971.iv
sim02972,49.9332,3.86042,5.98494,8.64982e+20,4.86169e+19,304.051,3.7364,5.58875,7.54673e+16,8.62707e+16,28.5372,2.86755,5.12801,2.01043e+19,7.1492e+20,sim02972.iv
sim02973,45.6674,3.92622,5.98878,6.77357e+20,2.12249e+19,239.92,3.79527,5.48593,9.28071e+16,4.10419e+16,28.6318,3.10833,5.12361,3.09865e+19,7.2011e+20,sim02973.iv
sim02974,33.993,3.96689,5.83062,5.25521e+20,1.0238e+19,279.3,3.7636,5.53419,9.91404e+16,6.48969e+16,35.2728,3.03265,5.17643,1.05855e+19,7.3325e+20,sim02974.iv
sim02975,32.3351,3.99066,5.83745,5.12773e+20,3.52673e+19,297.503,3.66387,5.50795,6.37008e+16,4.17735e+16,32.6154,2.85672,5.1542,2.55673e+19,8.2275e+20,sim02975.iv
sim02976,32.7989,3.83245,5.94013,7.08668e+20,1.74142e+19,340.69,3.77866,5.54543,6.18455e+16,6.6267e+16,30.8062,2.90518,5.11841,3.96003e+19,7.47572e+20,sim02976.iv
sim02977,46.8664,3.87768,5.87529,7.12761e+20,3.81679e+19,213.844,3.67076,5.54858,5.99289e+16,3.78891e+16,39.7016,3.16045,5.10103,3.95694e+19,5.99208e+20,sim02977.iv
sim02978,34.1898,3.85826,5.99856,6.09367e+20,4.78964e+19,267.221,3.69967,5.50478,3.17628e+16,3.15043e+16,31.281,3.09808,5.14015,4.99042e+19,5.44189e+20,sim02978.iv
sim02979,42.7789,3.83899,5.9022,5.98191e+20,4.7444e+19,281.007,3.6939,5.46148,5.04058e+16,1.99628e+16,40.5257,3.02827,5.01991,1.40951e+19,6.46481e+20,sim02979.iv
sim02980,34.1932,3.84453,5.82627,5.48171e+20,2.22043e+19,298.146,3.73567,5.45657,4.96523e+16,6.65614e+16,30.8013,3.19144,5.13855,3.31369e+19,7.48952e+20,sim02980.iv
sim02981,34.7584,3.85835,5.81545,9.18957e+20,4.62164e+19,346.431,3.68079,5.58928,7.32126e+16,4.7991e+16,47.5558,3.18741,5.10679,4.11858e+19,8.88299e+20,sim02981.iv
sim02982,38.265,3.88456,5.82687,9.98976e+20,1.28666e+19,228.88,3.67496,5.47971,3.40438e+16,1.70271e+16,46.9824,3.0053,5.19397,4.51186e+19,7.47007e+20,sim02982.iv
sim02983,31.6467,3.85101,5.99861,8.02529e+20,4.36287e+19,347.854,3.64479,5.58497,8.1503e+16,5.09183e+16,48.4638,3.03596,5.07874,1.63962e+19,8.63948e+20,sim02983.iv
sim02984,43.2209,3.84138,5.87437,5.27521e+20,3.22902e+19,294.009,3.76965,5.40523,2.07683e+16,1.28411e+16,48.3335,3.00515,5.0492,1.07641e+19,5.4826e+20,sim02984.iv
sim02985,41.6047,3.89606,5.94688,6.32596e+20,2.7582e+19,297.341,3.64246,5.4575,2.27447e+16,7.40616e+16,37.4687,2.97787,5.11347,1.67916e+19,9.06443e+20,sim02985.iv
sim02986,42.664,3.8364,5.97714,6.96988e+20,2.85455e+19,284.376,3.75858,5.4328,3.38517e+16,9.42775e+16,48.134,3.12359,5.03369,3.37991e+19,7.22985e+20,sim02986.iv
sim02987,22.4223,3.81511,5.97137,5.4525e+20,2.08556e+19,231.101,3.71502,5.552,3.38664e+16,8.03842e+16,25.249,2.94269,5.04858,2.81736e+19,9.90504e+20,sim02987.iv
sim02988,42.1039,3.84115,5.99329,8.4067e+20,2.8167e+19,338.275,3.75257,5.54584,2.80839e+16,2.15168e+16,45.9686,3.07206,5.16345,4.06302e+19,9.51554e+20,sim02988.iv
sim02989,31.2656,3.87004,5.84737,5.52715e+20,2.93159e+19,279.751,3.62289,5.5207,4.2703e+16,5.10617e+16,35.3007,2.92422,5.13701,3.0394e+19,7.20716e+20,sim02989.iv
sim02990,32.2878,3.80474,5.95425,9.83245e+20,1.52389e+19,250.522,3.76938,5.54174,3.81157e+16,6.8458e+16,47.5172,2.88787,5.13593,4.2479e+19,5.47652e+20,sim02990.iv
sim02991,48.0352,3.99187,5.94661,7.57803e+20,3.41583e+19,300.781,3.63083,5.45898,1.90791e+16,4.33416e+16,42.3531,3.1542,5.07426,3.46443e+19,7.97418e+20,sim02991.iv
sim02992,34.1762,3.93884,5.83016,5.37424e+20,2.39214e+19,345.704,3.79062,5.52661,6.20837e+16,6.69893e+16,32.8813,2.91536,5.00111,1.07682e+19,9.86083e+20,sim02992.iv
sim02993,42.3374,3.93803,5.96889,8.03467e+20,3.67056e+19,320.616,3.62503,5.43753,6.00369e+16,1.87196e+16,39.7827,3.13288,5.16752,2.29325e+19,6.01344e+20,sim02993.iv
sim02994,48.7616,3.98248,5.8627,9.47079e+20,4.52404e+19,257.325,3.67264,5.58638,7.67686e+16,6.55775e+16,48.5869,3.14596,5.01495,2.99518e+19,9.47857e+20,sim02994.iv
sim02995,23.3349,3.81445,5.97181,8.88691e+20,1.66882e+19,235.354,3.76652,5.44183,2.29583e+16,9.16802e+16,44.1516,2.96151,5.12521,2.72159e+19,6.37232e+20,sim02995.iv
sim02996,49.6041,3.90913,5.92751,7.04134e+20,3.00296e+19,250.281,3.68586,5.52556,8.30911e+16,8.22098e+16,20.3426,3.01396,5.07466,3.42818e+19,9.40837e+20,sim02996.iv
sim02997,43.2511,3.86615,5.94783,5.50689e+20,1.51263e+19,241.578,3.67995,5.50214,4.58062e+16,6.65018e+16,23.7253,3.00859,5.05448,2.45859e+19,7.54442e+20,sim02997.iv
sim02998,23.9797,3.87765,5.95215,6.38785e+20,4.05827e+19,242.327,3.75083,5.43888,9.56093e+16,2.38389e+16,49.9953,2.8916,5.14204,2.22043e+19,5.41093e+20,sim02998.iv
sim02999,20.7468,3.82946,5.88162,7.90106e+20,2.91407e+19,298.264,3.61917,5.53529,8.06665e+16,3.07588e+16,43.7574,2.9,5.08882,4.22323e+19,8.4361e+20,sim02999.iv
sim03000,35.112,3.87393,5.91273,7.59886e+20,4.88577e+19,325.661,3.62329,5.48248,6.28577e+16,7.34826e+16,25.3209,3.1323,5.126,1.26975e+19,5.29549e+20,sim03000.iv
