sim_id,L1_L,L1_E_c,L1_E_v,L1_N_D,L1_N_A,L2_L,L2_E_c,L2_E_v,L2_N_D,L2_N_A,L3_L,L3_E_c,L3_E_v,L3_N_D,L3_N_A,iv_file
sim09001,40.7436,3.85461,5.87649,6.51773e+20,4.7741e+19,347.676,3.61145,5.48126,2.3964e+16,3.62064e+16,29.3914,3.04036,5.0394,1.93592e+19,8.31406e+20,sim09001.iv
sim09002,38.0774,3.95826,5.8624,6.02012e+20,1.67926e+19,347.125,3.75409,5.55223,8.59349e+16,2.96556e+16,44.2522,3.12638,5.17879,1.72306e+19,6.54487e+20,sim09002.iv
sim09003,30.3455,3.94244,5.85087,5.36969e+20,1.57387e+19,286.149,3.71252,5.48922,7.27339e+16,3.02374e+16,36.9817,2.92896,5.08047,4.7747e+19,7.26223e+20,sim09003.iv
sim09004,27.3903,3.82539,5.95143,9.48064e+20,2.75414e+19,297.985,3.78152,5.44629,3.45402e+16,2.92942e+16,47.7558,2.89218,5.16327,3.53754e+19,5.29528e+20,sim09004.iv
sim09005,46.8823,3.87586,5.88873,7.894e+20,3.37971e+19,335.18,3.72168,5.56262,4.31633e+16,9.61048e+16,47.1609,2.89514,5.13451,1.30408e+19,7.03192e+20,sim09005.iv
sim09006,37.3054,3.90582,5.84854,6.59356e+20,1.68373e+19,342.965,3.78045,5.57364,3.89739e+16,7.66363e+16,44.8855,2.81118,5.11498,3.28828e+19,5.10815e+20,sim09006.iv
sim09007,29.019,3.96631,5.98795,6.18869e+20,4.65488e+19,340.424,3.68842,5.41229,5.64442e+16,4.68709e+16,39.3651,2.8266,5.06556,1.28093e+19,5.11535e+20,sim09007.iv
sim09008,30.3708,3.90332,5.97901,5.34636e+20,3.17839e+19,339.752,3.79433,5.46113,6.99858e+16,1.06671e+16,44.5422,3.18957,5.09675,1.51176e+19,6.36288e+20,sim09008.iv
sim09009,21.5369,3.80664,5.89418,7.66396e+20,2.06217e+19,310.921,3.69263,5.44849,3.79086e+16,1.40789e+16,48.0126,2.93008,5.11436,3.79441e+19,5.86477e+20,sim09009.iv
sim09010,38.1491,3.85931,5.94841,5.80993e+20,2.78197e+19,276.645,3.64088,5.40812,4.86434e+16,4.00615e+16,38.2368,3.12614,5.05131,2.44944e+19,5.00079e+20,sim09010.iv
sim09011,40.877,3.96252,5.81465,8.44389e+20,3.88298e+19,268.726,3.7376,5.56349,6.05593e+16,9.86822e+16,28.1546,2.95046,5.00099,1.88644e+19,9.54239e+20,sim09011.iv
sim09012,46.5537,3.90239,5.86931,7.77054e+20,3.69867e+19,265.9,3.6727,5.41104,4.10698e+16,1.82573e+16,22.3424,3.05501,5.15904,2.12992e+19,9.69854e+20,sim09012.iv
sim09013,32.01,3.80111,5.94168,9.32923e+20,3.64574e+19,300.872,3.70876,5.49741,1.49111e+16,5.37872e+16,45.7052,2.86428,5.01478,2.15327e+19,8.61969e+20,sim09013.iv
sim09014,48.1718,3.84649,5.82545,9.63811e+20,4.57227e+19,287.047,3.72735,5.50884,1.64521e+16,7.21276e+16,40.3986,3.16117,5.10958,4.18683e+19,9.42869e+20,sim09014.iv
sim09015,21.2971,3.8401,5.87187,7.78143e+20,2.99895e+19,311.84,3.6607,5.54849,8.94472e+16,9.45813e+16,26.6951,3.09504,5.13585,4.75027e+19,8.19819e+20,sim09015.iv
sim09016,35.6646,3.88452,5.96239,6.02728e+20,4.05786e+19,308.03,3.77016,5.43239,4.96131e+16,8.16286e+16,30.6962,2.94015,5.09559,4.03507e+19,7.36485e+20,sim09016.iv
sim09017,22.5747,3.88383,5.90211,7.1576e+20,3.83789e+19,211.007,3.68426,5.51017,8.09652e+16,4.80751e+16,49.4839,3.06921,5.09248,2.53353e+19,7.53269e+20,sim09017.iv
sim09018,43.9035,3.9965,5.82033,6.77343e+20,3.28565e+19,280.822,3.66082,5.45578,5.6774e+16,8.32014e+16,42.903,2.96291,5.06479,2.33502e+19,7.98547e+20,sim09018.iv
sim09019,27.6158,3.84309,5.82539,7.87939e+20,3.54965e+19,314.598,3.62409,5.40821,6.895e+16,8.50461e+16,35.0795,2.96556,5.0241,1.75941e+19,8.92135e+20,sim09019.iv
sim09020,28.4589,3.95701,5.87986,9.63648e+20,3.05545e+19,240.481,3.61377,5.52892,4.85015e+16,7.21709e+16,37.8877,2.96981,5.07869,1.31157e+19,5.3616e+20,sim09020.iv
sim09021,29.6081,3.99778,5.91812,8.97943e+20,3.16123e+19,250.013,3.7067,5.41115,1.28211e+16,6.38836e+16,27.8184,3.16453,5.02804,2.8735e+19,9.38895e+20,sim09021.iv
sim09022,29.6515,3.83202,5.97328,5.19761e+20,4.7635e+19,256.216,3.61426,5.49323,3.81828e+16,2.28978e+16,25.364,3.02369,5.1361,4.93542e+19,9.23066e+20,sim09022.iv
sim09023,42.6275,3.829,5.81104,7.75375e+20,3.16452e+19,320.613,3.75429,5.53934,2.52786e+16,2.5129e+16,36.4778,2.85223,5.15386,4.93526e+19,5.38485e+20,sim09023.iv
sim09024,22.409,3.98568,5.97365,5.59432e+20,1.46992e+19,230.313,3.62918,5.46669,9.1369e+16,3.80196e+16,25.8017,2.89805,5.1387,3.21331e+19,8.64157e+20,sim09024.iv
sim09025,32.0402,3.84389,5.92182,8.16118e+20,4.5925e+19,235.481,3.70108,5.48143,7.4441e+16,6.95624e+16,36.5806,3.01783,5.13608,3.29726e+19,5.53009e+20,sim09025.iv
sim09026,31.962,3.89789,5.81919,7.6593e+20,1.47836e+19,233.603,3.79959,5.46556,8.82813e+16,8.42478e+16,41.5373,2.97278,5.16597,4.31444e+19,5.93197e+20,sim09026.iv
sim09027,28.1541,3.88938,5.97798,6.15829e+20,2.71838e+19,259.017,3.73045,5.51779,7.14647e+16,2.8805e+16,36.9852,2.88051,5.09248,4.68864e+19,7.61568e+20,sim09027.iv
sim09028,31.5661,3.93627,5.89548,8.72341e+20,4.09205e+19,313.993,3.69792,5.45551,7.49333e+16,1.26378e+16,45.4949,3.14676,5.07879,2.36759e+19,5.87679e+20,sim09028.iv
sim09029,45.4834,3.80733,5.88291,7.67151e+20,2.67023e+19,328.528,3.62975,5.46056,7.85176e+16,2.85219e+16,28.5355,3.14777,5.03598,1.04732e+19,5.80423e+20,sim09029.iv
sim09030,37.713,3.81448,5.97794,6.61744e+20,3.23669e+19,292.438,3.71456,5.57875,8.71028e+16,6.66831e+16,22.3075,2.83469,5.14869,3.41229e+19,9.6039e+20,sim09030.iv
sim09031,22.6429,3.94032,5.88999,5.84395e+20,2.71991e+19,217.993,3.62013,5.53103,5.43164e+16,6.81118e+16,39.6044,3.17604,5.00596,2.19951e+19,8.15744e+20,sim09031.iv
sim09032,41.9167,3.81519,5.86818,7.74448e+20,3.04985e+19,338.276,3.79526,5.51065,2.71201e+16,5.41557e+16,46.6319,2.99981,5.06962,2.07685e+19,5.45943e+20,sim09032.iv
sim09033,34.5302,3.93822,5.80031,5.19311e+20,2.44359e+19,246.51,3.79896,5.47593,5.58811e+16,9.18687e+16,40.5091,3.08581,5.08758,2.40212e+19,9.47066e+20,sim09033.iv
sim09034,31.8444,3.82318,5.82474,9.97864e+20,4.16856e+19,288.651,3.72522,5.44393,7.46026e+16,8.78808e+16,20.2475,2.85847,5.19585,4.85447e+19,8.76109e+20,sim09034.iv
sim09035,21.453,3.95455,5.82619,8.4435e+20,1.21678e+19,228.201,3.76078,5.50872,2.9907e+16,4.49445e+16,37.5043,2.84963,5.03944,3.70628e+19,9.30966e+20,sim09035.iv
sim09036,31.5987,3.976,5.86633,9.42912e+20,2.46333e+19,271.693,3.62336,5.50481,9.6275e+16,3.87473e+16,40.6615,3.17134,5.13543,3.15005e+19,9.9202e+20,sim09036.iv
sim09037,25.6008,3.80574,5.91236,6.39275e+20,3.52884e+19,213.243,3.6511,5.54234,9.3497e+16,4.11602e+16,25.1057,3.01814,5.05155,3.8695e+19,5.39441e+20,sim09037.iv
sim09038,26.5306,3.91839,5.83391,6.27779e+20,3.70226e+19,276.906,3.66447,5.41474,7.46127e+16,7.80241e+16,22.4594,2.84283,5.07696,2.11751e+19,9.64228e+20,sim09038.iv
sim09039,44.6447,3.88511,5.95195,6.52924e+20,4.75302e+19,242.183,3.7681,5.48685,3.83943e+16,7.71378e+16,20.7677,3.1646,5.09972,3.39075e+19,6.5951e+20,sim09039.iv
sim09040,45.3304,3.84405,5.83945,9.25445e+20,4.70691e+19,311.762,3.63471,5.41772,8.52619e+16,4.26047e+16,44.1348,3.01109,5.08417,3.38852e+19,7.45841e+20,sim09040.iv
sim09041,45.2,3.85001,5.80337,5.0117e+20,4.34948e+19,307.132,3.60501,5.56568,8.29494e+16,4.84395e+16,31.8076,2.81059,5.18504,2.45176e+19,9.62491e+20,sim09041.iv
sim09042,42.8252,3.93565,5.84051,8.36846e+20,1.74843e+19,239.604,3.76306,5.40538,5.52245e+16,3.69556e+16,28.4561,2.90246,5.11032,2.36836e+19,6.23715e+20,sim09042.iv
sim09043,31.9367,3.90961,5.93286,5.68253e+20,1.329e+19,332.83,3.66407,5.48172,9.11215e+16,6.34223e+16,48.5908,3.14827,5.09718,4.11376e+19,5.66205e+20,sim09043.iv
sim09044,32.8676,3.89036,5.82649,7.5253e+20,4.73588e+19,235,3.72409,5.52619,7.02884e+16,2.72141e+16,22.3518,3.00395,5.04572,1.09119e+19,6.20819e+20,sim09044.iv
sim09045,33.4476,3.89812,5.88368,6.0839e+20,3.33599e+19,254.955,3.68691,5.57173,5.22986e+16,2.6095e+16,46.5435,3.06715,5.00315,4.09379e+19,5.75864e+20,sim09045.iv
sim09046,45.3679,3.99667,5.97284,9.95131e+20,3.81791e+19,243.759,3.63809,5.54254,2.58349e+16,3.92314e+16,32.4288,3.00974,5.10206,2.09468e+19,8.64921e+20,sim09046.iv
sim09047,49.1587,3.98581,5.82637,9.51746e+20,1.50507e+19,236.546,3.63009,5.41496,7.15109e+16,2.99654e+16,29.1837,2.97461,5.11317,1.98919e+19,5.31425e+20,sim09047.iv
sim09048,26.1872,3.92093,5.81455,9.53489e+20,4.84606e+19,265.548,3.66299,5.41942,5.95574e+16,9.54899e+16,23.4638,2.80369,5.02952,2.75711e+19,6.70662e+20,sim09048.iv
sim09049,22.7001,3.9779,5.96416,6.55439e+20,4.97209e+19,237.243,3.61548,5.5172,9.96102e+16,4.9985e+16,48.496,3.12766,5.13771,4.529e+19,9.30711e+20,sim09049.iv
sim09050,25.0642,3.92655,5.93073,7.375e+20,2.11232e+19,260.549,3.62714,5.56861,7.90719e+16,6.44192e+16,27.5984,2.87505,5.12032,1.51798e+19,7.91425e+20,sim09050.iv
sim09051,20.207,3.92547,5.85799,8.84257e+20,2.7523e+19,239.087,3.66684,5.59662,7.01027e+16,8.63984e+16,28.8601,3.11685,5.15051,1.29573e+19,7.102e+20,sim09051.iv
sim09052,37.6465,3.85252,5.92749,6.74455e+20,4.49503e+19,317.607,3.64605,5.55393,4.99583e+16,3.46182e+16,27.9891,2.88167,5.18812,4.33007e+19,5.03642e+20,sim09052.iv
sim09053,20.9636,3.8196,5.81741,9.49437e+20,1.12902e+19,316.096,3.64938,5.41763,5.56123e+16,9.69035e+16,24.3511,3.05966,5.08153,2.81172e+19,5.17828e+20,sim09053.iv
sim09054,30.0374,3.85996,5.91957,7.75463e+20,4.25985e+19,256.679,3.76,5.54681,1.69172e+16,3.1168e+16,32.3737,3.19301,5.12343,4.98415e+19,9.42844e+20,sim09054.iv
sim09055,31.5527,3.80378,5.94339,7.26734e+20,2.20585e+19,271.969,3.76081,5.52636,6.48441e+16,8.89809e+16,24.5166,3.06712,5.0333,2.85751e+19,6.92815e+20,sim09055.iv
sim09056,32.2572,3.88119,5.96587,8.17777e+20,4.51534e+19,327.296,3.75484,5.40994,5.34824e+16,9.27806e+16,42.0886,2.9145,5.01189,2.90517e+19,8.31438e+20,sim09056.iv
sim09057,23.3706,3.87525,5.89951,7.96806e+20,4.21868e+19,346.736,3.67062,5.43626,4.47268e+16,4.4951e+16,30.8507,2.87005,5.0576,4.96241e+19,9.69505e+20,sim09057.iv
sim09058,40.6595,3.86607,5.95312,9.04566e+20,1.59759e+19,297.414,3.79959,5.46713,1.31918e+16,8.56839e+16,38.3567,3.13469,5.01199,2.76906e+19,5.52358e+20,sim09058.iv
sim09059,37.8947,3.85265,5.99777,6.99158e+20,4.52636e+19,324.951,3.62674,5.56374,8.66792e+16,1.72133e+16,37.4673,3.10298,5.0857,1.97371e+19,5.96126e+20,sim09059.iv
sim09060,36.6116,3.81464,5.87102,7.82426e+20,2.82691e+19,329.559,3.76985,5.52365,4.12274e+16,3.6708e+16,28.0745,3.04879,5.16029,3.05605e+19,8.4478e+20,sim09060.iv
sim09061,39.2964,3.80408,5.80293,8.11872e+20,3.47982e+19,339.907,3.63777,5.59341,5.90639e+16,6.33248e+16,39.8644,3.12488,5.01829,3.89739e+19,8.9086e+20,sim09061.iv
sim09062,32.8505,3.94347,5.83532,5.0675e+20,4.38044e+19,347.154,3.7936,5.47141,6.95991e+16,3.31283e+16,24.7377,3.07849,5.04643,2.01116e+19,9.41344e+20,sim09062.iv
sim09063,46.3088,3.91744,5.97542,5.24896e+20,1.94976e+19,219.017,3.66436,5.59765,8.5764e+16,1.32917e+16,20.4831,3.04596,5.09807,3.62432e+19,6.3367e+20,sim09063.iv
sim09064,46.0464,3.89632,5.85706,8.49448e+20,4.46204e+19,260.196,3.64277,5.40667,3.79095e+16,8.99827e+16,45.2636,3.05739,5.08986,2.67277e+19,6.68095e+20,sim09064.iv
sim09065,42.4031,3.8458,5.9463,6.47688e+20,1.00994e+19,226.536,3.67736,5.4621,6.61796e+16,2.51312e+16,27.1848,3.01177,5.16421,3.56686e+19,8.8221e+20,sim09065.iv
sim09066,34.9966,3.85304,5.91145,6.48348e+20,4.87028e+19,251.356,3.73202,5.47579,6.22099e+16,1.48698e+16,22.8605,2.89105,5.01542,3.28542e+19,8.21263e+20,sim09066.iv
sim09067,28.3099,3.87999,5.85621,9.70073e+20,4.19917e+19,210.562,3.70552,5.48734,5.97651e+16,6.77671e+16,25.4943,2.80129,5.12645,2.45069e+19,5.76263e+20,sim09067.iv
sim09068,32.9127,3.85639,5.83792,9.95361e+20,1.61176e+19,286.811,3.76206,5.51309,9.78878e+16,1.62957e+16,31.5876,2.84127,5.04569,4.61566e+19,8.15873e+20,sim09068.iv
sim09069,32.571,3.89617,5.95426,5.63528e+20,2.13353e+19,346.567,3.69833,5.54354,6.4528e+16,2.77046e+16,29.3866,3.17083,5.1259,3.21185e+19,5.45048e+20,sim09069.iv
sim09070,25.9884,3.84061,5.82366,8.28747e+20,4.32715e+19,324.702,3.69758,5.5974,8.6171e+16,2.97957e+16,34.6733,3.1143,5.05356,1.4097e+19,7.37142e+20,sim09070.iv
sim09071,42.0153,3.84944,5.98161,9.32883e+20,1.26164e+19,331.994,3.78822,5.55488,5.4761e+16,5.15703e+16,42.8314,2.9754,5.17793,2.73312e+19,6.20146e+20,sim09071.iv
sim09072,44.9667,3.97098,5.91751,8.61e+20,4.91993e+19,300.824,3.66793,5.55976,9.50805e+16,4.48964e+16,42.1743,2.96471,5.06046,2.27165e+19,6.31673e+20,sim09072.iv
sim09073,45.4047,3.97004,5.90865,6.36702e+20,3.23508e+19,252.043,3.64489,5.43456,5.01887e+16,4.33711e+16,34.8094,3.14004,5.08795,3.26043e+19,8.96857e+20,sim09073.iv
sim09074,45.0423,3.80782,5.97125,8.54057e+20,3.70954e+19,239.903,3.73464,5.49046,9.59345e+16,2.04371e+16,46.9864,3.1471,5.01873,1.39035e+19,6.07289e+20,sim09074.iv
sim09075,20.042,3.84657,5.9599,8.98419e+20,1.46246e+19,338.397,3.79299,5.43733,6.43112e+16,2.07236e+16,35.2132,3.01309,5.03455,4.38611e+19,6.43534e+20,sim09075.iv
sim09076,22.9438,3.89613,5.82893,8.22566e+20,2.76893e+19,318.653,3.73016,5.44068,6.97289e+16,3.12634e+16,32.333,3.06717,5.18826,3.57403e+19,6.08781e+20,sim09076.iv
sim09077,29.0308,3.83637,5.88443,9.15441e+20,2.70734e+19,311.868,3.68368,5.40411,2.83297e+16,6.28003e+16,36.401,2.9607,5.04678,3.16812e+19,7.04517e+20,sim09077.iv
sim09078,46.5062,3.92021,5.85854,9.04758e+20,3.69422e+19,322.41,3.68449,5.51459,9.708e+16,8.14181e+16,39.2378,2.8763,5.07251,3.57188e+19,9.72383e+20,sim09078.iv
sim09079,46.1161,3.89746,5.86117,6.17095e+20,4.3938e+19,293.497,3.73022,5.41091,9.88643e+16,2.63879e+16,48.1737,3.10755,5.17774,2.19715e+19,7.24792e+20,sim09079.iv
sim09080,26.348,3.96691,5.94141,5.4284e+20,4.18772e+19,244.333,3.62874,5.58001,1.14933e+16,7.70945e+16,20.3751,2.84519,5.0175,4.87407e+19,6.41805e+20,sim09080.iv
sim09081,31.66,3.82853,5.88469,7.2609e+20,1.25911e+19,330.245,3.7597,5.58247,6.59659e+16,4.18741e+16,35.7532,3.18238,5.12156,2.95374e+19,5.96418e+20,sim09081.iv
sim09082,36.838,3.94634,5.81639,9.89988e+20,4.33716e+19,339.079,3.66475,5.41496,1.96936e+16,9.21242e+16,29.9213,3.19109,5.04389,2.2704e+19,7.23186e+20,sim09082.iv
sim09083,30.4107,3.91299,5.97549,9.10719e+20,4.27613e+19,341.298,3.77846,5.55929,9.19367e+16,4.55209e+16,40.5867,2.88865,5.01487,4.08805e+19,5.74214e+20,sim09083.iv
sim09084,35.3257,3.8707,5.9125,8.77021e+20,4.44724e+19,210.281,3.78611,5.53451,1.66698e+16,2.74921e+16,38.968,2.84905,5.15338,1.43024e+19,7.39315e+20,sim09084.iv
sim09085,33.5387,3.88706,5.84772,6.74919e+20,3.71453e+19,237.815,3.78489,5.50548,9.70896e+16,2.09881e+16,28.8932,3.17771,5.13499,3.69958e+19,5.49863e+20,sim09085.iv
sim09086,34.852,3.9605,5.80207,6.48567e+20,1.71315e+19,230.58,3.69723,5.46203,1.13633e+16,4.77066e+16,23.4482,2.99448,5.14764,3.67528e+19,8.37458e+20,sim09086.iv
sim09087,48.7962,3.83965,5.87275,7.38098e+20,3.33285e+19,337.745,3.74884,5.5165,9.2943e+16,6.67643e+16,36.9705,2.85793,5.18428,3.98309e+19,5.05901e+20,sim09087.iv
sim09088,40.6967,3.8487,5.82613,6.04647e+20,1.83255e+19,322.782,3.78498,5.4916,2.36934e+16,9.6224e+16,45.278,3.12264,5.0669,2.95464e+19,9.988e+20,sim09088.iv
sim09089,27.973,3.98132,5.88062,7.6369e+20,2.12759e+19,260.706,3.78953,5.53575,1.76479e+16,2.14645e+16,44.4201,3.15198,5.18323,2.3908e+19,8.82145e+20,sim09089.iv
sim09090,22.1623,3.83399,5.80543,7.4746e+20,1.48193e+19,281.479,3.62014,5.43871,1.49316e+16,1.58408e+16,46.1413,3.05248,5.03579,3.21025e+19,8.56233e+20,sim09090.iv
sim09091,26.0324,3.88607,5.93423,7.95428e+20,3.27502e+19,342.428,3.7738,5.5849,7.38963e+16,6.52189e+16,26.8654,3.16048,5.08688,2.02929e+19,7.53576e+20,sim09091.iv
sim09092,37.5203,3.89081,5.84723,5.538e+20,4.97802e+19,221.347,3.69865,5.44937,3.93116e+16,1.42211e+16,35.6691,3.09207,5.03995,3.35178e+19,7.85705e+20,sim09092.iv
sim09093,32.6626,3.97389,5.94836,9.87079e+20,1.73716e+19,286.415,3.63308,5.56224,4.31757e+16,7.17745e+16,20.7898,2.86103,5.04395,4.03853e+19,5.59226e+20,sim09093.iv
sim09094,46.6569,3.91569,5.8205,9.22808e+20,2.91118e+19,258.111,3.7173,5.40674,6.85865e+16,9.30473e+16,39.7506,2.96396,5.00365,2.8784e+19,7.36023e+20,sim09094.iv
sim09095,37.7028,3.95019,5.83973,8.88044e+20,1.42417e+19,337.791,3.73765,5.58399,4.92504e+16,7.16958e+16,45.3953,2.86286,5.1576,4.39208e+19,9.43882e+20,sim09095.iv
sim09096,28.3736,3.80639,5.85225,8.44629e+20,1.78647e+19,274.136,3.68433,5.51085,1.0397e+16,7.07136e+16,42.0697,2.80101,5.17673,3.08016e+19,9.1968e+20,sim09096.iv
sim09097,39.1178,3.95097,5.91046,8.67757e+20,1.64386e+19,223.083,3.77123,5.53492,1.76058e+16,5.25375e+16,27.8938,2.99825,5.04903,4.17532e+19,9.60948e+20,sim09097.iv
sim09098,42.7761,3.82146,5.89333,8.182e+20,4.00557e+19,302.021,3.6548,5.47604,1.77196e+16,4.28254e+16,44.2824,2.90531,5.10209,2.17832e+19,7.22143e+20,sim09098.iv
sim09099,38.4062,3.80157,5.90789,8.56506e+20,2.40737e+19,238.922,3.79986,5.48865,5.60469e+16,3.11275e+16,44.4044,3.11683,5.03066,3.13533e+19,8.82939e+20,sim09099.iv
sim09100,30.8139,3.83111,5.91867,8.63941e+20,2.6909e+19,312.166,3.73304,5.44512,9.18381e+16,6.79875e+16,48.3512,3.09385,5.17201,3.41382e+19,9.77367e+20,sim09100.iv
sim09101,29.4824,3.95012,5.98584,6.88827e+20,4.17205e+19,255.975,3.78456,5.58993,6.2409e+16,8.96122e+16,34.3662,3.19325,5.12421,2.93552e+19,6.585e+20,sim09101.iv
sim09102,33.4988,3.84135,5.81392,8.10834e+20,1.75554e+19,219.573,3.76128,5.42743,2.95122e+16,2.82489e+16,44.0913,2.81844,5.18078,4.78148e+19,7.20022e+20,sim09102.iv
sim09103,29.1353,3.93571,5.97881,5.88589e+20,2.17085e+19,234.881,3.63256,5.47126,2.36932e+16,8.9729e+16,48.2283,2.96498,5.12669,3.85835e+19,8.52519e+20,sim09103.iv
sim09104,40.3685,3.86817,5.88688,5.33522e+20,2.56681e+19,253.529,3.72083,5.5769,3.562e+16,6.29124e+16,48.9431,2.99033,5.08008,3.21347e+19,9.53292e+20,sim09104.iv
sim09105,21.9576,3.91126,5.85472,9.50801e+20,1.7358e+19,260.277,3.63769,5.45347,9.62344e+16,1.76473e+16,36.9468,2.80258,5.08791,1.8621e+19,9.35219e+20,sim09105.iv
sim09106,25.2193,3.88414,5.98039,7.26382e+20,3.98963e+19,245.723,3.75335,5.52522,5.66729e+16,5.06201e+16,41.4063,2.83617,5.05609,2.12872e+19,6.71802e+20,sim09106.iv
sim09107,45.5474,3.93178,5.99383,6.32281e+20,4.78487e+19,252.837,3.65239,5.48399,3.36066e+16,6.89353e+16,31.3486,3.09606,5.08722,4.39317e+19,8.16392e+20,sim09107.iv
sim09108,22.638,3.80721,5.86671,5.52823e+20,4.42685e+19,304.777,3.66581,5.53389,8.88867e+16,4.16663e+16,42.6093,2.89264,5.10816,2.48946e+19,7.59766e+20,sim09108.iv
sim09109,22.5206,3.97993,5.971,7.48821e+20,1.77531e+19,217.141,3.72515,5.50407,2.27168e+16,3.4637e+16,32.7939,3.10344,5.00962,3.21256e+19,7.0701e+20,sim09109.iv
sim09110,48.713,3.84926,5.92689,5.6137e+20,4.31733e+19,224.389,3.77489,5.45497,5.0078e+16,2.54624e+16,30.3683,2.93282,5.09488,2.1801e+19,5.69187e+20,sim09110.iv
sim09111,33.6722,3.8059,5.80246,8.48149e+20,3.42834e+19,259.544,3.69294,5.51047,2.90339e+16,8.59247e+16,38.2382,3.01329,5.08909,1.22195e+19,9.30729e+20,sim09111.iv
sim09112,31.0624,3.94599,5.95479,6.11805e+20,3.52772e+19,226.59,3.64616,5.51896,7.60106e+16,2.95093e+16,25.9457,3.14505,5.13803,2.62687e+19,8.14784e+20,sim09112.iv
sim09113,48.064,3.99127,5.83439,6.71004e+20,2.92418e+19,331.922,3.64405,5.49011,1.60221e+16,3.98624e+16,43.0686,3.15288,5.04587,2.78136e+19,7.55859e+20,sim09113.iv
sim09114,20.599,3.92728,5.84777,7.88075e+20,3.85223e+19,285.123,3.63178,5.40843,4.25278e+16,2.90037e+16,26.176,3.1454,5.11882,2.77412e+19,8.03826e+20,sim09114.iv
sim09115,31.3556,3.88034,5.83462,8.11093e+20,2.3057e+19,227.622,3.63838,5.51199,5.5398e+16,1.845e+16,33.9453,2.96409,5.1772,4.03073e+19,6.63733e+20,sim09115.iv
sim09116,21.2748,3.92267,5.95268,9.36665e+20,3.89778e+19,344.79,3.75795,5.48245,4.76228e+16,4.5381e+16,42.7732,3.00847,5.05495,4.28624e+19,6.35359e+20,sim09116.iv
sim09117,28.0033,3.83856,5.98966,8.10022e+20,1.27019e+19,321.432,3.70952,5.45338,4.63707e+16,9.27933e+16,33.8606,3.10766,5.12729,3.18506e+19,7.69743e+20,sim09117.iv
sim09118,39.8074,3.98283,5.83587,6.07286e+20,1.92921e+19,290.379,3.77187,5.53197,4.59275e+16,1.29609e+16,35.9222,3.00594,5.08636,3.61434e+19,5.57076e+20,sim09118.iv
sim09119,41.2932,3.85655,5.92121,9.11989e+20,1.74053e+19,267.247,3.72786,5.52797,8.57312e+16,5.72495e+16,41.0473,2.81278,5.03347,4.95141e+19,7.44396e+20,sim09119.iv
sim09120,20.9434,3.8081,5.95193,6.5672e+20,2.08983e+19,329.372,3.75176,5.4808,1.178e+16,9.61774e+16,47.2012,3.14295,5.14207,3.29867e+19,9.15948e+20,sim09120.iv
sim09121,32.4139,3.93163,5.85472,9.90566e+20,1.32887e+19,318.689,3.65381,5.5507,3.92384e+16,3.51192e+16,45.2584,2.9385,5.06905,1.79973e+19,6.4246e+20,sim09121.iv
sim09122,35.8005,3.92771,5.96074,6.15974e+20,2.22275e+19,294.115,3.74599,5.54783,3.93234e+16,8.76223e+16,40.5785,2.85301,5.1415,3.95057e+19,8.58376e+20,sim09122.iv
sim09123,32.226,3.91746,5.91372,5.06849e+20,3.26714e+19,265.532,3.76888,5.54136,2.67113e+16,2.36483e+16,48.7607,2.90586,5.10554,3.14005e+19,9.53587e+20,sim09123.iv
sim09124,28.1981,3.90315,5.85701,8.63651e+20,2.16289e+19,316.387,3.61604,5.46563,5.22857e+16,5.65725e+16,30.4687,3.02671,5.04809,2.07685e+19,6.54997e+20,sim09124.iv
sim09125,36.0035,3.83995,5.90665,7.28349e+20,2.85186e+19,268.088,3.6431,5.53053,7.95112e+16,7.04575e+16,27.5499,3.0665,5.00182,1.50705e+19,6.40876e+20,sim09125.iv
sim09126,38.0255,3.92461,5.83747,8.80118e+20,3.96652e+19,277.207,3.75916,5.55093,7.22176e+16,9.11379e+16,22.8279,2.86353,5.09172,2.13777e+19,9.32456e+20,sim09126.iv
sim09127,37.6056,3.93597,5.98588,8.54759e+20,4.99296e+19,318.279,3.73309,5.46235,7.75784e+16,4.89001e+16,48.3826,3.14723,5.01594,4.91708e+19,7.07086e+20,sim09127.iv
sim09128,29.4425,3.86933,5.84073,6.95969e+20,4.65269e+19,265.719,3.79893,5.55082,6.43193e+16,3.17934e+16,26.6835,2.98312,5.10755,2.02733e+19,8.52603e+20,sim09128.iv
sim09129,36.8023,3.87352,5.84581,7.40818e+20,4.77256e+19,291.862,3.69169,5.55112,9.57661e+16,5.4286e+16,44.6638,2.84798,5.09967,4.63841e+19,9.2612e+20,sim09129.iv
sim09130,46.2774,3.80229,5.86657,5.09962e+20,4.37345e+19,278.428,3.60664,5.42848,9.2504e+16,4.51566e+16,27.1928,2.88826,5.08354,2.55251e+19,5.36183e+20,sim09130.iv
sim09131,29.2663,3.95245,5.97265,7.30836e+20,1.66285e+19,273.592,3.65017,5.45862,1.01696e+16,9.76871e+16,21.7961,2.84906,5.09559,2.6379e+19,5.15241e+20,sim09131.iv
sim09132,42.4538,3.99801,5.81409,9.45348e+20,3.46881e+19,285.34,3.78111,5.51432,7.3906e+16,6.85076e+16,38.9335,3.1178,5.16536,1.53517e+19,6.79701e+20,sim09132.iv
sim09133,38.1885,3.90384,5.89996,5.06836e+20,3.55694e+19,238.78,3.61397,5.56021,2.68841e+16,8.49185e+16,44.6116,3.12861,5.01856,1.45072e+19,6.21625e+20,sim09133.iv
sim09134,33.4458,3.9378,5.93229,5.36293e+20,1.01839e+19,337.76,3.70724,5.54405,2.95712e+16,8.88421e+16,47.6031,3.03248,5.17671,1.51201e+19,9.21641e+20,sim09134.iv
sim09135,26.8189,3.95171,5.95413,8.1614e+20,1.00194e+19,219.625,3.65505,5.52388,2.24596e+16,1.64809e+16,22.0355,3.08057,5.15196,2.32951e+19,9.13237e+20,sim09135.iv
sim09136,37.7893,3.83361,5.91711,5.49733e+20,4.3281e+19,274.708,3.76858,5.5631,3.57728e+16,9.65428e+16,26.6729,3.02298,5.15893,2.63923e+19,7.78967e+20,sim09136.iv
sim09137,20.4278,3.97797,5.85376,8.71687e+20,1.75975e+19,221.304,3.73284,5.55313,5.03125e+16,2.69027e+16,28.7705,2.80242,5.11121,4.65139e+19,5.37949e+20,sim09137.iv
sim09138,49.0248,3.98987,5.86159,5.01473e+20,4.94715e+19,236.658,3.77168,5.58188,1.69476e+16,9.10565e+16,49.9276,3.02577,5.06185,2.64098e+19,9.99637e+20,sim09138.iv
sim09139,39.4911,3.97193,5.9422,6.825e+20,3.52253e+19,221.347,3.74867,5.46237,4.01725e+16,8.56414e+16,30.3654,2.90584,5.0192,1.45559e+19,9.34329e+20,sim09139.iv
sim09140,36.2762,3.98357,5.99094,6.27549e+20,4.45276e+19,272.67,3.73695,5.52097,3.72383e+16,2.27759e+16,32.3385,2.87827,5.0214,2.51622e+19,5.29305e+20,sim09140.iv
sim09141,25.1821,3.82357,5.939,5.42282e+20,1.84408e+19,341.403,3.67002,5.5843,3.02614e+16,5.07331e+16,39.1051,2.97525,5.02683,1.05475e+19,7.57016e+20,sim09141.iv
sim09142,26.7577,3.98994,5.84404,5.84359e+20,1.58401e+19,303.144,3.68398,5.4268,1.63591e+16,8.19663e+16,32.022,2.99627,5.0503,1.74054e+19,5.37501e+20,sim09142.iv
sim09143,20.2824,3.92602,5.83279,8.92355e+20,1.02359e+19,237.377,3.73575,5.54317,2.97072e+16,2.13703e+16,47.9336,3.01359,5.02344,2.57276e+19,9.19739e+20,sim09143.iv
sim09144,30.7435,3.83319,5.87443,9.5047e+20,3.88181e+19,282.535,3.79687,5.46442,6.11176e+16,5.37316e+16,38.5614,2.82094,5.16778,1.04032e+19,7.24587e+20,sim09144.iv
sim09145,21.9066,3.84164,5.9368,8.82327e+20,2.4218e+19,343.638,3.76452,5.50904,8.75982e+16,6.73572e+16,41.0524,3.16958,5.1815,4.63754e+19,9.26982e+20,sim09145.iv
sim09146,47.1827,3.90943,5.93946,6.98594e+20,2.43698e+19,216.212,3.74909,5.55052,7.11544e+16,1.88533e+16,42.8491,3.14646,5.17621,2.05906e+19,6.32401e+20,sim09146.iv
sim09147,48.624,3.83619,5.93494,7.54266e+20,2.14545e+19,310.327,3.66282,5.57807,9.37451e+16,8.78239e+16,25.9612,3.1896,5.06619,3.12272e+19,9.32799e+20,sim09147.iv
sim09148,35.7409,3.85884,5.85479,7.49228e+20,3.63236e+19,298.314,3.60025,5.54931,4.28961e+16,9.98401e+16,26.3051,3.12957,5.07613,2.71998e+19,8.667e+20,sim09148.iv
sim09149,41.9543,3.90205,5.84374,9.17978e+20,3.80428e+19,340.925,3.71515,5.46221,8.7665e+16,1.12104e+16,35.2061,3.06113,5.19284,3.2191e+19,7.71075e+20,sim09149.iv
sim09150,39.704,3.90746,5.87729,7.07403e+20,1.23459e+19,267.984,3.63339,5.53114,5.40305e+16,2.31807e+16,28.3213,2.84148,5.07829,4.37536e+19,9.51811e+20,sim09150.iv
sim09151,42.6908,3.96388,5.99844,8.37207e+20,1.18864e+19,244.231,3.67786,5.45757,3.20545e+16,6.33051e+16,20.585,2.91039,5.07349,3.45232e+19,5.48999e+20,sim09151.iv
sim09152,26.809,3.98969,5.84547,8.54863e+20,4.25738e+19,313.221,3.6448,5.42308,9.39798e+16,2.65838e+16,20.0181,2.81331,5.18591,4.41318e+19,5.52375e+20,sim09152.iv
sim09153,49.574,3.84416,5.90668,8.5971e+20,3.00971e+19,285.373,3.77266,5.50646,3.46129e+16,9.03434e+16,46.7232,2.8626,5.01114,4.80178e+19,6.17975e+20,sim09153.iv
sim09154,43.6738,3.97636,5.93012,5.02058e+20,1.08787e+19,264.389,3.65573,5.41663,1.64926e+16,6.51204e+16,38.3503,3.07349,5.19778,1.02149e+19,7.13536e+20,sim09154.iv
sim09155,37.1651,3.86316,5.97174,5.43106e+20,4.76693e+19,313.58,3.64576,5.45134,1.06224e+16,9.26203e+16,31.9102,2.90545,5.17884,2.57005e+19,7.36695e+20,sim09155.iv
sim09156,25.3804,3.96865,5.84223,7.47328e+20,4.49127e+19,309.953,3.75611,5.50512,4.70689e+16,9.0153e+16,29.9266,2.95196,5.13052,2.0207e+19,7.80591e+20,sim09156.iv
sim09157,37.949,3.90253,5.91405,8.75312e+20,3.06018e+19,273.823,3.7858,5.44676,1.61351e+16,2.93589e+16,45.5683,2.90298,5.05012,2.38464e+19,8.62339e+20,sim09157.iv
sim09158,23.9444,3.93617,5.82584,5.49987e+20,2.58397e+19,346.434,3.62545,5.43412,5.62924e+16,7.42378e+16,21.6514,2.88866,5.16869,3.3209e+19,5.07463e+20,sim09158.iv
sim09159,43.7273,3.81792,5.92994,7.58767e+20,3.58245e+19,297.192,3.69317,5.53058,8.17496e+16,7.15415e+16,25.5613,3.15531,5.1551,1.66191e+19,5.13159e+20,sim09159.iv
sim09160,20.5462,3.83932,5.92632,5.34916e+20,3.40304e+19,297.283,3.61892,5.4465,7.36546e+16,4.1986e+16,29.1733,3.04465,5.0386,2.37844e+19,5.95506e+20,sim09160.iv
sim09161,42.2933,3.80186,5.89481,9.64379e+20,3.6871e+19,281.207,3.64351,5.51157,2.93275e+16,8.87924e+16,46.2814,3.08947,5.0063,4.95608e+19,7.94349e+20,sim09161.iv
sim09162,47.6608,3.93727,5.83793,6.11455e+20,1.61821e+19,289.664,3.64413,5.40942,9.72518e+16,6.77516e+16,36.0144,2.87134,5.17264,3.63225e+19,9.79127e+20,sim09162.iv
sim09163,29.0126,3.94345,5.80241,8.46203e+20,1.2358e+19,343.917,3.67506,5.5833,5.44797e+16,8.13164e+16,34.4808,3.02288,5.13162,4.60095e+19,6.12189e+20,sim09163.iv
sim09164,39.1655,3.93793,5.86508,6.57305e+20,1.47821e+19,259.85,3.68077,5.49487,6.79466e+16,1.60769e+16,20.4254,2.87875,5.19505,4.98585e+19,8.91765e+20,sim09164.iv
sim09165,32.2848,3.99053,5.95805,9.82313e+20,3.03863e+19,337.36,3.76662,5.54046,8.81289e+16,1.75598e+16,36.8771,2.84943,5.14333,1.83001e+19,6.76635e+20,sim09165.iv
sim09166,24.3048,3.9193,5.80383,9.14644e+20,3.00849e+19,234.405,3.7038,5.54004,7.02048e+16,6.94939e+16,39.4995,3.02209,5.06349,2.91723e+19,9.04855e+20,sim09166.iv
sim09167,44.7109,3.96174,5.85765,9.49659e+20,2.66888e+19,263.72,3.7858,5.52997,9.52513e+16,1.87787e+16,30.7683,3.01075,5.10758,4.08718e+19,8.21384e+20,sim09167.iv
sim09168,26.1578,3.95727,5.94883,6.22765e+20,1.69078e+19,215.608,3.72985,5.57534,6.78041e+16,2.18127e+16,47.7042,3.12669,5.15303,4.52754e+19,6.93894e+20,sim09168.iv
sim09169,25.0084,3.93229,5.98368,6.09831e+20,3.0731e+19,330.132,3.63204,5.47073,8.32792e+16,6.78765e+16,23.6541,3.02017,5.07235,4.90976e+19,6.8622e+20,sim09169.iv
sim09170,40.1607,3.89457,5.829,6.77246e+20,4.65809e+19,234.099,3.66175,5.49601,2.65631e+16,5.55909e+16,22.1606,3.06072,5.16907,4.59406e+19,6.13164e+20,sim09170.iv
sim09171,39.6626,3.80247,5.92877,8.84345e+20,2.93666e+19,313.007,3.64354,5.45879,8.72512e+16,1.62355e+16,40.9926,3.10605,5.07537,3.05809e+19,8.2393e+20,sim09171.iv
sim09172,23.1383,3.94691,5.88832,9.07861e+20,2.26315e+19,247.663,3.74446,5.53743,7.57292e+16,3.86401e+16,48.9711,2.92321,5.05666,2.50883e+19,5.20425e+20,sim09172.iv
sim09173,32.7258,3.81869,5.84811,6.36449e+20,1.74013e+19,303.259,3.73714,5.47876,2.03527e+16,8.30524e+16,45.3283,3.1944,5.17939,3.29884e+19,6.77652e+20,sim09173.iv
sim09174,44.4437,3.91408,5.98752,8.57207e+20,2.03034e+19,258.921,3.76315,5.59537,5.31189e+16,4.9129e+16,25.3329,3.05605,5.01151,2.89696e+19,7.89669e+20,sim09174.iv
sim09175,26.532,3.89432,5.94411,8.10033e+20,1.89457e+19,229.922,3.74338,5.50929,3.00479e+16,3.91066e+16,42.209,2.89041,5.12168,2.46372e+19,5.84821e+20,sim09175.iv
sim09176,20.9408,3.92021,5.90404,8.52757e+20,2.07128e+19,292.871,3.60519,5.57371,6.82051e+16,6.98037e+16,31.8055,3.09264,5.03786,2.18014e+19,5.62249e+20,sim09176.iv
sim09177,39.377,3.85982,5.86475,7.7072e+20,4.25929e+19,339.95,3.76447,5.50858,9.4484e+16,5.06618e+16,29.6759,2.91176,5.05479,4.92039e+19,9.10983e+20,sim09177.iv
sim09178,24.6333,3.93741,5.85012,5.895e+20,3.3554e+19,249.827,3.76203,5.41237,5.47534e+16,7.85969e+16,35.5844,3.13381,5.0227,1.91671e+19,5.06456e+20,sim09178.iv
sim09179,45.7713,3.86168,5.96096,5.68814e+20,2.70717e+19,253.405,3.72246,5.57188,6.45309e+16,9.89275e+16,26.5105,3.02685,5.04714,1.4526e+19,7.14345e+20,sim09179.iv
sim09180,25.3359,3.89455,5.84426,7.04862e+20,2.63623e+19,240.899,3.69174,5.5937,5.68318e+16,2.91498e+16,24.406,3.12361,5.01267,1.43378e+19,5.37259e+20,sim09180.iv
sim09181,29.1363,3.95879,5.94018,9.48723e+20,3.4719e+19,215.935,3.64412,5.41339,3.39775e+16,9.32735e+16,33.6228,2.84582,5.10703,2.74297e+19,9.86217e+20,sim09181.iv
sim09182,44.1393,3.929,5.99077,6.3138e+20,2.55413e+19,283.247,3.78378,5.40513,9.78691e+16,7.01736e+16,37.7813,2.87853,5.09311,2.02733e+19,7.59303e+20,sim09182.iv
sim09183,42.1224,3.97327,5.88148,5.25618e+20,3.50983e+19,255.401,3.77194,5.51584,5.55032e+16,1.97817e+16,38.9049,2.83196,5.15057,3.21306e+19,8.5456e+20,sim09183.iv
sim09184,25.1887,3.97194,5.93349,6.99488e+20,1.51994e+19,279.449,3.63158,5.52099,4.14462e+16,9.28053e+16,48.7739,2.84734,5.05344,1.95886e+19,9.35123e+20,sim09184.iv
sim09185,31.1944,3.86854,5.986,5.5017e+20,4.15583e+19,329.14,3.68035,5.41049,8.40163e+16,2.52628e+16,34.7701,2.95273,5.19616,3.45297e+19,9.44942e+20,sim09185.iv
sim09186,38.4602,3.92635,5.8972,7.60636e+20,3.28426e+19,325.029,3.76385,5.56505,6.81843e+16,2.67687e+16,49.0476,2.92567,5.18102,1.56445e+19,9.03687e+20,sim09186.iv
sim09187,49.6361,3.92201,5.81595,6.87954e+20,4.31872e+19,225.046,3.78391,5.49783,6.83122e+16,3.97079e+16,21.5442,2.85663,5.19628,4.7673e+19,9.67009e+20,sim09187.iv
sim09188,45.15,3.99464,5.86609,9.93411e+20,4.49431e+19,215.717,3.72427,5.56302,7.48245e+16,6.30772e+16,35.4306,2.85261,5.13693,4.92756e+19,8.82434e+20,sim09188.iv
sim09189,44.1351,3.90649,5.90781,8.15307e+20,2.31875e+19,323.57,3.74352,5.50284,4.45586e+16,3.26204e+16,27.7649,3.09251,5.01999,3.81234e+19,5.50316e+20,sim09189.iv
sim09190,30.2212,3.93532,5.92618,5.67294e+20,3.4765e+19,323.602,3.78485,5.53758,9.64077e+16,6.64155e+16,24.4531,3.13074,5.17685,3.34321e+19,7.58939e+20,sim09190.iv
sim09191,40.041,3.94967,5.83458,9.57203e+20,3.25899e+19,231.416,3.68632,5.59045,7.71153e+16,1.19167e+16,30.8922,2.97292,5.00318,3.23596e+19,9.56948e+20,sim09191.iv
sim09192,48.4292,3.86777,5.89101,8.72863e+20,1.04982e+19,225.82,3.74086,5.48818,2.19778e+16,4.49109e+16,43.8452,2.99004,5.0078,4.04426e+19,6.00279e+20,sim09192.iv
sim09193,40.9214,3.8214,5.94373,6.77962e+20,1.65685e+19,305.239,3.75704,5.42517,9.43449e+16,7.24339e+16,29.8175,2.89528,5.03746,1.63833e+19,8.72643e+20,sim09193.iv
sim09194,25.3028,3.80101,5.84527,8.01532e+20,3.77561e+19,285.925,3.70976,5.42116,8.33002e+16,5.30688e+16,35.8065,2.82703,5.09602,4.45937e+19,8.5908e+20,sim09194.iv
sim09195,28.4617,3.83936,5.99409,9.47736e+20,2.06489e+19,333.897,3.79952,5.57425,7.59957e+16,2.89697e+16,27.7777,3.00958,5.10795,2.52559e+19,6.3412e+20,sim09195.iv
sim09196,22.9795,3.81726,5.93202,7.88198e+20,4.82561e+19,256.569,3.7395,5.40064,8.22897e+16,3.2823e+16,48.4418,2.80106,5.00817,4.68584e+19,9.73368e+20,sim09196.iv
sim09197,24.2738,3.80489,5.99154,7.61568e+20,3.67479e+19,299.238,3.62535,5.47314,2.39241e+16,7.90982e+16,26.9082,3.09907,5.13216,1.92015e+19,9.65532e+20,sim09197.iv
sim09198,27.4113,3.90816,5.86021,9.47029e+20,1.42449e+19,236.027,3.78045,5.56968,7.74661e+16,9.86777e+16,23.2605,2.85672,5.01015,2.84515e+19,8.22256e+20,sim09198.iv
sim09199,36.1944,3.80227,5.97333,7.72486e+20,1.54854e+19,240.332,3.68969,5.49741,6.95324e+16,4.71576e+16,45.8921,3.09599,5.13356,4.54148e+19,9.51762e+20,sim09199.iv
sim09200,43.4467,3.8496,5.84107,5.7591e+20,1.98523e+19,345.336,3.7341,5.46123,6.08135e+16,5.03898e+16,37.0117,2.96698,5.13371,4.51915e+19,9.45644e+20,sim09200.iv
sim09201,45.4444,3.86081,5.99909,8.89481e+20,4.2722e+19,281.95,3.71929,5.56709,2.31462e+16,5.01016e+16,40.4011,2.95761,5.17224,3.66453e+19,9.14545e+20,sim09201.iv
sim09202,44.6458,3.91824,5.95685,9.36208e+20,4.96853e+19,316.336,3.7161,5.53764,6.13794e+16,2.9831e+16,22.8964,3.19757,5.19396,2.22128e+19,8.42771e+20,sim09202.iv
sim09203,33.1778,3.82398,5.97479,6.71563e+20,4.10986e+19,344.413,3.74674,5.45456,3.15126e+16,7.46505e+16,30.5178,3.12258,5.18603,3.91466e+19,9.25712e+20,sim09203.iv
sim09204,49.668,3.97258,5.9189,5.72278e+20,2.31262e+19,252.104,3.66188,5.54461,2.7649e+16,9.89716e+16,40.9774,2.86814,5.08709,2.18854e+19,5.60079e+20,sim09204.iv
sim09205,34.1826,3.89889,5.95672,6.26088e+20,3.66968e+19,293.8,3.6898,5.59,9.46312e+16,6.26772e+16,22.7356,3.16884,5.07871,4.3457e+19,8.58535e+20,sim09205.iv
sim09206,23.3024,3.96424,5.86437,9.29704e+20,4.06644e+19,280.918,3.60938,5.5829,9.23269e+16,9.79295e+16,47.6312,2.9898,5.17019,3.29601e+19,8.65169e+20,sim09206.iv
sim09207,23.0561,3.9413,5.82822,6.29222e+20,2.11849e+19,246.397,3.61884,5.4923,8.02327e+16,7.69962e+16,27.0618,2.94855,5.12487,3.36349e+19,5.37824e+20,sim09207.iv
sim09208,24.4161,3.91219,5.80658,9.69604e+20,1.90043e+19,263.685,3.75163,5.47492,3.87847e+16,1.1253e+16,20.9645,2.86805,5.00523,4.74204e+19,9.4197e+20,sim09208.iv
sim09209,48.6622,3.98494,5.97903,8.08455e+20,3.88806e+19,256.795,3.61115,5.4718,7.38311e+16,6.22405e+16,36.7682,3.12974,5.05462,1.68777e+19,8.50002e+20,sim09209.iv
sim09210,33.2283,3.98571,5.88746,6.57574e+20,4.11594e+19,248.104,3.73525,5.50681,7.60088e+16,8.99816e+16,27.8605,3.09718,5.15911,4.10145e+19,7.15661e+20,sim09210.iv
sim09211,25.6905,3.98076,5.91979,5.84806e+20,3.73409e+19,290.015,3.7532,5.56967,5.67076e+16,2.14482e+16,40.9356,2.95286,5.07212,1.32851e+19,9.05652e+20,sim09211.iv
sim09212,23.9883,3.92522,5.82361,5.47429e+20,1.17788e+19,302.147,3.79351,5.48286,8.35324e+16,8.07402e+16,31.9397,2.93158,5.15804,4.95955e+19,8.70424e+20,sim09212.iv
sim09213,47.0991,3.90156,5.94867,9.92827e+20,3.21192e+19,250.118,3.7453,5.51199,2.40848e+16,9.20391e+16,33.7446,2.82832,5.10836,2.77372e+19,9.01894e+20,sim09213.iv
sim09214,34.0913,3.811,5.90043,5.87945e+20,2.70757e+19,323.801,3.63244,5.43168,6.74317e+16,4.98021e+16,20.1509,2.97556,5.18927,2.90455e+19,5.55919e+20,sim09214.iv
sim09215,40.8299,3.89352,5.95391,5.98112e+20,4.83207e+19,210.271,3.77616,5.41243,3.77198e+16,4.14662e+16,45.7499,3.06732,5.01856,1.0706e+19,5.63089e+20,sim09215.iv
sim09216,37.8923,3.86341,5.99749,8.97769e+20,1.51742e+19,212.806,3.67457,5.53919,5.07232e+16,1.22357e+16,26.3057,2.9132,5.15122,1.62336e+19,6.52476e+20,sim09216.iv
sim09217,36.4707,3.91596,5.82056,5.18358e+20,3.87091e+19,265.083,3.60059,5.57297,1.22569e+16,4.21219e+16,47.8622,2.93623,5.12858,4.97329e+19,5.54446e+20,sim09217.iv
sim09218,31.8204,3.87422,5.81902,6.69438e+20,2.48508e+19,344.89,3.61749,5.57173,4.81958e+16,1.05412e+16,30.4035,2.87052,5.07297,4.1069e+19,9.44095e+20,sim09218.iv
sim09219,24.4781,3.96697,5.931,5.04039e+20,2.8607e+19,321.391,3.72854,5.41659,7.2929e+16,3.10104e+16,46.984,3.13052,5.04318,4.81932e+19,8.75681e+20,sim09219.iv
sim09220,38.6656,3.96331,5.80888,5.38578e+20,3.87789e+19,227.019,3.73719,5.4964,2.46841e+16,1.09187e+16,29.0787,2.83166,5.08782,3.21255e+19,9.5274e+20,sim09220.iv
sim09221,49.2663,3.82964,5.8049,5.63753e+20,4.86439e+19,245.05,3.67792,5.44127,5.78312e+16,3.51408e+16,44.6981,2.99199,5.09216,1.54362e+19,8.83586e+20,sim09221.iv
sim09222,46.8624,3.82693,5.96036,5.87059e+20,3.10909e+19,298.292,3.72413,5.43081,6.60246e+16,7.53357e+16,44.2442,3.07086,5.02552,1.71377e+19,5.83683e+20,sim09222.iv
sim09223,49.5845,3.87535,5.95376,7.79589e+20,2.24707e+19,211.06,3.78155,5.55739,9.38855e+16,5.16532e+16,38.4453,3.11205,5.15969,3.0834e+19,5.35796e+20,sim09223.iv
sim09224,24.8989,3.98276,5.81569,5.04905e+20,3.9976e+19,210.214,3.63757,5.44248,7.29101e+16,1.45741e+16,23.8209,2.8745,5.12741,1.89492e+19,9.24667e+20,sim09224.iv
sim09225,31.6054,3.8962,5.87521,7.00817e+20,2.81447e+19,249.423,3.69946,5.47834,2.94979e+16,8.92899e+16,23.4928,2.82521,5.03532,2.93894e+19,6.46371e+20,sim09225.iv
sim09226,49.3409,3.99994,5.93306,8.3457e+20,4.43884e+19,224.097,3.79611,5.53293,6.66006e+16,7.87902e+16,24.3841,2.8464,5.15361,1.52087e+19,8.59622e+20,sim09226.iv
sim09227,45.6032,3.85266,5.91927,7.3789e+20,4.12758e+19,298.058,3.7551,5.54855,6.71946e+16,4.22299e+16,36.4991,3.14403,5.16871,3.19585e+19,5.51532e+20,sim09227.iv
sim09228,22.0876,3.85246,5.99524,5.07864e+20,4.48235e+19,346.1,3.63579,5.46857,9.39124e+16,2.28195e+16,44.2343,3.05308,5.17237,2.43531e+19,5.55913e+20,sim09228.iv
sim09229,38.3314,3.94567,5.82811,6.19097e+20,2.77268e+19,288.71,3.67892,5.51857,6.0924e+16,1.6776e+16,29.1425,2.95529,5.10966,4.34002e+19,8.95422e+20,sim09229.iv
sim09230,44.1556,3.9171,5.91538,9.07759e+20,1.79001e+19,231.11,3.61883,5.59239,8.79297e+16,6.83803e+16,25.0593,2.80315,5.12791,3.84382e+19,8.55154e+20,sim09230.iv
sim09231,36.6803,3.80671,5.89066,5.85931e+20,2.29576e+19,339.339,3.67624,5.58284,3.52729e+16,3.38714e+16,43.7649,2.91763,5.0494,3.67458e+19,6.06776e+20,sim09231.iv
sim09232,44.9173,3.93893,5.86593,7.34503e+20,3.56952e+19,309.12,3.62512,5.44588,9.82823e+16,3.0781e+16,24.9472,2.95564,5.15065,1.40558e+19,6.71497e+20,sim09232.iv
sim09233,22.0247,3.83658,5.99329,7.59959e+20,4.82433e+19,327.131,3.79709,5.45699,5.69918e+16,5.66202e+16,35.6191,2.81572,5.12177,3.81967e+19,9.46117e+20,sim09233.iv
sim09234,43.8962,3.8741,5.8548,7.90005e+20,4.75466e+19,221.547,3.67426,5.52009,2.15196e+16,7.61547e+16,42.5819,3.02756,5.02515,4.35185e+19,5.33341e+20,sim09234.iv
sim09235,49.674,3.90679,5.90058,6.70577e+20,3.1896e+19,332.801,3.6781,5.47433,9.00144e+16,3.48089e+16,30.9686,2.82673,5.04101,1.80896e+19,9.10252e+20,sim09235.iv
sim09236,49.291,3.81904,5.8612,5.70559e+20,3.89139e+19,272.808,3.67692,5.56087,6.69618e+16,5.4632e+16,23.7286,2.94835,5.007,2.06784e+19,9.57874e+20,sim09236.iv
sim09237,29.0339,3.92371,5.9551,6.69325e+20,1.58324e+19,238.55,3.70984,5.41188,2.07182e+16,9.66091e+16,36.8543,2.89596,5.05406,4.9837e+19,7.6337e+20,sim09237.iv
sim09238,23.5363,3.84146,5.95234,8.35654e+20,2.87748e+19,253.858,3.7447,5.44736,4.33119e+16,9.06531e+16,28.6465,2.99965,5.03334,1.04712e+19,7.08689e+20,sim09238.iv
sim09239,24.6625,3.95647,5.82258,9.49494e+20,3.72993e+19,218.057,3.66022,5.44399,9.96193e+16,4.39871e+16,23.1088,3.11183,5.05244,1.89639e+19,5.57454e+20,sim09239.iv
sim09240,45.394,3.87986,5.99685,6.57347e+20,1.44941e+19,246.145,3.63054,5.4654,7.92538e+16,8.37076e+16,40.4426,3.11556,5.08947,1.8113e+19,6.70796e+20,sim09240.iv
sim09241,38.7132,3.98505,5.8396,8.28849e+20,4.77245e+19,235.72,3.61034,5.48501,1.70452e+16,6.08699e+16,37.9828,3.15333,5.03723,4.27092e+19,6.30874e+20,sim09241.iv
sim09242,43.3124,3.86632,5.99839,8.45295e+20,4.92306e+19,325.193,3.73873,5.57059,5.96439e+16,3.56226e+16,38.8422,2.85004,5.07378,4.47906e+19,7.95702e+20,sim09242.iv
sim09243,44.9871,3.98227,5.82005,7.02331e+20,2.29935e+19,305.591,3.66779,5.5133,8.27634e+16,6.07541e+16,33.5706,2.87275,5.13782,2.08594e+19,8.10401e+20,sim09243.iv
sim09244,34.9867,3.99044,5.81968,6.44654e+20,2.79908e+19,283.943,3.63658,5.48706,9.30853e+16,8.5915e+16,26.168,2.91015,5.01782,1.31579e+19,6.20928e+20,sim09244.iv
sim09245,25.4439,3.94933,5.97004,8.65295e+20,2.77255e+19,293.673,3.79465,5.48813,3.18565e+16,1.24208e+16,30.9465,2.82944,5.0554,4.75004e+19,8.52504e+20,sim09245.iv
sim09246,31.4316,3.83773,5.87276,9.91875e+20,4.88947e+19,269.702,3.75586,5.42777,6.17977e+16,2.95826e+16,21.2197,3.04782,5.08312,4.19201e+19,7.075e+20,sim09246.iv
sim09247,20.0668,3.86073,5.96688,8.05896e+20,2.39299e+19,247.108,3.72665,5.44595,7.71605e+16,1.3326e+16,47.0216,2.80155,5.09375,3.86126e+19,8.45563e+20,sim09247.iv
sim09248,30.3849,3.90976,5.89883,9.31424e+20,1.17357e+19,316.311,3.67648,5.53887,9.0514e+16,9.70444e+16,27.6981,2.80549,5.00537,3.37069e+19,7.20407e+20,sim09248.iv
sim09249,43.4208,3.97319,5.83511,5.49202e+20,4.2049e+19,324.864,3.66857,5.44797,1.23046e+16,5.78042e+16,38.9448,3.03738,5.09035,1.37311e+19,7.66558e+20,sim09249.iv
sim09250,30.8681,3.94178,5.99719,8.01147e+20,3.01322e+19,252.672,3.63083,5.43554,2.11013e+16,6.76289e+16,46.636,2.89724,5.06345,4.22522e+19,9.36066e+20,sim09250.iv
sim09251,35.4125,3.89637,5.8255,9.09463e+20,2.07144e+19,289.274,3.75005,5.5585,5.34512e+16,2.93018e+16,27.4558,2.87935,5.10349,2.97936e+19,8.8189e+20,sim09251.iv
sim09252,31.313,3.91829,5.86605,6.95264e+20,3.32427e+19,310.463,3.7262,5.52487,9.00359e+16,1.44911e+16,20.4989,3.07672,5.0439,4.20029e+19,8.43062e+20,sim09252.iv
sim09253,34.7192,3.88312,5.84384,6.91021e+20,1.83171e+19,260.703,3.65465,5.59427,6.6629e+16,7.10874e+16,22.3112,3.04584,5.12293,2.42922e+19,8.3589e+20,sim09253.iv
sim09254,21.1637,3.96584,5.86512,6.80936e+20,3.62936e+19,257.893,3.69652,5.59462,4.14178e+16,4.8287e+16,24.148,3.1805,5.13913,2.76937e+19,7.77049e+20,sim09254.iv
sim09255,41.7889,3.87342,5.98397,5.4869e+20,4.20486e+19,249.529,3.60177,5.55756,1.80319e+16,4.60597e+16,47.2913,3.10727,5.09628,2.43033e+19,6.20528e+20,sim09255.iv
sim09256,21.3343,3.87773,5.8976,6.12425e+20,2.23417e+19,294.762,3.68999,5.59283,1.86541e+16,5.78342e+16,34.1832,3.11599,5.18386,2.34493e+19,9.04403e+20,sim09256.iv
sim09257,46.3297,3.91071,5.95492,5.49252e+20,4.49649e+19,344.535,3.76622,5.42343,1.02277e+16,4.11011e+16,28.3357,3.02949,5.00062,3.13006e+19,9.54434e+20,sim09257.iv
sim09258,35.494,3.80871,5.89776,8.3457e+20,2.23804e+19,338.727,3.79022,5.54156,5.95997e+16,4.47189e+16,34.7173,2.94956,5.11677,1.87848e+19,5.58875e+20,sim09258.iv
sim09259,49.3122,3.85284,5.91804,8.50097e+20,3.32714e+19,309.782,3.65146,5.57784,4.59699e+16,6.08992e+16,25.1685,2.96235,5.1346,3.3948e+19,7.22187e+20,sim09259.iv
sim09260,24.0702,3.84009,5.98822,8.968e+20,2.70912e+19,336.139,3.63791,5.4157,9.98991e+16,5.7661e+16,48.4676,3.01649,5.09668,3.89777e+19,7.39167e+20,sim09260.iv
sim09261,33.8407,3.90918,5.84355,7.12075e+20,3.87305e+19,276.557,3.73035,5.59499,7.0227e+16,5.48426e+16,47.386,3.12287,5.08126,3.81071e+19,7.54566e+20,sim09261.iv
sim09262,38.439,3.92662,5.90469,7.15385e+20,2.20605e+19,251.694,3.78281,5.46844,5.83021e+16,1.10006e+16,44.7494,3.19034,5.06207,3.99913e+19,9.11294e+20,sim09262.iv
sim09263,44.0032,3.95818,5.87708,6.09963e+20,3.14524e+19,331.195,3.70306,5.58735,2.12325e+16,3.65886e+16,46.0526,3.18841,5.1257,3.18974e+19,7.47828e+20,sim09263.iv
sim09264,22.7948,3.94862,5.81559,6.47412e+20,1.15344e+19,345.586,3.70463,5.54448,4.43918e+16,5.38228e+16,48.9743,3.12918,5.03107,1.72489e+19,8.74852e+20,sim09264.iv
sim09265,20.8007,3.87485,5.95422,5.35201e+20,2.43409e+19,341.157,3.62394,5.44661,2.15448e+16,2.24748e+16,25.558,3.17457,5.13985,4.36647e+19,5.09463e+20,sim09265.iv
sim09266,24.4365,3.97041,5.84105,5.42091e+20,2.30678e+19,259.838,3.72017,5.48643,3.32817e+16,5.3123e+16,34.0021,2.93711,5.14516,2.39628e+19,7.15074e+20,sim09266.iv
sim09267,27.9994,3.89315,5.8667,7.08949e+20,2.50261e+19,289.101,3.77576,5.55684,7.02269e+16,7.00035e+16,31.9031,3.19689,5.06546,1.3478e+19,9.09973e+20,sim09267.iv
sim09268,42.3883,3.81474,5.90867,5.12878e+20,4.29926e+19,230.353,3.64558,5.53819,7.46995e+16,3.88757e+16,38.6788,2.81192,5.19905,2.05886e+19,9.07049e+20,sim09268.iv
sim09269,28.2367,3.83436,5.83075,9.92232e+20,1.66296e+19,283.43,3.70827,5.51387,6.10977e+16,7.98221e+16,21.9107,3.01695,5.08999,1.56621e+19,9.70634e+20,sim09269.iv
sim09270,25.4625,3.92404,5.87764,8.74955e+20,4.61489e+19,226.561,3.76698,5.46895,2.21315e+16,6.31243e+16,46.6207,3.02396,5.13194,2.34322e+19,5.00776e+20,sim09270.iv
sim09271,21.7888,3.92188,5.96168,9.76295e+20,3.19134e+19,219.607,3.6144,5.48176,6.09762e+16,3.27374e+16,33.1874,3.15827,5.15809,4.79027e+19,8.68791e+20,sim09271.iv
sim09272,20.8872,3.87765,5.88694,7.13011e+20,1.87812e+19,289.467,3.62081,5.55538,3.13188e+16,2.42693e+16,32.9336,2.83167,5.12286,3.66783e+19,6.33351e+20,sim09272.iv
sim09273,21.0111,3.84869,5.93737,5.94993e+20,1.17551e+19,320.288,3.6793,5.53475,8.95669e+16,4.5765e+16,32.0126,3.16309,5.12301,1.40779e+19,8.33351e+20,sim09273.iv
sim09274,24.1684,3.86387,5.84251,9.09977e+20,3.70035e+19,309.643,3.62072,5.53487,3.80386e+16,8.23128e+16,27.7135,3.19444,5.07144,1.93427e+19,6.59331e+20,sim09274.iv
sim09275,47.3942,3.99623,5.94799,9.28662e+20,1.00024e+19,316.692,3.65954,5.43703,3.81313e+16,6.62053e+16,29.7851,3.15703,5.0603,4.02148e+19,9.97998e+20,sim09275.iv
sim09276,46.3396,3.91933,5.98429,8.95048e+20,1.3346e+19,338.339,3.60103,5.40701,7.65541e+16,6.91669e+16,48.3372,2.92195,5.14338,1.5134e+19,6.25576e+20,sim09276.iv
sim09277,27.4457,3.98709,5.9555,9.30115e+20,2.59676e+19,313.301,3.79906,5.47735,2.04495e+16,9.64964e+16,36.1575,3.07779,5.05462,4.2213e+19,9.5452e+20,sim09277.iv
sim09278,38.4808,3.96158,5.95307,9.75662e+20,1.22998e+19,227.318,3.69891,5.54963,3.5286e+16,7.76243e+16,21.7695,2.91321,5.15554,3.13041e+19,7.33323e+20,sim09278.iv
sim09279,35.277,3.88012,5.8207,6.25403e+20,2.92117e+19,315.862,3.63575,5.41499,8.3992e+16,5.21632e+16,35.278,3.19591,5.01816,2.91194e+19,6.67574e+20,sim09279.iv
sim09280,45.4548,3.83097,5.99081,9.68793e+20,2.44331e+19,222.379,3.76547,5.43661,8.53762e+16,9.48624e+16,34.8535,2.84308,5.11411,2.66393e+19,7.71201e+20,sim09280.iv
sim09281,35.501,3.9437,5.84647,9.26405e+20,2.04822e+19,343.166,3.70416,5.52044,3.68566e+16,5.5056e+16,48.2232,2.86912,5.1019,3.52722e+19,7.20516e+20,sim09281.iv
sim09282,23.8366,3.88945,5.95083,7.78925e+20,4.80552e+19,349.803,3.68608,5.55405,8.5632e+16,9.02822e+16,23.0188,2.99971,5.02581,2.97572e+19,9.33857e+20,sim09282.iv
sim09283,33.3967,3.94505,5.80951,5.09538e+20,1.86951e+19,256.705,3.75489,5.48658,6.97759e+16,2.05738e+16,33.569,2.81914,5.06556,1.02523e+19,5.20405e+20,sim09283.iv
sim09284,27.3037,3.94848,5.88591,9.38931e+20,1.35845e+19,312.454,3.68194,5.48615,5.38332e+16,4.91588e+16,44.542,2.92097,5.05764,4.00575e+19,7.84591e+20,sim09284.iv
sim09285,39.5136,3.82379,5.8772,9.45688e+20,3.4901e+19,271.76,3.77246,5.52385,9.66811e+16,5.54707e+16,23.8347,2.97043,5.12434,4.94193e+19,6.46351e+20,sim09285.iv
sim09286,30.063,3.95012,5.92442,7.99995e+20,2.26012e+19,237.103,3.61513,5.48595,2.81749e+16,7.99607e+16,26.4608,2.8842,5.12877,3.54447e+19,5.27318e+20,sim09286.iv
sim09287,44.8374,3.83153,5.82913,6.72211e+20,1.64346e+19,300.016,3.64963,5.40001,7.60184e+16,8.50233e+16,44.2475,2.81554,5.05731,4.8812e+19,8.56221e+20,sim09287.iv
sim09288,45.6129,3.86204,5.80557,5.11362e+20,4.46162e+19,291.76,3.76492,5.55861,5.92546e+16,7.46661e+16,47.2071,3.15015,5.00644,3.68141e+19,9.92336e+20,sim09288.iv
sim09289,41.4427,3.95949,5.82572,9.32307e+20,2.06553e+19,265.268,3.72482,5.44873,6.20295e+16,9.68352e+16,35.7935,2.95825,5.18462,3.80763e+19,8.5803e+20,sim09289.iv
sim09290,27.521,3.88873,5.83691,7.28271e+20,1.16985e+19,262.654,3.702,5.41185,3.28377e+16,5.45185e+16,22.6451,3.06023,5.02002,3.85394e+19,5.06838e+20,sim09290.iv
sim09291,26.9389,3.86407,5.81621,5.71641e+20,2.37819e+19,272.151,3.70684,5.58101,6.0002e+16,6.88733e+16,42.9035,3.05271,5.16594,3.85569e+19,9.46296e+20,sim09291.iv
sim09292,42.7303,3.80116,5.83631,9.2023e+20,4.4175e+19,277.734,3.64732,5.43552,9.33657e+16,6.84266e+16,43.8222,3.08196,5.01971,1.57259e+19,9.28937e+20,sim09292.iv
sim09293,38.3555,3.81721,5.91912,5.74352e+20,4.8776e+19,301.958,3.66574,5.46264,9.04892e+16,7.17812e+16,38.0215,2.96627,5.11221,4.73572e+19,9.47432e+20,sim09293.iv
sim09294,25.869,3.88842,5.8959,8.53473e+20,1.10137e+19,249.009,3.66617,5.41367,6.44242e+16,4.21662e+16,49.4584,2.99469,5.08748,3.76011e+19,9.42574e+20,sim09294.iv
sim09295,36.1957,3.88763,5.9642,7.15795e+20,2.80572e+19,261.103,3.75406,5.41343,1.51025e+16,3.62688e+16,20.7595,2.8695,5.07828,1.44617e+19,9.0517e+20,sim09295.iv
sim09296,49.9703,3.83444,5.9327,8.84723e+20,3.12951e+19,322.501,3.70299,5.51671,2.06959e+16,6.71652e+16,24.0535,2.9599,5.00308,2.78921e+19,7.56016e+20,sim09296.iv
sim09297,38.6334,3.97217,5.92022,7.81955e+20,2.84459e+19,274.479,3.77422,5.42419,4.09274e+16,5.60568e+16,38.4183,2.99097,5.14279,4.95185e+19,9.25517e+20,sim09297.iv
sim09298,46.2478,3.81133,5.86749,8.83527e+20,3.44966e+19,235.049,3.60232,5.47429,6.00189e+16,2.11556e+16,40.6858,2.99127,5.18046,1.21568e+19,8.61106e+20,sim09298.iv
sim09299,39.3961,3.85078,5.83084,9.39486e+20,2.47699e+19,213.793,3.78223,5.47069,4.09017e+16,3.70853e+16,44.1066,3.03435,5.18436,4.73584e+19,9.38187e+20,sim09299.iv
sim09300,30.6137,3.95584,5.98622,6.85831e+20,1.59708e+19,279.608,3.79192,5.58967,6.69609e+16,5.32002e+16,29.7876,2.88873,5.15494,2.73305e+19,5.81919e+20,sim09300.iv
sim09301,40.6031,3.98835,5.86962,8.46298e+20,1.93537e+19,217.34,3.70123,5.54083,1.20701e+16,9.66075e+16,41.8524,3.017,5.19225,2.6154e+19,7.0757e+20,sim09301.iv
sim09302,24.7306,3.92657,5.91442,6.70674e+20,2.18852e+19,316.42,3.64475,5.44424,3.17168e+16,7.23485e+16,32.1521,3.12264,5.16278,4.53703e+19,5.46101e+20,sim09302.iv
sim09303,35.2739,3.9011,5.82539,6.0888e+20,2.75242e+19,305.877,3.76156,5.45242,4.25937e+16,8.01642e+16,46.9314,3.12419,5.18346,3.72127e+19,7.9446e+20,sim09303.iv
sim09304,38.767,3.98075,5.87869,5.5472e+20,2.91287e+19,349.929,3.74933,5.52638,5.82843e+16,2.53143e+16,26.4743,2.89672,5.10658,3.05104e+19,6.48978e+20,sim09304.iv
sim09305,36.6877,3.89922,5.98487,8.78423e+20,1.53752e+19,348.335,3.70628,5.58946,9.4219e+16,9.70426e+16,36.018,3.11289,5.17662,4.42363e+19,8.60543e+20,sim09305.iv
sim09306,47.0262,3.91719,5.89549,6.74392e+20,2.38556e+19,230.853,3.75429,5.53752,1.59628e+16,6.9102e+16,40.0376,2.85544,5.15852,3.925e+19,6.67354e+20,sim09306.iv
sim09307,31.647,3.92246,5.90179,6.64707e+20,3.74915e+19,324.03,3.63331,5.57198,8.10751e+16,2.75905e+16,23.4677,2.90109,5.18245,1.41019e+19,9.04033e+20,sim09307.iv
sim09308,43.5488,3.92833,5.82372,8.40973e+20,1.85283e+19,288.306,3.7814,5.42016,7.80218e+16,9.87665e+16,37.2366,3.13792,5.06743,1.81756e+19,7.42452e+20,sim09308.iv
sim09309,43.9475,3.93039,5.92484,6.04743e+20,4.01921e+19,272.498,3.69769,5.52567,4.83147e+16,2.95785e+16,43.1326,2.97068,5.13459,4.78991e+19,8.56491e+20,sim09309.iv
sim09310,33.9446,3.91858,5.86326,8.1183e+20,2.62449e+19,298.007,3.71919,5.49733,9.7145e+16,8.52979e+16,30.2112,2.89016,5.18538,1.58618e+19,6.36141e+20,sim09310.iv
sim09311,49.8428,3.89497,5.9809,7.89619e+20,3.32766e+19,227.475,3.60579,5.44332,7.12669e+16,9.59754e+16,45.8378,2.86651,5.10377,4.0798e+19,7.30639e+20,sim09311.iv
sim09312,25.9485,3.91249,5.99294,6.77572e+20,3.51958e+19,299.119,3.67352,5.52369,8.46955e+16,3.66198e+16,34.4513,2.84236,5.14136,2.12245e+19,7.80776e+20,sim09312.iv
sim09313,32.9343,3.94818,5.85612,9.68957e+20,3.80751e+19,303.166,3.68727,5.42098,2.56719e+16,3.49437e+16,21.8635,3.05736,5.00821,2.78102e+19,9.18085e+20,sim09313.iv
sim09314,23.9273,3.97867,5.87957,8.25372e+20,3.42653e+19,263.895,3.687,5.43237,9.80597e+16,3.25198e+16,32.1236,2.85202,5.01494,1.09223e+19,7.061e+20,sim09314.iv
sim09315,20.9751,3.8956,5.93373,6.32548e+20,1.28997e+19,289.392,3.74931,5.51238,1.39429e+16,8.48169e+16,31.8643,2.8286,5.16194,4.55799e+19,8.32663e+20,sim09315.iv
sim09316,49.2992,3.88928,5.98523,6.02052e+20,3.59918e+19,258.32,3.60119,5.487,5.1363e+16,1.01518e+16,45.0724,3.06296,5.00052,1.27731e+19,5.08931e+20,sim09316.iv
sim09317,23.9761,3.83666,5.85501,6.49272e+20,2.90578e+19,277.979,3.78667,5.43065,7.9712e+16,6.51432e+16,37.8182,3.17588,5.19674,4.40778e+19,7.94437e+20,sim09317.iv
sim09318,28.7185,3.97329,5.83238,6.66848e+20,4.60094e+19,212.237,3.62459,5.44507,9.71452e+16,6.82291e+16,39.9079,3.131,5.18422,2.80829e+19,6.51265e+20,sim09318.iv
sim09319,20.5682,3.84327,5.80704,9.04655e+20,1.3818e+19,340.004,3.69382,5.46215,2.89922e+16,9.15734e+16,29.8091,2.84205,5.01619,3.60206e+19,8.56611e+20,sim09319.iv
sim09320,21.4688,3.94298,5.91082,8.10783e+20,2.30079e+19,302.569,3.63812,5.44406,5.58793e+16,7.51855e+16,24.7643,3.07685,5.11355,1.69959e+19,9.1914e+20,sim09320.iv
sim09321,26.911,3.8964,5.90658,6.53528e+20,4.5399e+19,215.332,3.63457,5.58727,7.89999e+16,5.27468e+16,40.3822,3.03806,5.00703,2.9824e+19,6.75776e+20,sim09321.iv
sim09322,31.4536,3.91969,5.83772,6.44558e+20,1.54933e+19,224.271,3.7389,5.46695,2.5334e+16,4.36363e+16,37.8607,2.92826,5.08287,4.37679e+19,9.60394e+20,sim09322.iv
sim09323,43.4224,3.91698,5.8695,9.69006e+20,4.54784e+19,305.829,3.69487,5.42902,3.48855e+16,2.12754e+16,20.3368,2.87154,5.05311,1.34212e+19,5.78546e+20,sim09323.iv
sim09324,41.1483,3.93002,5.92182,7.75959e+20,1.96692e+19,235.37,3.62873,5.51814,2.10879e+16,6.12878e+16,39.7875,2.99604,5.02357,1.06394e+19,9.22729e+20,sim09324.iv
sim09325,42.027,3.95857,5.85134,8.13319e+20,2.50719e+19,277.288,3.69992,5.48546,3.1687e+16,3.55755e+16,23.8663,3.01883,5.19601,2.66102e+19,8.67378e+20,sim09325.iv
sim09326,27.6093,3.98889,5.87211,6.7053e+20,2.14155e+19,246.715,3.63157,5.59029,4.65261e+16,8.13254e+16,43.3523,2.91757,5.03568,1.21158e+19,9.28283e+20,sim09326.iv
sim09327,38.6276,3.92266,5.83005,5.63534e+20,4.04496e+19,285.483,3.72438,5.48774,8.26126e+16,6.86728e+16,40.4806,3.09776,5.14494,1.53707e+19,9.97367e+20,sim09327.iv
sim09328,26.8701,3.94994,5.90382,7.92787e+20,3.53221e+19,243.23,3.78944,5.58204,9.81385e+16,5.76078e+16,49.4136,3.02513,5.01384,4.06726e+19,8.7667e+20,sim09328.iv
sim09329,36.1144,3.86597,5.93539,8.4423e+20,1.75006e+19,328.435,3.69574,5.46829,2.61684e+16,5.63149e+16,48.7557,2.89723,5.06479,2.37486e+19,9.22531e+20,sim09329.iv
sim09330,47.2713,3.89312,5.91994,6.24179e+20,4.42102e+19,306.15,3.74878,5.47883,9.76508e+16,5.25676e+16,41.2499,2.8651,5.15627,1.17334e+19,9.25988e+20,sim09330.iv
sim09331,27.6827,3.80688,5.97002,9.55131e+20,4.17967e+19,330.162,3.7517,5.48688,9.82691e+16,8.51765e+16,27.7938,2.80819,5.07791,3.88992e+19,8.29564e+20,sim09331.iv
sim09332,25.1735,3.83314,5.99968,5.46458e+20,1.05547e+19,286.072,3.64392,5.58034,8.13437e+16,7.2087e+16,20.7301,2.93263,5.15363,2.25456e+19,8.01702e+20,sim09332.iv
sim09333,21.9124,3.92505,5.92478,7.6658e+20,3.04887e+19,218.779,3.66026,5.51989,1.03918e+16,8.02855e+16,23.7596,2.83451,5.08927,4.78661e+19,5.30922e+20,sim09333.iv
sim09334,35.4922,3.96508,5.83383,6.26498e+20,3.64955e+19,285.5,3.73282,5.48442,5.66013e+16,9.02724e+16,46.8014,2.86423,5.16765,1.18919e+19,8.77859e+20,sim09334.iv
sim09335,33.7126,3.95527,5.94218,8.84702e+20,3.86291e+19,343.138,3.69149,5.52903,8.72416e+16,7.5379e+16,43.1106,3.18371,5.18963,3.76785e+19,9.14842e+20,sim09335.iv
sim09336,47.1616,3.81657,5.91156,6.98813e+20,1.46675e+19,259.235,3.7089,5.4254,1.53813e+16,6.00624e+16,23.9263,2.93533,5.06103,1.12351e+19,5.0933e+20,sim09336.iv
sim09337,23.3584,3.86735,5.98932,7.28072e+20,4.79061e+19,237.712,3.63384,5.47043,2.64227e+16,9.05427e+16,49.2379,2.97966,5.07011,1.04298e+19,6.35851e+20,sim09337.iv
sim09338,26.7768,3.86576,5.86293,9.59123e+20,2.67268e+19,330.711,3.75486,5.55005,5.3869e+16,1.01415e+16,23.4995,2.95019,5.19973,1.0929e+19,7.73073e+20,sim09338.iv
sim09339,30.7048,3.93481,5.99347,8.30719e+20,1.55656e+19,237.59,3.74782,5.49202,6.58056e+16,2.62687e+16,25.3393,3.18679,5.04927,2.30904e+19,6.64512e+20,sim09339.iv
sim09340,28.1697,3.98748,5.80958,6.28288e+20,1.22716e+19,294.473,3.61833,5.45837,9.56169e+16,2.24741e+16,36.5848,2.86756,5.01709,1.43429e+19,9.54528e+20,sim09340.iv
sim09341,28.107,3.94331,5.87075,5.78745e+20,1.85416e+19,309.752,3.66083,5.45659,8.44568e+16,2.82592e+16,30.9425,3.15048,5.08487,1.64424e+19,9.29359e+20,sim09341.iv
sim09342,27.7936,3.84953,5.96407,7.48698e+20,4.05914e+19,272.361,3.72557,5.46984,4.06921e+16,4.35706e+16,37.6253,2.99064,5.00783,1.55135e+19,5.92464e+20,sim09342.iv
sim09343,42.1347,3.88652,5.83234,7.41684e+20,3.91138e+19,294.791,3.61181,5.47308,9.74932e+16,9.04112e+16,22.3362,2.96913,5.12581,1.63406e+19,5.90963e+20,sim09343.iv
sim09344,30.1246,3.9176,5.91914,6.80425e+20,4.76981e+19,233.452,3.77248,5.53556,7.6335e+16,6.14378e+16,47.2531,2.93639,5.14553,4.04648e+19,5.00444e+20,sim09344.iv
sim09345,24.0347,3.80931,5.92153,5.92641e+20,2.9293e+19,287.489,3.71759,5.56725,7.50851e+16,4.80894e+16,44.8746,3.15141,5.08926,2.35067e+19,7.04638e+20,sim09345.iv
sim09346,21.8376,3.9709,5.88187,9.41449e+20,1.06819e+19,270.891,3.74977,5.4226,1.34714e+16,1.28285e+16,39.2938,2.90557,5.14844,2.48746e+19,5.91922e+20,sim09346.iv
sim09347,38.3433,3.87809,5.89556,6.82887e+20,4.25301e+19,213.045,3.61663,5.40657,4.84878e+16,8.0832e+16,42.7694,3.03095,5.05638,4.10853e+19,8.29237e+20,sim09347.iv
sim09348,20.8522,3.97728,5.81548,6.15766e+20,2.01008e+19,270.997,3.76972,5.42142,3.69637e+16,7.17423e+16,31.248,3.16574,5.1494,3.87522e+19,7.62198e+20,sim09348.iv
sim09349,41.6177,3.84997,5.9168,6.49367e+20,3.12405e+19,254.955,3.78161,5.54502,3.88367e+16,7.87003e+16,43.0281,2.88184,5.08142,4.91299e+19,7.26718e+20,sim09349.iv
sim09350,38.3852,3.94123,5.8157,5.55036e+20,4.45638e+19,295.382,3.63677,5.55746,7.42613e+16,3.24736e+16,38.93,3.18908,5.14038,1.2111e+19,9.03231e+20,sim09350.iv
sim09351,38.4853,3.8947,5.885,9.69457e+20,2.73225e+19,216.73,3.69782,5.46314,1.41354e+16,4.43409e+16,22.176,3.00586,5.05415,3.75858e+19,6.10093e+20,sim09351.iv
sim09352,44.5472,3.9987,5.83325,8.63177e+20,4.23152e+19,287.525,3.70125,5.42876,8.04347e+16,3.24017e+16,27.6512,2.84868,5.04347,3.60364e+19,9.55976e+20,sim09352.iv
sim09353,45.3401,3.97948,5.88187,5.92493e+20,2.17265e+19,303.687,3.7116,5.51184,8.14035e+16,8.11363e+16,38.0354,3.03388,5.12651,3.51172e+19,6.58171e+20,sim09353.iv
sim09354,41.5746,3.98438,5.83981,5.66738e+20,2.13048e+19,271.481,3.75121,5.59923,4.06159e+16,7.4736e+16,46.5233,2.80854,5.09182,3.26803e+19,5.04627e+20,sim09354.iv
sim09355,47.952,3.938,5.89641,9.79093e+20,4.06458e+19,321.163,3.74748,5.54895,8.6344e+16,5.71944e+16,22.8359,2.99207,5.14076,3.91982e+19,6.66374e+20,sim09355.iv
sim09356,48.4507,3.97732,5.89043,5.32831e+20,4.71339e+19,284.455,3.74472,5.56704,7.88689e+16,2.84829e+16,43.3499,3.06938,5.16647,3.08503e+19,9.9003e+20,sim09356.iv
sim09357,46.7667,3.82551,5.8516,7.21788e+20,1.8132e+19,303.748,3.65285,5.48088,4.3962e+16,8.72025e+16,38.8699,3.08553,5.18707,3.59071e+19,5.08497e+20,sim09357.iv
sim09358,47.5151,3.97954,5.9851,6.70971e+20,1.15125e+19,282.951,3.75318,5.57465,1.39307e+16,5.72177e+16,24.4292,3.19088,5.08488,2.01386e+19,8.94862e+20,sim09358.iv
sim09359,48.0905,3.99906,5.90454,6.13122e+20,1.91496e+19,336.76,3.65658,5.52042,4.49174e+16,1.93959e+16,22.0129,3.18304,5.02549,4.00717e+19,9.79257e+20,sim09359.iv
sim09360,47.8834,3.86012,5.88314,8.45443e+20,3.79108e+19,238.538,3.6198,5.42389,3.29357e+16,7.42229e+16,22.6874,3.10439,5.02304,1.97867e+19,7.68635e+20,sim09360.iv
sim09361,25.8856,3.99538,5.8202,7.42548e+20,3.28734e+19,348.418,3.76554,5.48006,3.58394e+16,6.43336e+16,21.0204,2.90031,5.04765,3.45818e+19,8.79934e+20,sim09361.iv
sim09362,42.3448,3.86123,5.83735,9.20207e+20,2.11352e+19,327.244,3.70603,5.41946,2.98763e+16,1.2928e+16,26.2038,2.89686,5.0272,3.31919e+19,5.46623e+20,sim09362.iv
sim09363,45.9056,3.93179,5.82251,5.53809e+20,4.03564e+19,210.374,3.70028,5.59136,7.42811e+16,3.30248e+16,40.872,3.18558,5.01204,2.80108e+19,7.95816e+20,sim09363.iv
sim09364,33.0779,3.81469,5.83233,8.80128e+20,1.56081e+19,290.564,3.78954,5.57369,7.24956e+16,1.73182e+16,28.6482,3.0629,5.04719,3.49657e+19,7.09451e+20,sim09364.iv
sim09365,34.9333,3.82485,5.98616,9.711e+20,3.7427e+19,271.52,3.73289,5.53082,5.99062e+16,4.4256e+16,44.5025,3.13995,5.04046,2.69048e+19,5.12469e+20,sim09365.iv
sim09366,37.3793,3.88837,5.93937,5.04913e+20,1.83913e+19,317.461,3.67749,5.50696,4.73545e+16,1.48763e+16,21.5431,3.18655,5.01447,3.9804e+19,5.7473e+20,sim09366.iv
sim09367,27.6445,3.85231,5.90211,9.05274e+20,3.51961e+19,267.255,3.64942,5.48689,9.96771e+16,3.61525e+16,24.6117,3.03174,5.02148,2.82083e+19,5.07038e+20,sim09367.iv
sim09368,21.1926,3.80217,5.84128,7.61909e+20,1.46811e+19,328.066,3.70558,5.45757,1.38922e+16,5.18647e+16,20.5034,3.06018,5.17105,1.41334e+19,5.63391e+20,sim09368.iv
sim09369,37.8811,3.89614,5.86948,5.49646e+20,3.43032e+19,231.65,3.69692,5.51258,8.41224e+16,9.07911e+16,41.3743,3.17234,5.17136,2.02343e+19,8.34207e+20,sim09369.iv
sim09370,47.8777,3.99466,5.87089,5.59375e+20,2.90784e+19,332.557,3.72005,5.51452,1.45749e+16,5.6523e+16,39.3688,2.94163,5.09564,1.45525e+19,8.3912e+20,sim09370.iv
sim09371,47.1302,3.89019,5.88074,5.88655e+20,2.08245e+19,338.156,3.79018,5.55622,3.78594e+16,3.92952e+16,33.9382,3.06515,5.12717,3.11774e+19,5.28714e+20,sim09371.iv
sim09372,25.9249,3.99386,5.98258,9.25361e+20,2.21424e+19,286.881,3.71744,5.50464,1.84081e+16,7.84228e+16,39.2894,3.12211,5.03917,2.37198e+19,9.02013e+20,sim09372.iv
sim09373,20.9386,3.86311,5.93677,5.46647e+20,4.26766e+19,320.139,3.61618,5.50379,7.89024e+16,7.14635e+16,39.5868,2.82216,5.18267,3.04652e+19,8.75763e+20,sim09373.iv
sim09374,40.1336,3.81831,5.97647,9.9711e+20,1.33416e+19,235.386,3.67278,5.50116,6.57282e+16,7.08879e+16,36.8149,2.84519,5.11614,2.55642e+19,5.21756e+20,sim09374.iv
sim09375,25.6475,3.87983,5.84993,8.95794e+20,3.05804e+19,246.399,3.65625,5.50475,4.27534e+16,6.82626e+16,41.2166,2.93572,5.12648,4.08224e+19,5.43642e+20,sim09375.iv
sim09376,37.24,3.95993,5.94708,9.72275e+20,1.85794e+19,274.02,3.70406,5.43069,2.80775e+16,7.41039e+16,44.7002,2.84066,5.04713,3.87994e+19,5.14515e+20,sim09376.iv
sim09377,29.6337,3.96705,5.95362,6.94842e+20,1.76717e+19,289.755,3.6616,5.50834,2.35383e+16,2.74782e+16,40.3912,3.03515,5.08288,4.63145e+19,7.21795e+20,sim09377.iv
sim09378,25.5304,3.96769,5.98991,9.29931e+20,4.05408e+19,340.821,3.65556,5.43062,7.70262e+16,8.61689e+16,49.6423,2.97444,5.06899,3.69838e+19,5.86981e+20,sim09378.iv
sim09379,20.0791,3.90456,5.92709,7.52053e+20,1.76446e+19,298.919,3.64843,5.482,3.74752e+16,2.23065e+16,45.3282,3.04324,5.12964,4.85082e+19,5.23682e+20,sim09379.iv
sim09380,26.7815,3.84146,5.96864,8.14403e+20,2.57154e+19,235.938,3.76821,5.56956,5.39912e+16,9.26536e+16,37.2263,3.01541,5.04532,1.31382e+19,7.34384e+20,sim09380.iv
sim09381,36.2668,3.9114,5.95396,7.6575e+20,4.44719e+19,232.65,3.74326,5.49924,9.09919e+16,4.99398e+16,42.2264,2.97464,5.1673,3.95253e+19,8.54718e+20,sim09381.iv
sim09382,32.4673,3.80379,5.96667,8.08851e+20,3.41041e+19,241.675,3.66019,5.57197,9.79782e+16,3.80872e+16,48.9346,2.9762,5.01488,3.6595e+19,6.72121e+20,sim09382.iv
sim09383,20.7266,3.85776,5.83349,8.53489e+20,4.40387e+19,339.951,3.71516,5.46824,5.68853e+16,3.7067e+16,33.081,3.19348,5.1764,2.32466e+19,5.16372e+20,sim09383.iv
sim09384,26.3417,3.94595,5.81075,7.05766e+20,2.62737e+19,293.717,3.6928,5.42436,1.36924e+16,3.9758e+16,37.6277,3.1657,5.13577,4.50042e+19,6.1753e+20,sim09384.iv
sim09385,26.0698,3.92669,5.81157,9.7531e+20,4.3198e+19,292.689,3.70415,5.4755,3.65299e+16,3.68863e+16,33.5692,2.94908,5.10347,2.31669e+19,9.78002e+20,sim09385.iv
sim09386,29.0558,3.85325,5.9405,5.47465e+20,4.11145e+19,344.652,3.68087,5.46555,7.49808e+16,3.08436e+16,27.8567,3.19173,5.09773,2.10884e+19,6.13198e+20,sim09386.iv
sim09387,42.0228,3.94673,5.82989,7.56179e+20,4.91444e+19,307.102,3.76162,5.51335,2.01785e+16,1.88117e+16,39.9037,3.10146,5.16801,4.04286e+19,9.98831e+20,sim09387.iv
sim09388,29.5735,3.94007,5.80792,5.89554e+20,1.47449e+19,251.361,3.69128,5.46249,6.9971e+16,1.40446e+16,46.7775,3.14943,5.19232,4.7135e+19,9.87993e+20,sim09388.iv
sim09389,34.356,3.98186,5.85437,7.46399e+20,1.56903e+19,310.737,3.78208,5.53583,5.1432e+16,9.59124e+16,25.4706,3.19663,5.02052,2.40142e+19,5.78651e+20,sim09389.iv
sim09390,35.9088,3.88672,5.96473,8.16965e+20,4.22385e+19,237.472,3.66544,5.42401,2.68285e+16,2.60121e+16,34.8142,3.00491,5.11753,1.94977e+19,8.20677e+20,sim09390.iv
sim09391,43.5854,3.93735,5.84876,6.49338e+20,2.21399e+19,229.868,3.76418,5.58966,1.90571e+16,4.30362e+16,44.0191,2.88485,5.08707,1.05286e+19,9.96446e+20,sim09391.iv
sim09392,30.0364,3.91173,5.84966,6.02322e+20,3.39771e+19,291.644,3.76081,5.49307,2.06718e+16,6.30105e+16,40.1842,2.80094,5.11045,3.59699e+19,7.09644e+20,sim09392.iv
sim09393,43.6313,3.85382,5.82688,9.41413e+20,1.99951e+19,271.738,3.70445,5.4819,4.27332e+16,6.15559e+16,44.6896,2.93054,5.0839,3.3668e+19,5.81684e+20,sim09393.iv
sim09394,39.9797,3.93356,5.86509,7.46616e+20,3.02105e+19,221.955,3.60052,5.43953,9.75074e+16,5.51029e+16,38.0308,2.86692,5.00923,3.07529e+19,5.10938e+20,sim09394.iv
sim09395,48.6697,3.95405,5.9507,7.90775e+20,3.80301e+19,282.912,3.61936,5.52314,8.51688e+16,5.51432e+16,42.1574,2.87752,5.15012,2.75379e+19,7.84901e+20,sim09395.iv
sim09396,26.3496,3.96118,5.89415,6.74392e+20,1.44669e+19,345.851,3.61448,5.47195,2.7218e+16,7.43838e+16,26.0832,3.05307,5.12518,3.2617e+19,5.69138e+20,sim09396.iv
sim09397,23.0293,3.91618,5.88982,6.70457e+20,1.887e+19,248.878,3.6639,5.50693,4.81393e+16,5.56028e+16,31.2065,3.17052,5.01084,1.31907e+19,7.45587e+20,sim09397.iv
sim09398,29.7702,3.95244,5.88546,6.78586e+20,4.4812e+19,282.836,3.79145,5.41659,4.08328e+16,3.17797e+16,34.9803,2.85152,5.19164,3.31749e+19,5.05125e+20,sim09398.iv
sim09399,26.633,3.84233,5.80625,8.34031e+20,1.11651e+19,285.708,3.68056,5.41522,7.55704e+16,2.67139e+16,44.6984,2.80792,5.16418,1.37898e+19,9.47018e+20,sim09399.iv
sim09400,28.663,3.97038,5.85573,9.6445e+20,2.87577e+19,251.714,3.61429,5.48174,3.77451e+16,4.13457e+16,49.5649,2.85679,5.07491,1.53928e+19,9.27335e+20,sim09400.iv
sim09401,27.3996,3.96808,5.83368,8.727e+20,3.86495e+19,249.606,3.75516,5.58376,1.45513e+16,1.66643e+16,36.9668,2.82772,5.02773,2.70435e+19,7.39915e+20,sim09401.iv
sim09402,44.7168,3.81807,5.9161,5.5306e+20,2.11736e+19,318.562,3.74132,5.47132,9.52678e+16,4.30872e+16,35.8879,3.15207,5.10763,1.9405e+19,5.20851e+20,sim09402.iv
sim09403,34.4924,3.84686,5.80229,7.88312e+20,1.6071e+19,295.13,3.77925,5.44868,9.64213e+16,4.1156e+16,20.8101,2.94439,5.14581,2.44315e+19,6.09934e+20,sim09403.iv
sim09404,25.6773,3.84097,5.95727,5.79649e+20,3.57379e+19,293.698,3.71547,5.52029,3.24556e+16,5.76736e+16,26.2286,2.85252,5.14244,2.87257e+19,7.47552e+20,sim09404.iv
sim09405,20.2412,3.97152,5.80517,5.96156e+20,3.48831e+19,273.973,3.70249,5.55519,6.02198e+16,6.38872e+16,43.3175,3.14272,5.15596,1.56323e+19,6.33329e+20,sim09405.iv
sim09406,33.1793,3.98773,5.87778,6.15063e+20,4.94936e+19,326.458,3.73475,5.45118,7.65352e+16,9.05133e+16,48.2897,3.09083,5.11463,4.9427e+19,8.96423e+20,sim09406.iv
sim09407,28.4994,3.97152,5.95539,8.67774e+20,3.54074e+19,341.519,3.6853,5.5622,9.118e+16,6.89007e+16,26.7788,3.14647,5.18005,3.7717e+19,9.93643e+20,sim09407.iv
sim09408,30.2443,3.87461,5.99432,9.6462e+20,2.78721e+19,221.271,3.60983,5.434,2.02799e+16,7.12896e+16,21.8316,3.11926,5.0179,2.28111e+19,6.70474e+20,sim09408.iv
sim09409,28.2323,3.93546,5.91582,7.29843e+20,1.76214e+19,266.176,3.74665,5.51536,1.45866e+16,9.79411e+16,22.4582,2.80287,5.03695,4.74062e+19,7.07096e+20,sim09409.iv
sim09410,39.4165,3.84763,5.89082,8.07933e+20,4.79533e+19,264.181,3.67587,5.41995,8.14905e+16,9.5553e+16,20.1041,3.13402,5.03688,4.75832e+19,7.79375e+20,sim09410.iv
sim09411,45.6991,3.92029,5.93886,9.51323e+20,2.05924e+19,282.462,3.77787,5.55146,1.80345e+16,3.0362e+16,39.045,2.87218,5.05471,2.11124e+19,6.0613e+20,sim09411.iv
sim09412,40.8244,3.85754,5.97044,9.98437e+20,2.53371e+19,334.255,3.70005,5.53178,9.51421e+16,6.24534e+16,49.6281,2.89419,5.19606,1.69665e+19,9.56833e+20,sim09412.iv
sim09413,40.8822,3.98473,5.9512,6.51034e+20,1.6525e+19,349.177,3.74707,5.57149,6.42841e+16,1.10747e+16,46.5914,3.07934,5.17474,2.20211e+19,7.19428e+20,sim09413.iv
sim09414,45.8728,3.97333,5.95757,6.98103e+20,4.17059e+19,276.837,3.6169,5.47458,7.08754e+16,7.33592e+16,35.455,3.15312,5.10592,4.21619e+19,9.58682e+20,sim09414.iv
sim09415,25.5755,3.82955,5.97188,7.32689e+20,1.41977e+19,211.429,3.73185,5.54362,1.27011e+16,8.98691e+16,42.6127,3.07635,5.16886,4.79968e+19,9.82443e+20,sim09415.iv
sim09416,43.6332,3.84231,5.98544,6.88547e+20,2.80812e+19,218.938,3.74051,5.42127,9.4122e+16,3.93248e+16,35.1878,3.11931,5.08302,1.04167e+19,6.31348e+20,sim09416.iv
sim09417,32.559,3.95665,5.92987,8.3715e+20,1.0822e+19,343.63,3.61735,5.49203,2.02701e+16,3.06838e+16,27.7779,2.80156,5.12915,3.16319e+19,7.4855e+20,sim09417.iv
sim09418,33.4274,3.96944,5.86114,5.89969e+20,4.35007e+19,327.038,3.7509,5.42453,1.53656e+16,6.00264e+16,25.8974,3.07217,5.16219,1.59456e+19,7.26082e+20,sim09418.iv
sim09419,37.1671,3.88809,5.98658,9.70333e+20,4.36604e+19,219.252,3.79007,5.55275,7.17727e+16,4.59952e+16,49.8421,2.83823,5.18315,4.74365e+19,7.91708e+20,sim09419.iv
sim09420,40.5721,3.85068,5.81669,6.51931e+20,4.31066e+19,256.94,3.74557,5.4016,8.85178e+16,8.06321e+16,37.3013,3.01676,5.16785,1.41089e+19,6.9546e+20,sim09420.iv
sim09421,48.466,3.86635,5.98399,6.67603e+20,4.19252e+19,338.854,3.61147,5.48422,1.53463e+16,3.45567e+16,47.7172,3.07921,5.11271,3.06593e+19,8.16526e+20,sim09421.iv
sim09422,45.7898,3.96682,5.99175,5.84128e+20,1.3351e+19,319.711,3.79612,5.41381,4.12252e+16,3.41221e+16,24.8468,2.89835,5.0192,4.09379e+19,9.7549e+20,sim09422.iv
sim09423,21.8091,3.95033,5.92005,7.0531e+20,2.36112e+19,307.395,3.61119,5.4131,7.45539e+16,7.52806e+16,25.0102,2.95454,5.15713,1.19952e+19,7.12942e+20,sim09423.iv
sim09424,35.1137,3.93584,5.92544,5.5949e+20,3.0573e+19,329.967,3.74367,5.45661,3.16169e+16,6.75357e+16,32.3011,2.86752,5.00087,4.56048e+19,9.2215e+20,sim09424.iv
sim09425,46.2348,3.90178,5.83814,7.46864e+20,2.70179e+19,302.189,3.7981,5.44153,7.57294e+16,5.14745e+16,43.252,2.86315,5.08866,2.3424e+19,7.20913e+20,sim09425.iv
sim09426,47.4944,3.90958,5.9095,5.34207e+20,2.94252e+19,304.777,3.6618,5.58894,8.37678e+16,9.82657e+16,30.6297,3.00846,5.12527,2.6457e+19,6.13403e+20,sim09426.iv
sim09427,29.3278,3.92895,5.83316,6.19149e+20,3.82992e+19,226.605,3.61312,5.49014,5.97273e+16,3.77764e+16,25.6913,3.09727,5.16804,4.83361e+19,7.02784e+20,sim09427.iv
sim09428,22.9069,3.94825,5.99561,6.41074e+20,2.08143e+19,232.62,3.60664,5.57008,6.43187e+16,1.27017e+16,25.4425,2.84143,5.03382,1.52142e+19,6.7363e+20,sim09428.iv
sim09429,40.8473,3.85257,5.87508,5.60985e+20,1.3554e+19,264.283,3.69302,5.54633,2.59622e+16,4.13755e+16,37.0504,3.09263,5.15158,4.33245e+19,9.44952e+20,sim09429.iv
sim09430,36.646,3.81173,5.9099,5.41177e+20,3.62094e+19,240.835,3.68987,5.51366,9.06341e+16,1.19583e+16,27.8261,2.84596,5.14177,3.073e+19,6.81699e+20,sim09430.iv
sim09431,25.0056,3.96051,5.94311,5.61214e+20,2.89335e+19,321.352,3.61416,5.52951,6.74339e+16,5.17875e+16,36.2277,3.18762,5.18237,2.4085e+19,7.0481e+20,sim09431.iv
sim09432,21.1554,3.86345,5.84977,9.92397e+20,4.33543e+19,254.023,3.66444,5.53262,5.38795e+16,9.68578e+16,20.4864,3.09298,5.12166,3.37292e+19,9.22514e+20,sim09432.iv
sim09433,44.6464,3.84214,5.96394,7.25869e+20,1.90413e+19,346.361,3.70473,5.51855,9.53274e+16,7.2715e+16,29.0322,2.87961,5.18252,2.50932e+19,7.67157e+20,sim09433.iv
sim09434,35.4966,3.89362,5.93339,6.62079e+20,1.5249e+19,225.249,3.73894,5.58722,2.29222e+16,2.0778e+16,28.1687,2.95113,5.1639,3.90047e+19,7.09663e+20,sim09434.iv
sim09435,35.3883,3.99103,5.92067,6.83466e+20,3.066e+19,332.161,3.6379,5.48791,5.07983e+16,1.96306e+16,45.9049,2.99944,5.04305,2.9988e+19,5.37153e+20,sim09435.iv
sim09436,26.669,3.80702,5.81225,7.40179e+20,4.17039e+19,248.195,3.74646,5.45671,7.6485e+16,8.39109e+16,21.5065,3.10845,5.16117,4.57001e+19,5.9724e+20,sim09436.iv
sim09437,45.3624,3.84755,5.91777,5.80855e+20,3.92888e+19,246.383,3.63198,5.49441,2.61553e+16,1.18031e+16,35.3755,3.1071,5.13752,2.09799e+19,6.33742e+20,sim09437.iv
sim09438,38.9196,3.95459,5.97515,6.68669e+20,2.48516e+19,235.602,3.77963,5.50416,5.55118e+16,6.40601e+16,41.7195,3.10684,5.17234,1.37817e+19,9.76341e+20,sim09438.iv
sim09439,23.6673,3.8684,5.84678,6.52914e+20,1.5165e+19,212.802,3.71897,5.44728,1.54932e+16,7.05638e+16,23.2416,3.14726,5.18585,3.01741e+19,5.26705e+20,sim09439.iv
sim09440,40.1396,3.98561,5.80261,7.14202e+20,1.36634e+19,215.208,3.79345,5.53591,1.22273e+16,2.11293e+16,26.4147,2.97458,5.04808,2.35971e+19,6.70013e+20,sim09440.iv
sim09441,46.2454,3.90901,5.85771,7.13497e+20,3.44325e+19,211.104,3.68678,5.41537,4.99757e+16,7.31193e+16,49.905,3.1594,5.07711,1.00415e+19,9.14866e+20,sim09441.iv
sim09442,27.5332,3.92091,5.85896,7.52264e+20,1.98419e+19,330.3,3.78362,5.59767,6.25359e+16,1.917e+16,27.0062,2.95724,5.14571,1.54894e+19,7.05122e+20,sim09442.iv
sim09443,29.5194,3.99126,5.92951,6.47884e+20,2.0571e+19,343.674,3.72895,5.52271,2.08011e+16,3.27631e+16,22.3602,2.88582,5.00817,4.97438e+19,5.24518e+20,sim09443.iv
sim09444,31.5499,3.88354,5.91382,5.38881e+20,2.52071e+19,286.621,3.65733,5.59135,6.06451e+16,3.30605e+16,31.343,3.19986,5.15561,1.98466e+19,8.69563e+20,sim09444.iv
sim09445,35.0525,3.84207,5.8217,7.22056e+20,4.51513e+19,222.177,3.63837,5.47031,4.14765e+16,9.47665e+16,24.8303,2.91014,5.17121,3.8763e+19,6.1917e+20,sim09445.iv
sim09446,22.1126,3.85951,5.85572,7.39605e+20,4.9083e+19,283.402,3.76652,5.4324,5.08224e+16,2.5068e+16,36.0523,3.04816,5.00678,4.41007e+19,7.5463e+20,sim09446.iv
sim09447,43.7543,3.85558,5.81233,5.61264e+20,1.70179e+19,327.969,3.62151,5.49154,4.73915e+16,9.38865e+16,31.1302,2.84095,5.15745,1.73623e+19,6.28069e+20,sim09447.iv
sim09448,39.8604,3.82344,5.8316,9.00835e+20,2.49221e+19,217.01,3.78963,5.58233,7.10798e+16,6.17842e+16,21.7441,2.93136,5.03909,1.37651e+19,8.45656e+20,sim09448.iv
sim09449,49.4007,3.85825,5.86357,7.91411e+20,1.61962e+19,312.509,3.71576,5.59436,7.199e+16,5.43246e+16,20.543,3.08025,5.10262,1.18142e+19,6.33567e+20,sim09449.iv
sim09450,32.4502,3.94148,5.9498,9.40059e+20,1.04637e+19,289.798,3.76424,5.56878,7.07821e+16,9.71661e+16,46.5672,2.93005,5.14712,1.88743e+19,7.99574e+20,sim09450.iv
sim09451,26.5106,3.90138,5.91508,9.92721e+20,1.59948e+19,272.533,3.76618,5.57456,2.68419e+16,1.2325e+16,20.598,3.15573,5.07468,4.11482e+19,5.36026e+20,sim09451.iv
sim09452,24.3627,3.84642,5.96561,5.1386e+20,3.61905e+19,264.749,3.74096,5.57987,8.8321e+16,4.77644e+16,29.5977,2.89309,5.11303,1.91961e+19,9.75446e+20,sim09452.iv
sim09453,45.9811,3.84976,5.81388,9.27123e+20,1.76664e+19,303.972,3.63178,5.49344,6.4448e+16,8.82631e+16,40.4946,2.81528,5.07163,2.9144e+19,5.15641e+20,sim09453.iv
sim09454,33.6099,3.94643,5.80013,6.34821e+20,3.71938e+19,230.932,3.64186,5.47502,3.23186e+16,2.51528e+16,30.7252,3.13948,5.12738,2.35214e+19,7.09249e+20,sim09454.iv
sim09455,25.5961,3.93392,5.96783,9.96758e+20,1.39991e+19,328.568,3.77603,5.52065,4.96349e+16,1.80699e+16,25.3883,3.15495,5.09204,3.30584e+19,6.3584e+20,sim09455.iv
sim09456,34.738,3.99375,5.86701,6.00514e+20,1.34536e+19,322.036,3.68131,5.41244,1.44987e+16,3.43116e+16,43.5732,2.90184,5.04526,2.55471e+19,8.42904e+20,sim09456.iv
sim09457,35.7431,3.91696,5.94857,7.98878e+20,1.44762e+19,327.612,3.66382,5.41496,1.19248e+16,3.03788e+16,45.2395,2.88851,5.08419,1.42272e+19,5.07754e+20,sim09457.iv
sim09458,30.4398,3.84239,5.96381,8.52676e+20,3.06768e+19,217.872,3.7812,5.52638,5.3284e+16,2.89899e+16,23.5359,3.08035,5.04837,1.11849e+19,9.74415e+20,sim09458.iv
sim09459,32.1217,3.98933,5.9423,9.33564e+20,1.57028e+19,296.025,3.70719,5.42372,1.04685e+16,4.51309e+16,44.6269,3.19405,5.16525,3.27805e+19,9.98512e+20,sim09459.iv
sim09460,42.3325,3.83133,5.99446,9.67335e+20,4.63576e+19,310.576,3.76605,5.59939,1.74839e+16,9.91711e+16,37.5193,3.06135,5.04305,2.77325e+19,9.08389e+20,sim09460.iv
sim09461,28.8121,3.86796,5.90605,6.27022e+20,3.4039e+19,346.585,3.69698,5.56986,8.4327e+16,5.68486e+16,39.0748,2.90974,5.09116,3.42351e+19,6.20697e+20,sim09461.iv
sim09462,45.5277,3.94835,5.97268,5.60964e+20,2.85957e+19,252.168,3.63291,5.58887,4.02583e+16,4.66719e+16,45.4275,3.18545,5.04423,2.4899e+19,5.64885e+20,sim09462.iv
sim09463,48.6459,3.94621,5.80012,6.99521e+20,1.30461e+19,303.973,3.60738,5.43485,1.79945e+16,4.80779e+16,41.6234,2.94286,5.03273,1.56496e+19,5.73922e+20,sim09463.iv
sim09464,26.5213,3.82101,5.98706,5.64082e+20,4.98732e+19,292.122,3.71303,5.4571,4.1367e+16,9.02289e+16,22.0902,3.06462,5.05316,4.80015e+19,9.68721e+20,sim09464.iv
sim09465,23.4834,3.85509,5.95185,7.22099e+20,4.20072e+19,277.143,3.70048,5.47596,6.91442e+16,3.49035e+16,33.0108,2.94928,5.13686,3.57116e+19,5.80967e+20,sim09465.iv
sim09466,29.2708,3.92392,5.92327,9.44159e+20,2.62005e+19,229.427,3.72868,5.57573,3.81693e+16,7.66365e+16,38.6412,3.10242,5.02336,3.69811e+19,8.09144e+20,sim09466.iv
sim09467,45.6158,3.83667,5.98162,9.06795e+20,2.07001e+19,338.714,3.7757,5.59448,1.94896e+16,4.33007e+16,41.0745,2.80873,5.09461,2.15881e+19,7.4182e+20,sim09467.iv
sim09468,45.8972,3.82991,5.83538,6.99503e+20,1.00455e+19,212.904,3.76681,5.56834,8.53658e+16,3.50618e+16,44.2525,3.18612,5.07176,2.71498e+19,6.49843e+20,sim09468.iv
sim09469,36.4044,3.93747,5.97311,7.41537e+20,1.16124e+19,290.976,3.78099,5.47047,1.62537e+16,2.18542e+16,31.5733,3.0373,5.12508,1.33762e+19,7.43453e+20,sim09469.iv
sim09470,40.6625,3.82149,5.83233,5.21225e+20,1.35833e+19,275.323,3.7798,5.59281,3.95059e+16,6.57428e+16,26.3056,3.14876,5.0871,4.05165e+19,5.40799e+20,sim09470.iv
sim09471,21.4429,3.98293,5.84755,9.35584e+20,3.52511e+19,346.228,3.75192,5.49203,2.20201e+16,4.92165e+16,25.435,2.96563,5.03189,1.82113e+19,5.33047e+20,sim09471.iv
sim09472,47.434,3.908,5.82057,9.22312e+20,4.85361e+19,223.075,3.78033,5.57283,2.26008e+16,4.53298e+16,21.6105,3.14963,5.14003,4.06354e+19,8.0871e+20,sim09472.iv
sim09473,49.9948,3.90427,5.88263,8.59981e+20,2.5055e+19,219.224,3.713,5.44661,8.78253e+16,7.9089e+16,30.3117,3.09656,5.05403,3.50481e+19,5.61419e+20,sim09473.iv
sim09474,43.4329,3.94478,5.87347,7.74515e+20,2.02864e+19,322.414,3.7919,5.41206,4.35033e+16,9.37072e+16,42.3514,3.03685,5.13235,3.24218e+19,5.88061e+20,sim09474.iv
sim09475,38.5782,3.83141,5.81885,6.23788e+20,3.42919e+19,258.738,3.62735,5.50315,2.37191e+16,5.8723e+16,21.5672,2.83861,5.14686,1.6542e+19,7.05722e+20,sim09475.iv
sim09476,41.4493,3.95608,5.8268,6.9061e+20,2.22728e+19,330.159,3.60836,5.43085,3.85534e+16,1.20521e+16,22.465,2.99898,5.1329,2.26799e+19,6.32994e+20,sim09476.iv
sim09477,43.6704,3.97256,5.8859,5.53074e+20,2.12592e+19,265.208,3.62925,5.5396,9.49897e+16,5.46281e+16,38.6884,3.01982,5.04995,3.61889e+19,6.28503e+20,sim09477.iv
sim09478,44.9805,3.85151,5.89502,6.88347e+20,1.05951e+19,270.455,3.79051,5.58507,4.73713e+16,1.54366e+16,26.2611,2.95692,5.10784,4.23721e+19,8.67565e+20,sim09478.iv
sim09479,24.7033,3.96995,5.97652,6.37211e+20,4.67265e+19,321.879,3.62311,5.51213,8.24446e+16,2.43165e+16,32.4326,3.13484,5.01735,4.81235e+19,9.88272e+20,sim09479.iv
sim09480,30.9153,3.87298,5.98637,9.07786e+20,2.45569e+19,242.102,3.63357,5.48542,1.33893e+16,5.36893e+16,25.9438,2.95681,5.04625,1.57031e+19,8.81428e+20,sim09480.iv
sim09481,38.334,3.93752,5.91418,9.05219e+20,4.49388e+19,295.749,3.67338,5.49676,9.49964e+16,9.99059e+16,40.0321,2.86752,5.15965,1.80964e+19,5.93974e+20,sim09481.iv
sim09482,47.3003,3.81665,5.89059,8.94434e+20,3.47651e+19,337.873,3.69095,5.4003,1.05453e+16,9.5025e+16,44.6973,2.93346,5.00434,2.72286e+19,5.47394e+20,sim09482.iv
sim09483,27.2183,3.93041,5.96791,7.30653e+20,2.5533e+19,331.36,3.61115,5.43761,9.97601e+16,7.25443e+16,29.6518,3.05701,5.16571,3.96934e+19,6.27911e+20,sim09483.iv
sim09484,31.7457,3.8358,5.80993,9.87369e+20,3.79364e+19,294.317,3.66413,5.52288,5.98508e+16,9.55152e+16,36.1023,3.05094,5.10771,2.51503e+19,5.10247e+20,sim09484.iv
sim09485,38.3626,3.9426,5.9022,8.4485e+20,1.51096e+19,248.989,3.78013,5.59601,1.78266e+16,3.0639e+16,42.083,2.88476,5.17468,1.78124e+19,9.54147e+20,sim09485.iv
sim09486,44.7743,3.84997,5.91129,7.3241e+20,3.79442e+19,260.561,3.68232,5.51769,5.22525e+16,8.08686e+16,28.2483,2.94941,5.18166,1.86841e+19,6.91703e+20,sim09486.iv
sim09487,26.7353,3.83858,5.9259,8.34158e+20,4.86478e+19,264.766,3.69848,5.5104,3.36337e+16,7.29384e+16,48.8713,2.86578,5.19088,2.09509e+19,8.0818e+20,sim09487.iv
sim09488,34.1628,3.88374,5.81372,6.73424e+20,1.48405e+19,324.055,3.64987,5.57144,2.81896e+16,4.2169e+16,20.0194,3.11815,5.17566,2.97854e+19,7.93599e+20,sim09488.iv
sim09489,24.8653,3.87439,5.80697,9.70096e+20,4.4184e+19,330.292,3.64306,5.50318,3.79666e+16,2.81642e+16,27.3918,3.14131,5.05772,3.97516e+19,8.23752e+20,sim09489.iv
sim09490,22.8431,3.83834,5.97656,6.44536e+20,1.80149e+19,272.254,3.79219,5.5076,2.09676e+16,2.69132e+16,20.2761,2.98454,5.07296,3.14596e+19,5.89956e+20,sim09490.iv
sim09491,24.5711,3.98726,5.91529,8.4897e+20,2.81689e+19,263.847,3.60152,5.46333,9.74799e+16,2.45761e+16,38.1005,2.88788,5.18592,1.35108e+19,7.14788e+20,sim09491.iv
sim09492,20.5038,3.8305,5.97635,5.59187e+20,4.22686e+19,234.332,3.63015,5.58333,5.15822e+16,3.82816e+16,47.9954,3.11821,5.11612,2.09587e+19,9.63233e+20,sim09492.iv
sim09493,32.9114,3.82268,5.98457,8.23028e+20,4.61045e+19,277.465,3.74248,5.41317,3.51279e+16,4.84304e+16,23.7586,3.16656,5.1102,2.0198e+19,7.91843e+20,sim09493.iv
sim09494,20.3945,3.95741,5.8848,5.88293e+20,4.28604e+19,292.006,3.61997,5.48373,8.32092e+16,3.36348e+16,39.1857,2.82903,5.01723,3.08286e+19,7.60714e+20,sim09494.iv
sim09495,20.5184,3.99455,5.89078,6.04528e+20,4.84037e+19,340.659,3.77343,5.41144,2.96395e+16,3.64855e+16,45.0378,3.16278,5.01329,4.13402e+19,5.29514e+20,sim09495.iv
sim09496,25.4643,3.82835,5.94318,6.30021e+20,1.98877e+19,278.987,3.70894,5.41518,3.06356e+16,4.67635e+16,43.8747,2.82993,5.18504,3.33393e+19,7.36861e+20,sim09496.iv
sim09497,42.0748,3.83764,5.80584,9.26286e+20,3.13124e+19,347.811,3.72478,5.54241,9.07403e+16,7.30013e+16,31.652,2.90635,5.09244,2.90174e+19,7.29707e+20,sim09497.iv
sim09498,33.1836,3.99105,5.93213,6.54878e+20,4.4677e+19,325.423,3.65218,5.54234,6.20369e+16,4.35849e+16,33.1304,3.04153,5.18044,3.62499e+19,9.75279e+20,sim09498.iv
sim09499,38.3444,3.95553,5.9521,9.41062e+20,2.23668e+19,257.745,3.69519,5.49559,7.31678e+16,2.72904e+16,25.801,2.86649,5.13146,1.74199e+19,8.11028e+20,sim09499.iv
sim09500,46.0905,3.91594,5.89286,5.54031e+20,3.63913e+19,273.096,3.69768,5.50104,6.98687e+16,9.55571e+16,28.8202,2.99769,5.04131,4.417e+19,5.07462e+20,sim09500.iv
sim09501,27.3445,3.9911,5.84382,9.92922e+20,2.56104e+19,264.801,3.72514,5.58293,7.59413e+16,4.77714e+16,37.555,2.86319,5.08408,4.39107e+19,8.55602e+20,sim09501.iv
sim09502,31.7759,3.99511,5.83744,9.78644e+20,3.02186e+19,282.78,3.75955,5.49313,8.27055e+16,8.27715e+16,40.2114,2.89269,5.18762,2.02733e+19,7.07018e+20,sim09502.iv
sim09503,45.0507,3.96474,5.85211,7.34579e+20,1.09346e+19,320.197,3.6421,5.44692,8.7391e+16,2.48908e+16,35.4658,2.96412,5.08693,1.77763e+19,8.14567e+20,sim09503.iv
sim09504,39.7926,3.86276,5.96397,8.44405e+20,1.6061e+19,324.191,3.61097,5.51661,2.47058e+16,3.67204e+16,45.3959,2.85398,5.04621,2.30444e+19,7.60999e+20,sim09504.iv
sim09505,28.6741,3.94187,5.87593,7.46341e+20,1.45717e+19,296.294,3.75575,5.41793,6.83064e+16,7.18045e+16,33.0673,2.87207,5.06208,2.84272e+19,9.09769e+20,sim09505.iv
sim09506,23.3774,3.84022,5.93177,5.06153e+20,3.25659e+19,247.925,3.78268,5.42361,3.24064e+16,9.27563e+16,36.3872,3.11566,5.02653,4.37091e+19,7.33652e+20,sim09506.iv
sim09507,37.9277,3.82764,5.98838,6.21428e+20,4.473e+19,259.619,3.62939,5.44327,6.0577e+16,9.81828e+16,46.0423,3.09694,5.19386,2.35754e+19,8.0996e+20,sim09507.iv
sim09508,33.8735,3.86828,5.98313,5.05847e+20,1.43996e+19,263.782,3.62637,5.49406,5.10639e+16,2.91601e+16,42.1548,3.03539,5.19436,4.31424e+19,9.52623e+20,sim09508.iv
sim09509,45.0547,3.90182,5.81441,5.79881e+20,4.03026e+19,289.78,3.61465,5.55669,3.69903e+16,1.09964e+16,27.4944,3.15141,5.15066,1.80909e+19,9.35904e+20,sim09509.iv
sim09510,47.0746,3.83627,5.92563,9.05965e+20,3.34812e+19,258.429,3.76603,5.55098,3.33469e+16,1.13488e+16,33.9834,2.98825,5.19267,3.68287e+19,6.80598e+20,sim09510.iv
sim09511,25.4039,3.97821,5.87955,5.21957e+20,2.95212e+19,338.338,3.78856,5.42479,9.65281e+16,8.82446e+16,20.5209,2.8803,5.15612,4.16275e+19,6.88045e+20,sim09511.iv
sim09512,24.5333,3.81836,5.8781,6.70068e+20,4.37626e+19,336.245,3.72456,5.44719,8.48118e+16,4.99891e+16,36.441,3.162,5.18846,2.36619e+19,9.53766e+20,sim09512.iv
sim09513,46.4876,3.99257,5.92667,6.32741e+20,4.7022e+19,266.703,3.74721,5.5416,6.41371e+16,5.43856e+16,40.968,3.16597,5.02239,1.65487e+19,8.0732e+20,sim09513.iv
sim09514,39.7495,3.94948,5.84608,5.83112e+20,1.53813e+19,309.04,3.78077,5.44597,8.71363e+16,9.88834e+16,22.0068,2.97002,5.07182,3.23657e+19,8.87502e+20,sim09514.iv
sim09515,26.1577,3.95467,5.81362,9.93894e+20,2.87379e+19,344.508,3.74409,5.44046,9.21409e+16,6.00724e+16,46.8589,3.07244,5.15131,2.60389e+19,7.72487e+20,sim09515.iv
sim09516,43.3838,3.91804,5.90807,8.27388e+20,3.43507e+19,306.165,3.61549,5.50602,4.88141e+16,6.28312e+16,46.9116,2.87217,5.04297,3.94245e+19,9.51757e+20,sim09516.iv
sim09517,22.17,3.84336,5.90978,5.80275e+20,1.66284e+19,269.605,3.75029,5.47482,2.6679e+16,1.95397e+16,36.0272,3.02784,5.19821,1.83578e+19,7.41203e+20,sim09517.iv
sim09518,28.969,3.89842,5.98858,5.60883e+20,1.33462e+19,223.141,3.66356,5.51398,8.61048e+16,3.56479e+16,42.937,3.02955,5.1128,2.38672e+19,9.48295e+20,sim09518.iv
sim09519,46.7343,3.82333,5.86229,6.35974e+20,4.69106e+19,234.892,3.75609,5.41904,3.31299e+16,4.20291e+16,30.029,3.12832,5.07121,4.12621e+19,8.14282e+20,sim09519.iv
sim09520,22.907,3.97391,5.98834,8.68918e+20,2.76679e+19,269.95,3.60962,5.50556,8.54413e+16,5.05595e+16,26.038,2.89794,5.10822,1.99379e+19,9.58724e+20,sim09520.iv
sim09521,37.0587,3.98909,5.9776,6.89343e+20,4.83428e+19,303.675,3.64599,5.56698,7.9061e+16,4.02925e+16,27.8331,2.93938,5.07097,3.4881e+19,7.63412e+20,sim09521.iv
sim09522,24.2041,3.99299,5.93331,6.63788e+20,2.72556e+19,259.788,3.60946,5.5237,1.01657e+16,2.08584e+16,24.4134,2.82699,5.09168,2.33503e+19,5.91916e+20,sim09522.iv
sim09523,48.6466,3.81718,5.82861,5.46477e+20,2.69493e+19,339.797,3.65535,5.53516,7.48706e+16,9.5749e+16,25.0928,2.96679,5.17099,1.605e+19,9.0514e+20,sim09523.iv
sim09524,31.518,3.8746,5.87947,7.16338e+20,1.15333e+19,214.094,3.7622,5.49713,8.69744e+16,4.18651e+16,31.9322,3.19158,5.046,4.97298e+19,5.01303e+20,sim09524.iv
sim09525,37.8177,3.84879,5.88216,8.35188e+20,4.48863e+19,236.209,3.75596,5.46844,3.78627e+16,9.09831e+16,30.3652,2.89677,5.10266,2.33087e+19,7.97179e+20,sim09525.iv
sim09526,26.5277,3.84469,5.99569,8.82917e+20,3.2983e+19,322.593,3.63452,5.54184,5.9785e+16,9.46398e+16,32.9916,3.03226,5.086,2.20069e+19,8.95448e+20,sim09526.iv
sim09527,41.8872,3.96851,5.93888,6.65732e+20,4.11445e+19,349.117,3.73843,5.44315,6.07827e+16,6.55279e+16,28.6101,2.90955,5.16106,4.17963e+19,6.9355e+20,sim09527.iv
sim09528,24.2974,3.88328,5.84301,5.48306e+20,1.51925e+19,236.558,3.75759,5.52047,4.17986e+16,1.95773e+16,20.1528,3.11973,5.17841,1.50998e+19,5.34495e+20,sim09528.iv
sim09529,41.7111,3.9426,5.94689,7.75502e+20,4.84472e+19,245.596,3.74137,5.49023,8.03544e+16,1.67414e+16,48.6121,2.95338,5.00288,4.96989e+19,7.76305e+20,sim09529.iv
sim09530,49.4281,3.85447,5.88427,5.0911e+20,4.26196e+19,262.245,3.71693,5.57296,6.31452e+16,1.85548e+16,28.8783,3.0693,5.05148,3.49574e+19,7.20377e+20,sim09530.iv
sim09531,31.4644,3.94355,5.95509,5.80596e+20,4.32849e+19,333.104,3.64677,5.54167,4.21406e+16,9.11689e+16,44.1991,3.14019,5.02296,4.49149e+19,6.22049e+20,sim09531.iv
sim09532,45.9819,3.8935,5.96819,9.07312e+20,1.18262e+19,289.321,3.72359,5.46904,9.35703e+16,1.69536e+16,46.2552,2.98189,5.04419,3.86832e+19,7.65501e+20,sim09532.iv
sim09533,24.5047,3.86759,5.86317,7.51239e+20,2.32875e+19,257.669,3.60597,5.5759,1.5595e+16,5.01056e+16,41.6791,2.92749,5.16455,4.36222e+19,7.16672e+20,sim09533.iv
sim09534,37.5403,3.97443,5.9874,9.2574e+20,1.2676e+19,251.656,3.63612,5.59178,4.07698e+16,5.20077e+16,24.6136,2.92733,5.09585,2.13212e+19,9.36148e+20,sim09534.iv
sim09535,24.4679,3.98408,5.9822,6.69904e+20,4.29028e+19,338.084,3.78307,5.50179,4.85597e+16,5.16256e+16,30.0109,3.00366,5.16323,3.7536e+19,9.53232e+20,sim09535.iv
sim09536,25.9935,3.90868,5.80021,6.2728e+20,1.26077e+19,226.062,3.76208,5.49371,6.24588e+16,5.41216e+16,41.6092,2.93751,5.00273,3.65837e+19,7.46785e+20,sim09536.iv
sim09537,25.1387,3.86352,5.95157,7.46308e+20,3.74146e+19,283.74,3.65404,5.45973,6.00947e+16,7.00699e+16,38.0349,3.03718,5.1767,4.15499e+19,5.31404e+20,sim09537.iv
sim09538,34.0444,3.89569,5.86692,5.3299e+20,4.79854e+19,339.765,3.63194,5.40199,8.67073e+16,7.43582e+16,43.2445,3.03095,5.11141,1.02188e+19,8.62093e+20,sim09538.iv
sim09539,41.2592,3.9692,5.94216,7.31404e+20,1.29375e+19,281.059,3.7294,5.40235,8.36531e+16,6.99676e+16,45.0436,3.17813,5.16245,2.55194e+19,5.30183e+20,sim09539.iv
sim09540,22.5189,3.92585,5.9424,8.85883e+20,4.8832e+19,311.977,3.79928,5.48499,2.96963e+16,5.62858e+16,21.8035,3.02447,5.08338,2.32039e+19,5.77956e+20,sim09540.iv
sim09541,33.1154,3.95574,5.89267,6.40266e+20,4.5642e+19,292.69,3.74341,5.40778,7.05546e+16,4.29066e+16,42.1881,3.04223,5.10489,1.52134e+19,8.37154e+20,sim09541.iv
sim09542,20.3758,3.88616,5.92643,6.15847e+20,1.07948e+19,246.441,3.67484,5.50306,4.67348e+16,7.11672e+16,36.862,2.89322,5.0061,2.61739e+19,6.55303e+20,sim09542.iv
sim09543,30.4457,3.89972,5.95205,5.27726e+20,4.73091e+19,331.082,3.7484,5.42833,9.57037e+16,4.15719e+16,43.1094,2.86019,5.15028,2.74301e+19,8.78255e+20,sim09543.iv
sim09544,20.1694,3.84307,5.93795,7.31501e+20,1.32033e+19,347.213,3.63382,5.43795,6.80636e+16,2.7417e+16,33.2406,3.16179,5.07557,4.50062e+19,9.72425e+20,sim09544.iv
sim09545,34.0562,3.94345,5.8905,7.09185e+20,1.44355e+19,250.651,3.70105,5.43491,2.49717e+16,4.35013e+16,27.1526,2.91288,5.02874,2.14907e+19,9.2361e+20,sim09545.iv
sim09546,40.057,3.84585,5.84928,6.85817e+20,2.20671e+19,244.709,3.79973,5.46654,3.6188e+16,3.27763e+16,25.1606,2.89415,5.11083,3.94229e+19,9.64481e+20,sim09546.iv
sim09547,30.3248,3.85816,5.90253,5.39484e+20,2.19896e+19,340.587,3.76612,5.46684,5.94587e+16,7.06794e+16,30.6484,2.81563,5.12226,4.21826e+19,9.37108e+20,sim09547.iv
sim09548,23.6547,3.85325,5.83288,5.57424e+20,1.00634e+19,305.538,3.76705,5.46735,9.13863e+16,9.58973e+16,35.7687,2.80355,5.03323,3.46867e+19,7.60165e+20,sim09548.iv
sim09549,35.0997,3.92006,5.93313,6.47192e+20,3.45681e+19,345.027,3.63324,5.40002,1.35544e+16,2.38057e+16,49.026,3.06058,5.03998,4.44236e+19,5.08387e+20,sim09549.iv
sim09550,26.559,3.84006,5.85239,9.09728e+20,3.06288e+19,291.844,3.73568,5.55734,4.54316e+16,2.32471e+16,40.2102,3.08258,5.16356,1.33498e+19,8.8087e+20,sim09550.iv
sim09551,35.5894,3.84508,5.83766,7.15876e+20,1.84994e+19,303.28,3.69096,5.47484,1.07701e+16,5.00365e+16,42.4774,3.14689,5.09542,2.36519e+19,7.75649e+20,sim09551.iv
sim09552,30.7519,3.87435,5.8061,8.3393e+20,3.37516e+19,310.007,3.6848,5.40775,4.85019e+16,3.78354e+16,24.7926,3.0846,5.17795,4.29415e+19,9.63583e+20,sim09552.iv
sim09553,35.0521,3.84723,5.97252,5.11958e+20,1.9941e+19,333.855,3.72886,5.57126,7.66336e+16,8.4556e+16,30.1075,3.1175,5.00577,2.02014e+19,9.6239e+20,sim09553.iv
sim09554,42.1949,3.83671,5.92865,7.01384e+20,4.61411e+19,287.942,3.60062,5.56362,8.95926e+16,6.03198e+16,47.7853,2.91971,5.15545,4.29828e+19,8.63285e+20,sim09554.iv
sim09555,21.4718,3.89087,5.92526,9.82559e+20,4.34266e+19,334.469,3.76493,5.48179,7.62581e+16,8.33654e+16,42.1744,2.937,5.08615,1.61056e+19,5.76805e+20,sim09555.iv
sim09556,28.4426,3.97789,5.82695,6.15305e+20,4.86579e+19,294.279,3.74206,5.41794,6.44614e+16,4.43616e+16,24.2415,2.95972,5.11501,3.86331e+19,5.38793e+20,sim09556.iv
sim09557,29.9914,3.97946,5.99311,8.80206e+20,3.34557e+19,244.506,3.77759,5.58588,9.82005e+16,7.10203e+16,45.1039,3.1885,5.13021,3.43459e+19,8.24261e+20,sim09557.iv
sim09558,36.4696,3.84351,5.89185,8.49922e+20,3.89713e+19,273.868,3.78913,5.40683,7.66047e+16,9.94524e+16,46.7995,2.83009,5.16942,4.59707e+19,5.92829e+20,sim09558.iv
sim09559,36.6389,3.88548,5.92407,9.83185e+20,4.28882e+19,268.016,3.63199,5.41539,4.85993e+16,3.98911e+16,46.9615,3.01313,5.0077,2.72692e+19,7.36274e+20,sim09559.iv
sim09560,37.5801,3.80281,5.87598,6.81265e+20,1.9618e+19,265.919,3.76632,5.48615,9.73077e+16,7.82409e+16,28.8095,2.94212,5.00875,1.04878e+19,6.72606e+20,sim09560.iv
sim09561,37.2674,3.81191,5.86211,7.31871e+20,3.73002e+19,249.162,3.73694,5.58626,1.76091e+16,9.67259e+16,35.306,3.18102,5.18772,2.00782e+19,9.32633e+20,sim09561.iv
sim09562,37.9589,3.99581,5.9713,7.46711e+20,1.07397e+19,278.025,3.64507,5.41657,5.25722e+16,8.71756e+16,38.5142,3.03911,5.05794,2.84393e+19,6.50046e+20,sim09562.iv
sim09563,29.9203,3.91747,5.89874,8.4741e+20,2.5583e+19,298.225,3.78894,5.50184,9.25377e+16,2.61775e+16,27.4675,3.10002,5.1969,4.51944e+19,8.96704e+20,sim09563.iv
sim09564,46.9287,3.90237,5.95466,8.25004e+20,2.59507e+19,217.097,3.73918,5.57203,5.69208e+16,2.04419e+16,31.5423,2.94716,5.12147,4.11223e+19,7.39715e+20,sim09564.iv
sim09565,32.1997,3.97767,5.90902,6.37753e+20,4.24105e+19,246.319,3.77411,5.53117,1.50729e+16,7.96716e+16,32.3621,2.84831,5.09242,3.17856e+19,9.06469e+20,sim09565.iv
sim09566,43.7502,3.86847,5.94187,7.60044e+20,4.80671e+19,348.147,3.66346,5.4145,1.64573e+16,3.77047e+16,36.0822,3.07864,5.17596,1.8558e+19,9.07069e+20,sim09566.iv
sim09567,23.0905,3.81151,5.9551,6.59037e+20,3.41618e+19,339.771,3.66758,5.4899,3.85344e+16,4.38688e+16,41.0672,3.11702,5.18203,1.98903e+19,7.41378e+20,sim09567.iv
sim09568,44.0797,3.99714,5.907,7.41242e+20,4.51489e+19,323.329,3.71047,5.42954,9.18521e+16,4.06676e+16,27.8439,3.03395,5.03194,4.90216e+19,8.96564e+20,sim09568.iv
sim09569,27.2314,3.95475,5.99572,5.24463e+20,1.48483e+19,242.803,3.79599,5.47911,7.47016e+16,5.32206e+16,33.9785,3.13826,5.04761,1.46105e+19,8.4849e+20,sim09569.iv
sim09570,41.9523,3.91577,5.93134,6.28357e+20,3.04303e+19,335.195,3.63107,5.42265,6.00177e+16,7.08678e+16,43.2391,3.11223,5.16898,4.19963e+19,5.8658e+20,sim09570.iv
sim09571,46.1977,3.89882,5.91033,5.72616e+20,3.29075e+19,323.479,3.64654,5.5773,2.19605e+16,4.99355e+16,33.7632,3.10583,5.13458,2.77212e+19,9.16088e+20,sim09571.iv
sim09572,46.0435,3.93926,5.98884,8.57143e+20,4.1635e+19,272.204,3.75332,5.49331,1.91389e+16,2.52974e+16,45.1492,2.91057,5.03601,2.74326e+19,8.17979e+20,sim09572.iv
sim09573,40.3743,3.98386,5.80805,7.69202e+20,1.92055e+19,253.82,3.61086,5.53291,9.65866e+16,2.07661e+16,22.7263,3.09882,5.18942,2.6307e+19,7.14344e+20,sim09573.iv
sim09574,47.3978,3.86955,5.98892,6.63421e+20,1.25584e+19,310.331,3.77672,5.42603,4.10344e+16,1.72005e+16,22.7716,2.89189,5.01953,4.93683e+19,5.50446e+20,sim09574.iv
sim09575,42.3052,3.89299,5.99619,5.83233e+20,2.18778e+19,236.485,3.63238,5.49311,7.29304e+16,3.18156e+16,38.9275,3.1657,5.11501,3.12406e+19,5.72389e+20,sim09575.iv
sim09576,28.1551,3.88706,5.93796,6.85087e+20,3.11841e+19,313.85,3.63408,5.45431,4.39093e+16,7.46046e+16,40.9782,3.1709,5.11029,3.12535e+19,5.93854e+20,sim09576.iv
sim09577,40.0287,3.8866,5.94858,6.92069e+20,4.2105e+19,294.915,3.61689,5.56541,4.93896e+16,1.56959e+16,38.9575,2.90379,5.15938,3.57743e+19,8.50928e+20,sim09577.iv
sim09578,47.3281,3.85226,5.83134,8.78498e+20,4.52253e+19,319.583,3.60139,5.45747,9.32117e+16,9.52538e+16,35.6022,3.01352,5.09961,1.73772e+19,5.77104e+20,sim09578.iv
sim09579,44.1335,3.81392,5.93528,9.19129e+20,4.2497e+19,344.011,3.63011,5.59122,2.98128e+16,1.8154e+16,36.6375,2.99036,5.18694,4.25188e+19,5.75194e+20,sim09579.iv
sim09580,35.0492,3.98944,5.96557,8.9904e+20,3.26049e+19,317.288,3.72666,5.59817,2.23913e+16,5.84219e+16,46.7372,3.05284,5.18557,2.58063e+19,8.66874e+20,sim09580.iv
sim09581,43.5456,3.91002,5.85316,9.71252e+20,2.94207e+19,260.785,3.66908,5.57899,8.88297e+16,5.0668e+16,28.8184,3.1962,5.03422,1.82501e+19,8.01322e+20,sim09581.iv
sim09582,26.1838,3.978,5.84886,6.26014e+20,3.33315e+19,274.882,3.72156,5.4596,6.59511e+16,1.16354e+16,35.3947,3.0682,5.10621,2.55166e+19,6.45771e+20,sim09582.iv
sim09583,31.2347,3.92293,5.81671,9.67675e+20,1.32e+19,244.95,3.70927,5.56653,9.67691e+16,7.41318e+16,40.6394,2.84723,5.19411,3.5468e+19,7.58095e+20,sim09583.iv
sim09584,42.643,3.8324,5.82172,8.86178e+20,4.44539e+19,211.929,3.60378,5.41248,5.42257e+16,8.51524e+16,43.903,2.93991,5.04558,3.95585e+19,6.62945e+20,sim09584.iv
sim09585,20.0058,3.83141,5.96408,7.45143e+20,4.69596e+19,237.574,3.64986,5.51948,7.29642e+16,6.22183e+16,26.1282,2.83387,5.08405,3.4725e+19,5.74032e+20,sim09585.iv
sim09586,33.2987,3.96503,5.9096,5.65051e+20,4.85674e+19,229.6,3.6918,5.58723,1.85851e+16,4.6007e+16,39.1143,2.80758,5.13842,2.37929e+19,5.47719e+20,sim09586.iv
sim09587,37.4219,3.84606,5.83732,9.28829e+20,2.60286e+19,320.794,3.77231,5.44488,9.48342e+16,6.66995e+16,32.6971,3.18758,5.01134,2.46433e+19,5.03809e+20,sim09587.iv
sim09588,46.9155,3.99476,5.95437,6.9736e+20,4.39582e+19,300.17,3.76528,5.50725,3.22555e+16,8.88779e+16,22.1975,3.09828,5.13132,1.61614e+19,6.45374e+20,sim09588.iv
sim09589,30.6644,3.98205,5.8657,6.99487e+20,1.74201e+19,281.37,3.74159,5.45548,8.78572e+16,5.36019e+16,26.2429,2.90953,5.03237,3.61492e+19,9.8127e+20,sim09589.iv
sim09590,48.7604,3.8688,5.93339,9.45534e+20,2.9669e+19,231.481,3.78785,5.47492,3.43327e+16,2.41597e+16,48.2945,3.08544,5.05017,4.03551e+19,8.97703e+20,sim09590.iv
sim09591,49.5152,3.84468,5.87872,5.22059e+20,2.22984e+19,243.728,3.65786,5.47893,7.06661e+16,6.52745e+16,33.1292,2.95583,5.04985,1.44505e+19,8.1176e+20,sim09591.iv
sim09592,45.7171,3.92552,5.98197,8.09614e+20,2.30577e+19,343.01,3.61628,5.56621,6.65405e+16,7.60384e+16,26.5912,3.13241,5.03185,4.62811e+19,8.3503e+20,sim09592.iv
sim09593,48.2757,3.91421,5.83272,6.1715e+20,3.03198e+19,289.631,3.76257,5.57648,7.51239e+16,2.99173e+16,20.5549,2.97709,5.01355,3.46021e+19,9.4058e+20,sim09593.iv
sim09594,35.9273,3.87738,5.93156,8.61639e+20,4.41769e+19,243.128,3.68864,5.47738,4.29578e+16,3.05141e+16,42.9598,2.84083,5.11381,2.36394e+19,5.18736e+20,sim09594.iv
sim09595,27.6701,3.83592,5.80486,9.48619e+20,1.05657e+19,212.986,3.68139,5.49111,9.52185e+16,6.52205e+16,25.5202,3.0625,5.07281,2.65032e+19,7.08311e+20,sim09595.iv
sim09596,46.6303,3.9471,5.84092,6.38197e+20,1.76563e+19,307.071,3.70648,5.58301,3.60185e+16,9.06435e+16,24.9103,2.81053,5.00688,4.50118e+19,9.95026e+20,sim09596.iv
sim09597,31.9863,3.8391,5.88802,7.65613e+20,2.20987e+19,286.135,3.7374,5.53705,5.12008e+16,3.4393e+16,26.9277,2.98821,5.17884,1.92882e+19,9.6141e+20,sim09597.iv
sim09598,46.3656,3.90376,5.93762,6.82286e+20,1.62599e+19,290.34,3.68043,5.55374,4.26493e+16,5.99353e+16,34.6593,2.83177,5.1381,3.94993e+19,5.25871e+20,sim09598.iv
sim09599,31.7086,3.85421,5.86741,6.30015e+20,2.21987e+19,251.8,3.69365,5.59094,7.78705e+16,3.15749e+16,30.7076,3.19456,5.18005,1.80219e+19,7.25302e+20,sim09599.iv
sim09600,35.3735,3.92735,5.89992,5.68442e+20,4.81261e+19,250.531,3.66732,5.50613,1.17891e+16,5.48233e+16,35.7921,2.99597,5.07579,4.53391e+19,7.15263e+20,sim09600.iv
sim09601,30.6413,3.96237,5.9483,6.62617e+20,3.16757e+19,266.326,3.712,5.41644,8.49698e+16,4.26915e+16,22.0586,2.81042,5.14848,3.3957e+19,8.62565e+20,sim09601.iv
sim09602,41.5429,3.8179,5.90163,9.55107e+20,4.27052e+19,253.541,3.71535,5.49426,8.3643e+16,9.51936e+16,38.2851,2.94858,5.06638,2.11823e+19,6.31249e+20,sim09602.iv
sim09603,33.2523,3.80821,5.89622,5.73477e+20,2.06724e+19,328.779,3.69803,5.51276,7.81986e+16,4.36614e+16,23.5332,2.89476,5.07578,2.62457e+19,5.7266e+20,sim09603.iv
sim09604,46.0477,3.97081,5.8242,7.1778e+20,1.72994e+19,237.195,3.79264,5.43658,4.42121e+16,8.18736e+16,22.0999,3.05892,5.13527,4.31163e+19,6.8549e+20,sim09604.iv
sim09605,37.3041,3.91639,5.93144,8.18206e+20,4.13495e+19,223.253,3.61982,5.45721,8.4416e+16,2.42193e+16,20.2479,2.96174,5.03536,1.21051e+19,8.00503e+20,sim09605.iv
sim09606,29.4479,3.87816,5.84328,8.59783e+20,3.25827e+19,257.624,3.76688,5.44336,5.04288e+16,5.94359e+16,49.1574,2.95627,5.13894,2.25506e+19,5.08253e+20,sim09606.iv
sim09607,32.5173,3.8677,5.98629,7.71136e+20,1.58659e+19,288.498,3.70514,5.52175,9.44795e+16,6.82501e+16,36.3398,3.07425,5.12012,1.59428e+19,9.99778e+20,sim09607.iv
sim09608,49.7966,3.96059,5.81497,7.24367e+20,4.24647e+19,289.526,3.62637,5.40614,4.14835e+16,3.1363e+16,20.9528,3.04025,5.13907,4.01946e+19,7.27049e+20,sim09608.iv
sim09609,49.7715,3.97991,5.93677,5.69356e+20,4.10415e+19,234.884,3.63494,5.55706,7.21633e+16,3.58562e+16,29.8933,2.93947,5.1699,1.12517e+19,8.2954e+20,sim09609.iv
sim09610,28.9502,3.81484,5.84186,7.29529e+20,1.04074e+19,246.221,3.79944,5.5136,2.05699e+16,7.41396e+16,44.2831,2.99511,5.13099,2.88787e+19,6.24852e+20,sim09610.iv
sim09611,46.3473,3.81167,5.98043,9.27439e+20,1.0163e+19,299.069,3.77293,5.50758,7.83285e+16,6.10886e+16,21.4702,2.8927,5.1565,2.31196e+19,9.12542e+20,sim09611.iv
sim09612,25.241,3.89081,5.82257,5.68393e+20,3.59131e+19,287.115,3.72007,5.5159,8.41152e+16,7.41472e+16,25.8742,3.04535,5.0211,3.44823e+19,6.26408e+20,sim09612.iv
sim09613,23.1138,3.90185,5.93057,9.59143e+20,1.20117e+19,301.08,3.73756,5.51414,5.67965e+16,1.08801e+16,43.6828,3.02369,5.08713,3.66713e+19,8.52835e+20,sim09613.iv
sim09614,24.9849,3.97256,5.86058,7.72411e+20,4.9778e+19,216.275,3.65625,5.53432,7.06884e+16,1.65026e+16,43.9129,2.99506,5.06244,2.28684e+19,8.86608e+20,sim09614.iv
sim09615,35.6452,3.95381,5.93283,5.54827e+20,1.00942e+19,261.25,3.79293,5.43623,2.27935e+16,3.52245e+16,41.8089,3.06663,5.15583,1.24487e+19,9.37218e+20,sim09615.iv
sim09616,32.5372,3.88819,5.96539,9.76016e+20,1.24214e+19,244.883,3.60726,5.42596,4.24264e+16,2.02565e+16,26.3537,3.09537,5.1714,2.32161e+19,7.33405e+20,sim09616.iv
sim09617,24.3376,3.8489,5.86758,5.86671e+20,3.81227e+19,346.83,3.77823,5.4314,9.94176e+16,1.21863e+16,22.206,3.12555,5.15283,4.83934e+19,5.40103e+20,sim09617.iv
sim09618,46.8698,3.97912,5.99044,9.40927e+20,1.25484e+19,287.775,3.62582,5.49529,2.23557e+16,4.34877e+16,46.5926,2.91998,5.04466,3.01414e+19,7.00185e+20,sim09618.iv
sim09619,49.0664,3.92677,5.9243,6.23104e+20,1.83677e+19,212.845,3.76426,5.40568,7.5611e+16,5.6893e+16,24.2057,2.90617,5.03596,3.47144e+19,8.11089e+20,sim09619.iv
sim09620,22.9251,3.85602,5.84228,9.27546e+20,4.70976e+19,240.893,3.75142,5.41356,3.71905e+16,3.80881e+16,43.2464,2.86679,5.17532,4.41856e+19,9.28582e+20,sim09620.iv
sim09621,46.3338,3.89828,5.84519,9.78931e+20,1.54222e+19,303.275,3.64998,5.53691,9.23959e+16,4.53097e+16,43.8975,2.99788,5.15737,3.1032e+19,6.74512e+20,sim09621.iv
sim09622,33.7867,3.86146,5.9285,9.89826e+20,2.65467e+19,292.012,3.64395,5.51161,4.34899e+16,9.56926e+16,42.6261,3.04389,5.10207,3.18476e+19,5.44319e+20,sim09622.iv
sim09623,20.8288,3.92023,5.92312,6.12993e+20,4.14661e+19,223.014,3.74608,5.50863,3.93731e+16,9.0814e+16,42.6096,3.17604,5.05786,3.48933e+19,8.7592e+20,sim09623.iv
sim09624,35.7165,3.97667,5.86357,8.23317e+20,3.4095e+19,301.328,3.70073,5.55577,7.53525e+16,6.16939e+16,21.1168,2.93411,5.03451,1.1975e+19,9.12181e+20,sim09624.iv
sim09625,29.2246,3.99492,5.94025,5.41137e+20,1.75864e+19,321.07,3.7006,5.40841,4.59041e+16,6.72865e+16,33.836,3.07517,5.03724,2.62219e+19,6.0805e+20,sim09625.iv
sim09626,34.9432,3.84586,5.95356,5.00897e+20,4.94322e+19,225.869,3.74795,5.52096,8.37432e+16,9.2131e+16,38.0744,2.90837,5.05921,2.57838e+19,7.03876e+20,sim09626.iv
sim09627,44.7715,3.98181,5.91616,6.44588e+20,3.13932e+19,309.574,3.78811,5.47418,8.97924e+16,6.67663e+16,46.1756,3.14127,5.05692,3.24961e+19,5.69787e+20,sim09627.iv
sim09628,39.6193,3.84249,5.8469,6.38039e+20,4.95034e+19,281.882,3.66915,5.49944,7.55036e+16,5.51133e+16,31.2748,2.93826,5.09086,1.59696e+19,6.3103e+20,sim09628.iv
sim09629,34.5368,3.84364,5.95466,5.49481e+20,4.0798e+19,314.031,3.78028,5.48881,3.23337e+16,7.04332e+16,46.6735,2.80183,5.07882,1.06452e+19,5.62327e+20,sim09629.iv
sim09630,39.459,3.93679,5.94577,9.44809e+20,1.08602e+19,308.25,3.65082,5.55312,8.11246e+16,3.20372e+16,43.0038,2.81806,5.18958,4.20495e+19,7.57747e+20,sim09630.iv
sim09631,40.4467,3.95193,5.90631,5.24578e+20,3.95821e+19,345.886,3.60086,5.47739,3.70289e+16,4.84862e+16,37.4738,3.11704,5.08406,2.79896e+19,7.61253e+20,sim09631.iv
sim09632,48.9866,3.93355,5.89255,9.86549e+20,4.91109e+19,231.098,3.77097,5.5841,8.78116e+16,8.80411e+16,47.8484,2.8801,5.07512,3.92743e+19,6.01149e+20,sim09632.iv
sim09633,28.3041,3.84344,5.90342,8.5195e+20,4.89674e+19,227.659,3.60029,5.4747,1.14322e+16,2.87371e+16,28.3799,2.95167,5.02168,1.78306e+19,8.93725e+20,sim09633.iv
sim09634,47.3593,3.92233,5.82452,7.31392e+20,3.40154e+19,349.026,3.77564,5.59235,8.16663e+16,3.84155e+16,22.1189,3.01347,5.12175,4.12725e+19,6.51297e+20,sim09634.iv
sim09635,44.3932,3.96459,5.96005,5.59491e+20,4.03858e+19,341.552,3.79641,5.45356,5.20367e+16,2.3601e+16,28.1505,3.1198,5.13707,1.57322e+19,9.7073e+20,sim09635.iv
sim09636,39.6031,3.91585,5.83596,6.05935e+20,1.02095e+19,298.968,3.79499,5.46936,5.09929e+16,2.12877e+16,22.2709,2.93524,5.00555,1.25526e+19,9.06772e+20,sim09636.iv
sim09637,25.1563,3.94997,5.92663,5.78109e+20,4.48586e+19,274.711,3.68712,5.42214,3.8872e+16,7.95772e+16,46.4328,2.9639,5.16917,4.24694e+19,5.83949e+20,sim09637.iv
sim09638,26.9268,3.94773,5.80267,7.71991e+20,2.20581e+19,241.234,3.69496,5.57032,5.6234e+16,9.60024e+16,47.7719,2.88306,5.09011,2.63953e+19,5.5283e+20,sim09638.iv
sim09639,25.5935,3.90716,5.93479,7.83121e+20,2.6703e+19,323.704,3.76936,5.53461,2.87598e+16,4.07945e+16,41.2564,2.85871,5.00631,3.82922e+19,9.51061e+20,sim09639.iv
sim09640,24.3439,3.81574,5.90847,9.6716e+20,4.4141e+19,215.79,3.62021,5.52155,4.43886e+16,2.13991e+16,31.4789,2.85456,5.0218,4.15677e+19,6.68497e+20,sim09640.iv
sim09641,23.7277,3.91602,5.94811,6.1787e+20,3.23894e+19,210.099,3.67819,5.57207,8.42499e+16,6.80613e+16,48.333,2.99756,5.07631,2.33199e+19,7.91373e+20,sim09641.iv
sim09642,20.4701,3.90147,5.85888,6.3054e+20,3.17773e+19,225.558,3.67198,5.51896,7.07045e+16,4.07464e+16,31.6825,3.14465,5.12323,4.37221e+19,7.10609e+20,sim09642.iv
sim09643,29.5707,3.94866,5.94958,9.77356e+20,2.55275e+19,312.607,3.74842,5.44877,3.38863e+16,1.15715e+16,26.0166,3.19601,5.15307,1.08843e+19,8.07376e+20,sim09643.iv
sim09644,24.4072,3.89788,5.86947,9.82062e+20,3.15012e+19,301.484,3.74702,5.58573,6.57576e+16,5.30445e+16,49.4692,2.88805,5.19684,4.59659e+19,6.33346e+20,sim09644.iv
sim09645,25.9745,3.95669,5.86111,7.10022e+20,1.32953e+19,349.445,3.74713,5.51739,5.57319e+16,5.19092e+16,34.9268,2.91467,5.1315,4.36325e+19,6.1258e+20,sim09645.iv
sim09646,27.7022,3.86511,5.98461,8.34911e+20,2.88621e+19,268.556,3.62567,5.548,7.74624e+16,3.52517e+16,47.596,3.02842,5.16653,4.6134e+19,8.72331e+20,sim09646.iv
sim09647,47.2934,3.88504,5.96796,8.92341e+20,4.19e+19,222.861,3.72095,5.40904,4.08193e+16,2.51021e+16,31.2971,3.04405,5.06402,2.72844e+19,6.62576e+20,sim09647.iv
sim09648,23.2879,3.97433,5.91469,5.13835e+20,4.14821e+19,308.423,3.68345,5.4954,6.0177e+16,1.4393e+16,26.508,2.82574,5.10013,1.45041e+19,5.53901e+20,sim09648.iv
sim09649,35.4552,3.86339,5.81319,7.97539e+20,4.09111e+19,321.259,3.63867,5.41661,2.25475e+16,7.89541e+16,32.6729,2.97643,5.14601,3.27374e+19,5.91649e+20,sim09649.iv
sim09650,46.1945,3.86211,5.84395,9.12466e+20,4.08693e+19,251.712,3.73668,5.52163,1.42176e+16,4.70724e+16,32.9448,3.01326,5.13145,1.65565e+19,7.46293e+20,sim09650.iv
sim09651,23.2026,3.91537,5.90058,6.38913e+20,2.89134e+19,314.327,3.6673,5.46545,6.79076e+16,3.14173e+16,37.3818,2.81606,5.14641,4.83308e+19,6.35843e+20,sim09651.iv
sim09652,35.0217,3.81754,5.82396,7.23441e+20,1.64713e+19,326.52,3.79901,5.54428,7.56816e+16,8.58374e+16,29.5666,3.17973,5.01966,3.3792e+19,7.29646e+20,sim09652.iv
sim09653,29.8273,3.9677,5.83079,5.1681e+20,3.38381e+19,337.456,3.75278,5.55947,6.23185e+16,6.29753e+16,42.6047,3.15259,5.02118,1.75583e+19,8.37303e+20,sim09653.iv
sim09654,49.7513,3.9722,5.96163,6.56462e+20,2.9955e+19,276.59,3.72486,5.48681,6.32499e+16,9.00706e+16,32.6009,2.82056,5.05397,3.8005e+19,9.47087e+20,sim09654.iv
sim09655,29.6768,3.80102,5.98839,9.75442e+20,4.77022e+19,345.671,3.76176,5.56376,3.3152e+16,9.64611e+16,40.6646,2.86264,5.16512,1.50697e+19,8.12401e+20,sim09655.iv
sim09656,25.4265,3.94526,5.99979,7.25795e+20,2.19325e+19,297.402,3.74271,5.55089,2.98707e+16,2.6392e+16,43.2677,2.97197,5.14169,3.74711e+19,8.2464e+20,sim09656.iv
sim09657,34.6481,3.83362,5.99892,7.87561e+20,3.61332e+19,327.754,3.61934,5.43612,5.34474e+16,3.362e+16,27.9759,2.8708,5.1201,3.36796e+19,9.33853e+20,sim09657.iv
sim09658,35.7147,3.94014,5.88411,6.88087e+20,4.47366e+19,348.994,3.60689,5.5313,3.28156e+16,3.16138e+16,39.3146,2.84021,5.19595,4.92068e+19,6.64264e+20,sim09658.iv
sim09659,40.1138,3.81827,5.80515,6.02376e+20,1.26822e+19,210.014,3.62009,5.40151,3.21363e+16,7.83922e+16,43.0179,2.88084,5.04657,3.16584e+19,8.53648e+20,sim09659.iv
sim09660,24.3499,3.918,5.81009,6.00604e+20,1.70094e+19,252.627,3.74857,5.50218,8.1836e+16,8.83792e+16,37.6666,3.06287,5.00307,4.10727e+19,6.38678e+20,sim09660.iv
sim09661,41.5664,3.93801,5.82149,8.81913e+20,3.63178e+19,279.463,3.77173,5.44889,5.67801e+16,2.82313e+16,40.9921,3.18557,5.00439,2.09911e+19,8.35955e+20,sim09661.iv
sim09662,42.1665,3.97819,5.96179,8.93029e+20,4.30138e+19,276.275,3.69829,5.43281,2.29701e+16,9.63261e+16,24.9523,2.8807,5.03521,3.61583e+19,5.05861e+20,sim09662.iv
sim09663,41.3936,3.97341,5.88475,7.44133e+20,1.33884e+19,220.789,3.75719,5.53859,7.58169e+16,7.81769e+16,31.1102,3.09099,5.08206,1.12097e+19,6.01807e+20,sim09663.iv
sim09664,31.1656,3.80435,5.90278,7.65382e+20,2.35463e+19,298.459,3.67085,5.58699,9.48987e+16,5.51839e+16,22.6152,2.90827,5.12377,2.24435e+19,9.06645e+20,sim09664.iv
sim09665,32.9231,3.86415,5.92239,8.72807e+20,1.96368e+19,321.039,3.65274,5.50967,4.99264e+16,5.44092e+16,24.1837,3.01054,5.0367,2.18987e+19,9.32265e+20,sim09665.iv
sim09666,42.5914,3.93408,5.94151,8.85417e+20,1.15846e+19,248.661,3.63401,5.57214,6.87343e+16,5.33284e+16,45.3778,2.82195,5.00254,1.49413e+19,6.31556e+20,sim09666.iv
sim09667,32.2982,3.82659,5.91045,8.10781e+20,3.06541e+19,266.897,3.74728,5.55432,3.63229e+16,1.8533e+16,30.4655,3.0712,5.00617,2.50976e+19,8.83917e+20,sim09667.iv
sim09668,36.3208,3.97179,5.82481,7.56768e+20,3.78487e+19,267.89,3.69028,5.49845,2.39114e+16,5.63108e+16,27.511,2.96284,5.04212,2.55267e+19,8.64519e+20,sim09668.iv
sim09669,34.5159,3.96164,5.96127,5.78531e+20,1.23991e+19,251.674,3.70557,5.46248,1.38682e+16,5.70637e+16,34.7245,3.08868,5.04955,1.26145e+19,8.43234e+20,sim09669.iv
sim09670,40.9304,3.80005,5.87694,6.28408e+20,4.95044e+19,288.723,3.63955,5.51747,2.52459e+16,6.41861e+16,46.4054,3.0149,5.10483,1.15326e+19,8.10182e+20,sim09670.iv
sim09671,22.0157,3.91452,5.91205,6.33016e+20,4.82918e+19,233.822,3.66046,5.57074,9.58742e+16,9.3906e+16,43.667,2.84931,5.00618,2.53448e+19,8.74492e+20,sim09671.iv
sim09672,49.9134,3.96719,5.97742,6.9963e+20,2.08879e+19,272.533,3.68956,5.52063,1.35395e+16,6.08956e+16,24.7752,2.84399,5.09387,3.26801e+19,8.48314e+20,sim09672.iv
sim09673,29.8811,3.98536,5.81342,9.7547e+20,3.83891e+19,263.926,3.75893,5.51106,7.46443e+16,1.68261e+16,30.2458,2.93028,5.11588,3.99104e+19,5.9643e+20,sim09673.iv
sim09674,42.3146,3.92136,5.93418,7.02757e+20,1.71383e+19,272.808,3.66328,5.48865,6.91952e+16,2.15717e+16,49.0943,2.91222,5.17979,2.88468e+19,8.16245e+20,sim09674.iv
sim09675,36.0943,3.95084,5.84149,9.40515e+20,2.4327e+19,270.774,3.73726,5.44373,8.7068e+16,9.90032e+16,26.3486,2.95927,5.18233,4.52784e+19,8.85194e+20,sim09675.iv
sim09676,29.4128,3.92694,5.92287,8.88236e+20,3.84295e+19,331.801,3.75189,5.53883,4.71341e+16,2.89354e+16,24.1458,2.83242,5.02952,2.15263e+19,9.37532e+20,sim09676.iv
sim09677,28.2798,3.83318,5.94658,8.17827e+20,4.51676e+19,285.979,3.7161,5.43089,8.14228e+16,4.66999e+16,38.226,3.14559,5.10418,4.64693e+19,8.03288e+20,sim09677.iv
sim09678,37.8546,3.85435,5.821,8.46512e+20,2.70905e+19,251.343,3.76353,5.53212,5.24637e+16,8.58589e+16,39.4596,2.8037,5.1944,2.92183e+19,8.43484e+20,sim09678.iv
sim09679,28.6252,3.81463,5.80486,7.93812e+20,2.43576e+19,215.128,3.7547,5.51255,6.62397e+16,2.27361e+16,33.7839,2.99161,5.05399,4.84334e+19,9.07764e+20,sim09679.iv
sim09680,36.7138,3.83987,5.80725,9.24726e+20,1.53807e+19,333.029,3.64843,5.50472,4.98405e+16,1.14222e+16,49.816,3.1796,5.10277,3.27208e+19,9.24777e+20,sim09680.iv
sim09681,49.461,3.97524,5.81062,7.09613e+20,4.39538e+19,306.263,3.71208,5.51341,8.79281e+16,9.77048e+16,47.297,2.92796,5.08018,4.52941e+19,8.35087e+20,sim09681.iv
sim09682,20.1521,3.93905,5.93663,6.71948e+20,2.95362e+19,215.812,3.64993,5.51389,1.8458e+16,2.68696e+16,43.9561,2.85339,5.03922,3.32548e+19,5.36544e+20,sim09682.iv
sim09683,31.7021,3.96236,5.89314,5.22136e+20,3.45482e+19,251.95,3.61405,5.58129,2.53698e+16,4.62409e+16,31.2243,2.95049,5.07045,1.8565e+19,6.92059e+20,sim09683.iv
sim09684,23.595,3.97716,5.95548,8.23458e+20,4.83586e+19,333.272,3.69905,5.55002,1.79295e+16,8.89471e+16,49.5996,3.05165,5.08911,4.40797e+19,5.7319e+20,sim09684.iv
sim09685,41.8844,3.82307,5.83363,7.3899e+20,1.67687e+19,319.416,3.71538,5.53845,5.10552e+16,7.55559e+16,42.8128,3.10553,5.19634,2.98437e+19,7.50133e+20,sim09685.iv
sim09686,39.2883,3.86738,5.91325,5.20835e+20,3.99173e+19,226.914,3.72711,5.56278,6.43051e+16,2.17971e+16,34.0239,2.99995,5.10192,2.37665e+19,9.82716e+20,sim09686.iv
sim09687,29.4547,3.81512,5.96032,6.66137e+20,1.40026e+19,212.701,3.60955,5.48864,8.76671e+16,3.32705e+16,36.6242,2.87221,5.11303,4.36463e+19,8.3575e+20,sim09687.iv
sim09688,33.5875,3.94209,5.92645,7.4679e+20,1.46046e+19,288.287,3.61061,5.41264,3.06088e+16,1.61877e+16,24.986,3.02394,5.0785,3.42519e+19,5.51194e+20,sim09688.iv
sim09689,42.4312,3.84225,5.95589,8.32806e+20,4.31504e+19,311.674,3.61394,5.55874,7.05166e+16,7.01678e+16,35.3166,3.05963,5.13366,4.36878e+19,6.2892e+20,sim09689.iv
sim09690,45.3518,3.90828,5.96042,6.80659e+20,1.41198e+19,223.342,3.77476,5.51564,9.73633e+16,9.70871e+16,40.4623,3.10127,5.02686,1.31083e+19,8.05574e+20,sim09690.iv
sim09691,33.736,3.89938,5.97369,5.08946e+20,4.3671e+19,336.017,3.6131,5.46592,9.24709e+16,4.52701e+16,40.0979,2.95267,5.03314,4.89293e+19,7.79182e+20,sim09691.iv
sim09692,43.8335,3.84849,5.85741,7.89048e+20,4.36813e+19,250.613,3.64592,5.57318,9.37126e+16,8.98069e+16,45.105,2.8763,5.15308,2.36471e+19,7.34903e+20,sim09692.iv
sim09693,45.6369,3.89561,5.85388,8.67532e+20,1.26183e+19,227.689,3.65425,5.5553,2.51624e+16,1.13075e+16,44.7104,3.05514,5.19097,1.47232e+19,8.74023e+20,sim09693.iv
sim09694,33.8694,3.98422,5.96957,5.20667e+20,2.80713e+19,299.576,3.79247,5.52714,5.71806e+16,4.5287e+16,31.2801,2.90477,5.01495,1.30871e+19,9.4543e+20,sim09694.iv
sim09695,30.8725,3.87584,5.86287,8.70987e+20,4.48334e+19,258.359,3.64007,5.52764,8.24189e+16,6.81928e+16,36.4639,3.10729,5.16436,3.14098e+19,7.6223e+20,sim09695.iv
sim09696,31.934,3.82349,5.83414,6.2253e+20,3.50182e+19,263.736,3.69048,5.44434,3.14766e+16,6.73907e+16,49.0628,2.81613,5.07775,3.18248e+19,8.88837e+20,sim09696.iv
sim09697,37.3308,3.91364,5.8325,5.92964e+20,1.43638e+19,347.443,3.61903,5.46257,4.69115e+16,3.16793e+16,35.9532,3.10866,5.19086,1.49764e+19,8.49953e+20,sim09697.iv
sim09698,27.1521,3.98556,5.91187,6.90097e+20,1.23785e+19,349.11,3.75594,5.52872,2.79593e+16,6.59975e+16,21.0461,2.91674,5.19199,4.76028e+19,7.16823e+20,sim09698.iv
sim09699,44.8703,3.84513,5.92758,5.81571e+20,1.60212e+19,330.296,3.73694,5.52151,9.56454e+16,4.87795e+16,22.4172,2.81071,5.04962,1.91087e+19,6.10357e+20,sim09699.iv
sim09700,38.0244,3.93747,5.96032,5.47957e+20,4.52446e+19,286.562,3.74357,5.53195,5.76714e+16,2.57921e+16,47.7915,2.90409,5.14811,2.91437e+19,7.6858e+20,sim09700.iv
sim09701,21.2415,3.9242,5.80543,8.72455e+20,3.60462e+19,255.654,3.75151,5.57203,1.69753e+16,8.27375e+16,47.5046,3.0884,5.08046,1.81055e+19,7.96102e+20,sim09701.iv
sim09702,23.4681,3.98173,5.85418,6.3008e+20,2.06171e+19,252.645,3.75871,5.45715,9.67026e+16,8.21833e+16,27.2313,3.0762,5.19857,3.18595e+19,9.07607e+20,sim09702.iv
sim09703,27.3669,3.96403,5.96284,7.79333e+20,1.76395e+19,257.314,3.78998,5.50912,7.55446e+16,1.22674e+16,41.35,2.99785,5.0186,1.62662e+19,7.57437e+20,sim09703.iv
sim09704,26.6294,3.89487,5.95729,6.35128e+20,4.04503e+19,217.986,3.74341,5.42111,8.43349e+16,7.13636e+16,49.2798,3.15623,5.16082,4.77461e+19,6.4411e+20,sim09704.iv
sim09705,35.9877,3.85675,5.84831,9.29841e+20,3.05998e+19,340.553,3.70318,5.51497,8.42473e+16,2.79057e+16,36.526,3.04043,5.01333,4.30179e+19,5.40371e+20,sim09705.iv
sim09706,45.9083,3.85457,5.85178,6.99215e+20,3.44503e+19,223.042,3.70579,5.504,7.49384e+16,8.18319e+16,35.8368,3.02822,5.09497,2.58151e+19,8.03794e+20,sim09706.iv
sim09707,26.7806,3.94592,5.9139,7.23207e+20,1.63541e+19,336.683,3.74549,5.54883,7.01766e+16,9.02095e+16,40.9025,3.08657,5.13168,4.71707e+19,8.55265e+20,sim09707.iv
sim09708,40.2891,3.87796,5.84488,7.04361e+20,1.52051e+19,244.552,3.77845,5.54057,5.8027e+16,2.45505e+16,22.0688,3.1837,5.09527,4.39912e+19,7.94936e+20,sim09708.iv
sim09709,33.3198,3.86801,5.84117,7.52874e+20,1.64032e+19,305.957,3.79885,5.53513,2.94991e+16,9.12233e+16,33.5233,3.14727,5.06951,2.70071e+19,5.62455e+20,sim09709.iv
sim09710,22.9134,3.83114,5.9735,6.29943e+20,4.09184e+19,266.125,3.65333,5.51116,9.7859e+16,6.23275e+16,45.5108,2.99398,5.08894,3.82158e+19,6.81402e+20,sim09710.iv
sim09711,47.5625,3.97677,5.90373,7.10105e+20,1.09323e+19,245.885,3.64469,5.58934,3.82368e+16,3.1491e+16,49.7358,3.07282,5.01608,2.96935e+19,8.97851e+20,sim09711.iv
sim09712,27.3605,3.9544,5.85276,8.81227e+20,4.20429e+19,221.411,3.60132,5.56703,6.09973e+16,8.68162e+16,45.3175,3.17797,5.09349,4.60226e+19,7.15961e+20,sim09712.iv
sim09713,28.1677,3.9513,5.97799,9.11384e+20,4.77254e+19,304.118,3.77416,5.47212,1.79029e+16,9.92654e+16,48.8954,2.98076,5.14454,3.65237e+19,6.42435e+20,sim09713.iv
sim09714,21.582,3.84563,5.95139,6.3144e+20,1.95978e+19,291.185,3.65866,5.5202,9.6291e+16,3.59683e+16,25.1792,2.87735,5.09072,1.53091e+19,8.84904e+20,sim09714.iv
sim09715,28.0951,3.89372,5.86729,6.75332e+20,4.33135e+19,272.89,3.67867,5.57633,7.10723e+16,3.39892e+16,35.6632,3.12701,5.04103,4.63558e+19,7.56691e+20,sim09715.iv
sim09716,32.4512,3.87463,5.96235,6.13516e+20,1.27347e+19,290.508,3.64558,5.50685,3.38869e+16,6.61858e+16,49.8478,2.95339,5.1248,1.58689e+19,8.73282e+20,sim09716.iv
sim09717,43.5863,3.90828,5.95721,6.72507e+20,4.59656e+19,329.442,3.71193,5.53092,9.83613e+16,9.7326e+16,41.249,2.98388,5.03219,4.83238e+19,8.76027e+20,sim09717.iv
sim09718,23.4759,3.8829,5.87328,6.77497e+20,3.41715e+19,286.162,3.64915,5.50151,9.29785e+16,7.03104e+16,44.453,2.80805,5.16034,4.14421e+19,8.33096e+20,sim09718.iv
sim09719,41.454,3.94947,5.8826,5.17369e+20,3.68e+19,218.452,3.7316,5.55963,7.98572e+16,6.21635e+16,46.1527,3.15295,5.06251,4.06772e+19,6.71909e+20,sim09719.iv
sim09720,47.0915,3.8369,5.98651,5.78007e+20,4.50182e+19,258.451,3.63935,5.4843,4.63527e+16,2.57503e+16,39.4326,3.19405,5.00192,4.43672e+19,6.30599e+20,sim09720.iv
sim09721,39.5538,3.9308,5.8003,5.72613e+20,1.31005e+19,299.843,3.71632,5.48994,7.24411e+16,7.29063e+16,28.4721,2.9447,5.15799,3.28664e+19,6.46807e+20,sim09721.iv
sim09722,34.8733,3.88757,5.98744,8.03876e+20,4.60032e+19,239.335,3.76837,5.42788,5.86431e+16,8.57235e+16,48.3438,2.84025,5.10956,2.0213e+19,8.85809e+20,sim09722.iv
sim09723,42.43,3.99444,5.80188,8.43796e+20,1.48081e+19,333.722,3.68056,5.44768,9.44727e+16,1.87288e+16,49.6431,3.06316,5.07842,1.37357e+19,6.59445e+20,sim09723.iv
sim09724,44.1233,3.88328,5.84712,5.54035e+20,1.47042e+19,333.678,3.61851,5.52194,6.65321e+16,3.11005e+16,34.7802,3.00869,5.04818,1.65817e+19,7.05901e+20,sim09724.iv
sim09725,29.5705,3.85778,5.91762,6.12134e+20,2.12448e+19,244.502,3.73859,5.46918,3.08687e+16,6.54551e+16,28.1138,3.05503,5.07275,2.41429e+19,5.95416e+20,sim09725.iv
sim09726,29.2843,3.90628,5.86067,8.90349e+20,1.04766e+19,229.456,3.65613,5.57199,7.27805e+16,8.53677e+16,34.2799,3.15248,5.1876,1.51819e+19,6.74161e+20,sim09726.iv
sim09727,32.7375,3.90842,5.86522,9.09499e+20,4.58519e+19,218.54,3.72087,5.51422,9.00637e+16,7.05798e+16,30.1266,3.01605,5.1374,2.26773e+19,5.41725e+20,sim09727.iv
sim09728,39.9535,3.91015,5.96298,5.40742e+20,4.67534e+19,246.513,3.71622,5.47822,2.80486e+16,6.26482e+16,37.0315,2.85082,5.0376,2.99749e+19,5.79596e+20,sim09728.iv
sim09729,21.809,3.91006,5.829,7.13116e+20,1.31085e+19,293.528,3.77091,5.4188,9.27732e+16,7.72952e+16,45.5244,3.14555,5.0539,1.1915e+19,9.07436e+20,sim09729.iv
sim09730,20.6211,3.94195,5.88592,8.15618e+20,1.661e+19,347.112,3.77846,5.46156,6.59866e+16,2.32519e+16,20.2423,3.16184,5.01762,2.00851e+19,8.93142e+20,sim09730.iv
sim09731,21.2771,3.97183,5.98495,8.71857e+20,1.95076e+19,313.345,3.62376,5.43695,8.93246e+16,9.91616e+16,20.5797,2.85655,5.07058,1.62236e+19,7.05326e+20,sim09731.iv
sim09732,29.4125,3.98606,5.98232,7.20945e+20,2.153e+19,299.07,3.62134,5.52797,3.32199e+16,6.36323e+16,32.0405,2.98197,5.05018,4.66068e+19,8.26957e+20,sim09732.iv
sim09733,26.6435,3.83693,5.8361,6.5448e+20,2.81451e+19,331.818,3.78726,5.44873,6.41966e+16,2.88561e+16,26.7893,2.874,5.13634,3.39853e+19,9.613e+20,sim09733.iv
sim09734,38.1519,3.85268,5.84274,8.64833e+20,2.18875e+19,221.943,3.6384,5.41429,4.00792e+16,4.81304e+16,38.3506,2.80408,5.11061,2.22181e+19,9.43568e+20,sim09734.iv
sim09735,39.6731,3.91103,5.87556,7.39965e+20,1.01145e+19,305.659,3.79026,5.59395,4.64081e+16,7.58061e+16,33.9234,2.9813,5.05529,3.92267e+19,8.59265e+20,sim09735.iv
sim09736,38.5448,3.93081,5.83782,7.81845e+20,4.88815e+19,340.4,3.67234,5.43986,1.37987e+16,3.24554e+16,34.7058,2.87162,5.07123,3.48315e+19,7.42236e+20,sim09736.iv
sim09737,28.4968,3.86085,5.91669,8.26229e+20,4.05958e+19,329.79,3.73807,5.49915,2.78448e+16,9.69432e+16,35.7239,2.87507,5.13255,1.92198e+19,6.78711e+20,sim09737.iv
sim09738,49.0938,3.8491,5.9643,5.57668e+20,4.1534e+19,264.223,3.69626,5.5691,6.89909e+16,5.91214e+16,38.5809,3.15345,5.17506,2.07719e+19,9.38851e+20,sim09738.iv
sim09739,20.0015,3.88986,5.95318,9.47418e+20,4.33793e+19,239.546,3.71902,5.50433,9.21971e+16,3.87862e+16,47.868,3.08269,5.0469,2.98731e+19,8.04434e+20,sim09739.iv
sim09740,31.355,3.89234,5.80481,8.34393e+20,3.8172e+19,349.574,3.64671,5.42315,5.04184e+16,1.11813e+16,30.5655,2.93829,5.11357,3.10171e+19,9.36502e+20,sim09740.iv
sim09741,40.8776,3.98868,5.88499,8.82577e+20,3.13929e+19,258.129,3.69023,5.53932,3.2232e+16,6.05542e+16,47.2514,2.82215,5.13073,3.39272e+19,9.77801e+20,sim09741.iv
sim09742,44.8945,3.98221,5.97397,5.63747e+20,2.24578e+19,336.602,3.6772,5.54751,5.385e+16,3.83449e+16,29.6101,2.92765,5.0193,3.72108e+19,8.23546e+20,sim09742.iv
sim09743,30.5293,3.8646,5.87668,9.36822e+20,1.47355e+19,299.929,3.61762,5.5869,3.57674e+16,9.44111e+16,21.3222,3.15417,5.00199,2.72257e+19,7.55823e+20,sim09743.iv
sim09744,49.3114,3.94993,5.95401,6.67286e+20,3.59423e+19,265.348,3.73368,5.50454,9.51383e+16,2.5651e+16,25.3143,2.89896,5.04,2.42863e+19,9.59943e+20,sim09744.iv
sim09745,28.7887,3.81428,5.89635,5.27382e+20,1.94698e+19,223.488,3.72886,5.56365,2.96404e+16,5.09735e+16,29.9545,2.87289,5.00653,3.65412e+19,6.21412e+20,sim09745.iv
sim09746,27.544,3.97671,5.88019,7.0913e+20,4.03371e+19,325.158,3.72958,5.40762,2.28273e+16,6.2856e+16,29.705,3.09557,5.11364,2.62422e+19,9.22238e+20,sim09746.iv
sim09747,34.6537,3.92621,5.83972,6.48033e+20,2.9101e+19,256.264,3.77209,5.44519,8.98223e+16,3.13056e+16,29.8269,3.08063,5.04751,2.84192e+19,6.42759e+20,sim09747.iv
sim09748,43.7566,3.8141,5.81871,8.05476e+20,3.38279e+19,270.53,3.67386,5.57179,5.72631e+16,6.99667e+16,45.1295,3.07902,5.14074,1.43711e+19,5.8402e+20,sim09748.iv
sim09749,21.1898,3.87986,5.8399,7.8694e+20,2.2203e+19,213.852,3.78454,5.42499,8.18706e+16,4.62039e+16,21.199,2.8729,5.07561,3.5909e+19,6.5738e+20,sim09749.iv
sim09750,42.9041,3.8365,5.99788,8.54847e+20,3.63268e+19,230.355,3.68936,5.50265,7.81642e+16,7.6513e+16,46.9509,3.10911,5.10858,1.81406e+19,7.11894e+20,sim09750.iv
sim09751,45.8474,3.95842,5.86744,5.2369e+20,4.70559e+19,216.199,3.68718,5.50648,4.65319e+16,2.85019e+16,40.6462,2.97037,5.19724,2.68816e+19,9.66142e+20,sim09751.iv
sim09752,24.404,3.89503,5.80749,9.56212e+20,2.01662e+19,225.906,3.78579,5.56558,7.6222e+16,2.63644e+16,33.1064,3.13831,5.14794,1.38398e+19,8.31863e+20,sim09752.iv
sim09753,44.265,3.80832,5.94335,9.52074e+20,2.85867e+19,314.81,3.65517,5.5227,7.60122e+16,6.6654e+16,24.45,3.08243,5.14539,4.45034e+19,9.61358e+20,sim09753.iv
sim09754,23.3166,3.92123,5.87336,7.27001e+20,2.75402e+19,258.141,3.74718,5.57081,6.97329e+16,1.97828e+16,23.444,2.97282,5.00787,4.33078e+19,6.36445e+20,sim09754.iv
sim09755,36.2758,3.99772,5.86249,8.67269e+20,4.59996e+19,263.727,3.66392,5.54749,1.60035e+16,1.16875e+16,36.8115,2.80641,5.08041,4.79243e+19,5.60116e+20,sim09755.iv
sim09756,37.3715,3.80736,5.83437,7.98735e+20,3.06551e+19,295.057,3.65696,5.46901,8.85885e+16,3.36371e+16,39.3756,2.89864,5.15744,4.02336e+19,9.48856e+20,sim09756.iv
sim09757,26.2178,3.90116,5.83175,7.27491e+20,3.71589e+19,237.807,3.69992,5.59542,2.63827e+16,3.54534e+16,27.867,3.11108,5.18321,4.17124e+19,7.77229e+20,sim09757.iv
sim09758,22.2356,3.87026,5.84121,7.10542e+20,2.55961e+19,323.919,3.73983,5.54836,9.751e+16,6.25216e+16,42.5319,2.84392,5.01934,1.94448e+19,8.31884e+20,sim09758.iv
sim09759,30.3862,3.98279,5.82127,7.22395e+20,2.25609e+19,259.115,3.74728,5.50458,2.4798e+16,1.80844e+16,30.2022,2.94569,5.19084,2.47128e+19,6.46264e+20,sim09759.iv
sim09760,22.0837,3.90403,5.85833,8.35187e+20,1.57258e+19,319.86,3.72325,5.45913,7.5386e+16,8.3541e+16,43.5244,3.19353,5.14361,2.46404e+19,5.39252e+20,sim09760.iv
sim09761,40.4015,3.94494,5.89762,6.57436e+20,3.98239e+19,250.409,3.61915,5.45397,7.61372e+16,4.15138e+16,26.9344,2.99436,5.16526,2.76627e+19,7.98636e+20,sim09761.iv
sim09762,34.2987,3.91317,5.94,9.42183e+20,2.4196e+19,340.231,3.65732,5.58863,3.05309e+16,2.17742e+16,38.044,3.14382,5.1839,4.32806e+19,6.05158e+20,sim09762.iv
sim09763,47.8668,3.98288,5.80028,6.14927e+20,1.62007e+19,328.746,3.7134,5.41018,3.41429e+16,4.26818e+16,29.5025,3.14873,5.09401,1.94361e+19,6.7938e+20,sim09763.iv
sim09764,27.4065,3.93904,5.85028,5.02361e+20,3.06252e+19,278.207,3.6862,5.52137,5.41271e+16,7.56671e+16,37.6435,2.85492,5.08801,3.07649e+19,8.66903e+20,sim09764.iv
sim09765,28.7836,3.81312,5.85452,9.08631e+20,4.18435e+19,220.622,3.61212,5.46263,4.31952e+16,6.25773e+16,48.8507,3.14697,5.18397,1.32031e+19,8.27436e+20,sim09765.iv
sim09766,38.3374,3.99141,5.98338,9.87585e+20,2.49142e+19,339.686,3.62251,5.51888,4.6572e+16,7.28799e+16,47.7464,2.8505,5.12901,4.66284e+19,6.58087e+20,sim09766.iv
sim09767,35.5036,3.87779,5.86575,8.02255e+20,4.8659e+19,235.243,3.60667,5.49285,7.95371e+16,8.96286e+16,49.6293,3.16819,5.00682,1.70885e+19,9.07198e+20,sim09767.iv
sim09768,20.5169,3.92058,5.89819,6.25771e+20,2.69261e+19,320.258,3.6773,5.44808,2.86201e+16,3.6243e+16,26.6927,2.82493,5.13721,2.68307e+19,9.43824e+20,sim09768.iv
sim09769,36.7548,3.86864,5.99488,8.96093e+20,2.07262e+19,249.438,3.79977,5.41177,8.12548e+16,2.19771e+16,46.3204,3.05738,5.06531,1.34826e+19,6.39721e+20,sim09769.iv
sim09770,25.8113,3.8144,5.94339,8.98942e+20,1.31618e+19,225.705,3.63864,5.5121,3.38901e+16,5.65729e+16,49.6365,2.92752,5.02812,1.01849e+19,7.05835e+20,sim09770.iv
sim09771,34.8881,3.83418,5.89056,9.20272e+20,2.53725e+19,294.582,3.72164,5.48278,3.57961e+16,7.01317e+16,29.7551,3.1413,5.12559,1.0802e+19,5.32081e+20,sim09771.iv
sim09772,28.9157,3.88163,5.84175,9.65122e+20,1.4205e+19,287.642,3.74195,5.48344,7.10867e+16,8.05396e+16,24.1146,2.92096,5.07695,3.43104e+19,8.01404e+20,sim09772.iv
sim09773,21.0864,3.97157,5.8235,8.58184e+20,1.51693e+19,243.513,3.79984,5.49029,6.76863e+16,7.19506e+16,20.142,3.192,5.02152,3.9992e+19,8.39857e+20,sim09773.iv
sim09774,29.6017,3.99895,5.83384,8.37463e+20,1.1256e+19,264.908,3.76151,5.56913,8.88409e+16,3.57581e+16,23.3318,2.81551,5.06489,2.189e+19,6.25267e+20,sim09774.iv
sim09775,20.2454,3.90523,5.80975,7.02487e+20,1.26293e+19,217.925,3.78718,5.54253,6.42602e+16,5.57816e+16,49.8448,3.16911,5.08397,1.84807e+19,8.65574e+20,sim09775.iv
sim09776,45.8498,3.82619,5.80486,5.45701e+20,3.52156e+19,280.667,3.792,5.58711,4.70266e+16,1.64605e+16,29.6568,3.09803,5.04785,1.08802e+19,5.98811e+20,sim09776.iv
sim09777,41.3735,3.93786,5.89234,7.16451e+20,2.16166e+19,263.664,3.67378,5.42958,4.39227e+16,3.7958e+16,39.9154,2.89559,5.09959,4.12334e+19,5.37106e+20,sim09777.iv
sim09778,27.5292,3.94726,5.92766,5.07371e+20,2.48142e+19,275.924,3.67888,5.52223,4.21188e+16,1.91623e+16,21.1952,3.09548,5.00175,4.23562e+19,6.42919e+20,sim09778.iv
sim09779,45.7868,3.87293,5.90036,6.07362e+20,3.48407e+19,320.752,3.66169,5.5879,1.63754e+16,2.37391e+16,31.5854,2.92865,5.15263,1.51461e+19,7.79938e+20,sim09779.iv
sim09780,27.3028,3.90012,5.87239,7.6437e+20,1.64049e+19,300.04,3.75271,5.46652,7.76192e+16,3.50237e+16,42.2168,3.04309,5.0975,1.80588e+19,6.64718e+20,sim09780.iv
sim09781,21.4638,3.91771,5.86342,5.89466e+20,1.53602e+19,327.057,3.78502,5.51199,5.05134e+16,9.82897e+16,30.1829,3.18621,5.16018,1.51949e+19,8.27116e+20,sim09781.iv
sim09782,48.5127,3.85197,5.87281,6.92896e+20,1.63961e+19,325.736,3.74473,5.47174,6.25237e+16,7.99325e+16,27.9303,3.04217,5.15864,4.97158e+19,9.51087e+20,sim09782.iv
sim09783,36.4513,3.80907,5.96696,9.82224e+20,1.07387e+19,269.904,3.63609,5.55694,2.9559e+16,5.20136e+16,38.0883,3.19272,5.17892,2.81259e+19,7.91621e+20,sim09783.iv
sim09784,22.4536,3.80798,5.82193,8.74534e+20,4.53789e+19,296.726,3.67891,5.4893,9.78741e+16,6.08611e+16,40.255,2.92974,5.01786,4.56146e+19,7.19266e+20,sim09784.iv
sim09785,23.1402,3.84392,5.8045,5.20055e+20,2.28018e+19,299.456,3.60002,5.48448,5.46552e+16,9.15757e+16,26.6505,2.91507,5.14042,3.84483e+19,7.42749e+20,sim09785.iv
sim09786,22.0295,3.9218,5.97448,5.02509e+20,4.8116e+19,262.132,3.70513,5.40065,7.00566e+16,9.16861e+16,25.1976,2.85577,5.07204,4.86997e+19,9.35036e+20,sim09786.iv
sim09787,26.5919,3.94338,5.8173,5.5499e+20,2.49894e+19,329.752,3.6263,5.4312,8.3098e+16,1.17945e+16,43.6961,3.07405,5.11107,2.9526e+19,7.07226e+20,sim09787.iv
sim09788,39.9083,3.82117,5.85874,7.11511e+20,3.96586e+19,223.905,3.79138,5.59681,4.78318e+16,6.48735e+16,35.6018,2.99299,5.03663,1.90081e+19,7.21529e+20,sim09788.iv
sim09789,35.1747,3.9492,5.83957,9.42074e+20,1.93108e+19,219.383,3.65472,5.58458,4.90145e+16,4.54677e+16,22.027,2.81154,5.03965,2.56461e+19,9.54273e+20,sim09789.iv
sim09790,32.6218,3.81613,5.99154,7.87435e+20,4.00464e+19,256.687,3.63892,5.43818,1.82477e+16,8.8285e+16,28.7604,2.882,5.17188,2.44469e+19,6.44255e+20,sim09790.iv
sim09791,38.3577,3.86172,5.92537,8.68555e+20,4.05075e+19,212.438,3.65193,5.56128,8.21946e+16,9.81925e+16,30.1094,3.14283,5.00728,3.91653e+19,7.38297e+20,sim09791.iv
sim09792,47.8914,3.92373,5.97133,9.89575e+20,4.57484e+19,266.45,3.62969,5.42214,7.45178e+16,3.91091e+16,29.5913,2.95211,5.13268,4.0177e+19,7.07434e+20,sim09792.iv
sim09793,26.165,3.82357,5.90734,8.86776e+20,1.1037e+19,290.288,3.72654,5.5713,3.11202e+16,2.60169e+16,21.0336,3.13054,5.06389,2.30099e+19,9.83094e+20,sim09793.iv
sim09794,49.7354,3.88285,5.87252,5.70167e+20,3.19996e+19,261.341,3.6154,5.53473,2.49725e+16,5.54996e+16,33.9861,2.94136,5.01403,4.99744e+19,8.42536e+20,sim09794.iv
sim09795,22.1886,3.97418,5.82315,6.51768e+20,4.80003e+19,302.407,3.62111,5.49647,7.15383e+16,6.52952e+16,32.6782,3.01445,5.06888,2.23573e+19,6.05762e+20,sim09795.iv
sim09796,28.5593,3.93904,5.98678,7.68036e+20,1.27977e+19,291.69,3.79492,5.57792,8.75044e+16,8.20322e+16,28.0307,3.19833,5.13092,3.47723e+19,7.3454e+20,sim09796.iv
sim09797,31.1058,3.84059,5.91536,5.43486e+20,4.35325e+19,293.717,3.62125,5.51183,8.15998e+16,1.72302e+16,47.2646,3.05252,5.1245,2.71816e+19,8.53986e+20,sim09797.iv
sim09798,24.2558,3.95901,5.94813,6.02147e+20,4.45265e+19,318.105,3.61594,5.42889,4.93007e+16,3.58914e+16,21.8389,3.16872,5.10972,3.53403e+19,7.81236e+20,sim09798.iv
sim09799,21.7699,3.92803,5.84707,6.85402e+20,4.04837e+19,319.15,3.76148,5.44892,4.7318e+16,7.13516e+16,41.5185,3.12929,5.15712,2.06291e+19,9.63147e+20,sim09799.iv
sim09800,21.9347,3.88439,5.83721,6.77298e+20,3.81518e+19,241.338,3.77525,5.42846,7.19359e+16,6.28448e+16,23.5064,2.98986,5.19652,1.61735e+19,7.01926e+20,sim09800.iv
sim09801,41.9621,3.90339,5.82303,6.76382e+20,3.08615e+19,227.302,3.68255,5.51965,1.6242e+16,1.59847e+16,37.8431,2.88716,5.0677,1.96128e+19,9.67045e+20,sim09801.iv
sim09802,29.3443,3.90217,5.85365,7.57408e+20,4.81417e+19,223.65,3.73221,5.47117,4.82663e+16,6.74967e+16,34.8481,3.17364,5.17248,1.02524e+19,5.97523e+20,sim09802.iv
sim09803,22.628,3.81589,5.81709,7.86326e+20,2.89117e+19,308.221,3.68545,5.53644,7.59915e+16,1.98452e+16,49.4752,3.04486,5.17262,3.22545e+19,9.30607e+20,sim09803.iv
sim09804,20.7679,3.92625,5.87523,6.99223e+20,3.54979e+19,332.203,3.78954,5.58842,3.80537e+16,4.90922e+16,25.2349,2.90251,5.1274,3.22078e+19,9.22478e+20,sim09804.iv
sim09805,34.4549,3.81022,5.92362,5.67383e+20,3.17967e+19,331.847,3.69803,5.41151,6.15942e+16,1.25951e+16,29.5533,2.83374,5.10844,4.96148e+19,6.20201e+20,sim09805.iv
sim09806,35.2013,3.88726,5.95254,6.27516e+20,3.44405e+19,300.757,3.64882,5.45497,9.04257e+16,5.60935e+16,46.6755,3.06971,5.00285,1.30053e+19,6.2876e+20,sim09806.iv
sim09807,38.4287,3.82895,5.82363,5.71679e+20,4.3868e+19,228.474,3.68216,5.50312,3.92624e+16,5.03525e+16,47.9042,3.05084,5.19226,2.38944e+19,7.20846e+20,sim09807.iv
sim09808,41.0043,3.92044,5.95458,9.20695e+20,2.58066e+19,226.639,3.7144,5.45393,3.00133e+16,2.0429e+16,32.7347,2.80458,5.03298,2.8144e+19,8.79891e+20,sim09808.iv
sim09809,30.2634,3.85923,5.84155,8.55253e+20,1.38197e+19,302.204,3.64076,5.47153,2.6775e+16,1.79344e+16,29.436,2.95009,5.07994,2.4668e+19,6.56243e+20,sim09809.iv
sim09810,20.6557,3.99882,5.95404,9.61779e+20,2.99827e+19,321.647,3.78713,5.47969,8.37193e+16,7.55557e+16,28.1321,3.01162,5.09353,1.6079e+19,7.66663e+20,sim09810.iv
sim09811,49.8162,3.97518,5.83938,9.62541e+20,1.44552e+19,217.304,3.65261,5.44374,6.67428e+16,4.9274e+16,43.4786,2.96061,5.1666,1.73612e+19,6.83434e+20,sim09811.iv
sim09812,34.1354,3.85091,5.95103,8.73083e+20,3.23663e+19,278.301,3.69746,5.51245,3.33101e+16,4.37032e+16,23.1885,3.09729,5.16916,2.00675e+19,9.48415e+20,sim09812.iv
sim09813,39.1734,3.85746,5.97529,7.49095e+20,2.69608e+19,285.485,3.777,5.46286,6.16913e+16,5.56298e+16,46.9821,2.87805,5.13693,3.63845e+19,5.44631e+20,sim09813.iv
sim09814,38.3356,3.94583,5.93499,6.92095e+20,3.43213e+19,216.108,3.6509,5.48153,4.72151e+16,3.70139e+16,47.3966,3.12652,5.15596,3.96779e+19,7.1043e+20,sim09814.iv
sim09815,32.6884,3.8993,5.91883,8.01388e+20,3.34826e+19,309.712,3.72105,5.56921,3.18411e+16,9.40558e+16,34.5912,3.15872,5.06736,1.26919e+19,6.74045e+20,sim09815.iv
sim09816,48.3916,3.8942,5.94831,8.16902e+20,1.56542e+19,338.88,3.691,5.59087,3.18135e+16,1.34974e+16,38.5973,3.11516,5.06457,3.48312e+19,5.96131e+20,sim09816.iv
sim09817,37.6468,3.83698,5.80476,6.25993e+20,2.99771e+19,319.949,3.68027,5.46747,6.51181e+16,9.21967e+16,49.4574,2.91349,5.12875,4.98948e+19,8.30637e+20,sim09817.iv
sim09818,21.9507,3.93147,5.82427,9.18056e+20,3.24864e+19,330.587,3.74467,5.45225,8.02576e+16,6.46855e+16,38.6654,3.14433,5.08467,4.64642e+19,7.3447e+20,sim09818.iv
sim09819,22.3228,3.92777,5.83367,7.93253e+20,2.07613e+19,288.51,3.79065,5.59211,3.55956e+16,2.97239e+16,34.502,2.91983,5.13252,2.16954e+19,6.9913e+20,sim09819.iv
sim09820,26.9042,3.92833,5.87089,5.40175e+20,4.95533e+19,210.204,3.70676,5.4455,6.13505e+16,7.57022e+16,21.2935,3.02881,5.10158,2.70228e+19,8.0909e+20,sim09820.iv
sim09821,49.7258,3.97402,5.898,7.83016e+20,3.62666e+19,342.931,3.6437,5.5873,4.90821e+16,9.441e+16,29.8523,3.1071,5.06334,2.95521e+19,5.92602e+20,sim09821.iv
sim09822,37.2073,3.98983,5.97262,9.12621e+20,1.04833e+19,246.338,3.78119,5.53765,6.80873e+16,9.15109e+16,32.4482,2.90588,5.08447,2.78715e+19,6.03454e+20,sim09822.iv
sim09823,46.4142,3.80588,5.92734,6.10327e+20,1.48545e+19,275.075,3.70772,5.54941,1.2253e+16,4.50615e+16,21.7728,3.19565,5.17307,4.89504e+19,7.14213e+20,sim09823.iv
sim09824,27.4397,3.82162,5.95811,8.81413e+20,1.96246e+19,344.792,3.7003,5.43445,2.24862e+16,2.95213e+16,41.9547,2.99322,5.00738,2.48106e+19,9.01698e+20,sim09824.iv
sim09825,25.7354,3.91291,5.82882,6.66901e+20,1.02574e+19,307.489,3.68457,5.42456,1.3777e+16,3.3942e+16,49.1405,3.10804,5.08288,1.84002e+19,8.83956e+20,sim09825.iv
sim09826,28.8832,3.90306,5.91988,7.76831e+20,2.00648e+19,340.312,3.66015,5.53326,4.65216e+16,8.84183e+16,27.9576,2.95109,5.10346,2.37295e+19,8.69441e+20,sim09826.iv
sim09827,45.2504,3.98221,5.89601,7.23246e+20,3.53858e+19,328.149,3.68055,5.43897,2.27343e+16,2.09469e+16,34.1032,2.86837,5.14331,1.25952e+19,8.23206e+20,sim09827.iv
sim09828,21.0768,3.82546,5.80986,9.69249e+20,2.82862e+19,246.188,3.78238,5.40693,9.14644e+16,7.86922e+16,28.7416,3.15887,5.17746,4.72794e+19,9.02047e+20,sim09828.iv
sim09829,26.2014,3.90643,5.96878,5.29304e+20,3.54502e+19,338.049,3.73381,5.49718,7.67389e+16,5.99585e+16,30.9024,2.88015,5.05452,4.13082e+19,9.16145e+20,sim09829.iv
sim09830,34.7725,3.85519,5.88237,7.32321e+20,1.52112e+19,233.565,3.63216,5.46426,1.25345e+16,6.91581e+16,46.4736,3.01949,5.09997,4.01599e+19,6.73268e+20,sim09830.iv
sim09831,34.9299,3.85489,5.80969,9.22115e+20,3.27909e+19,321.448,3.69313,5.56427,5.60982e+16,4.74986e+16,24.5438,3.08368,5.13484,4.44334e+19,5.29274e+20,sim09831.iv
sim09832,26.4127,3.809,5.8849,7.44464e+20,2.20447e+19,234.537,3.62964,5.56661,6.63239e+16,2.49459e+16,38.0801,2.84154,5.08072,1.89124e+19,9.7662e+20,sim09832.iv
sim09833,35.8354,3.8415,5.83762,7.90266e+20,2.77753e+19,294.013,3.60084,5.41498,2.15617e+16,9.19486e+16,47.6834,3.10455,5.02761,1.25019e+19,8.58746e+20,sim09833.iv
sim09834,41.6279,3.85016,5.8632,9.69994e+20,1.09978e+19,277.715,3.76184,5.40405,4.26138e+16,6.68183e+16,49.6635,2.91327,5.06775,2.70273e+19,8.12999e+20,sim09834.iv
sim09835,49.6062,3.96478,5.94407,8.32536e+20,1.9897e+19,283.989,3.63548,5.58111,2.50648e+16,3.92624e+16,48.5227,3.09262,5.12035,2.4656e+19,9.12041e+20,sim09835.iv
sim09836,20.8573,3.97812,5.96479,9.65098e+20,1.25876e+19,320.447,3.60279,5.55445,3.52606e+16,1.05543e+16,21.7764,3.16648,5.02556,2.38566e+19,8.46576e+20,sim09836.iv
sim09837,22.6364,3.91565,5.9203,6.84796e+20,1.66706e+19,339.748,3.6811,5.54331,1.13368e+16,5.39789e+16,47.9403,2.97327,5.19491,2.64197e+19,6.00218e+20,sim09837.iv
sim09838,48.6557,3.89977,5.82485,6.52968e+20,3.87945e+19,316.428,3.75547,5.57915,2.66995e+16,5.64114e+16,49.7117,2.91765,5.19458,1.23438e+19,7.04809e+20,sim09838.iv
sim09839,47.4651,3.80097,5.88802,9.43362e+20,3.44762e+19,295.243,3.64511,5.52806,5.14393e+16,1.69033e+16,24.0951,3.17499,5.18632,1.21123e+19,5.96319e+20,sim09839.iv
sim09840,21.2118,3.84029,5.90719,5.515e+20,4.87822e+19,247.33,3.77843,5.53169,3.53594e+16,6.27195e+16,23.0849,3.11759,5.11211,4.03778e+19,8.12994e+20,sim09840.iv
sim09841,30.1867,3.96809,5.91887,6.76065e+20,2.94297e+19,331.841,3.6989,5.50539,1.82477e+16,3.90937e+16,45.7682,3.13077,5.06144,4.31546e+19,9.2285e+20,sim09841.iv
sim09842,20.8728,3.94545,5.93835,8.5372e+20,2.12097e+19,238.193,3.72909,5.50683,6.26402e+16,2.1789e+16,41.1577,3.08733,5.07467,3.69823e+19,7.21427e+20,sim09842.iv
sim09843,42.1221,3.98125,5.82978,7.20304e+20,2.55812e+19,221.709,3.61182,5.46393,7.15434e+16,7.63241e+16,48.6846,2.87667,5.08567,3.2587e+19,5.86532e+20,sim09843.iv
sim09844,27.158,3.88804,5.85719,5.48563e+20,3.47202e+19,326.505,3.66124,5.43513,9.04615e+16,5.5067e+16,48.0198,3.04293,5.17666,4.47504e+19,9.55196e+20,sim09844.iv
sim09845,20.8819,3.94513,5.98585,9.76297e+20,4.9948e+19,279.841,3.64741,5.57441,3.99529e+16,1.24173e+16,45.0022,3.05327,5.19624,3.10435e+19,9.10196e+20,sim09845.iv
sim09846,26.8271,3.81356,5.95054,9.38866e+20,4.61656e+19,313.22,3.78475,5.54569,2.01381e+16,8.04773e+16,24.2246,2.80141,5.01134,1.04747e+19,9.15665e+20,sim09846.iv
sim09847,42.2643,3.88533,5.95406,5.52193e+20,4.89869e+19,304.87,3.78507,5.54169,5.38127e+16,3.50718e+16,33.1494,3.18023,5.12163,2.13978e+19,6.63802e+20,sim09847.iv
sim09848,31.9141,3.86392,5.83231,7.25943e+20,1.89502e+19,279.271,3.72199,5.54611,4.60919e+16,3.24106e+16,22.0378,2.905,5.04193,3.63141e+19,6.29694e+20,sim09848.iv
sim09849,46.5025,3.89986,5.80555,6.22499e+20,2.90459e+19,232.564,3.69434,5.46213,4.85649e+16,9.71173e+16,27.2354,2.93364,5.02555,2.82327e+19,6.3931e+20,sim09849.iv
sim09850,32.7713,3.91974,5.92816,6.73122e+20,4.467e+19,251.917,3.66708,5.49813,9.72298e+16,7.88579e+16,41.2824,2.96102,5.1657,3.33397e+19,9.93055e+20,sim09850.iv
sim09851,49.1639,3.93757,5.93637,6.5459e+20,3.70413e+19,244.506,3.72013,5.5045,8.87534e+16,6.00264e+16,30.644,2.8883,5.05575,4.05433e+19,9.32784e+20,sim09851.iv
sim09852,44.893,3.99484,5.89688,7.6534e+20,2.62187e+19,307.897,3.75434,5.54829,1.44661e+16,6.14379e+16,44.8761,3.04538,5.19835,1.15434e+19,8.96379e+20,sim09852.iv
sim09853,23.6303,3.80629,5.9304,5.94852e+20,1.95885e+19,323.241,3.78653,5.41445,7.09035e+16,3.95209e+16,27.4384,2.84246,5.10909,4.10553e+19,9.95246e+20,sim09853.iv
sim09854,22.783,3.92843,5.91335,7.376e+20,2.58463e+19,261.81,3.77654,5.58568,7.39333e+16,7.02278e+16,25.702,2.97463,5.05006,1.12505e+19,6.5475e+20,sim09854.iv
sim09855,27.5594,3.97672,5.9104,5.6039e+20,1.55505e+19,237.365,3.7765,5.56428,2.16954e+16,6.41164e+16,37.4639,3.02647,5.1023,1.83767e+19,6.38796e+20,sim09855.iv
sim09856,21.2296,3.86417,5.98595,8.5175e+20,3.85701e+19,263.156,3.69248,5.4216,8.11796e+16,8.79555e+16,22.5765,3.021,5.02913,1.66043e+19,6.51188e+20,sim09856.iv
sim09857,38.0307,3.93977,5.87903,5.64181e+20,2.40793e+19,272.797,3.63528,5.55719,4.39494e+16,6.55993e+16,47.1779,2.8991,5.15729,3.78308e+19,8.96698e+20,sim09857.iv
sim09858,44.6963,3.8755,5.99627,6.56692e+20,3.27436e+19,252.955,3.68076,5.4251,3.3478e+16,5.17202e+16,29.8111,2.88163,5.09733,1.70095e+19,5.97445e+20,sim09858.iv
sim09859,41.0162,3.97933,5.92585,8.81548e+20,4.42159e+19,317.943,3.79908,5.52329,1.08982e+16,2.7479e+16,40.6583,2.8605,5.11831,2.13012e+19,6.70053e+20,sim09859.iv
sim09860,24.7096,3.89679,5.93327,7.86068e+20,4.29585e+19,312.119,3.69696,5.47146,9.3644e+16,6.92065e+16,48.3583,2.95424,5.09459,2.41308e+19,9.27983e+20,sim09860.iv
sim09861,29.9942,3.88157,5.87757,9.67111e+20,2.94026e+19,290.869,3.72598,5.52278,8.62958e+16,3.9898e+16,24.5478,3.00306,5.1921,1.87572e+19,7.95842e+20,sim09861.iv
sim09862,44.6747,3.8984,5.95732,8.07466e+20,2.26558e+19,340.776,3.65421,5.49039,8.9032e+16,5.09104e+16,42.8586,2.97712,5.1016,4.29497e+19,8.50692e+20,sim09862.iv
sim09863,45.6257,3.88063,5.85589,9.50484e+20,1.94324e+19,220.34,3.70828,5.52238,1.52255e+16,2.50724e+16,20.8402,3.15846,5.05886,4.81686e+19,9.61588e+20,sim09863.iv
sim09864,47.8988,3.96144,5.80907,9.00727e+20,1.57556e+19,337.702,3.68248,5.46843,9.74017e+16,5.02321e+16,41.8047,2.83682,5.15542,4.98253e+19,6.93203e+20,sim09864.iv
sim09865,27.8705,3.87786,5.82208,7.81003e+20,2.08782e+19,222.161,3.79721,5.47016,1.38981e+16,1.76672e+16,43.756,2.80778,5.18771,3.67981e+19,9.9637e+20,sim09865.iv
sim09866,47.0889,3.9404,5.86434,7.33857e+20,3.47209e+19,233.852,3.72152,5.52997,2.02104e+16,7.17478e+16,37.6051,2.96286,5.17964,4.78288e+19,9.16112e+20,sim09866.iv
sim09867,47.9674,3.9528,5.99622,7.6414e+20,1.91704e+19,248.986,3.60833,5.46606,9.94194e+16,8.50982e+16,27.0635,2.83904,5.15492,4.00957e+19,9.59807e+20,sim09867.iv
sim09868,40.1358,3.81524,5.99786,9.9371e+20,1.96762e+19,218.706,3.76538,5.50666,2.60937e+16,6.49159e+16,25.6578,2.97671,5.1895,2.31901e+19,5.71318e+20,sim09868.iv
sim09869,30.4908,3.98211,5.97254,5.34266e+20,1.45857e+19,220.724,3.79344,5.48502,1.41467e+16,5.33406e+16,40.4065,2.8193,5.13697,3.39119e+19,9.43844e+20,sim09869.iv
sim09870,39.5075,3.95041,5.898,5.57844e+20,3.93961e+19,253.427,3.79085,5.58249,7.39591e+16,2.78995e+16,45.5168,2.8732,5.06967,2.42643e+19,5.4312e+20,sim09870.iv
sim09871,43.0834,3.82271,5.87041,6.2947e+20,2.74486e+19,234.928,3.74334,5.52901,8.60218e+16,3.74728e+16,25.9034,2.82172,5.18742,1.33785e+19,9.06384e+20,sim09871.iv
sim09872,41.7703,3.82169,5.82796,6.90537e+20,3.82913e+19,257.059,3.73036,5.57894,8.40432e+16,5.39849e+16,42.8567,2.82627,5.19591,1.90818e+19,7.96856e+20,sim09872.iv
sim09873,20.9296,3.89198,5.86728,7.55799e+20,2.49011e+19,218.304,3.75302,5.49532,4.14513e+16,3.0774e+16,34.6723,3.10901,5.09547,3.37253e+19,7.07123e+20,sim09873.iv
sim09874,28.202,3.82783,5.86138,9.99666e+20,4.95988e+19,296.031,3.72828,5.49816,8.8834e+16,3.00559e+16,23.6329,2.98659,5.03045,4.71309e+19,9.87182e+20,sim09874.iv
sim09875,38.1519,3.89146,5.99614,5.50805e+20,2.35641e+19,301.652,3.70437,5.44043,5.01046e+16,1.10419e+16,43.475,3.15262,5.18537,3.78519e+19,8.49681e+20,sim09875.iv
sim09876,44.0103,3.89081,5.95468,7.28801e+20,3.86726e+19,311.683,3.63453,5.4765,1.15988e+16,8.54589e+16,28.7658,2.91327,5.13918,4.02247e+19,6.88323e+20,sim09876.iv
sim09877,23.3513,3.90091,5.92373,9.91453e+20,1.68538e+19,339.149,3.69903,5.53505,4.25271e+16,4.59623e+16,41.2336,3.06616,5.0533,3.62603e+19,9.79915e+20,sim09877.iv
sim09878,25.4484,3.8983,5.84005,6.221e+20,1.8722e+19,287.614,3.64292,5.4877,8.41701e+16,9.21982e+16,37.804,2.93732,5.08689,1.80467e+19,5.95204e+20,sim09878.iv
sim09879,22.6316,3.82788,5.85063,7.65481e+20,2.11734e+19,326.444,3.63733,5.59032,3.73093e+16,7.12224e+16,46.5764,2.8484,5.01648,2.84841e+19,5.24057e+20,sim09879.iv
sim09880,33.5259,3.95413,5.96664,7.37644e+20,3.09148e+19,215.674,3.67609,5.40855,7.52366e+16,6.68427e+16,46.1118,2.95174,5.19745,3.70668e+19,6.94853e+20,sim09880.iv
sim09881,39.4686,3.97633,5.89404,5.05748e+20,1.31801e+19,318.99,3.69065,5.58792,6.30699e+16,8.45565e+16,45.6372,2.98384,5.0093,1.39869e+19,7.7364e+20,sim09881.iv
sim09882,22.4886,3.95911,5.80998,7.45718e+20,4.02084e+19,341.794,3.7482,5.55782,6.32315e+16,6.09828e+16,45.2302,3.04982,5.13273,4.08351e+19,9.16137e+20,sim09882.iv
sim09883,20.1853,3.94832,5.82564,5.54505e+20,2.44891e+19,296.706,3.74539,5.59537,7.86747e+16,3.84421e+16,43.1405,3.07238,5.17131,3.2774e+19,6.37752e+20,sim09883.iv
sim09884,20.3837,3.91716,5.88268,8.25422e+20,1.55457e+19,239.044,3.64652,5.43119,7.82022e+16,4.57323e+16,23.4791,2.82151,5.13581,2.33331e+19,8.5773e+20,sim09884.iv
sim09885,31.61,3.91183,5.97748,8.44495e+20,2.27954e+19,327.279,3.64868,5.49748,7.87337e+16,8.92275e+16,37.398,2.81642,5.03881,3.01123e+19,6.97439e+20,sim09885.iv
sim09886,33.0789,3.86466,5.82604,5.26498e+20,2.57926e+19,230.184,3.71152,5.46307,9.6302e+16,9.57445e+16,28.0958,3.01204,5.01852,2.00291e+19,5.12192e+20,sim09886.iv
sim09887,24.0693,3.81575,5.84386,9.11057e+20,4.5323e+19,327.208,3.71464,5.40248,1.40521e+16,5.6379e+16,20.4247,2.84183,5.01542,2.99376e+19,9.39776e+20,sim09887.iv
sim09888,46.4873,3.95261,5.89114,7.67237e+20,3.38629e+19,319.677,3.78752,5.52657,2.85255e+16,4.98102e+16,21.6551,3.17793,5.14426,4.21293e+19,9.36485e+20,sim09888.iv
sim09889,31.0848,3.8875,5.88828,6.49738e+20,4.76558e+19,278.035,3.73035,5.56195,5.55301e+16,4.81973e+16,33.0499,2.83704,5.15941,4.7747e+19,5.58711e+20,sim09889.iv
sim09890,37.1476,3.86583,5.96844,7.76419e+20,3.93117e+19,327.346,3.67626,5.46862,6.99414e+16,3.84333e+16,39.7812,3.05514,5.19961,2.58201e+19,8.28417e+20,sim09890.iv
sim09891,35.9365,3.86737,5.94788,8.48634e+20,2.18596e+19,340.268,3.7038,5.49863,7.7484e+16,8.77547e+16,36.3177,2.93445,5.16451,1.87394e+19,6.4562e+20,sim09891.iv
sim09892,24.7379,3.91915,5.89968,5.99911e+20,2.49448e+19,300.548,3.68495,5.54383,8.60484e+16,3.56906e+16,28.8152,2.95658,5.14887,2.88168e+19,6.62116e+20,sim09892.iv
sim09893,34.7153,3.84551,5.82384,6.64049e+20,1.41173e+19,259.694,3.67089,5.58132,9.57277e+16,2.5709e+16,33.8696,2.92878,5.05502,2.12263e+19,9.74259e+20,sim09893.iv
sim09894,39.4928,3.97586,5.87651,6.42997e+20,3.96569e+19,251.838,3.67217,5.58438,8.75851e+16,2.52878e+16,31.5733,2.97897,5.12926,1.22625e+19,6.87458e+20,sim09894.iv
sim09895,22.3003,3.92813,5.95912,7.90465e+20,2.95485e+19,255.806,3.71356,5.49686,6.81343e+16,3.16599e+16,32.6841,3.01407,5.15953,4.99262e+19,7.05893e+20,sim09895.iv
sim09896,39.6788,3.85902,5.93105,5.71834e+20,2.01468e+19,276.46,3.6612,5.43852,7.66175e+16,6.07052e+16,47.3965,2.80318,5.03853,3.1879e+19,7.14722e+20,sim09896.iv
sim09897,49.9013,3.91449,5.81828,7.19386e+20,1.70117e+19,238.149,3.66069,5.55481,6.08188e+16,6.81854e+16,30.8391,3.08655,5.15469,2.69976e+19,5.76198e+20,sim09897.iv
sim09898,47.1976,3.90726,5.86718,7.5083e+20,3.85672e+19,316.485,3.61883,5.57991,8.2837e+16,8.60448e+16,39.9637,3.03201,5.01397,3.74179e+19,6.75784e+20,sim09898.iv
sim09899,43.2501,3.96631,5.92817,8.18229e+20,4.54434e+19,334.364,3.63039,5.44846,4.55603e+16,9.25476e+16,45.2062,2.8771,5.04445,1.78335e+19,9.08301e+20,sim09899.iv
sim09900,29.697,3.95595,5.81369,9.62614e+20,1.75096e+19,233.985,3.69131,5.57072,6.03233e+16,4.80004e+16,32.5362,2.92965,5.06678,3.65649e+19,7.50814e+20,sim09900.iv
sim09901,47.8247,3.87693,5.81892,6.72888e+20,2.50354e+19,270.487,3.75263,5.48089,4.34331e+16,6.20156e+16,43.2033,3.10142,5.14408,4.35955e+19,6.02139e+20,sim09901.iv
sim09902,25.346,3.86808,5.97862,5.47237e+20,1.39754e+19,300.715,3.73544,5.5248,3.67122e+16,7.36775e+16,46.0759,3.0255,5.02234,3.87134e+19,8.32366e+20,sim09902.iv
sim09903,29.2806,3.86691,5.99773,6.99285e+20,1.43367e+19,248.867,3.68343,5.50674,5.07982e+16,8.08102e+16,45.5079,3.09154,5.07613,2.12482e+19,9.49608e+20,sim09903.iv
sim09904,35.605,3.84691,5.81535,6.27365e+20,4.66217e+19,336.083,3.75661,5.52602,5.22992e+16,9.60587e+16,34.1678,3.12849,5.08735,4.79249e+19,7.26519e+20,sim09904.iv
sim09905,20.6522,3.88446,5.94696,6.96053e+20,3.13106e+19,242.078,3.64002,5.55533,8.38325e+16,2.59205e+16,38.0685,2.98772,5.00704,1.52999e+19,6.59732e+20,sim09905.iv
sim09906,37.7063,3.94265,5.89582,5.1198e+20,3.67556e+19,343.209,3.69787,5.53784,3.9823e+16,6.48805e+16,43.5538,2.9717,5.14381,3.79287e+19,7.31123e+20,sim09906.iv
sim09907,46.9718,3.80068,5.96013,8.71436e+20,1.56196e+19,256.708,3.66302,5.58808,6.34414e+16,1.37466e+16,45.2993,3.05668,5.01241,3.67906e+19,6.34071e+20,sim09907.iv
sim09908,39.1741,3.94756,5.93909,9.91701e+20,3.5918e+19,216.781,3.64471,5.41861,7.96372e+16,6.91655e+16,31.239,2.81783,5.09932,4.55023e+19,7.25131e+20,sim09908.iv
sim09909,47.0702,3.97558,5.98685,6.34696e+20,2.22958e+19,302.005,3.72021,5.53626,7.28389e+16,5.13394e+16,37.2983,2.95161,5.09446,1.81203e+19,5.90983e+20,sim09909.iv
sim09910,28.2642,3.89027,5.84425,6.86753e+20,1.81627e+19,246.798,3.7197,5.44427,4.15954e+16,9.82933e+16,38.0397,3.05892,5.15862,3.854e+19,5.28858e+20,sim09910.iv
sim09911,23.362,3.88558,5.81837,5.72155e+20,4.52325e+19,347.667,3.75062,5.41313,1.95697e+16,7.74448e+16,47.236,3.09681,5.12549,1.63441e+19,8.29787e+20,sim09911.iv
sim09912,47.7029,3.85637,5.94855,5.3362e+20,3.3748e+19,322.535,3.64237,5.57489,3.80457e+16,2.42651e+16,24.6758,2.93935,5.13884,1.531e+19,6.29968e+20,sim09912.iv
sim09913,48.6321,3.85994,5.96041,6.20761e+20,2.00255e+19,340.565,3.67028,5.50606,5.58733e+16,8.43608e+16,45.6904,2.92847,5.05453,2.74259e+19,5.04363e+20,sim09913.iv
sim09914,48.4371,3.83958,5.82839,8.90789e+20,4.59494e+19,255.897,3.76726,5.58832,3.66453e+16,4.73013e+16,32.4879,3.17193,5.07184,1.06884e+19,5.74196e+20,sim09914.iv
sim09915,24.9513,3.90523,5.82966,5.07404e+20,4.24336e+19,263.641,3.7951,5.51615,3.90563e+16,3.92617e+16,49.9195,3.14211,5.04605,4.22075e+19,8.61593e+20,sim09915.iv
sim09916,38.2668,3.89152,5.86144,6.71775e+20,1.45329e+19,320.661,3.69621,5.48825,2.05809e+16,7.9793e+16,38.0103,3.16506,5.07717,4.50203e+19,5.67212e+20,sim09916.iv
sim09917,33.9275,3.80526,5.94176,6.81593e+20,3.2256e+19,259.609,3.69586,5.44318,4.08749e+16,7.1202e+16,28.5321,3.16638,5.1399,1.84038e+19,9.86852e+20,sim09917.iv
sim09918,48.9771,3.88251,5.84985,8.28319e+20,3.42856e+19,341.461,3.6818,5.54664,8.65846e+16,7.22464e+16,32.4895,3.10157,5.19658,2.14335e+19,8.64579e+20,sim09918.iv
sim09919,41.1838,3.8735,5.83319,7.36433e+20,3.38977e+19,253.826,3.6991,5.50873,6.57239e+16,6.89384e+16,45.7526,2.81373,5.11357,2.44296e+19,5.06678e+20,sim09919.iv
sim09920,35.0683,3.86352,5.98352,5.27954e+20,1.40782e+19,349.535,3.64699,5.41617,1.80084e+16,3.16676e+16,49.8842,2.83164,5.15302,1.68041e+19,6.0298e+20,sim09920.iv
sim09921,27.8839,3.89879,5.80167,6.88833e+20,2.37974e+19,259.034,3.72215,5.46277,3.8624e+16,3.66941e+16,26.7076,2.88927,5.04229,1.87463e+19,8.46892e+20,sim09921.iv
sim09922,26.7467,3.98987,5.92479,9.77165e+20,2.15795e+19,283.193,3.79525,5.56985,2.21547e+16,4.82824e+16,26.24,3.12235,5.08823,4.4717e+19,8.66506e+20,sim09922.iv
sim09923,32.5039,3.86831,5.98915,8.15192e+20,3.53951e+19,246.745,3.72188,5.51323,2.3171e+16,2.22223e+16,36.8406,3.1301,5.06601,3.11532e+19,6.78743e+20,sim09923.iv
sim09924,35.5838,3.98177,5.96521,9.50036e+20,1.98766e+19,285.73,3.61089,5.40959,2.95167e+16,1.37163e+16,28.2418,3.03684,5.16019,1.03837e+19,5.41566e+20,sim09924.iv
sim09925,24.4831,3.98059,5.83735,9.48108e+20,4.26298e+19,251.94,3.74001,5.54166,8.31779e+16,2.59409e+16,26.4383,2.94751,5.12368,3.63866e+19,6.21838e+20,sim09925.iv
sim09926,31.2195,3.95815,5.89027,8.0101e+20,4.24629e+19,238.721,3.63753,5.48975,1.66658e+16,5.75934e+16,39.6739,3.02071,5.17005,2.05564e+19,6.49243e+20,sim09926.iv
sim09927,22.5707,3.81445,5.90669,5.44908e+20,2.78604e+19,240.684,3.73593,5.49361,5.26829e+16,9.2193e+16,38.9098,2.94442,5.15051,3.72002e+19,9.08233e+20,sim09927.iv
sim09928,41.7875,3.84859,5.98593,6.4753e+20,4.29696e+19,348.761,3.70286,5.54085,9.52573e+16,6.89112e+16,31.664,2.87814,5.06881,2.70188e+19,6.09629e+20,sim09928.iv
sim09929,39.191,3.87065,5.87683,8.55341e+20,3.31036e+19,271.958,3.64772,5.53697,6.41457e+16,9.3471e+16,33.6211,2.88793,5.00694,3.89628e+19,5.70285e+20,sim09929.iv
sim09930,26.7732,3.97917,5.92462,7.6458e+20,3.82454e+19,287.516,3.61873,5.49874,6.38352e+16,4.43918e+16,26.2402,3.04883,5.03332,4.41354e+19,6.12494e+20,sim09930.iv
sim09931,41.2304,3.97058,5.96691,8.18084e+20,1.41778e+19,218.392,3.76015,5.46698,2.59506e+16,1.17657e+16,40.2677,3.16639,5.15572,4.49357e+19,5.20437e+20,sim09931.iv
sim09932,38.8702,3.8584,5.87562,5.10675e+20,4.19309e+19,229.281,3.67309,5.41605,1.05943e+16,7.62329e+16,26.7114,2.82282,5.06849,2.44014e+19,9.88648e+20,sim09932.iv
sim09933,48.1243,3.97055,5.81716,7.20215e+20,4.11016e+19,223.836,3.79479,5.54028,8.91435e+16,8.15071e+16,40.5683,2.85183,5.16882,4.1413e+19,5.96138e+20,sim09933.iv
sim09934,45.5362,3.81133,5.82741,6.02824e+20,3.20154e+19,307.59,3.60008,5.44755,4.95962e+16,3.38429e+16,29.6587,2.96753,5.1982,3.55192e+19,5.11264e+20,sim09934.iv
sim09935,24.4116,3.96001,5.8061,6.57658e+20,1.65046e+19,338.462,3.72015,5.58128,5.61026e+16,7.62498e+16,35.729,2.99596,5.05913,2.64372e+19,5.73301e+20,sim09935.iv
sim09936,36.1422,3.90632,5.91237,7.2325e+20,2.33881e+19,249.439,3.6443,5.54271,9.64989e+16,9.30495e+16,39.1605,2.96467,5.14764,3.97731e+19,9.65532e+20,sim09936.iv
sim09937,22.0414,3.90589,5.83658,5.08813e+20,4.38344e+19,317.807,3.79028,5.58409,4.5717e+16,4.38309e+16,32.1612,3.19549,5.01499,1.18927e+19,8.2068e+20,sim09937.iv
sim09938,31.1574,3.90696,5.90613,5.3671e+20,2.36383e+19,258.788,3.70105,5.59709,2.16123e+16,9.02822e+16,32.3832,3.12679,5.03821,2.02353e+19,8.53664e+20,sim09938.iv
sim09939,41.1146,3.90848,5.84719,6.20638e+20,1.42454e+19,325.136,3.66084,5.5804,1.41135e+16,7.76008e+16,40.9404,3.10386,5.10396,1.51613e+19,5.75714e+20,sim09939.iv
sim09940,40.0681,3.96475,5.99628,9.16994e+20,3.98258e+19,240.64,3.68562,5.52492,8.86545e+16,1.60549e+16,31.1695,3.04819,5.14439,2.01142e+19,7.69232e+20,sim09940.iv
sim09941,22.2619,3.99081,5.95704,6.43349e+20,3.38368e+19,251.528,3.75218,5.55199,4.96467e+16,2.83227e+16,30.3128,3.12945,5.11909,4.83488e+19,5.19536e+20,sim09941.iv
sim09942,48.2364,3.80119,5.88874,7.48175e+20,4.36737e+19,212.946,3.73919,5.5196,9.54732e+16,2.80622e+16,22.3101,3.19446,5.02558,1.92261e+19,7.00094e+20,sim09942.iv
sim09943,47.4522,3.86758,5.88775,6.45387e+20,4.80283e+19,292.861,3.7909,5.56153,9.57649e+16,4.6347e+16,42.7267,3.13893,5.13346,2.84248e+19,9.03056e+20,sim09943.iv
sim09944,21.6978,3.85472,5.97843,6.28642e+20,4.80704e+19,297.468,3.66674,5.51652,6.51527e+16,6.40107e+16,43.639,2.85314,5.07292,4.08329e+19,5.7289e+20,sim09944.iv
sim09945,23.3027,3.90325,5.8999,5.57721e+20,3.79518e+19,263.127,3.63878,5.46421,3.2717e+16,7.04705e+16,38.4261,3.1779,5.06086,4.73128e+19,7.30771e+20,sim09945.iv
sim09946,29.1936,3.89668,5.99632,5.35052e+20,1.0638e+19,233.313,3.7604,5.44251,3.13136e+16,1.46063e+16,22.4811,3.11204,5.11762,1.8855e+19,7.76452e+20,sim09946.iv
sim09947,26.0645,3.9824,5.82537,8.946e+20,2.86188e+19,313.073,3.61691,5.42361,8.12024e+16,7.92945e+16,46.3476,3.073,5.14647,2.94133e+19,5.05841e+20,sim09947.iv
sim09948,25.5747,3.80978,5.88895,5.67976e+20,2.95367e+19,273.846,3.78358,5.46546,6.76093e+16,7.415e+16,46.6961,2.80666,5.13869,4.71777e+19,8.53555e+20,sim09948.iv
sim09949,34.9023,3.88734,5.97966,5.91644e+20,1.87621e+19,231.852,3.73943,5.42424,1.29385e+16,6.05319e+16,47.2274,2.93043,5.08884,4.64102e+19,9.34612e+20,sim09949.iv
sim09950,34.863,3.88188,5.80772,8.16653e+20,1.46751e+19,303.261,3.66615,5.56269,9.73477e+16,3.3653e+16,28.2418,3.10448,5.12209,2.74271e+19,7.41592e+20,sim09950.iv
sim09951,35.9281,3.89437,5.89539,9.06968e+20,1.18911e+19,285.118,3.63634,5.50569,7.79498e+16,2.77066e+16,35.1603,2.89635,5.13867,2.903e+19,6.1342e+20,sim09951.iv
sim09952,21.1565,3.9987,5.89262,7.86632e+20,4.6258e+19,222.49,3.72647,5.40874,8.23539e+16,4.24963e+16,40.926,3.18271,5.01548,1.31849e+19,8.12616e+20,sim09952.iv
sim09953,23.7312,3.96116,5.98799,8.19328e+20,2.33401e+19,337.532,3.65657,5.574,5.43126e+16,8.14942e+16,41.0311,3.03639,5.10632,4.26473e+19,5.84885e+20,sim09953.iv
sim09954,49.8342,3.94138,5.98003,8.47559e+20,2.93679e+19,320.9,3.67784,5.4304,3.12869e+16,1.86205e+16,42.888,2.98381,5.05382,2.84185e+19,9.37083e+20,sim09954.iv
sim09955,47.7616,3.85835,5.89488,6.53912e+20,3.19855e+19,217.853,3.7012,5.51445,8.14818e+16,5.5396e+16,30.3122,3.17917,5.03153,3.82889e+19,6.19085e+20,sim09955.iv
sim09956,20.1155,3.81117,5.9499,8.73348e+20,4.72179e+19,260.345,3.7924,5.40081,3.59515e+16,8.92667e+16,29.3654,3.09996,5.05894,1.61676e+19,6.33466e+20,sim09956.iv
sim09957,43.3214,3.90898,5.85915,9.10115e+20,1.86199e+19,305.625,3.63102,5.46349,3.52132e+16,4.82937e+16,33.765,3.11618,5.09257,4.4448e+19,9.58366e+20,sim09957.iv
sim09958,37.7508,3.88978,5.87539,8.38277e+20,2.18081e+19,278.884,3.74737,5.43809,1.55445e+16,5.43758e+16,34.2518,3.15769,5.0692,1.23986e+19,7.33603e+20,sim09958.iv
sim09959,34.1518,3.9776,5.98688,9.68696e+20,1.48317e+19,229.25,3.77878,5.40891,2.33671e+16,9.72579e+16,26.2391,3.15417,5.1427,2.09682e+19,6.75011e+20,sim09959.iv
sim09960,26.7377,3.98543,5.87903,9.22606e+20,2.83656e+19,294.992,3.78877,5.45966,5.97531e+16,9.72969e+16,25.9225,2.86227,5.03799,4.52839e+19,6.27459e+20,sim09960.iv
sim09961,32.1159,3.98494,5.93232,6.5705e+20,1.25067e+19,221.763,3.72726,5.44523,5.49548e+16,8.28598e+16,35.5586,2.85737,5.17532,2.24842e+19,9.27474e+20,sim09961.iv
sim09962,48.3413,3.83109,5.99315,9.94473e+20,1.61937e+19,347.704,3.78428,5.55315,1.83621e+16,9.99838e+16,24.3364,2.97706,5.09495,4.17652e+19,8.18876e+20,sim09962.iv
sim09963,45.4361,3.95215,5.82185,7.52537e+20,3.51473e+19,281.148,3.698,5.5621,9.24133e+16,7.35123e+16,47.9232,2.85218,5.19533,1.28138e+19,7.59086e+20,sim09963.iv
sim09964,44.7721,3.9565,5.97378,8.79278e+20,3.17696e+19,330.472,3.78019,5.53031,8.3274e+16,8.44565e+16,21.5169,3.14712,5.08745,1.28509e+19,5.95842e+20,sim09964.iv
sim09965,27.744,3.85183,5.97804,9.70338e+20,3.91733e+19,325.154,3.64918,5.4447,2.19039e+16,5.09438e+16,37.9467,2.93029,5.06352,3.12108e+19,9.06551e+20,sim09965.iv
sim09966,20.6485,3.90743,5.9258,8.29604e+20,2.15002e+19,286.318,3.72951,5.41187,1.87845e+16,1.25158e+16,25.9822,2.82929,5.0801,2.77963e+19,8.59267e+20,sim09966.iv
sim09967,45.3357,3.89303,5.85752,9.37571e+20,4.78661e+19,285.959,3.68147,5.55679,6.09817e+16,3.70146e+16,27.8365,3.08869,5.11593,4.90129e+19,9.17127e+20,sim09967.iv
sim09968,24.5231,3.9943,5.98971,9.03796e+20,2.20299e+19,256.66,3.60822,5.43008,5.12907e+16,2.37431e+16,26.211,2.96811,5.12292,4.38493e+19,5.48569e+20,sim09968.iv
sim09969,23.0455,3.84504,5.91792,8.53987e+20,4.51945e+19,301.279,3.73452,5.58223,7.57214e+16,2.24679e+16,48.5031,3.10999,5.03666,3.65344e+19,6.52784e+20,sim09969.iv
sim09970,40.9829,3.97732,5.83566,6.98921e+20,2.77097e+19,251.376,3.74468,5.40223,1.20707e+16,9.87354e+16,37.7914,2.84442,5.0703,2.57677e+19,9.80734e+20,sim09970.iv
sim09971,22.7349,3.8057,5.96744,7.31732e+20,1.63505e+19,246.519,3.60782,5.48144,6.67791e+16,8.16334e+16,20.1153,2.92398,5.10598,4.54353e+19,5.02464e+20,sim09971.iv
sim09972,22.0369,3.80966,5.94872,8.07378e+20,1.35859e+19,272.668,3.68272,5.49352,4.05372e+16,3.57394e+16,25.2428,3.01725,5.12507,3.90838e+19,6.61392e+20,sim09972.iv
sim09973,34.7372,3.90158,5.86259,9.74255e+20,3.86724e+19,307.567,3.65149,5.52928,8.26498e+16,8.832e+16,21.3729,3.04858,5.14377,1.74851e+19,8.34954e+20,sim09973.iv
sim09974,34.7667,3.9679,5.80829,7.56471e+20,1.99316e+19,341.903,3.78565,5.4811,8.56507e+16,4.36644e+16,42.9342,2.88248,5.1164,4.45718e+19,7.11719e+20,sim09974.iv
sim09975,44.5819,3.87798,5.85033,9.51719e+20,2.18228e+19,243.372,3.77132,5.58617,6.89075e+16,8.9706e+16,28.7535,2.95845,5.18813,4.89298e+19,6.53698e+20,sim09975.iv
sim09976,21.0992,3.86097,5.95046,7.71956e+20,3.28668e+19,223.556,3.69142,5.57487,3.78129e+16,1.60705e+16,29.984,2.89268,5.17563,3.95051e+19,7.16144e+20,sim09976.iv
sim09977,35.2135,3.83434,5.85499,5.27204e+20,2.97491e+19,330.405,3.73089,5.4448,4.3007e+16,5.98283e+16,32.2746,3.14526,5.08554,2.56711e+19,6.35071e+20,sim09977.iv
sim09978,29.0713,3.97342,5.97998,9.29571e+20,1.46598e+19,244.516,3.73153,5.55353,3.07625e+16,3.25364e+16,23.7425,2.8335,5.15554,4.50307e+19,9.44022e+20,sim09978.iv
sim09979,21.0753,3.93468,5.87882,8.93569e+20,3.68663e+19,303.442,3.62113,5.58272,8.92569e+16,4.39541e+16,24.9343,2.8215,5.17584,2.82164e+19,7.2525e+20,sim09979.iv
sim09980,35.936,3.81878,5.92937,8.89924e+20,1.97888e+19,332.994,3.62237,5.59374,3.01276e+16,2.82917e+16,43.0953,3.17532,5.19004,2.93653e+19,6.50803e+20,sim09980.iv
sim09981,47.7926,3.99742,5.87892,9.46738e+20,3.06358e+19,347.269,3.78929,5.58542,8.87008e+16,6.64204e+16,29.5499,2.87607,5.19186,1.88122e+19,7.82488e+20,sim09981.iv
sim09982,44.2225,3.95017,5.88033,8.96327e+20,4.21653e+19,326.924,3.60086,5.58638,6.47484e+16,3.77371e+16,31.2115,2.8853,5.0095,3.3937e+19,7.76866e+20,sim09982.iv
sim09983,40.262,3.92179,5.9601,6.12086e+20,3.75443e+19,335.755,3.76421,5.50047,8.74696e+16,3.85251e+16,38.8015,3.14408,5.18998,1.5509e+19,5.53268e+20,sim09983.iv
sim09984,35.2533,3.88071,5.86681,6.82955e+20,2.52427e+19,303.825,3.72175,5.47142,8.87269e+16,4.29804e+16,20.0365,2.85847,5.01187,2.98664e+19,6.99549e+20,sim09984.iv
sim09985,24.8261,3.9275,5.8826,7.86438e+20,1.33879e+19,221.79,3.7527,5.59456,6.66817e+16,3.48631e+16,30.267,2.83201,5.19736,4.44026e+19,8.18102e+20,sim09985.iv
sim09986,21.3243,3.8362,5.81842,8.7189e+20,4.48062e+19,282.105,3.73462,5.55313,4.13011e+16,9.89937e+16,33.7969,3.13179,5.00768,1.40801e+19,6.10882e+20,sim09986.iv
sim09987,24.8965,3.99378,5.93796,8.22565e+20,3.1974e+19,341.321,3.69752,5.4995,1.12807e+16,8.08847e+16,43.2386,2.80025,5.10566,3.89473e+19,5.79581e+20,sim09987.iv
sim09988,46.6395,3.87421,5.95945,7.82763e+20,3.26199e+19,250.589,3.70078,5.59054,3.27816e+16,8.559e+16,32.1859,3.12769,5.15376,4.20027e+19,8.71854e+20,sim09988.iv
sim09989,34.2915,3.96678,5.85283,9.22454e+20,1.35893e+19,346.111,3.66383,5.54066,9.45937e+16,4.24241e+16,47.4606,3.13362,5.05879,1.01911e+19,9.15153e+20,sim09989.iv
sim09990,41.2719,3.80976,5.80986,5.08793e+20,4.33099e+19,212.935,3.73273,5.41903,7.74597e+16,3.07699e+16,32.6668,3.15303,5.00541,1.48238e+19,6.20435e+20,sim09990.iv
sim09991,21.9702,3.94515,5.90091,8.30778e+20,3.3819e+19,244.098,3.78405,5.46939,5.22166e+16,3.70158e+16,24.6165,3.00469,5.01643,4.01226e+19,6.93532e+20,sim09991.iv
sim09992,45.7786,3.80311,5.91007,8.22351e+20,2.16494e+19,227.675,3.66612,5.49657,3.02596e+16,9.36404e+16,31.6447,2.9415,5.1375,4.91882e+19,7.23862e+20,sim09992.iv
sim09993,49.0092,3.83785,5.93608,8.28908e+20,3.24849e+19,292.192,3.62722,5.59781,3.48945e+16,8.55621e+16,47.1716,3.16522,5.04675,1.68033e+19,7.16058e+20,sim09993.iv
sim09994,21.6022,3.87059,5.83865,9.76073e+20,4.84912e+19,266.663,3.797,5.4138,7.90508e+16,1.93766e+16,26.8574,2.90901,5.01793,4.14467e+19,9.68083e+20,sim09994.iv
sim09995,32.2256,3.87238,5.84649,5.12989e+20,1.42161e+19,222.302,3.78878,5.57093,7.47477e+16,6.07379e+16,48.3625,2.96413,5.1212,2.78449e+19,9.61747e+20,sim09995.iv
sim09996,28.0298,3.93892,5.92905,6.91772e+20,3.61816e+19,282.078,3.60544,5.54756,2.83251e+16,7.91747e+16,26.8986,2.98203,5.05514,1.47795e+19,5.16175e+20,sim09996.iv
sim09997,47.8995,3.8246,5.89832,5.40835e+20,4.5102e+19,288.475,3.651,5.59251,4.72089e+16,3.4429e+16,45.2602,3.11731,5.06642,1.94614e+19,9.96346e+20,sim09997.iv
sim09998,40.3919,3.91135,5.91475,5.41796e+20,4.50313e+19,283.927,3.74409,5.43454,9.75662e+16,5.36219e+16,41.5749,2.88755,5.13413,1.42452e+19,9.8254e+20,sim09998.iv
sim09999,39.0105,3.837,5.96378,9.26807e+20,2.53091e+19,338.233,3.79694,5.50893,6.18024e+16,1.6304e+16,37.424,2.86367,5.14879,2.69912e+19,7.56553e+20,sim09999.iv
sim10000,46.7731,3.92388,5.89979,5.79883e+20,4.85113e+19,254.489,3.79502,5.58224,1.09491e+16,3.36678e+16,25.4524,3.01938,5.02713,2.81412e+19,9.04413e+20,sim10000.iv
