sim_id,L1_L,L1_E_c,L1_E_v,L1_N_D,L1_N_A,L2_L,L2_E_c,L2_E_v,L2_N_D,L2_N_A,L3_L,L3_E_c,L3_E_v,L3_N_D,L3_N_A,iv_file
sim05001,49.6995,3.85926,5.9823,9.49383e+20,4.42021e+19,232.198,3.73195,5.47598,5.25533e+16,2.38721e+16,49.3167,2.90624,5.1717,1.24095e+19,8.9616e+20,sim05001.iv
sim05002,43.9047,3.85219,5.91349,6.48836e+20,1.84248e+19,296.553,3.74507,5.54252,8.54628e+16,7.43717e+16,31.4734,3.19168,5.19117,2.80771e+19,9.85577e+20,sim05002.iv
sim05003,49.4939,3.94871,5.96151,5.57067e+20,2.08112e+19,227.14,3.63064,5.55544,2.84233e+16,4.40192e+16,33.094,2.82735,5.17226,4.38283e+19,5.09577e+20,sim05003.iv
sim05004,37.7653,3.9197,5.92502,6.29346e+20,1.67656e+19,222.124,3.74425,5.49847,6.51495e+16,6.01892e+16,39.7371,3.08219,5.04233,3.75189e+19,6.38014e+20,sim05004.iv
sim05005,20.8308,3.96378,5.95032,8.76265e+20,2.50288e+19,318.298,3.65798,5.4596,4.29332e+16,7.51178e+16,27.4488,2.82974,5.05185,2.83688e+19,6.5945e+20,sim05005.iv
sim05006,41.5917,3.81548,5.93119,6.56903e+20,1.73536e+19,242.654,3.63971,5.57219,3.65906e+16,8.31531e+16,28.7043,2.8015,5.00137,2.47094e+19,9.27099e+20,sim05006.iv
sim05007,37.7515,3.9359,5.88294,6.37657e+20,3.57175e+19,291.123,3.60697,5.51062,6.67664e+16,4.31579e+16,30.2586,3.11497,5.07418,2.14579e+19,8.92353e+20,sim05007.iv
sim05008,49.5453,3.83696,5.87569,5.01312e+20,2.94293e+19,249.597,3.76512,5.58315,2.04554e+16,8.77423e+16,26.4496,2.92318,5.17715,2.46098e+19,5.08432e+20,sim05008.iv
sim05009,21.5542,3.86753,5.97688,5.44337e+20,1.7823e+19,345.428,3.68229,5.57453,4.45045e+16,5.66476e+16,48.4081,3.18255,5.03311,3.70702e+19,7.12109e+20,sim05009.iv
sim05010,24.4929,3.80515,5.90156,5.46867e+20,4.75348e+19,244.992,3.68796,5.54528,5.56904e+16,4.39622e+16,38.8881,2.87907,5.09815,4.85263e+19,8.92378e+20,sim05010.iv
sim05011,30.041,3.98253,5.97497,6.35733e+20,4.7368e+19,277.949,3.78656,5.50993,1.87066e+16,2.25254e+16,34.9357,2.80993,5.15368,2.2307e+19,5.15654e+20,sim05011.iv
sim05012,39.4596,3.92113,5.82532,5.90632e+20,3.9737e+19,231.154,3.60129,5.59994,3.61157e+16,9.01947e+16,32.4223,3.18511,5.08598,3.99721e+19,9.82822e+20,sim05012.iv
sim05013,28.4694,3.80594,5.88973,8.80645e+20,3.25601e+19,326.936,3.65334,5.41359,2.98827e+16,3.05869e+16,30.0578,2.92471,5.04684,1.48732e+19,7.60916e+20,sim05013.iv
sim05014,41.342,3.98167,5.85515,8.30269e+20,3.11024e+19,333.744,3.73901,5.43659,3.39697e+16,6.62035e+16,42.5355,2.83148,5.12928,1.68168e+19,9.71468e+20,sim05014.iv
sim05015,48.9127,3.97184,5.97211,9.8057e+20,2.14427e+19,283.166,3.62678,5.49124,1.94189e+16,7.22498e+16,22.27,3.14383,5.17031,4.86248e+19,5.13615e+20,sim05015.iv
sim05016,44.5584,3.85857,5.83918,8.75278e+20,1.48026e+19,332.611,3.77507,5.51119,4.80459e+16,9.00532e+16,41.3712,2.81287,5.0824,2.71912e+19,9.28071e+20,sim05016.iv
sim05017,46.4825,3.90871,5.82245,8.04539e+20,2.84172e+19,269.209,3.79686,5.59917,4.68639e+16,9.41124e+16,27.3381,2.8774,5.13134,3.00186e+19,8.72884e+20,sim05017.iv
sim05018,23.2965,3.89648,5.93636,7.50535e+20,2.14531e+19,280.114,3.71705,5.51007,6.093e+16,4.9851e+16,29.9302,2.82817,5.00929,3.13525e+19,9.29388e+20,sim05018.iv
sim05019,43.5703,3.90725,5.9279,9.88224e+20,4.86895e+19,349.273,3.6033,5.52724,7.70565e+16,1.92765e+16,30.8971,2.86605,5.07693,2.76482e+19,5.89184e+20,sim05019.iv
sim05020,34.8825,3.83752,5.98446,5.84738e+20,3.0502e+19,258.201,3.68455,5.47788,9.80793e+16,6.97253e+16,21.4617,3.13403,5.10909,1.46606e+19,7.35801e+20,sim05020.iv
sim05021,24.005,3.9115,5.87414,5.33403e+20,3.61424e+19,242.677,3.75327,5.58076,3.18477e+16,3.75261e+16,21.3974,2.99261,5.16806,1.44066e+19,5.83872e+20,sim05021.iv
sim05022,42.3381,3.92762,5.83987,5.85623e+20,1.28189e+19,212.47,3.68452,5.42157,3.62891e+16,8.86537e+16,21.4805,3.11871,5.07632,2.64754e+19,9.86333e+20,sim05022.iv
sim05023,37.0544,3.80733,5.95877,7.77262e+20,4.10826e+19,231.17,3.6525,5.58211,4.86881e+16,5.59619e+16,39.2939,3.01132,5.15012,1.89268e+19,9.6042e+20,sim05023.iv
sim05024,21.6105,3.8999,5.99953,8.29395e+20,2.92869e+19,343.356,3.6156,5.48448,9.13201e+16,7.12221e+16,31.0531,3.19102,5.15183,4.90927e+19,7.9184e+20,sim05024.iv
sim05025,20.2453,3.99439,5.96481,7.75148e+20,1.64356e+19,333.331,3.72747,5.40061,5.44401e+16,9.84086e+16,37.58,3.08429,5.13161,3.07496e+19,8.46045e+20,sim05025.iv
sim05026,25.8729,3.86759,5.97788,6.34924e+20,2.66699e+19,224.473,3.7861,5.45386,6.22869e+16,4.58895e+16,30.4017,2.86728,5.1992,2.15675e+19,6.98214e+20,sim05026.iv
sim05027,25.7819,3.92552,5.81723,8.31472e+20,3.01235e+19,300.648,3.60094,5.5347,1.4111e+16,9.25748e+16,43.8027,2.84956,5.11125,4.82744e+19,6.21311e+20,sim05027.iv
sim05028,22.1806,3.88451,5.82764,8.88773e+20,4.6486e+19,272.945,3.79958,5.43802,9.25996e+16,3.91132e+16,47.0566,3.16179,5.06977,1.08113e+19,6.51312e+20,sim05028.iv
sim05029,33.09,3.99676,5.93794,8.17424e+20,3.58072e+19,265.477,3.73793,5.45593,7.77068e+16,6.86654e+16,42.3897,2.86054,5.11046,1.76688e+19,6.5593e+20,sim05029.iv
sim05030,43.7568,3.88348,5.80997,9.46015e+20,1.42933e+19,279.621,3.69507,5.47982,1.04667e+16,3.28738e+16,24.6672,2.86543,5.02528,4.29619e+19,5.50476e+20,sim05030.iv
sim05031,29.9907,3.91597,5.80818,7.62515e+20,2.85522e+19,330.132,3.62321,5.41169,2.32425e+16,5.28655e+16,23.1494,3.04629,5.15868,3.222e+19,6.79218e+20,sim05031.iv
sim05032,33.4004,3.84849,5.97042,6.61759e+20,4.43452e+19,345.227,3.65113,5.57158,8.52807e+16,6.50203e+16,45.0151,2.97021,5.12058,2.62286e+19,9.99442e+20,sim05032.iv
sim05033,35.9557,3.84745,5.93403,8.7902e+20,4.44536e+19,211.777,3.74946,5.50611,7.53825e+16,5.74632e+16,29.8903,2.81405,5.06407,3.62395e+19,5.04857e+20,sim05033.iv
sim05034,47.6442,3.87986,5.81258,9.4099e+20,1.72284e+19,218.161,3.61569,5.5056,3.57318e+16,8.57632e+16,36.3671,2.91124,5.11685,4.77611e+19,9.31191e+20,sim05034.iv
sim05035,24.0949,3.97439,5.87325,6.92229e+20,3.01627e+19,317.55,3.6845,5.53221,2.53117e+16,3.65585e+16,48.4351,2.96803,5.14528,1.3181e+19,5.15154e+20,sim05035.iv
sim05036,21.5799,3.94029,5.81135,8.01011e+20,2.00276e+19,229.651,3.73855,5.50878,9.02116e+16,7.54502e+16,29.6817,2.85063,5.12745,2.38973e+19,5.82762e+20,sim05036.iv
sim05037,37.1911,3.93234,5.85711,8.60844e+20,1.27232e+19,312.157,3.62114,5.53814,4.91681e+16,2.36667e+16,20.6327,3.13814,5.17595,2.48004e+19,8.29664e+20,sim05037.iv
sim05038,46.0911,3.81792,5.9012,7.12442e+20,1.86221e+19,245.109,3.78359,5.53898,6.62052e+16,6.82526e+16,32.3964,3.11503,5.14916,2.74511e+19,5.73369e+20,sim05038.iv
sim05039,22.9235,3.95898,5.94056,7.24913e+20,1.5444e+19,318.275,3.67183,5.55534,7.29309e+16,9.37055e+16,22.0355,3.05735,5.15851,2.1659e+19,8.68463e+20,sim05039.iv
sim05040,28.9331,3.92699,5.93611,9.47544e+20,4.80361e+19,349.556,3.73877,5.51579,7.1455e+16,7.72555e+16,44.4724,2.91637,5.14177,1.76819e+19,5.51529e+20,sim05040.iv
sim05041,43.7961,3.91604,5.8952,6.99117e+20,2.02259e+19,292.067,3.61704,5.53934,5.38833e+16,6.67506e+16,20.9477,2.94973,5.07993,3.31121e+19,9.50938e+20,sim05041.iv
sim05042,41.5017,3.96122,5.95175,5.97804e+20,3.05394e+19,312.901,3.70717,5.58989,5.66283e+16,5.93061e+16,23.5953,2.83165,5.01177,1.59858e+19,8.35951e+20,sim05042.iv
sim05043,25.3428,3.82161,5.92256,9.29173e+20,1.13206e+19,280.86,3.63834,5.58288,4.7666e+16,6.82522e+16,33.0421,3.12713,5.09854,4.78357e+19,6.79467e+20,sim05043.iv
sim05044,41.644,3.81772,5.83242,7.64807e+20,2.03726e+19,218.254,3.64954,5.45418,6.60837e+16,2.49561e+16,47.8507,2.91479,5.19272,2.69415e+19,8.66118e+20,sim05044.iv
sim05045,40.3484,3.85621,5.88872,6.14644e+20,4.53827e+19,334.086,3.67196,5.48174,3.72473e+16,3.69113e+16,22.6248,3.05595,5.15362,2.36301e+19,7.50887e+20,sim05045.iv
sim05046,20.6597,3.92599,5.86499,5.73886e+20,1.04451e+19,269.771,3.73396,5.448,2.5113e+16,6.51697e+16,37.8058,2.92199,5.17014,3.38818e+19,9.07636e+20,sim05046.iv
sim05047,47.7148,3.93503,5.85846,8.38676e+20,2.68408e+19,235.398,3.63486,5.43073,5.18522e+16,6.34984e+16,49.2364,3.0693,5.04641,4.34109e+19,9.91957e+20,sim05047.iv
sim05048,32.3877,3.97603,5.94884,6.58054e+20,1.02706e+19,307.757,3.79307,5.42712,9.23624e+16,2.86284e+16,36.2455,3.02104,5.04416,1.09581e+19,5.86861e+20,sim05048.iv
sim05049,31.7153,3.83784,5.93419,7.44024e+20,2.41626e+19,242.6,3.73246,5.57838,6.85697e+16,4.68066e+16,20.8378,3.1161,5.10494,1.26176e+19,8.63645e+20,sim05049.iv
sim05050,26.9018,3.85978,5.93022,5.94363e+20,2.28748e+19,307.673,3.66305,5.41834,1.90041e+16,5.87121e+16,49.9519,3.00927,5.19548,4.62622e+19,9.38699e+20,sim05050.iv
sim05051,33.4154,3.91305,5.927,5.04268e+20,1.17484e+19,344.332,3.68795,5.56713,2.10296e+16,3.3193e+16,21.5713,3.10498,5.05173,4.16373e+19,8.89493e+20,sim05051.iv
sim05052,23.0859,3.85715,5.90714,9.03341e+20,4.19154e+19,285.474,3.73905,5.58784,4.6968e+16,2.18056e+16,24.0808,2.94993,5.02324,4.52426e+19,7.70387e+20,sim05052.iv
sim05053,43.0726,3.99871,5.8808,9.01086e+20,3.93764e+19,245.608,3.62315,5.40198,8.44144e+16,9.81853e+16,31.6108,3.01346,5.0392,4.10845e+19,5.10465e+20,sim05053.iv
sim05054,24.0466,3.98787,5.861,7.70222e+20,2.78127e+19,234.849,3.74127,5.58072,6.10175e+16,3.38791e+16,45.4829,2.9179,5.16327,4.42947e+19,9.25396e+20,sim05054.iv
sim05055,41.6369,3.99184,5.97894,9.66825e+20,2.71573e+19,243.95,3.79949,5.42791,6.24424e+16,7.22223e+16,30.7003,2.91176,5.02964,1.16255e+19,9.88584e+20,sim05055.iv
sim05056,33.1452,3.85802,5.83699,6.1594e+20,3.10351e+19,244.248,3.65438,5.59742,6.33437e+16,1.92134e+16,42.6249,2.83148,5.06372,2.35706e+19,8.4667e+20,sim05056.iv
sim05057,22.2641,3.91571,5.90562,6.67826e+20,2.92585e+19,275.233,3.79487,5.53422,3.66275e+16,8.16432e+16,33.4951,2.83852,5.0282,3.26648e+19,5.81738e+20,sim05057.iv
sim05058,44.995,3.8324,5.8741,7.78134e+20,4.98887e+19,216.594,3.72653,5.49954,5.07041e+16,3.14244e+16,20.2391,3.12311,5.15072,1.44523e+19,7.73326e+20,sim05058.iv
sim05059,30.0843,3.82158,5.89189,5.02211e+20,2.87876e+19,229.88,3.67059,5.47529,1.6524e+16,6.56101e+16,35.3375,3.06402,5.16484,2.29594e+19,7.53052e+20,sim05059.iv
sim05060,43.2843,3.8708,5.91108,7.80494e+20,2.03355e+19,284.624,3.64854,5.42972,8.17975e+16,8.75816e+16,44.0797,3.04722,5.01493,3.12322e+19,9.75844e+20,sim05060.iv
sim05061,47.1843,3.96134,5.93887,7.52735e+20,2.75536e+19,292.781,3.69466,5.48255,6.38346e+16,9.25409e+16,26.5584,2.85423,5.03149,3.79674e+19,9.3502e+20,sim05061.iv
sim05062,43.0009,3.88079,5.91305,5.23193e+20,2.8587e+19,314.379,3.7584,5.52236,8.48853e+16,4.10733e+16,22.6347,3.00644,5.19854,4.56204e+19,9.38111e+20,sim05062.iv
sim05063,38.1761,3.9908,5.91187,7.1794e+20,3.63453e+19,287.551,3.73961,5.47553,9.76038e+16,9.48164e+16,44.0895,2.8138,5.05267,4.74127e+19,9.05663e+20,sim05063.iv
sim05064,27.59,3.91444,5.80538,9.14403e+20,2.97681e+19,278.662,3.62795,5.40681,9.49661e+16,7.57848e+16,27.8594,2.80983,5.12719,4.47558e+19,7.35147e+20,sim05064.iv
sim05065,39.9818,3.99069,5.89673,9.06204e+20,2.38834e+19,211.728,3.77057,5.58985,1.52072e+16,6.84402e+16,41.2341,3.14647,5.13489,4.28649e+19,8.66945e+20,sim05065.iv
sim05066,31.4637,3.82674,5.97891,9.75837e+20,1.09509e+19,308.621,3.61958,5.54165,2.92585e+16,9.79776e+16,42.3016,3.0809,5.04374,1.95336e+19,7.77796e+20,sim05066.iv
sim05067,24.8183,3.8635,5.9831,7.27384e+20,2.36556e+19,330.05,3.73366,5.49021,7.93227e+16,2.91036e+16,23.178,2.91573,5.06322,4.60107e+19,9.84431e+20,sim05067.iv
sim05068,21.6297,3.97829,5.96541,5.94577e+20,2.89522e+19,277.864,3.64127,5.47641,2.45075e+16,6.04201e+16,30.1829,2.98478,5.09908,3.10122e+19,5.92002e+20,sim05068.iv
sim05069,20.3899,3.91462,5.86076,5.32291e+20,2.50243e+19,348.408,3.72361,5.54461,8.59352e+16,7.09056e+16,33.2112,3.14719,5.06103,2.0177e+19,6.29912e+20,sim05069.iv
sim05070,30.4733,3.95547,5.82158,7.61692e+20,3.40144e+19,340.246,3.67681,5.4955,7.19371e+16,2.4897e+16,32.2252,2.81269,5.00036,2.69799e+19,9.08075e+20,sim05070.iv
sim05071,31.5186,3.91062,5.89425,7.14929e+20,3.44878e+19,342.945,3.71018,5.56974,4.01525e+16,3.5086e+16,22.3788,3.0335,5.14735,3.51474e+19,9.25178e+20,sim05071.iv
sim05072,26.3269,3.93301,5.89916,6.58007e+20,2.94934e+19,311.012,3.77815,5.5201,6.96673e+16,9.40776e+16,42.2096,2.88842,5.15335,1.51341e+19,5.67072e+20,sim05072.iv
sim05073,48.5271,3.82242,5.9657,8.37924e+20,4.02033e+19,288.541,3.75163,5.59093,7.67842e+16,3.87889e+16,46.8242,2.99144,5.03182,4.62077e+19,7.06752e+20,sim05073.iv
sim05074,27.4625,3.92796,5.9991,9.21813e+20,2.00383e+19,309.783,3.6509,5.50246,2.2648e+16,3.59823e+16,49.7143,2.98205,5.14839,2.75337e+19,5.00881e+20,sim05074.iv
sim05075,39.6279,3.88383,5.85229,5.97839e+20,2.94424e+19,335.663,3.66822,5.51308,1.46203e+16,7.50086e+16,43.4849,2.95098,5.08789,1.27731e+19,9.60273e+20,sim05075.iv
sim05076,36.5287,3.82794,5.9488,8.89287e+20,1.80529e+19,273.486,3.68867,5.47454,8.78312e+16,7.36387e+16,46.5092,3.01197,5.16188,1.94726e+19,6.39783e+20,sim05076.iv
sim05077,34.8089,3.89823,5.8087,7.92833e+20,1.06237e+19,237.02,3.66282,5.56755,2.76351e+16,4.51662e+16,39.3912,2.85985,5.0148,1.02808e+19,9.81322e+20,sim05077.iv
sim05078,21.1862,3.93051,5.80085,9.13323e+20,3.6787e+19,347.172,3.78723,5.59304,1.6905e+16,6.26842e+16,42.3976,2.84947,5.04188,2.63267e+19,9.24687e+20,sim05078.iv
sim05079,44.4833,3.96326,5.85502,8.82811e+20,1.37854e+19,342.779,3.69924,5.54339,9.76339e+16,4.7338e+16,29.1064,2.92618,5.01853,3.70647e+19,9.98033e+20,sim05079.iv
sim05080,46.1906,3.99338,5.84217,5.34727e+20,2.10391e+19,295.301,3.74644,5.5565,1.41946e+16,6.46308e+16,27.9519,2.90504,5.15674,4.57708e+19,7.98948e+20,sim05080.iv
sim05081,20.5646,3.86552,5.98801,8.10608e+20,4.33693e+19,276.885,3.68935,5.51079,8.59139e+16,9.52563e+16,36.0317,3.18297,5.15674,4.10489e+19,9.72327e+20,sim05081.iv
sim05082,24.212,3.80976,5.82389,7.83195e+20,4.43599e+19,217.263,3.70182,5.52529,6.48359e+16,3.61738e+16,27.2505,2.80905,5.03188,1.05175e+19,7.44041e+20,sim05082.iv
sim05083,39.8874,3.92218,5.94362,5.41272e+20,3.26516e+19,238.523,3.7291,5.56155,6.73987e+16,4.557e+16,31.5938,3.02347,5.17846,3.62574e+19,5.4908e+20,sim05083.iv
sim05084,43.5443,3.8106,5.87466,6.8879e+20,3.49581e+19,327.053,3.65525,5.52694,6.20576e+16,6.48983e+16,20.5676,3.00476,5.18722,1.9862e+19,8.92697e+20,sim05084.iv
sim05085,41.6346,3.99719,5.86356,9.261e+20,2.10445e+19,274.165,3.69643,5.54044,3.22905e+16,4.0297e+16,49.2693,3.06128,5.11004,1.22168e+19,9.98886e+20,sim05085.iv
sim05086,42.9668,3.99543,5.86724,5.6326e+20,3.98391e+19,313.208,3.77407,5.40144,6.28402e+16,2.28197e+16,34.3677,3.19971,5.14907,2.05727e+19,8.12454e+20,sim05086.iv
sim05087,34.4422,3.89065,5.81307,8.2248e+20,3.45031e+19,222.681,3.62581,5.49214,5.84471e+16,2.72153e+16,44.9532,3.0835,5.04506,4.2164e+19,7.92839e+20,sim05087.iv
sim05088,29.513,3.96569,5.90243,7.18625e+20,1.06365e+19,324.976,3.65524,5.45809,8.51946e+16,1.77654e+16,48.6357,2.93249,5.0667,3.79648e+19,6.8047e+20,sim05088.iv
sim05089,28.1261,3.83187,5.86639,9.86252e+20,1.5245e+19,341.057,3.71486,5.53495,8.16108e+16,1.39774e+16,49.2311,3.10388,5.1604,2.70272e+19,7.98578e+20,sim05089.iv
sim05090,36.8411,3.81962,5.83873,8.84344e+20,2.97689e+19,235.986,3.77148,5.4341,9.31002e+16,7.79332e+16,44.4668,3.00217,5.10043,1.47985e+19,9.66961e+20,sim05090.iv
sim05091,31.6853,3.9141,5.81452,5.99195e+20,4.47964e+19,271.095,3.67683,5.45258,9.63551e+16,7.07871e+16,34.8126,3.18197,5.11504,4.722e+19,5.7979e+20,sim05091.iv
sim05092,32.317,3.9094,5.83574,8.17401e+20,3.94836e+19,243.474,3.67859,5.58561,6.30179e+16,7.26265e+16,43.8677,2.88812,5.14373,4.5448e+19,9.76519e+20,sim05092.iv
sim05093,22.9666,3.84173,5.80124,6.98092e+20,2.20386e+19,292.257,3.64885,5.54002,9.638e+16,1.91046e+16,26.4392,2.87772,5.19579,3.32396e+19,6.56026e+20,sim05093.iv
sim05094,31.4208,3.96262,5.9505,7.09327e+20,2.13925e+19,344.05,3.76727,5.40129,5.58385e+16,1.38433e+16,36.4352,3.17728,5.00399,2.22447e+19,7.51268e+20,sim05094.iv
sim05095,27.6796,3.82421,5.85418,6.93487e+20,2.24534e+19,349.157,3.79233,5.52667,1.49083e+16,1.70627e+16,40.9863,3.06731,5.03597,4.5365e+19,8.5985e+20,sim05095.iv
sim05096,26.0649,3.98102,5.94732,9.53938e+20,4.56391e+19,210.481,3.70766,5.42028,4.06299e+16,3.68401e+16,35.3791,3.1386,5.02906,2.86714e+19,9.2691e+20,sim05096.iv
sim05097,34.0242,3.85379,5.91222,5.08203e+20,2.8166e+19,283.532,3.64415,5.45025,1.93248e+16,9.04085e+16,21.4718,3.15672,5.192,3.30004e+19,9.45936e+20,sim05097.iv
sim05098,35.62,3.80684,5.84959,9.85582e+20,4.25365e+19,347.624,3.6856,5.44539,3.39479e+16,8.4353e+16,26.0581,3.04315,5.17992,4.25861e+19,7.11386e+20,sim05098.iv
sim05099,31.6944,3.9189,5.88751,6.37325e+20,1.45252e+19,253.618,3.62815,5.41252,9.06197e+16,6.93834e+16,48.9338,3.09872,5.14607,2.90994e+19,8.09642e+20,sim05099.iv
sim05100,22.8762,3.93283,5.92851,7.44581e+20,3.6255e+19,322.936,3.68322,5.46536,3.64308e+16,8.87837e+16,49.0065,3.12205,5.13853,4.36404e+19,8.82722e+20,sim05100.iv
sim05101,29.0044,3.85279,5.97428,9.28982e+20,2.14253e+19,248.17,3.79293,5.5151,7.80448e+16,1.36739e+16,35.2719,2.96118,5.05299,2.27702e+19,9.26472e+20,sim05101.iv
sim05102,20.582,3.93956,5.90201,6.87933e+20,4.57767e+19,316.331,3.72099,5.48353,9.22924e+16,9.44749e+16,42.0075,2.96978,5.19664,1.17881e+19,9.24727e+20,sim05102.iv
sim05103,28.9022,3.8975,5.81716,7.33239e+20,1.9179e+19,254.208,3.71323,5.59443,3.02759e+16,4.08561e+16,27.1936,3.00201,5.05352,1.76888e+19,8.26044e+20,sim05103.iv
sim05104,25.2719,3.91264,5.81082,8.59075e+20,1.00193e+19,305.067,3.62898,5.54056,1.73055e+16,3.87157e+16,41.3135,3.04768,5.05795,2.82986e+19,6.66632e+20,sim05104.iv
sim05105,20.3632,3.91231,5.99796,7.56701e+20,2.48905e+19,279.285,3.74305,5.41977,5.02339e+16,2.5609e+16,39.422,3.1808,5.04658,2.56292e+19,6.3551e+20,sim05105.iv
sim05106,31.6051,3.89184,5.95574,7.80944e+20,3.0045e+19,214.246,3.60845,5.57217,8.46002e+16,2.25192e+16,46.3919,3.19165,5.14309,2.85644e+19,6.10649e+20,sim05106.iv
sim05107,46.6478,3.87087,5.84809,7.87969e+20,4.62417e+19,331.878,3.76192,5.46187,7.87818e+16,9.08294e+16,45.1396,3.04472,5.1132,4.37515e+19,7.61756e+20,sim05107.iv
sim05108,27.3768,3.8903,5.96984,5.09408e+20,2.65771e+19,330.134,3.70858,5.47877,7.41735e+16,6.52705e+16,36.8857,2.89256,5.1842,1.33705e+19,8.45868e+20,sim05108.iv
sim05109,40.0811,3.82603,5.81998,6.71078e+20,1.32373e+19,343.498,3.77186,5.58965,9.92418e+16,2.98116e+16,43.1063,2.9826,5.00864,3.0588e+19,5.41091e+20,sim05109.iv
sim05110,49.5925,3.96648,5.96525,5.38958e+20,1.03083e+19,247.463,3.76629,5.51598,6.87138e+16,2.15803e+16,33.8222,2.986,5.19589,4.09677e+19,5.67066e+20,sim05110.iv
sim05111,33.7714,3.95429,5.95695,7.27485e+20,4.2949e+19,276.558,3.60669,5.5624,9.94848e+16,3.50201e+16,39.9799,2.96219,5.08122,4.66962e+19,9.79993e+20,sim05111.iv
sim05112,23.2635,3.94541,5.836,7.65505e+20,4.20343e+19,241.282,3.66503,5.58888,4.7593e+16,1.69033e+16,32.4941,2.98062,5.15574,2.3935e+19,5.63341e+20,sim05112.iv
sim05113,43.344,3.87506,5.80624,9.16175e+20,4.86615e+19,344.786,3.72412,5.45275,8.80444e+16,2.6013e+16,42.4793,3.14891,5.18551,3.27701e+19,9.78555e+20,sim05113.iv
sim05114,21.0768,3.80762,5.95231,9.98888e+20,1.59095e+19,262.427,3.79721,5.57436,4.69793e+16,9.01545e+16,33.532,2.93572,5.11752,2.11433e+19,8.28481e+20,sim05114.iv
sim05115,28.7209,3.90152,5.95459,9.31285e+20,1.16081e+19,311.582,3.7777,5.5473,3.07346e+16,7.7202e+16,44.1405,2.87186,5.18234,2.08972e+19,9.7323e+20,sim05115.iv
sim05116,34.9865,3.82588,5.94149,7.83631e+20,4.05128e+19,251.828,3.6114,5.43446,5.29609e+16,1.41183e+16,39.7745,3.00191,5.04193,4.19555e+19,8.26984e+20,sim05116.iv
sim05117,36.4778,3.94459,5.91857,5.04771e+20,3.18836e+19,245.22,3.75378,5.53315,6.34197e+16,5.8087e+16,27.7195,3.06185,5.15884,2.57028e+19,6.75498e+20,sim05117.iv
sim05118,48.144,3.96026,5.81267,6.38394e+20,4.40918e+19,315.596,3.63881,5.49783,2.68515e+16,6.31001e+16,22.6494,2.90543,5.01673,4.69706e+19,5.89971e+20,sim05118.iv
sim05119,35.652,3.83598,5.82559,5.01892e+20,1.32831e+19,284.116,3.70523,5.45094,9.39925e+16,4.96096e+16,44.2097,3.00385,5.04874,1.63669e+19,5.876e+20,sim05119.iv
sim05120,40.2481,3.94976,5.83343,9.94039e+20,4.65715e+19,244.004,3.66279,5.59433,9.9784e+16,4.69874e+16,45.1347,3.1683,5.17602,3.6788e+19,7.09167e+20,sim05120.iv
sim05121,35.1394,3.94267,5.85179,8.54905e+20,3.10331e+19,291.436,3.76719,5.58861,3.74946e+16,7.86402e+16,37.9812,2.91627,5.12941,3.61944e+19,9.10094e+20,sim05121.iv
sim05122,32.1706,3.96227,5.84888,7.30621e+20,3.47679e+19,293.778,3.60976,5.47055,3.86798e+16,9.71312e+16,49.0608,2.94505,5.15723,3.20885e+19,6.97878e+20,sim05122.iv
sim05123,43.4594,3.99042,5.87192,5.84295e+20,4.80023e+19,309.143,3.64311,5.40171,6.96832e+16,6.60588e+16,26.7144,3.05697,5.03088,2.61601e+19,6.55693e+20,sim05123.iv
sim05124,45.919,3.85841,5.85634,8.77102e+20,1.06928e+19,310.647,3.60941,5.41119,5.41531e+16,9.62003e+16,24.8795,2.92164,5.13621,4.57077e+19,7.47585e+20,sim05124.iv
sim05125,34.9203,3.86227,5.87548,5.70524e+20,1.48562e+19,312.928,3.6969,5.55548,6.83631e+16,1.03105e+16,35.1128,3.01982,5.0274,4.82466e+19,8.99086e+20,sim05125.iv
sim05126,46.9951,3.91946,5.96651,5.9017e+20,4.41727e+19,338.856,3.60381,5.52818,1.8544e+16,6.82229e+16,46.8787,2.87215,5.09878,1.38334e+19,8.25235e+20,sim05126.iv
sim05127,23.5542,3.99436,5.86412,5.92386e+20,4.81149e+19,300.19,3.69748,5.55072,8.7918e+16,8.282e+16,30.6711,2.95847,5.10534,3.3451e+19,6.50545e+20,sim05127.iv
sim05128,24.0847,3.88777,5.96304,6.38161e+20,2.49895e+19,248.361,3.72195,5.59036,2.62149e+16,8.01565e+16,39.9387,3.19494,5.01992,4.6341e+19,9.03757e+20,sim05128.iv
sim05129,47.1704,3.95019,5.85625,7.0854e+20,1.4347e+19,210.293,3.78941,5.5654,1.73268e+16,5.09237e+16,28.6571,2.91893,5.17893,4.9689e+19,7.11032e+20,sim05129.iv
sim05130,44.4355,3.83316,5.95394,5.25403e+20,2.36838e+19,289.616,3.61259,5.42359,3.87081e+16,5.27477e+16,26.4375,2.92705,5.03385,1.40519e+19,7.09956e+20,sim05130.iv
sim05131,26.63,3.93037,5.8455,5.95126e+20,2.47104e+19,224.496,3.60828,5.55302,2.55444e+16,6.50458e+16,29.1408,2.93054,5.03161,1.91936e+19,7.86088e+20,sim05131.iv
sim05132,37.6307,3.85735,5.84206,6.7168e+20,1.35148e+19,284.11,3.76466,5.52596,1.19694e+16,3.45514e+16,34.1436,3.16407,5.03408,1.29653e+19,7.64778e+20,sim05132.iv
sim05133,36.7827,3.99641,5.90822,5.08435e+20,3.67701e+19,238.78,3.76279,5.48828,8.76625e+16,2.57999e+16,37.8994,3.08088,5.00865,2.89734e+19,8.39989e+20,sim05133.iv
sim05134,38.6933,3.82127,5.80667,6.08578e+20,1.96032e+19,293.732,3.60476,5.45451,3.09818e+16,8.52528e+16,30.6482,3.08832,5.16502,3.83184e+19,5.56227e+20,sim05134.iv
sim05135,42.1686,3.9698,5.875,9.43855e+20,3.75784e+19,309.451,3.70929,5.47669,3.88945e+16,8.18676e+16,45.1831,2.93275,5.1263,3.89222e+19,6.07225e+20,sim05135.iv
sim05136,38.9073,3.86787,5.85462,6.57975e+20,2.30412e+19,279.312,3.67092,5.54384,9.09541e+16,7.95513e+16,36.519,3.07283,5.17951,3.36814e+19,5.26761e+20,sim05136.iv
sim05137,28.9313,3.86613,5.99676,8.69052e+20,2.7122e+19,259.296,3.79234,5.55311,2.84598e+16,5.27023e+16,26.7758,3.19596,5.11441,1.32564e+19,6.55607e+20,sim05137.iv
sim05138,35.9392,3.90259,5.84408,8.42646e+20,1.93321e+19,347.615,3.76491,5.48947,4.29811e+16,2.58983e+16,22.5266,3.10188,5.1774,2.99712e+19,9.47639e+20,sim05138.iv
sim05139,48.4775,3.91807,5.85086,9.08527e+20,1.87558e+19,340.102,3.63815,5.47098,2.08747e+16,3.54812e+16,35.1239,2.95532,5.12575,2.46387e+19,7.84747e+20,sim05139.iv
sim05140,38.8828,3.98512,5.97642,6.32386e+20,2.884e+19,223.919,3.64447,5.45881,9.58904e+16,7.80285e+16,46.8989,2.91945,5.17177,4.08796e+19,5.7272e+20,sim05140.iv
sim05141,29.6475,3.94226,5.86523,6.2585e+20,4.9656e+19,277.778,3.66964,5.47137,6.56398e+16,6.80493e+16,45.9625,3.0629,5.18746,3.29754e+19,7.46705e+20,sim05141.iv
sim05142,43.5642,3.84266,5.9269,7.00199e+20,1.53606e+19,254.517,3.72648,5.58836,5.96796e+16,4.71659e+16,46.8487,2.87968,5.01623,2.29261e+19,5.43636e+20,sim05142.iv
sim05143,32.5859,3.84822,5.83751,5.96269e+20,1.99551e+19,285.607,3.60034,5.52341,7.33576e+16,7.43353e+16,35.2323,2.98569,5.12036,2.19588e+19,5.57257e+20,sim05143.iv
sim05144,35.2477,3.97343,5.89723,6.39791e+20,1.84523e+19,219.261,3.78495,5.46554,9.08346e+16,9.50536e+16,33.3374,2.96882,5.06316,3.55215e+19,6.06937e+20,sim05144.iv
sim05145,30.1378,3.85889,5.87488,5.37228e+20,3.11593e+19,222.82,3.75672,5.48405,7.62453e+16,2.17299e+16,37.3613,2.87651,5.11594,2.69049e+19,8.23263e+20,sim05145.iv
sim05146,22.7219,3.98036,5.89646,8.36478e+20,2.02669e+19,311.243,3.788,5.59133,8.17604e+16,4.60176e+16,25.5064,2.90636,5.15047,2.13242e+19,6.40509e+20,sim05146.iv
sim05147,28.2166,3.86419,5.90897,8.47979e+20,2.55725e+19,264.056,3.76616,5.43967,6.49674e+16,5.99983e+16,33.7958,3.16086,5.00233,4.21054e+19,7.03909e+20,sim05147.iv
sim05148,44.7283,3.89044,5.83634,7.82444e+20,4.89316e+19,225.112,3.77696,5.52459,8.39857e+16,8.42309e+16,23.6832,2.95897,5.11457,4.27091e+19,6.50057e+20,sim05148.iv
sim05149,48.916,3.80853,5.91437,8.24513e+20,3.30261e+19,218.363,3.6908,5.4385,5.89641e+16,4.29301e+16,44.7828,2.82556,5.08538,4.435e+19,8.27722e+20,sim05149.iv
sim05150,25.2827,3.9616,5.86711,7.60987e+20,3.34627e+19,226.524,3.73229,5.5368,6.70933e+16,7.09071e+16,27.2099,2.89213,5.04975,2.05489e+19,6.81206e+20,sim05150.iv
sim05151,27.503,3.99343,5.81672,9.24272e+20,2.42711e+19,295.056,3.66337,5.58041,1.59615e+16,3.37868e+16,48.83,2.94314,5.0503,2.18713e+19,5.57465e+20,sim05151.iv
sim05152,30.1898,3.86368,5.85579,5.40701e+20,3.37798e+19,306.137,3.74052,5.43229,6.82504e+16,9.00278e+16,49.3409,3.15763,5.02742,4.81518e+19,6.62029e+20,sim05152.iv
sim05153,20.8932,3.87285,5.86145,8.38022e+20,4.93548e+19,311.779,3.73557,5.43388,7.47641e+16,3.44785e+16,28.3656,2.97324,5.17865,1.86815e+19,9.46137e+20,sim05153.iv
sim05154,34.8901,3.81378,5.93471,8.35627e+20,4.86319e+19,254.771,3.61973,5.48877,3.53407e+16,5.92419e+16,37.055,2.9371,5.19065,1.69473e+19,6.08535e+20,sim05154.iv
sim05155,31.5548,3.90786,5.9072,8.5288e+20,1.34703e+19,342.148,3.61102,5.52743,5.72933e+16,3.23224e+16,31.3288,2.99631,5.01085,2.44388e+19,7.08232e+20,sim05155.iv
sim05156,34.763,3.89652,5.99483,9.41289e+20,3.80572e+19,346.734,3.66573,5.46062,5.17939e+16,7.13047e+16,41.186,3.06098,5.0385,1.87177e+19,6.56519e+20,sim05156.iv
sim05157,33.0357,3.87277,5.93338,8.33868e+20,2.27474e+19,314.329,3.67352,5.40692,6.87945e+16,8.09724e+16,40.3402,2.87528,5.08612,4.1999e+19,5.36698e+20,sim05157.iv
sim05158,48.319,3.808,5.83741,8.06581e+20,2.89374e+19,294.064,3.69061,5.56667,9.68621e+16,7.93665e+16,37.8482,2.9518,5.1265,4.17542e+19,8.93787e+20,sim05158.iv
sim05159,20.2454,3.93993,5.84052,7.66558e+20,3.98182e+19,344.09,3.6072,5.46554,1.55393e+16,7.93866e+16,25.1652,2.84972,5.0193,3.84094e+19,5.45069e+20,sim05159.iv
sim05160,33.4481,3.83204,5.92625,5.72123e+20,1.93212e+19,329.993,3.60335,5.40694,7.6059e+16,2.90629e+16,26.9584,2.8031,5.10216,2.58441e+19,9.16682e+20,sim05160.iv
sim05161,23.1116,3.99965,5.81108,6.10219e+20,1.55969e+19,318.731,3.65674,5.40465,5.77508e+16,3.14809e+16,38.5854,2.97869,5.01714,4.60075e+19,6.13356e+20,sim05161.iv
sim05162,20.2375,3.91649,5.96552,7.46378e+20,4.39788e+19,220.31,3.65705,5.52835,7.95833e+16,1.7055e+16,38.3573,3.10785,5.02531,1.59028e+19,7.53767e+20,sim05162.iv
sim05163,32.9778,3.88506,5.9735,5.32778e+20,3.94292e+19,324.52,3.67689,5.53855,6.28207e+16,3.38406e+16,35.3573,2.82314,5.16193,1.22368e+19,6.45647e+20,sim05163.iv
sim05164,32.2852,3.8999,5.9066,8.01734e+20,4.66685e+19,276.858,3.73048,5.41784,8.57418e+16,4.04119e+16,37.7287,3.19232,5.15151,2.6209e+19,7.25704e+20,sim05164.iv
sim05165,24.3709,3.92627,5.91057,7.96411e+20,2.07031e+19,309.455,3.6597,5.48942,2.3435e+16,7.43575e+16,25.2732,3.03492,5.16508,3.35981e+19,8.02468e+20,sim05165.iv
sim05166,46.394,3.99946,5.83901,7.38177e+20,2.45003e+19,219.771,3.67337,5.5399,8.66289e+16,8.40083e+16,20.6061,2.958,5.18972,3.2134e+19,9.901e+20,sim05166.iv
sim05167,30.326,3.87997,5.89112,9.26522e+20,2.16022e+19,271.224,3.75712,5.46613,4.66996e+16,8.92523e+16,30.569,3.01888,5.01354,4.80285e+19,8.30953e+20,sim05167.iv
sim05168,48.8843,3.96242,5.95269,5.6756e+20,2.94639e+19,212.147,3.71231,5.59139,4.47719e+16,4.13182e+16,28.5767,3.03014,5.18092,3.35489e+19,8.77003e+20,sim05168.iv
sim05169,31.0458,3.87405,5.84741,5.48397e+20,4.34245e+19,311.768,3.62628,5.50757,6.62615e+16,8.78438e+16,24.2273,2.84526,5.05151,1.95504e+19,5.7359e+20,sim05169.iv
sim05170,46.3195,3.99868,5.93101,8.78599e+20,3.09829e+19,297.444,3.77013,5.57718,3.93487e+16,8.1772e+16,20.4815,2.8487,5.05864,2.97275e+19,6.16239e+20,sim05170.iv
sim05171,46.1219,3.90837,5.88268,8.96985e+20,3.82213e+19,315.538,3.66474,5.46273,3.70034e+16,8.11437e+16,31.456,2.84913,5.10032,1.8427e+19,7.8849e+20,sim05171.iv
sim05172,35.7485,3.85428,5.98516,7.20173e+20,3.12863e+19,309.987,3.72753,5.40799,5.43693e+16,9.1205e+16,46.6697,2.85164,5.0595,2.10031e+19,9.57968e+20,sim05172.iv
sim05173,49.0483,3.88776,5.9391,5.83485e+20,3.63936e+19,216.712,3.61565,5.47874,8.71224e+16,1.11553e+16,29.9151,3.05377,5.06132,1.02851e+19,7.65448e+20,sim05173.iv
sim05174,23.6955,3.86305,5.97985,7.96682e+20,3.9277e+19,232.228,3.74961,5.43383,8.88916e+16,7.2092e+16,40.1205,2.88808,5.08634,1.15883e+19,6.72987e+20,sim05174.iv
sim05175,20.683,3.80117,5.83617,8.38476e+20,1.93354e+19,336.032,3.71056,5.48978,4.81193e+16,5.03807e+16,26.3019,2.96735,5.00277,2.66138e+19,6.90916e+20,sim05175.iv
sim05176,21.2815,3.92168,5.95719,5.95473e+20,2.84386e+19,337.862,3.77992,5.45195,2.98255e+16,2.97233e+16,37.6717,3.13584,5.0487,3.57061e+19,8.54986e+20,sim05176.iv
sim05177,24.027,3.81786,5.81772,7.25264e+20,2.02696e+19,259.939,3.79507,5.46478,3.95992e+16,7.6619e+16,48.2428,3.05808,5.15389,1.91227e+19,5.93684e+20,sim05177.iv
sim05178,49.9276,3.99311,5.86882,9.02068e+20,2.12843e+19,217.551,3.73879,5.50769,1.47278e+16,4.81114e+16,37.5766,2.95787,5.00871,4.7468e+19,9.63979e+20,sim05178.iv
sim05179,46.6034,3.9395,5.98099,9.27766e+20,3.17798e+19,281.681,3.72355,5.45671,2.06924e+16,9.36176e+16,34.7457,2.8343,5.18912,4.23353e+19,8.23205e+20,sim05179.iv
sim05180,49.7357,3.96421,5.81591,8.60128e+20,1.47812e+19,318.439,3.65396,5.46975,8.48955e+16,2.18327e+16,48.3115,2.85074,5.00506,1.1024e+19,9.04913e+20,sim05180.iv
sim05181,34.393,3.9016,5.96691,7.56541e+20,4.82772e+19,210.558,3.63251,5.55762,9.23868e+16,7.35499e+16,28.9444,3.13623,5.04401,2.75458e+19,8.92176e+20,sim05181.iv
sim05182,32.1276,3.96496,5.92068,9.3081e+20,1.93962e+19,298.975,3.73247,5.48291,4.89506e+16,9.25572e+16,26.6469,2.83827,5.10319,4.52106e+19,9.88285e+20,sim05182.iv
sim05183,46.9369,3.95426,5.82175,8.10541e+20,3.60373e+19,279.288,3.76843,5.5965,9.75156e+16,1.1835e+16,21.0767,2.82134,5.06249,3.98221e+19,7.87365e+20,sim05183.iv
sim05184,34.582,3.94695,5.85134,9.95682e+20,1.98985e+19,262.105,3.77044,5.55764,2.37374e+16,1.55697e+16,39.6229,3.07821,5.17852,1.11994e+19,9.34365e+20,sim05184.iv
sim05185,30.1233,3.87238,5.92893,9.29978e+20,2.65308e+19,210.939,3.72961,5.51071,9.74321e+16,5.75206e+16,38.911,3.14947,5.05401,1.05691e+19,8.74606e+20,sim05185.iv
sim05186,40.4881,3.97616,5.84661,7.14925e+20,1.19425e+19,309.788,3.63816,5.5108,5.54198e+16,4.67801e+16,21.4601,3.04242,5.1023,1.96887e+19,8.31039e+20,sim05186.iv
sim05187,49.1544,3.98614,5.9777,8.75833e+20,4.20287e+19,309.822,3.68191,5.43765,7.81379e+16,6.54708e+16,44.2278,3.18144,5.0787,4.61548e+19,5.3448e+20,sim05187.iv
sim05188,27.6656,3.89346,5.98787,9.86327e+20,3.04376e+19,291.607,3.68989,5.57856,8.68242e+16,3.27889e+16,22.018,2.82928,5.18014,3.91102e+19,5.85992e+20,sim05188.iv
sim05189,41.0769,3.88187,5.91684,7.99253e+20,3.72737e+19,249.61,3.78501,5.57561,1.11006e+16,7.17825e+16,36.2059,3.00291,5.02251,3.1528e+19,8.68503e+20,sim05189.iv
sim05190,20.4372,3.88477,5.92421,5.74279e+20,4.95368e+19,306.333,3.73686,5.49032,1.76244e+16,9.12245e+16,21.6912,3.11132,5.03376,3.87426e+19,7.44451e+20,sim05190.iv
sim05191,33.6135,3.99979,5.99948,5.27276e+20,4.58603e+19,210.789,3.72018,5.56406,3.89482e+16,7.31692e+16,38.1552,2.98372,5.17021,3.73354e+19,8.97704e+20,sim05191.iv
sim05192,22.2854,3.84146,5.91998,9.12307e+20,4.08459e+19,275.548,3.76413,5.57729,6.33526e+16,2.34651e+16,38.1747,2.9255,5.07157,4.57446e+19,9.92663e+20,sim05192.iv
sim05193,41.2926,3.8627,5.85598,5.2108e+20,1.23895e+19,220.456,3.73528,5.43809,1.73614e+16,9.91464e+16,41.4207,3.04097,5.10946,4.82944e+19,8.07648e+20,sim05193.iv
sim05194,21.0843,3.91788,5.88613,9.9957e+20,2.94129e+19,319.623,3.76368,5.41037,9.67192e+16,5.67616e+16,44.8863,3.05638,5.09019,2.09558e+19,5.93992e+20,sim05194.iv
sim05195,41.3638,3.81551,5.84868,7.62713e+20,1.87909e+19,286.971,3.67223,5.45385,7.44268e+16,3.183e+16,25.9149,2.86787,5.04054,1.05034e+19,8.57695e+20,sim05195.iv
sim05196,36.9632,3.80955,5.89652,9.17496e+20,2.91738e+19,349.981,3.62047,5.52278,5.73729e+16,6.27149e+16,35.5449,3.02496,5.18195,2.45747e+19,8.29992e+20,sim05196.iv
sim05197,26.6601,3.87105,5.90752,8.54367e+20,4.65376e+19,308.525,3.73787,5.48553,3.13152e+16,7.39036e+16,31.2121,3.14989,5.17234,1.3138e+19,5.19214e+20,sim05197.iv
sim05198,33.8216,3.84486,5.84789,7.05326e+20,4.12586e+19,233.141,3.79041,5.52119,7.88877e+16,2.42304e+16,24.5005,2.92654,5.17896,4.34762e+19,6.33001e+20,sim05198.iv
sim05199,32.4876,3.89996,5.86493,9.75067e+20,3.7175e+19,270.376,3.60156,5.41157,5.93191e+16,7.79965e+16,38.4953,3.12455,5.1548,4.21344e+19,8.04571e+20,sim05199.iv
sim05200,45.8777,3.86745,5.83078,9.00266e+20,2.19279e+19,242.206,3.71132,5.51233,1.67756e+16,6.61902e+16,26.8346,2.8533,5.19294,2.16657e+19,7.0578e+20,sim05200.iv
sim05201,24.2955,3.98933,5.80312,5.04692e+20,2.62292e+19,226.935,3.63892,5.45752,5.22233e+16,9.00989e+16,32.6665,3.11567,5.19213,4.37601e+19,9.26576e+20,sim05201.iv
sim05202,43.9723,3.82292,5.83417,6.37136e+20,3.69912e+19,268.659,3.70051,5.56254,1.29663e+16,8.79128e+16,36.9296,3.0366,5.05609,1.65945e+19,7.85994e+20,sim05202.iv
sim05203,45.2673,3.95114,5.95994,6.68709e+20,3.5151e+19,289.148,3.61776,5.5078,1.01446e+16,7.61943e+16,46.6685,3.15508,5.06478,3.44235e+19,8.73062e+20,sim05203.iv
sim05204,39.2125,3.80275,5.90494,7.57458e+20,4.23791e+19,322.565,3.73176,5.43101,6.03586e+16,8.97445e+16,24.8875,3.14297,5.01657,4.85303e+19,9.82514e+20,sim05204.iv
sim05205,49.52,3.86813,5.97071,6.71674e+20,1.40376e+19,270.364,3.76042,5.40489,4.96928e+16,6.42579e+16,44.4678,2.89976,5.02195,1.81083e+19,8.06122e+20,sim05205.iv
sim05206,38.5416,3.87199,5.90347,6.865e+20,1.36296e+19,222.598,3.70165,5.58593,4.93797e+16,5.69623e+16,44.2589,3.01802,5.0109,2.50438e+19,5.11131e+20,sim05206.iv
sim05207,47.5889,3.99595,5.8447,7.72391e+20,1.30462e+19,240.943,3.61752,5.40079,6.87893e+16,4.92655e+16,40.8588,3.18787,5.17916,1.14428e+19,7.04456e+20,sim05207.iv
sim05208,48.0653,3.99247,5.94472,6.26537e+20,2.72278e+19,249.505,3.65077,5.45174,7.2019e+16,7.33763e+16,37.0895,3.17623,5.15219,2.6816e+19,9.11609e+20,sim05208.iv
sim05209,27.2699,3.8831,5.81055,9.57501e+20,2.1039e+19,224.397,3.75455,5.58897,8.55104e+16,3.90972e+16,49.9324,2.91034,5.04607,1.80278e+19,5.07463e+20,sim05209.iv
sim05210,37.4287,3.94704,5.9217,7.66324e+20,3.5658e+19,331.967,3.66173,5.4952,9.12421e+16,3.44249e+16,21.4176,2.93316,5.13278,1.25281e+19,5.98208e+20,sim05210.iv
sim05211,32.932,3.87502,5.98448,7.64862e+20,4.55338e+19,266.021,3.71658,5.51294,2.44702e+16,1.13355e+16,28.0656,2.82061,5.14914,4.38183e+19,6.70361e+20,sim05211.iv
sim05212,25.2628,3.8299,5.90187,7.21312e+20,4.77508e+19,337.057,3.78981,5.53057,8.63905e+16,8.265e+16,28.9408,3.04627,5.10126,3.27783e+19,7.19696e+20,sim05212.iv
sim05213,27.4822,3.9591,5.83084,6.35017e+20,4.26247e+19,335.673,3.78707,5.59082,2.30365e+16,5.85577e+16,25.375,2.99458,5.14769,4.90096e+19,9.84456e+20,sim05213.iv
sim05214,37.3298,3.87843,5.87188,7.73358e+20,1.46957e+19,262.845,3.62672,5.41235,9.64712e+16,3.85805e+16,34.1892,3.07842,5.10197,4.59786e+19,9.54794e+20,sim05214.iv
sim05215,28.3371,3.88569,5.84004,9.65559e+20,1.24071e+19,322.9,3.76621,5.57573,6.84983e+16,5.64237e+16,38.1067,2.87652,5.0351,4.16952e+19,7.72521e+20,sim05215.iv
sim05216,47.9645,3.85352,5.8565,7.55185e+20,1.31563e+19,313.959,3.63337,5.51247,1.88845e+16,4.68224e+16,36.7603,3.01209,5.19504,3.68106e+19,7.66572e+20,sim05216.iv
sim05217,39.6033,3.94791,5.99094,5.73652e+20,3.85656e+19,211.796,3.60127,5.54274,5.98833e+16,8.19638e+16,31.3295,2.86107,5.12869,3.08305e+19,6.49202e+20,sim05217.iv
sim05218,33.9701,3.90968,5.84123,8.66887e+20,3.42976e+19,219.229,3.7001,5.45397,8.99878e+16,5.05535e+16,24.3092,3.06634,5.05284,4.83742e+19,5.17626e+20,sim05218.iv
sim05219,23.9374,3.99858,5.98963,5.30518e+20,2.51597e+19,341.687,3.65415,5.57189,5.69056e+16,8.26897e+16,39.9067,3.12177,5.06888,4.93843e+19,6.97769e+20,sim05219.iv
sim05220,21.1452,3.9536,5.84353,5.46353e+20,3.74042e+19,319.16,3.72664,5.44906,2.88758e+16,3.81846e+16,40.6405,2.82371,5.17222,4.85188e+19,9.4249e+20,sim05220.iv
sim05221,32.7041,3.90543,5.90282,7.98573e+20,4.4193e+19,331.173,3.66218,5.42219,6.0027e+16,1.34703e+16,40.3258,3.08518,5.13427,2.03403e+19,8.71241e+20,sim05221.iv
sim05222,28.7833,3.88488,5.93983,6.55169e+20,4.54849e+19,255.645,3.77201,5.58804,4.37069e+16,1.4637e+16,27.6161,3.10809,5.01904,4.50185e+19,7.9928e+20,sim05222.iv
sim05223,43.9101,3.95182,5.9506,5.1222e+20,3.95572e+19,304.876,3.72035,5.5714,5.76086e+16,6.13367e+16,35.5335,3.09778,5.18612,3.39668e+19,6.76725e+20,sim05223.iv
sim05224,35.3475,3.98915,5.83668,9.53167e+20,4.32674e+19,261.593,3.77553,5.54981,9.53577e+16,5.57676e+16,41.502,2.9413,5.07654,1.72077e+19,7.87724e+20,sim05224.iv
sim05225,20.1135,3.98373,5.8663,8.11182e+20,4.89662e+19,268.598,3.61429,5.47507,9.82403e+16,9.62057e+16,40.4685,3.07192,5.09664,3.01935e+19,7.7655e+20,sim05225.iv
sim05226,31.8932,3.9634,5.98167,9.31348e+20,2.13107e+19,238.162,3.79514,5.4314,4.35973e+16,1.4527e+16,26.2984,2.97091,5.01224,3.2964e+19,7.15238e+20,sim05226.iv
sim05227,32.9261,3.95253,5.87907,5.34208e+20,3.73352e+19,307.604,3.70276,5.4011,9.53921e+16,3.73639e+16,29.1822,2.87394,5.12736,3.38123e+19,9.44242e+20,sim05227.iv
sim05228,38.7613,3.85432,5.95697,6.449e+20,4.58454e+19,224.875,3.68487,5.59598,7.80121e+16,4.10018e+16,42.3574,2.80605,5.00356,2.61969e+19,9.79194e+20,sim05228.iv
sim05229,37.0089,3.82018,5.91552,9.51131e+20,3.29695e+19,249.638,3.79463,5.58822,5.24218e+16,8.53703e+16,29.2088,2.88824,5.09032,4.55956e+19,8.82745e+20,sim05229.iv
sim05230,49.8747,3.95761,5.95719,9.23033e+20,1.1764e+19,309.902,3.61567,5.49976,5.30076e+16,7.78347e+16,48.2084,2.86892,5.18649,3.83905e+19,8.06151e+20,sim05230.iv
sim05231,42.177,3.84381,5.81235,6.07163e+20,2.4127e+19,270.082,3.62411,5.55121,5.96682e+16,6.9497e+16,22.5554,3.00015,5.17494,4.44145e+19,8.50601e+20,sim05231.iv
sim05232,38.1781,3.98491,5.82142,5.20296e+20,3.90838e+19,259.54,3.62658,5.58731,1.18117e+16,8.10708e+16,32.0863,2.95212,5.08252,2.39841e+19,5.54122e+20,sim05232.iv
sim05233,41.2869,3.90342,5.87941,7.66632e+20,2.91718e+19,244.389,3.63106,5.55995,7.43149e+16,2.73123e+16,23.6601,3.01994,5.13049,3.34161e+19,6.37117e+20,sim05233.iv
sim05234,41.9564,3.84236,5.90251,5.95082e+20,2.40091e+19,279.837,3.71449,5.42164,4.21064e+16,5.83932e+16,43.9297,2.90338,5.15807,4.85869e+19,8.2358e+20,sim05234.iv
sim05235,42.1525,3.96037,5.97326,5.48851e+20,2.26223e+19,280.885,3.66699,5.44416,9.23106e+16,7.92795e+16,26.6982,2.89642,5.12649,2.86565e+19,6.53869e+20,sim05235.iv
sim05236,45.0482,3.98675,5.8725,8.22917e+20,2.34146e+19,343.66,3.68096,5.44149,4.58881e+16,3.8654e+16,35.2766,2.83733,5.12361,4.09546e+19,6.3153e+20,sim05236.iv
sim05237,27.5187,3.86684,5.90265,5.51508e+20,3.21023e+19,302.475,3.79581,5.59303,3.86049e+16,6.99875e+16,41.983,3.13289,5.01715,1.51835e+19,6.49172e+20,sim05237.iv
sim05238,28.026,3.95647,5.96303,7.3383e+20,2.90248e+19,282.621,3.60639,5.47949,1.82355e+16,2.19874e+16,40.5524,3.01773,5.08707,4.03593e+19,7.90544e+20,sim05238.iv
sim05239,27.8799,3.93264,5.85745,5.55472e+20,4.82147e+19,326.69,3.70948,5.41915,4.82877e+16,6.18211e+16,29.9723,2.87712,5.10146,4.54737e+19,6.58773e+20,sim05239.iv
sim05240,46.1653,3.87597,5.85624,9.32217e+20,1.37528e+19,317.011,3.69515,5.41587,7.06746e+16,4.33097e+16,42.7074,3.00577,5.161,1.09484e+19,7.42563e+20,sim05240.iv
sim05241,35.0011,3.97105,5.97165,7.39923e+20,2.10306e+19,271.633,3.74504,5.4154,9.7962e+16,6.73977e+16,32.7985,3.03764,5.1787,2.60928e+19,6.13212e+20,sim05241.iv
sim05242,40.0396,3.81099,5.87515,6.04208e+20,4.00787e+19,330.25,3.76105,5.42048,2.28107e+16,9.37081e+16,38.6213,2.90964,5.1197,3.91785e+19,8.36632e+20,sim05242.iv
sim05243,31.0148,3.92367,5.8176,9.57113e+20,4.2032e+19,333.373,3.65209,5.44749,6.0495e+16,4.37704e+16,25.9405,3.11898,5.01714,1.10592e+19,9.14362e+20,sim05243.iv
sim05244,26.5427,3.97532,5.91155,8.01582e+20,1.08293e+19,271.816,3.78279,5.54902,3.31652e+16,1.36632e+16,24.2614,3.1177,5.09881,2.94734e+19,9.29212e+20,sim05244.iv
sim05245,33.6643,3.88921,5.81277,8.94402e+20,2.77966e+19,341.734,3.64505,5.4379,1.02908e+16,7.20686e+16,36.1545,2.91325,5.06617,2.21201e+19,6.91733e+20,sim05245.iv
sim05246,29.1965,3.88726,5.9692,7.65437e+20,4.10657e+19,290.142,3.65534,5.59385,2.65544e+16,9.54802e+16,48.0832,2.87375,5.03241,2.17036e+19,8.03645e+20,sim05246.iv
sim05247,32.8904,3.97025,5.99611,7.21658e+20,1.05746e+19,346.788,3.68419,5.50045,6.64096e+16,7.8672e+16,34.4286,2.81551,5.12446,2.79668e+19,7.7083e+20,sim05247.iv
sim05248,28.2341,3.80091,5.82627,7.90566e+20,3.58259e+19,227.411,3.68742,5.52577,4.83499e+16,7.28803e+16,48.0245,2.93051,5.15861,1.94922e+19,7.88932e+20,sim05248.iv
sim05249,46.2333,3.97559,5.88337,9.12774e+20,2.8865e+19,300.602,3.70637,5.51206,1.60909e+16,8.63486e+16,29.245,2.84305,5.07225,1.3232e+19,5.13531e+20,sim05249.iv
sim05250,31.2282,3.89951,5.9802,6.93758e+20,4.2317e+19,297.273,3.69293,5.4095,8.66972e+16,6.55739e+16,26.5133,2.91085,5.14888,4.27015e+19,8.63182e+20,sim05250.iv
sim05251,26.2408,3.81468,5.88747,7.69718e+20,3.16127e+19,287.16,3.74188,5.51358,3.13195e+16,1.3563e+16,34.4001,2.87576,5.0818,1.91461e+19,7.41551e+20,sim05251.iv
sim05252,27.0105,3.86017,5.83805,7.97602e+20,3.73635e+19,285.415,3.79952,5.48521,2.65582e+16,8.42456e+16,33.6194,2.95201,5.10765,1.54095e+19,9.56268e+20,sim05252.iv
sim05253,44.6735,3.98565,5.89503,6.65801e+20,1.56125e+19,303.09,3.64706,5.46072,1.13154e+16,9.65706e+16,45.2985,3.08632,5.15136,4.32614e+19,6.10515e+20,sim05253.iv
sim05254,34.0274,3.88762,5.80867,8.06711e+20,1.51965e+19,289.983,3.74974,5.42023,2.56378e+16,8.83705e+16,41.786,3.11328,5.031,3.74086e+19,5.68756e+20,sim05254.iv
sim05255,32.5016,3.80827,5.86547,9.83877e+20,3.78279e+19,215.232,3.75346,5.47779,3.62022e+16,2.7264e+16,32.631,2.90347,5.18386,3.80435e+19,9.5631e+20,sim05255.iv
sim05256,21.0512,3.80852,5.92558,8.0782e+20,3.87295e+19,289.286,3.60704,5.53765,8.4646e+16,7.3155e+16,44.6247,2.97734,5.02083,4.59061e+19,8.82238e+20,sim05256.iv
sim05257,36.1181,3.82832,5.834,5.96623e+20,1.6155e+19,324.863,3.6892,5.45821,4.0212e+16,3.41466e+16,35.9105,2.9787,5.17982,1.69499e+19,9.28275e+20,sim05257.iv
sim05258,29.3878,3.99539,5.93811,9.63527e+20,4.60634e+19,278.296,3.68573,5.43488,4.11757e+16,3.72369e+16,30.4683,2.87126,5.04222,4.23678e+19,8.96904e+20,sim05258.iv
sim05259,45.8449,3.83597,5.99048,6.25017e+20,1.77653e+19,228.521,3.62729,5.45442,9.82613e+16,7.48365e+16,36.0149,2.93896,5.11809,2.87999e+19,9.4713e+20,sim05259.iv
sim05260,28.094,3.83791,5.85509,8.74252e+20,3.21866e+19,311.213,3.69843,5.48134,3.28998e+16,8.25539e+16,30.6226,2.81649,5.05967,1.62626e+19,7.79248e+20,sim05260.iv
sim05261,34.9911,3.8959,5.85026,5.51034e+20,1.48191e+19,259.755,3.72549,5.40342,1.0667e+16,2.1773e+16,35.2116,2.93318,5.08867,2.22524e+19,8.43321e+20,sim05261.iv
sim05262,29.102,3.84114,5.9527,9.82555e+20,3.24641e+19,218.051,3.7603,5.48574,7.23434e+16,6.2492e+16,35.0197,2.9472,5.04151,2.5412e+19,5.80625e+20,sim05262.iv
sim05263,40.1594,3.81762,5.94309,8.99186e+20,3.45786e+19,325.345,3.66881,5.49996,5.52437e+16,6.7349e+16,34.1055,2.82385,5.10299,1.10986e+19,7.18209e+20,sim05263.iv
sim05264,20.9698,3.89631,5.87431,7.54754e+20,3.12155e+19,321.123,3.78848,5.44945,9.21047e+16,4.38271e+16,24.9218,3.04075,5.07837,2.28188e+19,8.1185e+20,sim05264.iv
sim05265,40.8708,3.8894,5.8555,8.93108e+20,3.58854e+19,298.181,3.78382,5.59933,1.41761e+16,3.29055e+16,44.3191,2.84025,5.00565,2.31952e+19,8.93838e+20,sim05265.iv
sim05266,32.3184,3.84278,5.83406,7.75404e+20,2.40648e+19,298.114,3.75855,5.4008,3.91976e+16,5.91654e+16,40.2792,2.92164,5.09476,1.42175e+19,5.48638e+20,sim05266.iv
sim05267,45.8302,3.90781,5.89258,7.18679e+20,4.81297e+19,269.144,3.65211,5.41914,8.23239e+16,9.50325e+16,47.8771,2.86777,5.12882,3.12788e+19,7.04003e+20,sim05267.iv
sim05268,44.4231,3.97979,5.82719,5.02607e+20,1.78133e+19,323.338,3.78324,5.53609,1.15825e+16,6.20579e+16,32.604,3.1125,5.15053,1.79503e+19,6.58289e+20,sim05268.iv
sim05269,26.4806,3.90566,5.81637,7.97021e+20,2.91466e+19,288.488,3.76768,5.49751,8.08348e+16,9.41952e+16,22.7308,2.83078,5.0369,3.90857e+19,8.18212e+20,sim05269.iv
sim05270,38.0834,3.93466,5.89165,6.45264e+20,1.74087e+19,341.528,3.64962,5.46823,7.49157e+16,7.7574e+16,35.8406,3.00712,5.19334,2.84995e+19,9.49387e+20,sim05270.iv
sim05271,49.5993,3.81265,5.93127,9.81695e+20,2.7759e+19,263.183,3.67489,5.55234,7.02846e+16,4.95282e+16,37.5465,3.03959,5.05837,1.02477e+19,5.01886e+20,sim05271.iv
sim05272,33.4736,3.93728,5.98442,9.19625e+20,2.38394e+19,285.516,3.68982,5.44138,2.86845e+16,8.57995e+16,23.7368,2.82803,5.05523,2.95619e+19,5.23555e+20,sim05272.iv
sim05273,30.2187,3.96596,5.87402,7.97033e+20,4.84645e+19,308.503,3.7361,5.59432,1.8406e+16,9.4278e+16,24.5692,2.81419,5.09307,4.53889e+19,6.56665e+20,sim05273.iv
sim05274,22.7239,3.80381,5.8783,9.92331e+20,3.71261e+19,281.189,3.64106,5.59007,1.37957e+16,1.31246e+16,28.9535,2.98191,5.17791,3.84762e+19,6.97793e+20,sim05274.iv
sim05275,39.5091,3.94494,5.83742,6.69231e+20,1.96519e+19,326.203,3.77751,5.57895,6.33003e+16,4.19752e+16,35.2391,3.15167,5.13625,4.3319e+19,5.43943e+20,sim05275.iv
sim05276,35.9061,3.96275,5.90618,6.52708e+20,2.40736e+19,219.231,3.77618,5.53929,9.11998e+16,2.46496e+16,27.011,3.01739,5.01856,3.48863e+19,6.61927e+20,sim05276.iv
sim05277,25.0506,3.86807,5.98855,8.05099e+20,3.48659e+19,316.518,3.76619,5.51622,5.0914e+16,1.87895e+16,43.231,2.89713,5.0321,4.73874e+19,8.3251e+20,sim05277.iv
sim05278,37.7621,3.93818,5.87073,9.42287e+20,2.99344e+19,286.117,3.66756,5.59576,5.42665e+16,1.31954e+16,46.933,2.96648,5.11743,2.06301e+19,5.16181e+20,sim05278.iv
sim05279,22.8219,3.85719,5.96661,9.95769e+20,1.44437e+19,300.225,3.78725,5.46199,9.34469e+16,5.19828e+16,30.3853,3.12622,5.02034,2.95218e+19,6.01982e+20,sim05279.iv
sim05280,33.8417,3.9054,5.92487,5.70904e+20,4.21804e+19,338.609,3.77702,5.51481,7.06871e+16,9.15911e+16,23.2131,3.08274,5.11369,3.87228e+19,5.98078e+20,sim05280.iv
sim05281,28.924,3.98334,5.81867,9.62767e+20,3.88273e+19,245.981,3.73884,5.57992,2.81477e+16,7.223e+16,48.8313,2.90094,5.18311,1.5164e+19,8.63713e+20,sim05281.iv
sim05282,21.439,3.90579,5.81094,9.88425e+20,4.3568e+19,330.636,3.78507,5.54406,3.61199e+16,9.99916e+16,30.4992,3.14818,5.15017,3.54122e+19,8.36025e+20,sim05282.iv
sim05283,20.0053,3.91467,5.81897,9.99515e+20,1.84313e+19,328.84,3.75822,5.53415,6.18425e+16,4.85229e+16,42.8822,2.95538,5.151,1.73198e+19,9.09429e+20,sim05283.iv
sim05284,43.1017,3.95241,5.88172,8.51038e+20,3.03862e+19,247.686,3.69388,5.48005,2.45624e+16,1.13587e+16,39.6338,3.09643,5.06194,4.98778e+19,6.0981e+20,sim05284.iv
sim05285,38.2723,3.96322,5.94403,6.98249e+20,4.42797e+19,314.238,3.65116,5.5476,3.97463e+16,3.36945e+16,31.3808,2.95976,5.00276,2.0524e+19,8.41896e+20,sim05285.iv
sim05286,31.2011,3.92654,5.93099,9.89447e+20,2.70806e+19,292.866,3.74352,5.53523,5.7777e+16,8.14831e+16,39.6487,3.06756,5.05718,4.17259e+19,7.81841e+20,sim05286.iv
sim05287,45.3403,3.83142,5.87791,8.50253e+20,4.6308e+19,331.255,3.72216,5.54758,4.69729e+16,2.54736e+16,34.6144,3.1819,5.07479,3.11427e+19,9.71522e+20,sim05287.iv
sim05288,23.0376,3.81039,5.92401,6.74109e+20,3.65756e+19,265.321,3.70212,5.59315,5.20661e+16,7.10243e+16,49.901,2.9593,5.00182,3.81438e+19,8.20972e+20,sim05288.iv
sim05289,30.6397,3.9463,5.95294,6.1512e+20,1.7743e+19,305.398,3.68529,5.42507,2.00646e+16,1.05981e+16,22.4056,3.06915,5.18751,4.18207e+19,7.40621e+20,sim05289.iv
sim05290,40.8408,3.91808,5.84639,6.99695e+20,2.91329e+19,248.047,3.78804,5.45565,7.25101e+16,3.95392e+16,34.3564,3.08237,5.1523,1.93702e+19,7.74042e+20,sim05290.iv
sim05291,39.1502,3.807,5.95155,8.12635e+20,3.56003e+19,238.47,3.69852,5.51376,4.11682e+16,7.15836e+16,21.1792,3.00261,5.01191,2.75132e+19,9.45898e+20,sim05291.iv
sim05292,33.4829,3.9963,5.95088,9.73322e+20,4.50175e+19,329.937,3.66601,5.56454,4.03024e+16,8.6284e+16,34.0725,2.80334,5.18279,3.78703e+19,8.43355e+20,sim05292.iv
sim05293,46.2951,3.99231,5.95329,7.8497e+20,1.71361e+19,310.43,3.70032,5.50516,6.88387e+16,7.82901e+16,27.8208,2.92691,5.04818,4.01989e+19,7.32041e+20,sim05293.iv
sim05294,37.8641,3.9064,5.96958,7.91107e+20,4.92025e+19,293.56,3.70049,5.41241,4.81217e+16,4.02027e+16,37.4656,2.93967,5.06187,4.99585e+19,6.60046e+20,sim05294.iv
sim05295,45.536,3.96191,5.8649,6.90154e+20,3.96502e+19,264.023,3.60829,5.50065,5.77866e+16,3.99464e+16,21.602,2.97515,5.19242,4.7196e+19,9.17198e+20,sim05295.iv
sim05296,31.1003,3.83668,5.99504,9.29592e+20,1.78131e+19,269.596,3.7204,5.52176,6.80572e+16,9.5533e+16,24.639,3.15791,5.05531,3.20642e+19,7.76839e+20,sim05296.iv
sim05297,40.9313,3.87018,5.82301,9.22625e+20,1.72172e+19,243.563,3.61584,5.50189,6.45205e+16,5.6933e+16,22.5373,3.13504,5.01243,4.92682e+19,6.86778e+20,sim05297.iv
sim05298,37.1056,3.9378,5.90533,9.2087e+20,4.12813e+19,291.218,3.60307,5.52777,8.10322e+16,8.32911e+16,36.3265,2.93692,5.07175,2.46678e+19,8.46794e+20,sim05298.iv
sim05299,41.0062,3.91881,5.95324,7.3991e+20,3.13713e+19,331.432,3.70009,5.45991,4.76524e+16,3.28829e+16,26.736,3.04334,5.00326,2.24287e+19,8.20513e+20,sim05299.iv
sim05300,26.394,3.99957,5.92556,8.14541e+20,3.13348e+19,317.293,3.73908,5.56752,3.30643e+16,4.84509e+16,36.0641,2.94214,5.05244,1.06902e+19,6.859e+20,sim05300.iv
sim05301,33.6932,3.96038,5.93713,6.69975e+20,3.94744e+19,231.66,3.65975,5.46618,1.24564e+16,8.84487e+16,32.829,2.92219,5.1486,3.13053e+19,9.42356e+20,sim05301.iv
sim05302,40.4218,3.9789,5.94427,8.90349e+20,2.72003e+19,224.677,3.69655,5.50834,3.25821e+16,3.06905e+16,31.0837,2.96792,5.12423,2.16725e+19,5.34552e+20,sim05302.iv
sim05303,29.9916,3.84453,5.92367,6.8853e+20,3.33387e+19,260.491,3.71479,5.40073,6.34868e+16,1.45163e+16,42.9647,3.16386,5.10624,1.09726e+19,6.53383e+20,sim05303.iv
sim05304,23.1717,3.81422,5.92794,8.33462e+20,3.48898e+19,231.243,3.63574,5.46021,4.67947e+16,3.06678e+16,46.704,2.81078,5.09665,4.79617e+19,9.93351e+20,sim05304.iv
sim05305,29.7411,3.92611,5.96092,6.13794e+20,3.21889e+19,345.735,3.77875,5.57706,6.47486e+16,6.60847e+16,26.9698,3.12385,5.15389,2.72278e+19,9.28512e+20,sim05305.iv
sim05306,27.348,3.96952,5.92503,5.22663e+20,2.42077e+19,306.15,3.7448,5.47367,3.05792e+16,2.56771e+16,49.3331,2.95717,5.08097,1.67312e+19,6.87834e+20,sim05306.iv
sim05307,49.3669,3.90006,5.94142,9.70681e+20,4.69798e+19,333.278,3.78161,5.52222,8.80627e+16,8.13987e+16,49.7513,3.15229,5.10759,1.00981e+19,9.96806e+20,sim05307.iv
sim05308,36.0276,3.98867,5.88441,8.24903e+20,4.5162e+19,231.797,3.673,5.57505,5.46639e+16,6.92702e+16,36.3032,2.9873,5.07175,4.84986e+19,8.62219e+20,sim05308.iv
sim05309,48.5706,3.97242,5.80879,9.33063e+20,1.35526e+19,341.732,3.70397,5.46014,6.99972e+16,9.15499e+16,49.7325,2.88925,5.14833,1.8577e+19,5.20227e+20,sim05309.iv
sim05310,24.9641,3.95358,5.82447,8.64457e+20,4.81485e+19,312.821,3.65376,5.57567,8.16792e+16,6.43064e+16,49.1722,2.87119,5.00162,2.04797e+19,6.4593e+20,sim05310.iv
sim05311,25.1509,3.91011,5.82133,8.10613e+20,1.4961e+19,265.337,3.69288,5.43208,9.69018e+16,1.8738e+16,25.9716,2.95377,5.16347,3.1805e+19,6.78422e+20,sim05311.iv
sim05312,34.2272,3.97064,5.88804,6.16847e+20,1.83188e+19,327.859,3.64998,5.50682,7.278e+16,2.38142e+16,20.5886,3.19569,5.16283,4.78641e+19,7.83238e+20,sim05312.iv
sim05313,26.728,3.9044,5.95246,7.98969e+20,2.89862e+19,288.217,3.64464,5.47765,5.08231e+16,7.84412e+16,35.9998,2.97956,5.19056,1.83997e+19,9.04881e+20,sim05313.iv
sim05314,20.1256,3.87839,5.83869,7.40256e+20,2.97086e+19,264.663,3.61093,5.44624,3.35015e+16,5.17983e+16,32.7057,2.88066,5.12165,2.87812e+19,6.10534e+20,sim05314.iv
sim05315,22.3217,3.82452,5.81404,5.21427e+20,1.38662e+19,257.56,3.70634,5.49445,9.11247e+16,9.14528e+16,25.5088,3.14682,5.11275,3.95191e+19,8.9546e+20,sim05315.iv
sim05316,32.0671,3.88493,5.95096,9.11525e+20,2.75665e+19,244.551,3.7339,5.55589,7.88482e+16,4.51434e+16,25.4699,3.00015,5.05658,2.26064e+19,8.42481e+20,sim05316.iv
sim05317,29.6928,3.96063,5.8786,5.85077e+20,2.80876e+19,259.037,3.66404,5.4399,3.15734e+16,7.78679e+16,42.9366,2.96918,5.05784,3.49645e+19,8.30068e+20,sim05317.iv
sim05318,36.5143,3.95083,5.88415,8.24664e+20,3.05076e+19,254.654,3.62623,5.43787,5.41785e+16,2.79894e+16,48.8794,2.9446,5.03101,4.73139e+19,9.19592e+20,sim05318.iv
sim05319,27.5378,3.93363,5.94441,7.47076e+20,3.35314e+19,328.038,3.69807,5.49135,7.66612e+16,9.49386e+16,47.6815,3.0466,5.10911,3.50575e+19,5.28591e+20,sim05319.iv
sim05320,46.6987,3.80734,5.81446,5.19736e+20,3.91627e+19,249.258,3.68176,5.44966,9.30026e+16,9.95913e+16,33.1959,3.12668,5.05055,3.5948e+19,5.66346e+20,sim05320.iv
sim05321,45.9167,3.88611,5.94491,8.2037e+20,4.12653e+19,262.917,3.72052,5.52227,2.79255e+16,2.68179e+16,41.2935,2.89326,5.12533,4.84278e+19,6.35451e+20,sim05321.iv
sim05322,46.3268,3.90503,5.91757,6.34052e+20,4.70274e+19,309.572,3.74191,5.57123,1.99648e+16,1.90476e+16,22.4791,3.15273,5.18041,2.71414e+19,8.3306e+20,sim05322.iv
sim05323,45.4635,3.87199,5.85266,9.83764e+20,1.76959e+19,280.199,3.71777,5.47521,5.4277e+16,8.26378e+16,41.5904,3.11813,5.05652,2.06126e+19,6.25125e+20,sim05323.iv
sim05324,36.0578,3.83229,5.99306,9.10311e+20,4.93468e+19,244.291,3.72944,5.58143,4.97255e+16,5.36104e+16,21.2175,3.18289,5.14837,4.86622e+19,6.11391e+20,sim05324.iv
sim05325,43.1741,3.8417,5.83038,9.58295e+20,1.51256e+19,304.072,3.68318,5.58604,5.64512e+16,6.76564e+16,42.8558,2.94063,5.18798,1.2969e+19,5.64464e+20,sim05325.iv
sim05326,40.0058,3.88698,5.86842,8.78157e+20,4.06884e+19,331.762,3.63467,5.56222,7.06937e+16,8.67605e+16,37.8607,3.1529,5.15509,4.72524e+19,8.24035e+20,sim05326.iv
sim05327,32.3696,3.87941,5.88128,8.39326e+20,2.34049e+19,211.488,3.61975,5.55915,9.30867e+16,1.645e+16,29.7628,3.01073,5.1535,3.79008e+19,9.94603e+20,sim05327.iv
sim05328,37.5433,3.88413,5.98186,6.48686e+20,1.84262e+19,247.956,3.66202,5.49588,3.60353e+16,8.66782e+16,49.7373,3.18594,5.13646,3.80232e+19,5.25819e+20,sim05328.iv
sim05329,34.6072,3.9204,5.98282,5.43263e+20,3.04667e+19,270.499,3.63018,5.59189,9.27337e+16,2.3057e+16,27.3896,3.02863,5.05113,3.7154e+19,9.00098e+20,sim05329.iv
sim05330,32.5594,3.99159,5.83011,6.01912e+20,3.89163e+19,285.166,3.72465,5.50782,8.819e+16,4.43209e+16,21.8185,3.07387,5.10222,3.45047e+19,6.1755e+20,sim05330.iv
sim05331,43.6837,3.81262,5.83949,5.04023e+20,3.75893e+19,317.248,3.7081,5.43579,1.43418e+16,3.63492e+16,31.5769,2.98961,5.15245,4.7723e+19,9.01735e+20,sim05331.iv
sim05332,30.5379,3.80389,5.99489,8.40013e+20,2.28591e+19,340.362,3.6182,5.4687,5.48948e+16,3.5225e+16,23.4469,2.84987,5.13259,4.8675e+19,9.92526e+20,sim05332.iv
sim05333,34.2242,3.95302,5.84199,8.46395e+20,2.8236e+19,300.341,3.60633,5.55259,6.03162e+16,5.94023e+16,26.6758,2.9433,5.01021,2.38731e+19,6.36521e+20,sim05333.iv
sim05334,43.4481,3.82699,5.83293,9.00338e+20,3.34493e+19,300.711,3.62583,5.53027,6.80874e+16,5.22157e+16,48.7664,2.90867,5.11517,1.5182e+19,6.93299e+20,sim05334.iv
sim05335,27.9548,3.93918,5.95252,9.29641e+20,1.99271e+19,300.803,3.70133,5.50707,3.02356e+16,7.37619e+16,38.6956,3.16263,5.12009,3.77744e+19,6.72377e+20,sim05335.iv
sim05336,25.6374,3.9894,5.92067,7.39206e+20,4.99418e+19,247.081,3.74121,5.44506,4.9612e+16,4.41304e+16,42.6296,2.98699,5.06927,2.16774e+19,9.19065e+20,sim05336.iv
sim05337,26.2539,3.89186,5.88469,7.3564e+20,3.66926e+19,334.143,3.63153,5.54332,2.28618e+16,1.05992e+16,20.2378,3.15843,5.16927,2.30397e+19,8.24521e+20,sim05337.iv
sim05338,24.4992,3.95082,5.99968,9.72334e+20,3.53573e+19,272.578,3.67328,5.45533,1.77036e+16,2.88598e+16,36.7594,2.90873,5.1451,4.07115e+19,7.38319e+20,sim05338.iv
sim05339,47.1666,3.96306,5.81555,9.01246e+20,4.31913e+19,258.524,3.6986,5.41402,3.39328e+16,9.56317e+16,47.9914,3.07317,5.00366,1.09571e+19,7.97527e+20,sim05339.iv
sim05340,26.9076,3.93034,5.81918,9.93732e+20,1.45876e+19,257.139,3.61954,5.47681,4.02785e+16,6.81131e+16,45.778,3.12409,5.14658,4.99128e+19,5.21802e+20,sim05340.iv
sim05341,43.6865,3.82606,5.92162,9.05582e+20,3.64557e+19,226.038,3.63677,5.5774,9.19621e+16,7.71809e+16,28.8074,2.90019,5.01442,2.87151e+19,6.97308e+20,sim05341.iv
sim05342,27.352,3.93004,5.84142,5.44455e+20,2.72933e+19,311.789,3.63679,5.51757,1.78673e+16,3.4181e+16,45.0476,2.85873,5.13324,1.05712e+19,7.74484e+20,sim05342.iv
sim05343,27.2726,3.8445,5.90085,9.93853e+20,1.93728e+19,287.25,3.67582,5.53897,9.36662e+16,4.8008e+16,47.26,3.16675,5.17429,1.99176e+19,8.50738e+20,sim05343.iv
sim05344,30.1515,3.83787,5.89228,7.40657e+20,3.58554e+19,254.961,3.61603,5.45792,8.36687e+16,8.77282e+16,22.0882,2.88125,5.012,2.99924e+19,5.86545e+20,sim05344.iv
sim05345,43.3475,3.96438,5.89951,7.3269e+20,3.1454e+19,243.585,3.73854,5.53527,2.28605e+16,3.7637e+16,34.3214,3.16458,5.03254,1.29047e+19,5.66549e+20,sim05345.iv
sim05346,27.0332,3.92207,5.80614,5.16851e+20,4.55726e+19,226.687,3.66556,5.47212,8.15234e+16,9.20888e+16,43.1436,3.00053,5.10826,2.75433e+19,9.90123e+20,sim05346.iv
sim05347,48.8311,3.95219,5.97617,7.7747e+20,3.25155e+19,314.263,3.67018,5.5323,4.80584e+16,9.29642e+16,30.6735,3.05447,5.00393,3.3278e+19,8.87783e+20,sim05347.iv
sim05348,44.99,3.97549,5.90102,7.93278e+20,2.27228e+19,343.494,3.72646,5.45123,9.02692e+16,6.73398e+16,40.5356,2.85057,5.00417,3.34995e+19,5.84108e+20,sim05348.iv
sim05349,40.6513,3.92078,5.86523,7.18e+20,4.3173e+19,305.189,3.662,5.50033,5.08762e+16,1.43465e+16,30.7544,2.8488,5.0341,2.34894e+19,9.97832e+20,sim05349.iv
sim05350,37.8478,3.86195,5.83287,6.90734e+20,2.1009e+19,332.266,3.70531,5.58695,3.9279e+16,2.15839e+16,45.5805,3.05572,5.13828,1.61888e+19,6.56935e+20,sim05350.iv
sim05351,21.7445,3.85461,5.93458,9.03843e+20,4.74308e+19,258.451,3.65198,5.57014,4.23531e+16,4.69265e+16,26.5261,2.82117,5.0385,1.73684e+19,8.71019e+20,sim05351.iv
sim05352,39.18,3.81311,5.80335,7.3653e+20,3.26892e+19,303.981,3.66055,5.5124,6.44798e+16,1.27634e+16,49.7259,3.17802,5.07522,3.374e+19,6.89758e+20,sim05352.iv
sim05353,45.1684,3.81809,5.83492,8.63385e+20,1.98035e+19,348.133,3.76706,5.56589,2.50959e+16,2.79806e+16,44.344,2.9694,5.149,3.5017e+19,9.35121e+20,sim05353.iv
sim05354,43.9197,3.93393,5.92701,8.99066e+20,2.98326e+19,283.095,3.7882,5.55877,8.93226e+16,7.06478e+16,31.2578,3.17003,5.05039,2.27063e+19,6.13299e+20,sim05354.iv
sim05355,41.434,3.91736,5.9148,8.50746e+20,4.31299e+19,246.54,3.75256,5.50425,9.02049e+16,1.35893e+16,27.0327,2.87191,5.01118,3.67385e+19,8.95167e+20,sim05355.iv
sim05356,35.7787,3.96676,5.92768,8.22683e+20,1.93129e+19,345.176,3.69882,5.5926,4.62803e+16,5.0561e+16,41.2349,3.12129,5.04684,4.97722e+19,5.19535e+20,sim05356.iv
sim05357,21.5059,3.82293,5.9128,8.18356e+20,4.59888e+19,272.87,3.75679,5.52264,4.7268e+16,6.16278e+16,26.4423,3.1054,5.10837,4.29485e+19,6.83507e+20,sim05357.iv
sim05358,25.7298,3.89686,5.89832,6.59457e+20,3.41758e+19,251.954,3.71854,5.50649,1.19462e+16,7.00189e+16,32.296,3.12091,5.14511,4.16265e+19,6.31659e+20,sim05358.iv
sim05359,42.4022,3.9317,5.98401,8.25904e+20,1.44968e+19,285.445,3.72802,5.58406,3.53443e+16,4.25047e+16,44.7036,3.04391,5.08912,3.88873e+19,5.14957e+20,sim05359.iv
sim05360,31.5894,3.88298,5.817,9.82424e+20,4.91386e+19,293.808,3.66683,5.52992,9.34335e+16,8.86297e+16,29.6857,3.08463,5.03079,3.6919e+19,6.18185e+20,sim05360.iv
sim05361,44.3261,3.93947,5.80224,7.80797e+20,2.81035e+19,341.409,3.70968,5.42239,8.14134e+16,8.90155e+16,36.6326,3.15018,5.06221,2.16822e+19,9.42627e+20,sim05361.iv
sim05362,32.5239,3.99884,5.98708,7.68363e+20,4.13764e+19,321.961,3.67125,5.49229,9.12812e+16,5.5731e+16,29.0284,2.85115,5.0853,2.79924e+19,7.46764e+20,sim05362.iv
sim05363,42.6202,3.99555,5.87788,9.0497e+20,3.51979e+19,328.975,3.68513,5.49295,3.71733e+16,7.30266e+16,28.3956,2.96371,5.10316,4.28458e+19,8.2433e+20,sim05363.iv
sim05364,36.1059,3.81541,5.81369,6.78957e+20,1.09693e+19,241.508,3.79018,5.44329,8.1947e+16,6.93081e+16,23.7647,2.88161,5.006,1.12086e+19,9.43688e+20,sim05364.iv
sim05365,49.39,3.98578,5.87097,5.36848e+20,4.05641e+19,249.905,3.63891,5.49186,1.7264e+16,1.22198e+16,35.1223,3.05158,5.12202,1.10095e+19,5.43501e+20,sim05365.iv
sim05366,25.5711,3.86678,5.94571,5.12596e+20,1.74959e+19,314.179,3.67779,5.49091,1.92831e+16,3.67377e+16,30.1864,3.18314,5.11115,1.5319e+19,8.7439e+20,sim05366.iv
sim05367,47.8661,3.8072,5.90454,7.02205e+20,3.48639e+19,225.021,3.63033,5.51061,5.38396e+16,7.28752e+16,41.5681,3.12901,5.1501,4.78431e+19,7.99144e+20,sim05367.iv
sim05368,43.1474,3.98283,5.89535,5.59258e+20,4.35587e+19,226.554,3.66675,5.55675,2.89173e+16,2.91886e+16,44.8346,2.93613,5.10196,2.04802e+19,6.82563e+20,sim05368.iv
sim05369,43.4763,3.9723,5.89386,7.50375e+20,3.72521e+19,249.66,3.75134,5.58915,2.54225e+16,4.30147e+16,23.979,2.84391,5.11788,2.11855e+19,6.30555e+20,sim05369.iv
sim05370,31.832,3.93822,5.85892,7.65417e+20,4.22665e+19,219.997,3.63644,5.50564,3.4687e+16,9.46668e+16,22.1212,2.93159,5.00106,1.02188e+19,5.33906e+20,sim05370.iv
sim05371,32.2763,3.86671,5.88463,6.82879e+20,1.30013e+19,294.834,3.66566,5.50722,8.21032e+16,9.19576e+16,46.1902,2.94647,5.0353,3.23772e+19,9.36021e+20,sim05371.iv
sim05372,44.1718,3.89132,5.95499,5.92742e+20,1.10196e+19,337.883,3.78989,5.54526,4.03631e+16,1.75503e+16,21.0444,2.80972,5.05869,2.07802e+19,6.29074e+20,sim05372.iv
sim05373,46.5686,3.83469,5.82361,7.02305e+20,4.11863e+19,276.135,3.73317,5.53049,2.37489e+16,7.66932e+16,23.6159,3.08511,5.18468,1.46314e+19,5.6322e+20,sim05373.iv
sim05374,49.6434,3.99429,5.89737,5.75175e+20,3.55319e+19,283.738,3.67778,5.5462,3.15052e+16,8.00303e+16,39.4906,2.84653,5.08544,3.07179e+19,7.39166e+20,sim05374.iv
sim05375,34.0531,3.95818,5.90819,6.12193e+20,3.34446e+19,250.85,3.63906,5.59894,6.69631e+16,3.97831e+16,28.1385,2.9657,5.15465,4.05239e+19,7.81508e+20,sim05375.iv
sim05376,44.6217,3.90566,5.95934,9.00815e+20,3.25047e+19,235.637,3.74698,5.56676,5.78307e+16,7.37328e+16,34.6652,2.8026,5.15623,2.80681e+19,9.82031e+20,sim05376.iv
sim05377,20.8556,3.97373,5.82735,5.40194e+20,2.62223e+19,235.411,3.73112,5.52127,8.52834e+16,8.65137e+16,28.7709,3.10907,5.18813,2.28223e+19,6.79047e+20,sim05377.iv
sim05378,24.5843,3.99918,5.99075,8.54401e+20,1.09502e+19,281.815,3.77455,5.4178,4.78227e+16,1.83545e+16,46.8727,3.05388,5.12404,2.26708e+19,7.03894e+20,sim05378.iv
sim05379,42.7042,3.81779,5.93945,7.48471e+20,2.66829e+19,298.678,3.60351,5.50626,6.107e+16,2.00623e+16,23.5128,2.95399,5.18442,3.43851e+19,7.79597e+20,sim05379.iv
sim05380,49.2195,3.90777,5.80522,9.18389e+20,4.82663e+19,345.862,3.64226,5.50866,4.6575e+16,4.96923e+16,29.6349,2.8111,5.04023,1.3526e+19,7.42912e+20,sim05380.iv
sim05381,25.479,3.90031,5.84003,8.40812e+20,4.67644e+19,291.655,3.62078,5.43154,8.36245e+16,4.74491e+16,40.4433,3.0707,5.04262,2.17033e+19,8.59835e+20,sim05381.iv
sim05382,20.357,3.89794,5.82693,7.55625e+20,2.95254e+19,287.512,3.67057,5.44585,5.23108e+16,5.19455e+16,34.0067,3.01346,5.09668,2.36609e+19,6.43119e+20,sim05382.iv
sim05383,42.0227,3.90864,5.82195,6.0337e+20,2.86829e+19,214.457,3.62518,5.42719,8.81402e+16,4.43324e+16,45.846,2.9464,5.14141,3.08804e+19,6.14465e+20,sim05383.iv
sim05384,47.0707,3.97517,5.94967,8.31976e+20,2.77245e+19,228.639,3.68409,5.54511,5.31726e+16,9.84425e+16,38.8837,2.86454,5.01565,1.85954e+19,7.70358e+20,sim05384.iv
sim05385,49.0055,3.99763,5.9527,6.21106e+20,4.97088e+19,341.407,3.73035,5.40315,3.25004e+16,5.37112e+16,28.9304,3.04511,5.1141,4.93081e+19,7.18619e+20,sim05385.iv
sim05386,20.8847,3.81004,5.83163,6.25589e+20,3.6802e+19,304.883,3.76861,5.40096,7.10553e+16,6.05273e+16,27.699,3.03952,5.0293,1.08218e+19,7.36714e+20,sim05386.iv
sim05387,39.1278,3.91023,5.95792,6.17796e+20,2.36847e+19,292.409,3.67755,5.55525,1.11156e+16,7.9301e+16,44.401,3.08031,5.10993,1.97761e+19,5.73027e+20,sim05387.iv
sim05388,46.7662,3.99993,5.83298,6.91086e+20,1.91526e+19,238.701,3.74062,5.58716,4.5852e+16,8.56707e+16,46.233,3.07521,5.15581,1.35853e+19,8.95555e+20,sim05388.iv
sim05389,24.4913,3.94487,5.99117,6.42294e+20,2.92037e+19,276.001,3.63792,5.40377,7.86643e+16,9.01884e+16,28.0505,3.06897,5.12241,2.29815e+19,6.36595e+20,sim05389.iv
sim05390,46.1076,3.87948,5.99942,9.15939e+20,4.33746e+19,240.484,3.68297,5.42438,4.38701e+16,9.98182e+16,38.9711,2.93424,5.05842,1.85486e+19,5.55256e+20,sim05390.iv
sim05391,25.0825,3.87327,5.88572,6.91113e+20,1.60948e+19,249.205,3.68883,5.41682,1.45159e+16,8.14554e+16,25.9935,2.92129,5.02005,1.73827e+19,9.18262e+20,sim05391.iv
sim05392,47.721,3.88242,5.84254,8.47512e+20,1.8159e+19,305.344,3.73716,5.55997,3.28901e+16,3.88588e+16,27.5559,3.05571,5.1952,2.67982e+19,6.68334e+20,sim05392.iv
sim05393,37.402,3.87071,5.82237,7.47522e+20,3.34407e+19,270.539,3.75294,5.53556,5.13601e+16,9.54435e+16,37.6083,2.944,5.075,1.08727e+19,8.35797e+20,sim05393.iv
sim05394,42.3522,3.8446,5.95367,8.38773e+20,1.2181e+19,247.196,3.79999,5.40159,9.28228e+16,8.35576e+16,41.8266,3.02263,5.05077,1.65425e+19,5.28595e+20,sim05394.iv
sim05395,36.8458,3.97608,5.83049,6.19923e+20,1.59599e+19,297.208,3.7525,5.5682,3.12993e+16,7.30561e+16,33.508,3.1958,5.14056,1.41058e+19,6.52149e+20,sim05395.iv
sim05396,40.3201,3.93966,5.87842,6.48772e+20,2.02299e+19,255.25,3.61746,5.47292,2.46583e+16,2.98344e+16,26.9232,2.8689,5.10052,3.65176e+19,9.3502e+20,sim05396.iv
sim05397,35.711,3.81052,5.8658,7.65171e+20,3.86723e+19,241.869,3.75117,5.54698,7.73823e+16,6.98777e+16,26.9692,3.03453,5.05526,4.66491e+19,5.26054e+20,sim05397.iv
sim05398,40.3086,3.97421,5.86698,6.2676e+20,1.44708e+19,282.547,3.63777,5.51782,6.15199e+16,2.16702e+16,40.7526,3.16694,5.18622,1.59586e+19,9.11604e+20,sim05398.iv
sim05399,42.4307,3.99227,5.84928,7.88101e+20,3.14371e+19,325.993,3.61514,5.5045,5.05359e+16,9.85686e+16,44.6319,3.18221,5.13905,1.95539e+19,8.31622e+20,sim05399.iv
sim05400,45.039,3.85901,5.91665,5.50818e+20,1.58583e+19,265.759,3.70379,5.48569,1.33434e+16,8.25897e+16,28.8882,3.16538,5.0475,3.65768e+19,7.28509e+20,sim05400.iv
sim05401,20.6156,3.92187,5.80634,5.26928e+20,3.64571e+19,279.617,3.77646,5.4906,9.88346e+16,1.18586e+16,47.6591,2.8878,5.03789,2.94284e+19,8.26081e+20,sim05401.iv
sim05402,38.7323,3.8707,5.92297,7.2551e+20,1.83292e+19,215.159,3.73066,5.51996,5.53332e+16,5.06677e+16,35.1259,2.84513,5.13629,4.441e+19,5.57219e+20,sim05402.iv
sim05403,43.1119,3.88375,5.95765,7.52132e+20,1.88604e+19,267.53,3.62442,5.40345,1.27516e+16,9.64105e+16,49.6987,2.81579,5.03796,2.94968e+19,8.22457e+20,sim05403.iv
sim05404,25.1715,3.84252,5.90282,5.24747e+20,3.13427e+19,333.626,3.7974,5.50818,4.33256e+16,7.91928e+16,47.0573,2.99327,5.16906,2.708e+19,7.2505e+20,sim05404.iv
sim05405,37.3319,3.88647,5.85025,9.37107e+20,4.81744e+19,286.272,3.75779,5.44547,7.2435e+16,3.77386e+16,25.165,2.99493,5.00614,2.1658e+19,6.12044e+20,sim05405.iv
sim05406,34.8967,3.89922,5.93622,5.60784e+20,2.76471e+19,216.271,3.76017,5.57857,9.916e+16,5.67409e+16,45.4664,2.98365,5.0406,4.35591e+19,5.23264e+20,sim05406.iv
sim05407,37.8218,3.98728,5.85426,6.26205e+20,1.41938e+19,280.453,3.72742,5.50208,4.04346e+16,4.86542e+16,45.0131,3.17756,5.06514,3.54806e+19,9.12344e+20,sim05407.iv
sim05408,39.0217,3.97774,5.9328,6.23488e+20,3.41257e+19,288.205,3.66774,5.41625,8.49085e+16,8.13089e+16,20.8555,3.09017,5.13116,2.45558e+19,8.94868e+20,sim05408.iv
sim05409,44.8661,3.97224,5.81543,6.88849e+20,1.12109e+19,312.277,3.68433,5.54988,8.14693e+16,1.595e+16,48.3145,2.9988,5.19344,1.54508e+19,6.75312e+20,sim05409.iv
sim05410,33.749,3.98801,5.82101,7.7404e+20,1.53135e+19,241.302,3.72153,5.45607,3.58006e+16,7.02977e+16,44.2492,2.81362,5.04491,3.10709e+19,9.54715e+20,sim05410.iv
sim05411,31.1274,3.85776,5.81881,6.04777e+20,2.98834e+19,251.143,3.71877,5.46037,3.1454e+16,6.79952e+16,41.7806,3.16782,5.11311,4.79052e+19,6.08177e+20,sim05411.iv
sim05412,35.8605,3.8923,5.93856,6.15821e+20,1.52094e+19,271.409,3.73616,5.5436,7.06647e+16,6.83004e+16,24.7977,3.11666,5.11205,1.27295e+19,6.27576e+20,sim05412.iv
sim05413,27.9782,3.82657,5.82822,9.4564e+20,2.79874e+19,268.002,3.76202,5.47281,3.86214e+16,2.85068e+16,22.6255,2.87952,5.16372,3.25565e+19,7.94203e+20,sim05413.iv
sim05414,31.0283,3.89832,5.93178,7.08198e+20,2.32469e+19,245.204,3.64231,5.51411,1.65065e+16,2.43987e+16,37.7464,3.12274,5.053,1.03795e+19,8.34108e+20,sim05414.iv
sim05415,21.2097,3.8664,5.88994,8.77895e+20,4.09168e+19,268.416,3.77475,5.47647,5.27003e+16,4.56834e+16,38.5739,2.96134,5.18632,4.36234e+19,6.94708e+20,sim05415.iv
sim05416,20.7219,3.90919,5.84846,6.60102e+20,2.83542e+19,322.652,3.74958,5.51151,7.55383e+16,3.7647e+16,34.7852,2.82844,5.0105,1.64242e+19,8.75528e+20,sim05416.iv
sim05417,47.6634,3.92344,5.80811,8.11591e+20,2.10111e+19,333.057,3.74616,5.4723,4.9648e+16,7.4675e+16,47.8533,2.91934,5.15411,3.7523e+19,6.19683e+20,sim05417.iv
sim05418,27.4953,3.84267,5.83472,6.5529e+20,1.5166e+19,245.249,3.6722,5.51128,4.92519e+16,3.86011e+16,23.4908,3.02434,5.16802,3.45879e+19,7.83454e+20,sim05418.iv
sim05419,31.4952,3.90624,5.93418,6.45256e+20,4.81378e+19,213.057,3.66705,5.59642,8.29641e+16,1.50189e+16,30.8167,3.07502,5.11019,4.73729e+19,8.94485e+20,sim05419.iv
sim05420,39.7878,3.92104,5.99969,7.51053e+20,1.01992e+19,313.943,3.7048,5.56856,5.05328e+16,2.46282e+16,39.6788,3.16598,5.01811,1.72656e+19,6.14247e+20,sim05420.iv
sim05421,24.2221,3.91258,5.81529,9.92294e+20,1.67537e+19,216.966,3.66682,5.49522,8.42574e+16,6.55081e+16,49.5053,2.95996,5.01873,4.64368e+19,7.87092e+20,sim05421.iv
sim05422,35.3276,3.89019,5.83755,6.83923e+20,2.30221e+19,260.001,3.65518,5.50011,7.75756e+16,9.64056e+16,23.525,3.15082,5.06891,3.07473e+19,5.57859e+20,sim05422.iv
sim05423,24.1165,3.96308,5.90276,6.20675e+20,4.69355e+19,330.769,3.67574,5.44043,4.19357e+16,7.23635e+16,29.7995,2.99018,5.18988,4.77023e+19,7.26832e+20,sim05423.iv
sim05424,46.9874,3.87713,5.89638,6.06239e+20,1.98781e+19,307.329,3.75583,5.51414,6.76131e+16,3.80071e+16,47.0334,3.07684,5.17397,4.08918e+19,7.34312e+20,sim05424.iv
sim05425,40.1993,3.82789,5.8731,7.99578e+20,1.69307e+19,324.971,3.67562,5.58352,8.43939e+16,3.43317e+16,20.2771,2.82675,5.01592,2.16685e+19,5.10477e+20,sim05425.iv
sim05426,33.9854,3.91663,5.95664,9.45349e+20,1.10692e+19,347.768,3.71442,5.53037,3.0244e+16,5.27515e+16,30.3269,2.96151,5.07334,1.65721e+19,6.64661e+20,sim05426.iv
sim05427,42.1792,3.85435,5.94847,7.32576e+20,4.89013e+19,260.514,3.79277,5.41005,1.88517e+16,3.33872e+16,46.4546,3.09328,5.05476,1.0299e+19,9.10103e+20,sim05427.iv
sim05428,45.5988,3.85211,5.80476,9.85474e+20,2.48872e+19,241.861,3.79344,5.5485,2.50855e+16,5.11987e+16,32.6483,2.95663,5.13487,1.51797e+19,7.20444e+20,sim05428.iv
sim05429,36.1785,3.92455,5.83006,9.15749e+20,3.22624e+19,344.203,3.67346,5.583,1.87297e+16,9.73929e+16,43.3118,2.97378,5.01517,4.22082e+19,7.10897e+20,sim05429.iv
sim05430,38.9951,3.88773,5.84534,5.394e+20,4.95177e+19,245.654,3.69021,5.5142,8.02396e+16,3.46523e+16,43.0115,2.85007,5.16349,4.61543e+19,9.51621e+20,sim05430.iv
sim05431,21.282,3.89961,5.978,8.96356e+20,4.52331e+19,310.184,3.77034,5.41201,2.77968e+16,7.51448e+16,44.4163,2.87316,5.16093,1.91375e+19,8.32166e+20,sim05431.iv
sim05432,35.5319,3.95386,5.88658,6.01549e+20,4.28954e+19,339.74,3.72484,5.57294,1.19812e+16,5.90809e+16,31.564,3.08459,5.06574,1.05433e+19,7.36299e+20,sim05432.iv
sim05433,37.8336,3.93557,5.96659,9.99915e+20,4.04997e+19,252.768,3.78805,5.53563,9.05216e+16,4.74128e+16,24.2599,3.0727,5.02713,4.48031e+19,8.20893e+20,sim05433.iv
sim05434,33.2785,3.82571,5.85624,6.41339e+20,1.18457e+19,230.461,3.72171,5.40764,5.26548e+16,6.36002e+16,27.3977,3.19805,5.09153,4.01592e+19,6.11244e+20,sim05434.iv
sim05435,21.024,3.81464,5.85849,6.52015e+20,1.7671e+19,256.862,3.62432,5.57727,3.73943e+16,7.58114e+16,47.4286,3.17437,5.11321,2.30521e+19,9.53108e+20,sim05435.iv
sim05436,49.172,3.95053,5.91572,5.83136e+20,3.50727e+19,242.925,3.63567,5.48012,4.59819e+16,5.57139e+16,31.5484,2.81521,5.09632,2.20356e+19,7.95481e+20,sim05436.iv
sim05437,32.5735,3.88094,5.97118,8.70573e+20,4.16712e+19,298.81,3.77601,5.52631,1.25952e+16,5.52292e+16,37.2364,3.15651,5.10316,1.9454e+19,7.25213e+20,sim05437.iv
sim05438,32.6836,3.91137,5.85296,6.64972e+20,4.84354e+19,278.367,3.76964,5.5923,8.28988e+16,4.55895e+16,25.9486,3.1217,5.12314,2.2724e+19,9.04338e+20,sim05438.iv
sim05439,37.2687,3.95618,5.90143,8.06256e+20,2.46032e+19,258.426,3.74413,5.4765,4.65039e+16,3.68308e+16,43.899,3.13117,5.03145,3.74516e+19,6.22798e+20,sim05439.iv
sim05440,27.313,3.8381,5.84441,6.97805e+20,2.17148e+19,238.903,3.72559,5.55898,4.89609e+16,1.06959e+16,37.9632,3.13165,5.12269,4.38145e+19,5.05794e+20,sim05440.iv
sim05441,26.7055,3.93027,5.8752,5.98748e+20,4.66053e+19,266.5,3.76884,5.59314,1.24425e+16,9.53089e+16,41.6095,3.11071,5.03706,1.70609e+19,7.36636e+20,sim05441.iv
sim05442,24.5817,3.94341,5.98053,9.75638e+20,2.21314e+19,282.383,3.6379,5.46727,3.48902e+16,5.64465e+16,27.9348,2.80721,5.05307,1.54047e+19,5.19718e+20,sim05442.iv
sim05443,34.1642,3.92826,5.98102,6.03042e+20,1.30365e+19,311.938,3.70348,5.58299,5.20017e+16,8.81085e+16,21.9514,3.19761,5.08244,4.46823e+19,5.18262e+20,sim05443.iv
sim05444,25.6227,3.91762,5.80304,7.79642e+20,2.08342e+19,284.226,3.74975,5.52535,7.70591e+16,4.12465e+16,41.4974,3.0148,5.10165,3.50469e+19,7.51893e+20,sim05444.iv
sim05445,33.3904,3.86321,5.92033,6.48158e+20,1.00162e+19,218.752,3.77588,5.56927,9.6176e+16,5.02297e+16,28.1372,3.19947,5.12166,4.6324e+19,6.78651e+20,sim05445.iv
sim05446,43.1774,3.95594,5.9316,6.21346e+20,4.32714e+19,275.707,3.75082,5.50845,1.95814e+16,4.93608e+16,31.3685,3.1707,5.16739,2.26853e+19,8.0514e+20,sim05446.iv
sim05447,33.2421,3.93124,5.88675,7.03677e+20,4.11015e+19,342.982,3.60907,5.40431,5.7004e+16,7.50197e+16,47.482,2.91649,5.09538,4.3077e+19,6.70676e+20,sim05447.iv
sim05448,21.9704,3.96951,5.85335,9.94138e+20,2.0127e+19,297.85,3.78586,5.45234,4.83668e+16,4.86901e+16,35.9513,2.94772,5.10667,3.51215e+19,6.51609e+20,sim05448.iv
sim05449,38.6856,3.84144,5.85212,5.39152e+20,4.44082e+19,269.996,3.65834,5.53419,4.26626e+16,5.45774e+16,31.0101,2.90861,5.19396,1.03799e+19,6.61639e+20,sim05449.iv
sim05450,39.9522,3.89239,5.89927,7.91193e+20,4.04946e+19,224.341,3.61202,5.46675,5.11333e+16,8.35917e+16,20.3535,3.0524,5.06724,2.79623e+19,7.84292e+20,sim05450.iv
sim05451,26.5423,3.84118,5.95395,9.15992e+20,2.04681e+19,298.118,3.70323,5.5192,8.77417e+16,6.38118e+16,45.7702,2.98887,5.01264,1.63631e+19,8.2298e+20,sim05451.iv
sim05452,31.377,3.89422,5.94846,8.12217e+20,3.936e+19,215.191,3.78591,5.47293,7.39794e+16,4.73888e+16,26.3006,3.01989,5.01731,1.19133e+19,6.39221e+20,sim05452.iv
sim05453,32.8316,3.84911,5.99801,5.14069e+20,4.47307e+19,269.317,3.75111,5.5818,6.29085e+16,5.48548e+16,38.9059,3.18923,5.01619,3.26317e+19,7.41213e+20,sim05453.iv
sim05454,44.5811,3.82111,5.92821,6.50267e+20,4.0439e+19,219.241,3.76787,5.40009,8.96074e+16,5.34428e+16,47.7529,2.80366,5.18428,3.17311e+19,5.33157e+20,sim05454.iv
sim05455,49.556,3.8562,5.83683,5.33687e+20,3.0694e+19,304.621,3.66007,5.53898,8.60353e+16,5.08734e+16,48.9387,2.84267,5.1458,3.94641e+19,7.78647e+20,sim05455.iv
sim05456,24.1867,3.90875,5.83305,5.42541e+20,3.16342e+19,295.017,3.7606,5.44091,9.38858e+16,6.13904e+16,39.3496,2.86687,5.16015,3.63003e+19,5.92459e+20,sim05456.iv
sim05457,35.0428,3.87722,5.99961,9.9217e+20,3.36473e+19,263.992,3.69534,5.45307,7.96074e+16,5.52952e+16,36.6983,2.81809,5.01703,1.85847e+19,7.19092e+20,sim05457.iv
sim05458,33.1366,3.96989,5.9559,8.17207e+20,1.12588e+19,287.192,3.79698,5.49975,5.96596e+16,1.42418e+16,27.8655,3.04225,5.17297,4.04486e+19,9.18198e+20,sim05458.iv
sim05459,43.7484,3.9252,5.90638,6.79167e+20,4.23541e+19,270.855,3.70801,5.59978,3.54656e+16,4.81562e+16,22.4334,2.93448,5.17906,2.07653e+19,9.18095e+20,sim05459.iv
sim05460,36.1046,3.90843,5.99652,7.33504e+20,2.21636e+19,300.174,3.70038,5.49497,9.03228e+16,7.63781e+16,32.5248,2.87276,5.01455,1.99155e+19,9.8802e+20,sim05460.iv
sim05461,23.4672,3.99951,5.9269,7.45636e+20,4.39415e+19,252.346,3.61099,5.43541,8.20071e+16,6.22279e+16,34.0719,3.10328,5.09607,2.88765e+19,9.58242e+20,sim05461.iv
sim05462,37.1497,3.92984,5.92716,6.37592e+20,4.9936e+19,215.729,3.66363,5.46883,9.81309e+16,6.39577e+16,31.2423,2.92788,5.01765,1.13067e+19,5.78517e+20,sim05462.iv
sim05463,33.8067,3.85773,5.99694,6.39002e+20,4.33794e+19,329.407,3.64314,5.44536,7.4126e+16,9.65909e+16,35.9246,2.95045,5.00613,4.15887e+19,6.27774e+20,sim05463.iv
sim05464,25.9702,3.84258,5.93437,7.05943e+20,4.23522e+19,222.784,3.73733,5.57367,8.66918e+16,2.51741e+16,37.9445,3.18191,5.15977,4.44639e+19,9.64181e+20,sim05464.iv
sim05465,23.3743,3.83682,5.95909,8.96735e+20,1.40639e+19,330.161,3.66179,5.58483,1.55783e+16,6.45874e+16,49.5284,3.03547,5.02297,1.35916e+19,7.86262e+20,sim05465.iv
sim05466,41.8108,3.96005,5.91645,6.52343e+20,1.40518e+19,302.083,3.71112,5.45165,9.55437e+16,6.09863e+16,43.4646,3.04273,5.03099,4.7235e+19,7.87897e+20,sim05466.iv
sim05467,39.4546,3.90336,5.95421,9.7185e+20,2.31975e+19,329.099,3.62353,5.4852,9.06934e+16,6.24803e+16,21.1618,2.94681,5.14387,2.29896e+19,6.20509e+20,sim05467.iv
sim05468,44.048,3.84934,5.84075,8.47087e+20,3.76984e+19,210.217,3.71241,5.41266,9.18764e+16,7.64474e+16,42.0406,3.09609,5.03708,1.4243e+19,7.24371e+20,sim05468.iv
sim05469,40.9827,3.99858,5.8557,9.54269e+20,1.30748e+19,252.124,3.68215,5.47075,8.50018e+16,4.92995e+16,43.0556,3.15348,5.10123,2.53649e+19,5.01162e+20,sim05469.iv
sim05470,41.8752,3.99247,5.84765,9.68097e+20,4.92415e+19,302.772,3.72734,5.56799,9.7637e+16,6.61525e+16,20.676,3.10405,5.05981,3.03692e+19,8.1192e+20,sim05470.iv
sim05471,31.0859,3.82373,5.90843,7.38534e+20,4.90699e+19,220.992,3.77371,5.49886,2.89214e+16,3.65182e+16,20.2583,3.01664,5.18469,4.00771e+19,6.45358e+20,sim05471.iv
sim05472,30.6129,3.85937,5.8252,5.79264e+20,3.86603e+19,291.554,3.65769,5.45255,7.51551e+16,1.8573e+16,26.5041,2.94117,5.17504,4.2719e+19,5.41319e+20,sim05472.iv
sim05473,36.6785,3.9673,5.90893,7.31307e+20,4.56909e+19,312.796,3.70179,5.4351,2.60234e+16,3.13091e+16,37.5895,3.01885,5.12663,1.78927e+19,7.59353e+20,sim05473.iv
sim05474,38.3078,3.97153,5.85511,6.39063e+20,4.97115e+19,218.727,3.69764,5.5857,5.94574e+16,6.22168e+16,28.0485,3.09379,5.19236,2.86281e+19,9.32837e+20,sim05474.iv
sim05475,21.0415,3.96829,5.99155,9.25062e+20,1.35023e+19,299.08,3.6149,5.41355,1.69593e+16,2.28619e+16,36.0805,3.09865,5.03258,1.02652e+19,7.1323e+20,sim05475.iv
sim05476,32.7625,3.88763,5.91146,9.85846e+20,2.13103e+19,289.824,3.76863,5.48699,1.13398e+16,4.1662e+16,41.1058,2.87471,5.1333,1.20815e+19,8.35584e+20,sim05476.iv
sim05477,35.0009,3.94052,5.80556,9.76033e+20,3.32081e+19,303.607,3.76308,5.40986,2.43953e+16,2.41937e+16,24.7222,2.8349,5.184,2.39374e+19,5.56837e+20,sim05477.iv
sim05478,41.369,3.87333,5.84111,9.64355e+20,4.39014e+19,292.858,3.69951,5.42047,5.32948e+16,4.71572e+16,35.111,2.96199,5.10637,3.28082e+19,5.42265e+20,sim05478.iv
sim05479,26.2889,3.89146,5.98063,9.69685e+20,3.26966e+19,290.203,3.70647,5.45821,5.10395e+16,6.12909e+16,45.9861,2.93787,5.04174,1.59436e+19,6.58431e+20,sim05479.iv
sim05480,35.1655,3.99695,5.83912,5.24432e+20,2.08405e+19,295.408,3.79087,5.53519,8.07859e+16,6.56297e+16,48.9019,3.035,5.1356,4.93467e+19,7.78889e+20,sim05480.iv
sim05481,27.1061,3.9899,5.91023,9.03905e+20,2.6103e+19,344.49,3.7576,5.5268,7.89036e+16,8.37297e+16,45.6352,3.02216,5.14057,4.87529e+19,7.86195e+20,sim05481.iv
sim05482,20.2587,3.80232,5.95403,5.23021e+20,3.73073e+19,334.735,3.71216,5.44659,9.35781e+16,5.55249e+16,25.3641,2.96504,5.1534,3.30172e+19,7.80598e+20,sim05482.iv
sim05483,21.2425,3.88397,5.93742,5.85196e+20,4.9266e+19,213.766,3.65253,5.40705,3.30278e+16,3.79589e+16,34.404,3.1454,5.06006,1.80831e+19,6.01998e+20,sim05483.iv
sim05484,22.5469,3.8297,5.85939,6.15287e+20,1.3117e+19,344.253,3.61548,5.5475,3.39329e+16,5.97635e+16,20.0426,2.8029,5.06739,3.81588e+19,9.86228e+20,sim05484.iv
sim05485,33.5605,3.93601,5.91338,9.69704e+20,3.24564e+19,248.428,3.74104,5.57198,8.63567e+16,8.21612e+16,22.7642,2.98603,5.08578,4.93791e+19,5.73704e+20,sim05485.iv
sim05486,33.7721,3.94616,5.8129,9.46627e+20,3.82651e+19,229.119,3.73705,5.52732,2.08959e+16,9.68158e+16,35.2182,3.01415,5.13677,1.80417e+19,7.96935e+20,sim05486.iv
sim05487,29.7791,3.97599,5.97919,8.78262e+20,1.6787e+19,275.975,3.79252,5.47234,3.92112e+16,2.96689e+16,22.1601,2.83035,5.03497,2.64636e+19,7.8081e+20,sim05487.iv
sim05488,35.8982,3.88529,5.97387,9.13789e+20,2.56846e+19,281.277,3.77712,5.43747,4.17609e+16,6.39556e+16,33.3956,3.02314,5.00807,2.95961e+19,9.78771e+20,sim05488.iv
sim05489,48.2257,3.93902,5.98684,8.78545e+20,1.7538e+19,306.143,3.79803,5.53099,8.25114e+16,7.25274e+16,21.1176,2.8074,5.14919,2.22412e+19,7.40368e+20,sim05489.iv
sim05490,29.8763,3.83966,5.86102,7.18839e+20,2.16981e+19,345.201,3.78886,5.4218,3.1284e+16,2.09221e+16,37.7925,3.01801,5.0256,3.59778e+19,6.76374e+20,sim05490.iv
sim05491,34.086,3.94509,5.80556,9.43214e+20,1.45247e+19,285.822,3.78858,5.59072,7.74598e+16,6.73708e+16,35.1869,2.8636,5.09794,2.33563e+19,9.54041e+20,sim05491.iv
sim05492,20.414,3.92069,5.96762,5.22806e+20,3.30737e+19,285.906,3.61118,5.54089,4.74079e+16,4.99271e+16,21.6011,2.95717,5.02024,3.87152e+19,8.90801e+20,sim05492.iv
sim05493,24.92,3.82278,5.9939,7.24852e+20,3.95167e+19,241.953,3.63239,5.46177,7.72018e+16,5.75961e+16,45.0512,2.80416,5.10995,2.70807e+19,5.81269e+20,sim05493.iv
sim05494,30.7244,3.89811,5.87708,9.54284e+20,2.48113e+19,332.457,3.7168,5.56346,6.32067e+16,8.01197e+16,26.5039,2.83774,5.12285,2.03415e+19,7.33231e+20,sim05494.iv
sim05495,27.2406,3.92817,5.94507,7.51964e+20,2.46026e+19,295.511,3.76892,5.46016,2.20446e+16,6.1643e+16,33.1329,3.01717,5.09125,3.42808e+19,9.76212e+20,sim05495.iv
sim05496,26.4856,3.84852,5.99961,9.89634e+20,2.84566e+19,277.486,3.71309,5.51128,7.53324e+16,5.72627e+16,42.051,3.10724,5.06882,3.76997e+19,7.71194e+20,sim05496.iv
sim05497,48.6899,3.90833,5.95615,5.56647e+20,3.57699e+19,225.754,3.73406,5.46532,6.71327e+16,4.90783e+16,44.5765,2.84908,5.04867,2.69735e+19,6.75068e+20,sim05497.iv
sim05498,22.7375,3.88621,5.91482,8.66835e+20,1.7943e+19,249.661,3.68978,5.56784,4.38322e+16,7.53093e+16,46.5122,2.87371,5.12854,1.70467e+19,8.99756e+20,sim05498.iv
sim05499,30.8417,3.92404,5.98526,6.24617e+20,3.54158e+19,286.123,3.73224,5.42037,1.91999e+16,8.60917e+16,28.6051,3.07227,5.13863,1.74698e+19,7.01228e+20,sim05499.iv
sim05500,23.4925,3.82172,5.97714,8.24632e+20,2.30743e+19,288.26,3.72386,5.40382,4.09673e+16,6.14921e+16,30.5899,2.91714,5.09352,3.92969e+19,8.69334e+20,sim05500.iv
sim05501,37.7868,3.95373,5.82851,5.79159e+20,4.04221e+19,248.269,3.63993,5.42301,4.94243e+16,5.8902e+16,28.4928,2.94302,5.19331,2.0308e+19,7.05697e+20,sim05501.iv
sim05502,30.9732,3.91387,5.96506,9.55956e+20,2.62194e+19,268.482,3.71482,5.57712,1.72053e+16,9.75362e+16,43.0437,2.98309,5.1224,4.85192e+19,6.00229e+20,sim05502.iv
sim05503,48.2538,3.83736,5.9925,5.07132e+20,3.83491e+19,214.278,3.69238,5.40137,1.38399e+16,8.11944e+16,47.6008,3.08498,5.16813,1.62215e+19,7.99268e+20,sim05503.iv
sim05504,34.9297,3.97132,5.91117,9.57958e+20,4.63701e+19,258.085,3.74914,5.57694,4.29047e+16,7.97099e+16,20.016,2.97077,5.12742,2.45837e+19,9.41778e+20,sim05504.iv
sim05505,39.5682,3.90725,5.97311,8.7489e+20,1.97394e+19,322.266,3.70271,5.44106,9.78943e+16,4.60085e+16,21.0717,3.16845,5.0254,2.82347e+19,7.58983e+20,sim05505.iv
sim05506,42.8122,3.81565,5.94973,8.50716e+20,2.22118e+19,321.06,3.63637,5.59329,9.4023e+16,6.94597e+16,30.2628,2.96919,5.15254,1.83096e+19,6.55889e+20,sim05506.iv
sim05507,33.2554,3.95655,5.82891,5.57892e+20,4.61418e+19,345.262,3.70713,5.54223,2.74204e+16,8.79734e+16,46.0191,2.86137,5.1482,1.8328e+19,7.25153e+20,sim05507.iv
sim05508,29.9224,3.97417,5.893,9.10893e+20,3.43001e+19,278.132,3.73434,5.40064,5.87366e+16,2.71509e+16,43.5114,3.1465,5.14947,4.75572e+19,5.71876e+20,sim05508.iv
sim05509,26.5368,3.94248,5.8274,7.55147e+20,3.73483e+19,239.352,3.68032,5.56215,4.26453e+16,7.21715e+16,48.5817,3.10541,5.15887,2.25838e+19,5.84008e+20,sim05509.iv
sim05510,42.2488,3.8891,5.93871,6.52824e+20,1.83422e+19,280.271,3.6231,5.51299,3.19989e+16,2.3466e+16,34.4031,3.03592,5.15884,2.13913e+19,7.87353e+20,sim05510.iv
sim05511,37.4371,3.8333,5.80398,8.03212e+20,3.15318e+19,342.579,3.71966,5.44003,7.69354e+16,1.19584e+16,41.127,3.12505,5.03405,2.09852e+19,5.48154e+20,sim05511.iv
sim05512,25.911,3.85043,5.85597,7.28501e+20,4.77997e+19,220.272,3.66818,5.44373,7.78292e+16,9.41241e+16,33.0056,3.16033,5.17146,2.42965e+19,5.51145e+20,sim05512.iv
sim05513,49.0872,3.96193,5.94376,7.21011e+20,1.84349e+19,257.079,3.69191,5.52562,2.01768e+16,7.43919e+16,41.8226,3.19572,5.15574,4.95936e+19,5.31899e+20,sim05513.iv
sim05514,47.8604,3.95956,5.91328,6.76582e+20,1.57818e+19,219.615,3.67199,5.48201,7.81817e+16,3.29891e+16,28.3757,2.8738,5.19025,1.59758e+19,7.6253e+20,sim05514.iv
sim05515,30.7666,3.91358,5.80183,9.30392e+20,2.61267e+19,246.526,3.66257,5.59356,4.31848e+16,5.23289e+16,45.9178,3.19818,5.19462,1.53825e+19,7.7894e+20,sim05515.iv
sim05516,37.9629,3.95658,5.89694,7.35679e+20,2.43755e+19,312.297,3.73081,5.59683,6.28132e+16,9.27031e+16,49.0212,2.81489,5.00755,4.92733e+19,7.9973e+20,sim05516.iv
sim05517,28.4959,3.8883,5.88871,5.52024e+20,4.64282e+19,254.977,3.7098,5.57391,9.00504e+16,2.68258e+16,25.0813,2.85522,5.04679,2.2786e+19,8.63851e+20,sim05517.iv
sim05518,24.5566,3.8434,5.87553,5.11673e+20,2.00794e+19,275.017,3.71133,5.52687,4.5317e+16,6.063e+16,45.7854,3.09021,5.11494,4.1064e+19,6.46618e+20,sim05518.iv
sim05519,48.7058,3.93794,5.93435,8.9267e+20,1.01571e+19,229.79,3.71464,5.52156,9.07323e+16,5.79045e+16,28.0482,2.99568,5.0631,3.72145e+19,8.06011e+20,sim05519.iv
sim05520,25.6839,3.87425,5.93535,9.72121e+20,2.58292e+19,311.097,3.68437,5.47614,6.69776e+16,9.64356e+16,29.6563,2.97753,5.01079,3.51811e+19,6.877e+20,sim05520.iv
sim05521,23.5904,3.92396,5.936,5.61798e+20,3.39792e+19,328.162,3.7083,5.55932,5.43148e+16,3.09072e+16,24.6324,2.89213,5.12829,2.16735e+19,7.73417e+20,sim05521.iv
sim05522,44.1111,3.81974,5.82345,8.68253e+20,1.12049e+19,238.972,3.68641,5.59348,5.71589e+16,2.28262e+16,37.5065,2.95056,5.01164,3.01563e+19,8.1789e+20,sim05522.iv
sim05523,48.8132,3.9451,5.95611,9.55962e+20,2.29397e+19,289.168,3.79426,5.51058,2.17565e+16,9.62364e+16,30.5854,2.90085,5.1261,2.41002e+19,7.05656e+20,sim05523.iv
sim05524,26.4705,3.80757,5.81458,6.38498e+20,2.69137e+19,325.719,3.64287,5.53087,9.33403e+16,4.65769e+16,49.3658,3.05499,5.19141,2.17983e+19,8.27507e+20,sim05524.iv
sim05525,24.7651,3.98268,5.86754,5.79312e+20,3.11731e+19,233.428,3.65601,5.47632,2.32209e+16,1.36313e+16,31.2472,2.88291,5.13428,1.00089e+19,8.23873e+20,sim05525.iv
sim05526,36.3012,3.90466,5.90154,7.71125e+20,3.02634e+19,272.491,3.66796,5.47262,1.87323e+16,4.5483e+16,34.7111,3.10532,5.08764,4.07976e+19,8.89648e+20,sim05526.iv
sim05527,29.8033,3.89921,5.86518,5.36225e+20,4.419e+19,324.872,3.61696,5.53092,8.60667e+16,1.35989e+16,31.7187,2.89764,5.09502,1.61558e+19,5.16973e+20,sim05527.iv
sim05528,20.6299,3.98974,5.81341,6.09048e+20,3.50417e+19,299.395,3.61917,5.5091,5.12727e+16,3.01346e+16,44.1603,3.18625,5.05889,1.82382e+19,6.82062e+20,sim05528.iv
sim05529,46.4889,3.95318,5.95025,9.51444e+20,1.92939e+19,330.898,3.78346,5.53926,4.66122e+16,9.17093e+16,21.0725,2.91354,5.01918,2.53453e+19,8.70533e+20,sim05529.iv
sim05530,32.0486,3.91171,5.88265,5.1652e+20,1.25456e+19,216.289,3.76194,5.41667,3.99054e+16,6.00792e+16,36.0638,3.04613,5.10513,2.97292e+19,8.35108e+20,sim05530.iv
sim05531,28.7576,3.89125,5.88638,6.77338e+20,4.98725e+19,336.416,3.73505,5.54794,8.853e+16,4.22814e+16,35.8919,2.94151,5.17839,3.43092e+19,7.80643e+20,sim05531.iv
sim05532,33.5429,3.9145,5.858,7.57324e+20,1.82424e+19,243.824,3.63616,5.4392,5.29499e+16,1.52832e+16,29.9493,2.99167,5.0299,2.42192e+19,7.72862e+20,sim05532.iv
sim05533,47.17,3.86452,5.80102,8.37196e+20,4.83564e+19,348.388,3.69259,5.4352,7.06397e+16,8.26638e+16,36.691,2.9406,5.06676,2.76595e+19,6.02015e+20,sim05533.iv
sim05534,32.7471,3.96465,5.91105,6.27591e+20,3.79963e+19,258.949,3.63743,5.41001,8.80053e+16,6.05939e+16,20.8935,2.99785,5.05702,2.04465e+19,9.61992e+20,sim05534.iv
sim05535,48.704,3.94778,5.84964,5.49535e+20,1.21823e+19,216.768,3.79454,5.43489,7.57986e+16,3.82311e+16,42.9417,3.12657,5.05263,2.3522e+19,7.47602e+20,sim05535.iv
sim05536,21.5552,3.80483,5.96309,7.27995e+20,2.99331e+19,295.045,3.66578,5.55248,1.2044e+16,2.14674e+16,47.8358,3.15054,5.01533,3.21687e+19,8.66594e+20,sim05536.iv
sim05537,27.7154,3.80319,5.93194,8.87375e+20,3.92903e+19,233.73,3.71336,5.44553,6.53037e+16,5.33923e+16,37.1015,2.92586,5.1054,3.06152e+19,5.8584e+20,sim05537.iv
sim05538,20.5716,3.93184,5.84876,7.65444e+20,1.07166e+19,247.423,3.60809,5.45889,7.56979e+16,6.64436e+16,24.9347,2.84851,5.02361,4.39806e+19,6.42353e+20,sim05538.iv
sim05539,49.8586,3.91096,5.99976,6.20372e+20,4.79548e+19,339.183,3.63415,5.59723,4.1504e+16,2.32783e+16,30.9408,2.83264,5.11948,3.3987e+19,6.66022e+20,sim05539.iv
sim05540,29.4226,3.80719,5.93317,6.25279e+20,2.89314e+19,280.876,3.75753,5.52664,9.73601e+16,6.68852e+16,30.7166,3.14792,5.10318,1.75064e+19,7.82544e+20,sim05540.iv
sim05541,23.6833,3.86906,5.8061,5.3914e+20,1.87404e+19,297.076,3.69865,5.4866,6.14105e+16,2.75922e+16,40.4685,3.01768,5.02789,3.21638e+19,5.56377e+20,sim05541.iv
sim05542,40.2285,3.84518,5.80978,5.93771e+20,2.93177e+19,309.625,3.67415,5.4731,4.95425e+16,8.79797e+16,44.0178,3.17068,5.15712,2.78105e+19,7.85966e+20,sim05542.iv
sim05543,36.5514,3.9977,5.9475,7.66747e+20,3.58256e+19,344.14,3.63818,5.58856,4.17491e+16,4.13604e+16,26.7396,2.94168,5.10121,1.68342e+19,5.84352e+20,sim05543.iv
sim05544,28.6394,3.80156,5.92927,6.00629e+20,4.49243e+19,262.984,3.69096,5.5856,1.22779e+16,7.36654e+16,35.1745,3.05462,5.19401,1.51798e+19,8.37609e+20,sim05544.iv
sim05545,41.1325,3.89064,5.8359,5.86029e+20,2.68112e+19,304.524,3.70999,5.42059,1.47877e+16,4.33678e+16,23.3632,2.85604,5.1359,2.90177e+19,8.2405e+20,sim05545.iv
sim05546,30.4206,3.81886,5.81291,5.08383e+20,4.45224e+19,345.032,3.62998,5.58923,3.37189e+16,6.80436e+16,31.3904,3.04748,5.1686,4.44288e+19,9.34494e+20,sim05546.iv
sim05547,27.9389,3.95537,5.86985,5.90169e+20,2.2338e+19,258.73,3.71269,5.52345,4.58924e+16,8.4455e+16,21.5998,3.14688,5.14601,2.45607e+19,8.07934e+20,sim05547.iv
sim05548,32.9193,3.82166,5.99276,6.76588e+20,4.36838e+19,319.022,3.75191,5.40708,8.50315e+16,5.30162e+16,46.229,2.9565,5.12975,2.20208e+19,8.61392e+20,sim05548.iv
sim05549,49.7558,3.86413,5.86647,8.7257e+20,2.92914e+19,249.18,3.79401,5.41328,8.86901e+16,1.46566e+16,39.3431,2.94162,5.13583,3.64896e+19,6.44155e+20,sim05549.iv
sim05550,30.5403,3.949,5.80229,6.86475e+20,1.77963e+19,279.577,3.64226,5.539,8.11257e+16,3.68906e+16,36.8153,2.99306,5.0472,3.98984e+19,6.44927e+20,sim05550.iv
sim05551,37.8212,3.97222,5.93131,6.93642e+20,3.12906e+19,334.113,3.72683,5.50982,4.68252e+16,7.79546e+16,25.1638,3.08616,5.11193,1.3604e+19,9.1811e+20,sim05551.iv
sim05552,37.2883,3.92243,5.91561,9.5708e+20,3.18622e+19,317.132,3.70744,5.56001,8.07237e+16,9.92537e+16,37.8753,2.9441,5.18109,3.60867e+19,8.06736e+20,sim05552.iv
sim05553,42.2915,3.90095,5.94244,9.91753e+20,3.86614e+19,316.625,3.74005,5.52766,6.74784e+16,9.87736e+16,39.7676,2.81866,5.04244,2.10238e+19,8.39747e+20,sim05553.iv
sim05554,24.8845,3.97864,5.83376,9.18954e+20,4.66576e+19,348.896,3.60322,5.49627,8.11681e+16,9.28985e+16,35.4563,2.89641,5.0697,2.61746e+19,8.96368e+20,sim05554.iv
sim05555,48.0216,3.89184,5.99168,8.46186e+20,2.84913e+19,225.012,3.70109,5.47839,2.15886e+16,8.95199e+16,23.5954,3.17445,5.00496,1.75752e+19,8.56799e+20,sim05555.iv
sim05556,48.6263,3.81203,5.85034,7.98559e+20,4.77116e+19,269.642,3.71613,5.47104,2.13353e+16,1.19811e+16,40.1716,3.15099,5.03286,3.32794e+19,8.70617e+20,sim05556.iv
sim05557,28.9632,3.87671,5.98483,6.67978e+20,2.07496e+19,222.358,3.72109,5.4936,9.63319e+16,6.33413e+16,27.1027,2.82324,5.17992,3.98593e+19,7.98916e+20,sim05557.iv
sim05558,33.5484,3.80827,5.91547,5.6264e+20,4.03136e+19,334.907,3.78494,5.41141,4.88524e+16,6.43093e+16,33.5367,3.06415,5.1017,1.43303e+19,5.76787e+20,sim05558.iv
sim05559,39.2358,3.96014,5.80321,6.70849e+20,1.88898e+19,342.395,3.66609,5.48992,7.58434e+16,2.05364e+16,28.5669,3.15975,5.12906,2.96956e+19,8.21329e+20,sim05559.iv
sim05560,39.0817,3.84917,5.98981,6.69793e+20,2.65996e+19,225.611,3.70489,5.52096,5.52773e+16,7.82261e+16,30.1048,3.03845,5.0432,4.76601e+19,8.72023e+20,sim05560.iv
sim05561,27.4348,3.81821,5.83345,5.74834e+20,3.82913e+19,211.295,3.65243,5.48039,1.25429e+16,3.26645e+16,43.4482,3.14088,5.09309,3.85457e+19,9.22181e+20,sim05561.iv
sim05562,22.4413,3.96193,5.96763,8.57793e+20,2.63581e+19,282.178,3.63087,5.55016,7.46831e+16,6.60602e+16,44.9644,2.83308,5.10537,2.26934e+19,7.97608e+20,sim05562.iv
sim05563,20.3179,3.8571,5.81734,7.18577e+20,4.69232e+19,216.398,3.78401,5.53976,8.9455e+16,8.13243e+16,32.8049,2.97868,5.00329,3.00979e+19,7.51622e+20,sim05563.iv
sim05564,42.7647,3.91389,5.85689,6.13461e+20,4.0923e+19,280.896,3.62008,5.55978,4.56219e+16,3.50354e+16,23.4141,2.87752,5.01045,3.88448e+19,8.0831e+20,sim05564.iv
sim05565,48.8948,3.83325,5.86135,8.19683e+20,3.22209e+19,286.245,3.61859,5.40415,7.49689e+16,7.36836e+16,20.8564,3.13241,5.15335,1.86859e+19,7.8312e+20,sim05565.iv
sim05566,27.8854,3.96682,5.83486,9.1516e+20,3.63297e+19,235.969,3.7731,5.56587,6.7193e+16,5.49107e+16,38.8703,3.06798,5.02055,2.6039e+19,9.67929e+20,sim05566.iv
sim05567,43.1909,3.81539,5.9715,5.31336e+20,3.73781e+19,257.168,3.65427,5.49612,1.71189e+16,9.70153e+16,48.6881,2.86814,5.19192,4.82941e+19,5.61062e+20,sim05567.iv
sim05568,20.407,3.89381,5.86755,7.40991e+20,3.05972e+19,315.523,3.72634,5.50214,5.51822e+16,9.4557e+16,28.8908,2.87613,5.06279,4.15006e+19,6.48987e+20,sim05568.iv
sim05569,39.5328,3.87586,5.87968,8.71648e+20,1.74675e+19,296.413,3.71406,5.56125,9.22117e+16,2.2869e+16,27.7164,2.85687,5.19969,3.43374e+19,9.69208e+20,sim05569.iv
sim05570,48.905,3.98085,5.85329,7.53304e+20,1.93409e+19,270.261,3.6852,5.5828,7.25434e+16,7.67474e+16,42.1992,3.01866,5.06905,4.355e+19,6.73578e+20,sim05570.iv
sim05571,35.6281,3.83034,5.91847,7.35056e+20,4.51421e+19,252.397,3.66082,5.42485,5.33844e+16,7.89726e+16,39.4155,2.83554,5.06005,2.30022e+19,8.00367e+20,sim05571.iv
sim05572,43.6528,3.99868,5.851,5.96735e+20,2.6916e+19,304.659,3.74365,5.56599,3.80948e+16,8.56891e+16,40.1013,2.80769,5.19456,2.01191e+19,5.37778e+20,sim05572.iv
sim05573,33.2959,3.90693,5.89353,8.83959e+20,1.46746e+19,323.684,3.697,5.41545,9.77663e+16,9.04704e+16,29.5408,3.002,5.04872,3.02941e+19,6.24404e+20,sim05573.iv
sim05574,31.1073,3.85464,5.88962,5.33857e+20,3.13897e+19,240.775,3.63378,5.46991,7.54978e+16,4.20326e+16,42.6208,3.19152,5.18878,1.88387e+19,9.65279e+20,sim05574.iv
sim05575,45.9052,3.80565,5.99428,9.78824e+20,3.96776e+19,294.485,3.79802,5.43907,7.97334e+16,9.13848e+16,34.996,2.91925,5.08897,4.88798e+19,8.71261e+20,sim05575.iv
sim05576,36.4083,3.82205,5.93834,6.32268e+20,4.95523e+19,282.384,3.72287,5.59987,7.77479e+16,5.37767e+16,36.5311,3.16192,5.18735,2.93646e+19,6.73781e+20,sim05576.iv
sim05577,43.4479,3.83185,5.87951,5.10721e+20,4.35394e+19,216.819,3.70924,5.59884,3.93923e+16,8.22895e+16,24.0473,2.85176,5.04527,4.20884e+19,8.13258e+20,sim05577.iv
sim05578,44.945,3.85713,5.83495,7.73649e+20,1.13928e+19,278.229,3.79175,5.52974,5.55474e+16,2.76562e+16,33.7835,3.02008,5.10033,3.18276e+19,9.83272e+20,sim05578.iv
sim05579,25.8022,3.87964,5.8297,7.05835e+20,1.38369e+19,259.646,3.67741,5.54545,9.22561e+16,5.55612e+16,43.2857,2.96243,5.05653,1.60015e+19,6.97089e+20,sim05579.iv
sim05580,42.7409,3.9201,5.84365,8.73882e+20,1.35462e+19,231.839,3.6363,5.5367,3.55561e+16,8.93875e+16,22.7582,3.17467,5.001,4.66935e+19,5.65298e+20,sim05580.iv
sim05581,20.7019,3.85374,5.8673,8.67673e+20,4.59297e+19,264.008,3.65027,5.45605,8.88218e+16,1.48608e+16,33.0328,2.88826,5.07138,2.0441e+19,8.90462e+20,sim05581.iv
sim05582,27.5681,3.98013,5.9413,6.46342e+20,1.26169e+19,234.098,3.70415,5.56518,4.45411e+16,4.60421e+16,47.4484,2.97072,5.03404,1.73062e+19,9.25052e+20,sim05582.iv
sim05583,34.397,3.95673,5.91449,6.04965e+20,1.99528e+19,229.17,3.62019,5.52225,8.11421e+16,7.16669e+16,47.1048,3.16261,5.18919,4.0777e+19,7.39013e+20,sim05583.iv
sim05584,30.4352,3.81576,5.98719,6.42726e+20,1.61594e+19,221.882,3.64893,5.57084,9.54184e+16,3.25145e+16,45.1723,3.03524,5.0579,2.17554e+19,6.99539e+20,sim05584.iv
sim05585,24.29,3.92996,5.80676,9.45247e+20,4.02908e+19,258.112,3.69898,5.48297,9.56718e+16,5.41697e+16,48.4151,3.11231,5.15518,3.83645e+19,8.38223e+20,sim05585.iv
sim05586,31.8987,3.82035,5.90072,8.91548e+20,1.49264e+19,276.239,3.6508,5.49051,2.82895e+16,7.09605e+16,39.366,2.97178,5.05032,2.11554e+19,5.98694e+20,sim05586.iv
sim05587,48.9948,3.846,5.88516,7.50936e+20,3.6838e+19,315.177,3.67708,5.50344,9.10197e+16,2.03416e+16,33.2568,2.87574,5.00922,1.61986e+19,6.24498e+20,sim05587.iv
sim05588,36.9094,3.95336,5.98815,9.79075e+20,4.51518e+19,282.105,3.68478,5.49003,9.68745e+16,6.30453e+16,42.3579,2.82599,5.19477,3.08249e+19,8.01332e+20,sim05588.iv
sim05589,44.2358,3.8169,5.80252,9.77684e+20,1.85329e+19,224.809,3.78714,5.47506,8.68927e+16,9.38119e+16,25.8941,2.82769,5.00785,2.1054e+19,5.89135e+20,sim05589.iv
sim05590,47.046,3.98575,5.8884,6.76373e+20,2.63174e+19,326.725,3.62895,5.43016,3.52023e+16,6.2455e+16,41.3694,3.1962,5.00817,2.4275e+19,6.53952e+20,sim05590.iv
sim05591,21.2651,3.95838,5.88518,8.07079e+20,2.80902e+19,261.257,3.62752,5.57819,2.07467e+16,6.20655e+16,49.2843,2.91463,5.09547,3.98258e+19,6.28366e+20,sim05591.iv
sim05592,26.7538,3.82214,5.80454,6.41341e+20,3.71668e+19,220.52,3.75356,5.48546,5.98578e+16,3.80966e+16,39.7774,3.10242,5.01702,4.55083e+19,7.9412e+20,sim05592.iv
sim05593,39.4851,3.90534,5.81867,7.22882e+20,1.70659e+19,281.522,3.78027,5.49424,2.88222e+16,5.54738e+16,30.1317,3.17149,5.08523,4.18779e+19,7.40898e+20,sim05593.iv
sim05594,27.0826,3.93265,5.80377,9.08231e+20,4.56814e+19,286.67,3.64951,5.43486,7.49331e+16,2.92976e+16,35.3305,3.14517,5.15281,1.05875e+19,8.51759e+20,sim05594.iv
sim05595,20.3583,3.86482,5.87487,7.3598e+20,3.61927e+19,348.746,3.63541,5.53425,2.6338e+16,3.9917e+16,44.4238,2.82867,5.00398,2.44139e+19,7.1985e+20,sim05595.iv
sim05596,32.3545,3.91733,5.94696,8.21381e+20,3.95309e+19,282.795,3.68836,5.42618,9.87079e+16,6.91039e+16,26.906,3.07494,5.10753,2.61571e+19,8.07547e+20,sim05596.iv
sim05597,26.6817,3.99433,5.88756,7.85853e+20,1.41148e+19,333.134,3.73608,5.41988,4.84895e+16,3.34669e+16,34.521,2.96655,5.15534,3.2711e+19,7.20617e+20,sim05597.iv
sim05598,25.2234,3.98908,5.86065,5.31045e+20,2.18632e+19,235.697,3.67342,5.56345,4.40389e+16,5.12697e+16,43.8563,3.00345,5.14498,2.93032e+19,6.72399e+20,sim05598.iv
sim05599,35.0941,3.9957,5.82157,9.42947e+20,3.50277e+19,345.53,3.64995,5.47631,1.98649e+16,1.47199e+16,33.9364,2.83584,5.12052,3.25536e+19,9.72662e+20,sim05599.iv
sim05600,47.3434,3.85899,5.98485,5.27277e+20,3.93163e+19,291.261,3.671,5.56431,4.18074e+16,5.77341e+16,40.5595,2.90711,5.02329,3.77961e+19,5.92855e+20,sim05600.iv
sim05601,26.367,3.84,5.94948,6.57299e+20,3.96236e+19,289.446,3.70142,5.58082,6.20191e+16,3.12972e+16,49.5079,2.9241,5.09477,2.50647e+19,8.69596e+20,sim05601.iv
sim05602,33.9302,3.87001,5.92946,7.46139e+20,1.07019e+19,300.288,3.63182,5.59211,7.69886e+16,4.3624e+16,21.8059,2.93107,5.13028,4.59459e+19,8.73833e+20,sim05602.iv
sim05603,43.1048,3.82607,5.84587,8.95221e+20,2.50547e+19,330.175,3.60808,5.5234,5.58024e+16,8.2435e+16,25.0859,2.87923,5.09854,3.41696e+19,5.81236e+20,sim05603.iv
sim05604,47.1893,3.96862,5.82513,9.2477e+20,4.65795e+19,244.23,3.77292,5.51262,8.22156e+16,6.4228e+16,28.9419,3.0769,5.13993,3.88466e+19,8.80052e+20,sim05604.iv
sim05605,39.3901,3.88681,5.8665,9.54801e+20,4.25616e+19,326.928,3.61826,5.4813,4.18844e+16,8.88243e+16,29.9404,3.17615,5.16194,4.47464e+19,5.53214e+20,sim05605.iv
sim05606,49.2764,3.87397,5.81605,8.11764e+20,4.45835e+19,311.923,3.74106,5.58823,9.70525e+16,8.41503e+16,43.5213,2.94019,5.09254,3.11968e+19,7.39532e+20,sim05606.iv
sim05607,44.2107,3.99864,5.84114,8.94369e+20,3.44421e+19,311.729,3.70012,5.53922,6.62818e+16,6.90164e+16,48.5289,2.81832,5.0592,3.57766e+19,6.91123e+20,sim05607.iv
sim05608,33.4979,3.88536,5.95564,5.28483e+20,2.79968e+19,303.371,3.68187,5.41299,9.5481e+16,4.41108e+16,48.2096,3.16856,5.02732,3.55207e+19,6.43425e+20,sim05608.iv
sim05609,26.1791,3.9123,5.90728,9.42368e+20,3.70825e+19,312.673,3.75818,5.41352,4.26374e+16,6.50204e+16,43.278,3.12232,5.17429,3.69971e+19,5.70528e+20,sim05609.iv
sim05610,28.3254,3.92138,5.92626,5.02862e+20,2.98372e+19,346.957,3.61182,5.47372,6.28395e+16,9.43314e+16,22.24,3.1345,5.06167,2.19522e+19,6.36002e+20,sim05610.iv
sim05611,46.5808,3.83314,5.81455,8.98049e+20,4.49098e+19,245.986,3.79464,5.58653,2.09182e+16,2.40059e+16,31.3853,3.0689,5.00147,3.44868e+19,9.27959e+20,sim05611.iv
sim05612,34.343,3.81604,5.838,8.07791e+20,3.46719e+19,230.375,3.72496,5.4615,1.92609e+16,5.99882e+16,40.5265,2.90499,5.1552,1.25669e+19,6.34715e+20,sim05612.iv
sim05613,33.349,3.89657,5.92361,6.56577e+20,1.64884e+19,345.498,3.62312,5.40114,5.88748e+16,2.3768e+16,39.8311,3.06299,5.1006,2.34765e+19,8.44585e+20,sim05613.iv
sim05614,37.7654,3.85572,5.82285,5.6615e+20,3.28547e+19,273.542,3.7353,5.40903,9.74292e+16,6.01536e+16,26.3633,2.88137,5.17509,1.33405e+19,5.53699e+20,sim05614.iv
sim05615,43.4354,3.98948,5.88817,5.48406e+20,3.7573e+19,248.081,3.78984,5.58026,8.91527e+16,1.02562e+16,48.1895,3.07383,5.00971,3.87345e+19,9.59974e+20,sim05615.iv
sim05616,30.3386,3.93585,5.86649,8.27737e+20,3.10766e+19,228.091,3.60149,5.55282,2.99553e+16,4.68306e+16,46.8131,3.13858,5.1275,2.10732e+19,5.62294e+20,sim05616.iv
sim05617,25.3672,3.9898,5.92614,7.06709e+20,4.77807e+19,284.614,3.68055,5.4252,1.76101e+16,7.02806e+16,21.6576,2.83282,5.1923,3.3725e+19,9.4713e+20,sim05617.iv
sim05618,25.0832,3.99003,5.94139,6.57778e+20,4.62241e+19,224.649,3.77896,5.5322,5.57729e+16,8.9241e+16,20.4089,3.02254,5.10159,1.62071e+19,6.29766e+20,sim05618.iv
sim05619,25.5237,3.84928,5.94077,9.82527e+20,3.59952e+19,287.281,3.69849,5.42799,7.75258e+16,9.20617e+16,31.1965,2.84652,5.13966,3.98383e+19,5.70927e+20,sim05619.iv
sim05620,27.2409,3.868,5.8647,6.37849e+20,3.34513e+19,329.172,3.71733,5.43211,2.27162e+16,9.7023e+16,20.2573,3.17383,5.09305,1.02285e+19,6.22238e+20,sim05620.iv
sim05621,38.4837,3.84148,5.98468,5.15438e+20,2.35364e+19,258.371,3.74033,5.59727,9.5476e+16,4.77011e+16,39.1153,3.16747,5.15001,1.60577e+19,9.59693e+20,sim05621.iv
sim05622,33.4802,3.8847,5.81346,9.29784e+20,4.65779e+19,335.302,3.63876,5.42189,3.00083e+16,3.26617e+16,30.0704,3.00419,5.19729,2.47343e+19,6.116e+20,sim05622.iv
sim05623,26.1916,3.91849,5.93777,7.3015e+20,4.25945e+19,212.153,3.72199,5.5211,9.08971e+16,2.84073e+16,31.1891,2.99749,5.10479,2.13009e+19,7.54985e+20,sim05623.iv
sim05624,24.8826,3.8742,5.98887,5.92545e+20,1.5485e+19,214.208,3.74642,5.52388,2.81522e+16,4.63564e+16,25.7588,3.07945,5.02756,4.02166e+19,6.69961e+20,sim05624.iv
sim05625,34.2624,3.96141,5.90635,6.93085e+20,2.53246e+19,283.2,3.63287,5.45551,6.01195e+16,2.82892e+16,38.3982,2.90291,5.12735,1.49425e+19,7.51121e+20,sim05625.iv
sim05626,42.504,3.86308,5.95272,6.65182e+20,4.09071e+19,331.396,3.60958,5.45288,9.7031e+16,1.84231e+16,23.8972,2.80612,5.05321,3.35845e+19,6.2773e+20,sim05626.iv
sim05627,49.0607,3.89215,5.92244,6.14525e+20,3.52232e+19,248.11,3.78799,5.56417,1.10702e+16,4.7036e+16,32.4467,3.01795,5.16079,4.48004e+19,7.89247e+20,sim05627.iv
sim05628,40.9143,3.85703,5.81735,5.03385e+20,1.09164e+19,311.973,3.6415,5.54161,1.82828e+16,8.30777e+16,38.7637,2.95165,5.16457,3.77947e+19,9.17304e+20,sim05628.iv
sim05629,41.2999,3.80993,5.9137,7.71674e+20,4.28789e+19,235.054,3.6451,5.4191,5.06321e+16,1.04592e+16,38.5781,2.86067,5.03024,1.39598e+19,7.28647e+20,sim05629.iv
sim05630,26.4679,3.80712,5.84423,8.62903e+20,1.02177e+19,245.329,3.64541,5.45176,2.98466e+16,4.17726e+16,43.036,3.05519,5.06572,3.8654e+19,6.66734e+20,sim05630.iv
sim05631,34.204,3.92005,5.91142,6.88524e+20,2.05577e+19,301.796,3.67934,5.51605,4.71519e+16,8.12536e+16,48.1869,3.17745,5.00723,2.89486e+19,6.82082e+20,sim05631.iv
sim05632,22.7124,3.96772,5.93356,7.84654e+20,4.68012e+19,300.042,3.78407,5.53405,1.7029e+16,1.15925e+16,46.2733,3.01421,5.06629,3.40172e+19,7.18422e+20,sim05632.iv
sim05633,28.8618,3.87011,5.92474,8.19215e+20,4.73189e+19,321.444,3.74947,5.5586,1.15315e+16,9.82466e+16,48.7209,2.89273,5.16832,2.51718e+19,8.58178e+20,sim05633.iv
sim05634,27.9382,3.98831,5.97927,9.08039e+20,1.23424e+19,219.647,3.70566,5.5759,2.97889e+16,2.17161e+16,33.7465,3.17352,5.18896,4.72402e+19,7.54611e+20,sim05634.iv
sim05635,48.1256,3.99632,5.98198,7.18608e+20,2.00235e+19,315.257,3.65253,5.47065,5.83343e+16,8.75693e+16,34.403,2.83143,5.11598,1.31055e+19,6.1869e+20,sim05635.iv
sim05636,23.3286,3.91595,5.84923,8.07739e+20,3.64771e+19,276.578,3.60039,5.40615,5.33678e+16,2.89059e+16,34.4707,3.03068,5.09328,3.15114e+19,9.83147e+20,sim05636.iv
sim05637,38.9674,3.83933,5.83242,9.75574e+20,4.92188e+19,274.16,3.77231,5.52746,1.39733e+16,7.95744e+16,31.0814,3.03095,5.17805,3.10704e+19,7.92812e+20,sim05637.iv
sim05638,44.2292,3.96124,5.92579,5.18862e+20,4.49726e+19,297.399,3.70897,5.56969,4.38963e+16,1.88712e+16,27.6979,3.16501,5.15807,2.9607e+19,9.10502e+20,sim05638.iv
sim05639,46.1433,3.96,5.99923,9.79567e+20,3.24759e+19,303.53,3.79805,5.58151,5.33118e+16,3.01598e+16,24.997,2.85578,5.00393,4.00713e+19,7.66403e+20,sim05639.iv
sim05640,33.6208,3.80027,5.89482,5.07372e+20,3.7601e+19,348.087,3.77806,5.43861,6.75888e+16,3.39915e+16,36.231,2.98366,5.05152,3.15833e+19,8.38974e+20,sim05640.iv
sim05641,40.5812,3.83648,5.80409,8.98026e+20,3.64006e+19,273.574,3.72674,5.57711,4.28631e+16,5.01861e+16,35.675,3.07464,5.09848,3.85525e+19,6.37011e+20,sim05641.iv
sim05642,23.6587,3.81258,5.81657,5.10762e+20,4.92744e+19,316.143,3.70757,5.45243,7.57398e+16,9.96525e+16,30.8483,2.95254,5.17019,2.54392e+19,9.39583e+20,sim05642.iv
sim05643,25.1078,3.98273,5.82722,8.67678e+20,2.27057e+19,323.383,3.63379,5.52691,5.56068e+16,3.5875e+16,34.5908,3.18391,5.15164,1.23276e+19,9.88759e+20,sim05643.iv
sim05644,41.6104,3.85054,5.99201,7.47689e+20,3.17301e+19,244.709,3.79925,5.46084,6.77847e+16,6.25e+16,41.4223,2.8295,5.09931,1.9202e+19,5.61172e+20,sim05644.iv
sim05645,35.7663,3.89061,5.89086,6.90043e+20,2.24957e+19,214.014,3.71864,5.58209,5.41718e+16,3.64341e+16,29.2438,2.90437,5.08771,1.2152e+19,6.1824e+20,sim05645.iv
sim05646,48.2869,3.89102,5.80932,5.05784e+20,4.91683e+19,319.334,3.65293,5.46608,7.79902e+16,6.76972e+16,39.7981,2.94943,5.16753,3.83223e+19,8.63453e+20,sim05646.iv
sim05647,25.9091,3.86076,5.87244,6.52318e+20,1.80627e+19,304.339,3.72997,5.50996,6.51754e+16,9.75517e+16,22.0536,3.06959,5.16195,2.74695e+19,6.54782e+20,sim05647.iv
sim05648,36.4548,3.95243,5.97309,8.31136e+20,3.5745e+19,335.375,3.70654,5.47219,2.69384e+16,2.20565e+16,31.1576,2.81123,5.1277,4.5008e+19,8.20859e+20,sim05648.iv
sim05649,49.4292,3.98488,5.91874,5.65234e+20,1.78451e+19,259.724,3.63414,5.48284,9.95114e+16,9.9699e+16,42.5689,3.04528,5.17045,4.84893e+19,9.24561e+20,sim05649.iv
sim05650,39.531,3.89737,5.87498,7.19012e+20,1.64115e+19,246.777,3.75301,5.52797,3.84224e+16,5.62402e+16,31.1811,2.89565,5.02127,3.12456e+19,8.14549e+20,sim05650.iv
sim05651,20.0483,3.80762,5.83734,8.75027e+20,3.9349e+19,268.46,3.79966,5.50114,6.9133e+16,5.81693e+16,47.9349,2.85141,5.01102,3.20037e+19,8.27433e+20,sim05651.iv
sim05652,45.1416,3.89799,5.83364,6.80928e+20,4.12448e+19,250.244,3.77176,5.42398,4.8191e+16,7.40675e+16,30.6959,3.06533,5.19674,1.17166e+19,5.16324e+20,sim05652.iv
sim05653,38.0609,3.99047,5.89808,7.32675e+20,1.90417e+19,261.123,3.60088,5.5049,8.34204e+16,8.02739e+16,33.2135,2.97489,5.1355,4.74246e+19,8.71054e+20,sim05653.iv
sim05654,34.9611,3.9821,5.99752,8.58413e+20,4.61512e+19,341.701,3.71403,5.45881,7.59601e+16,2.49147e+16,30.0237,2.95928,5.1695,2.73467e+19,8.11301e+20,sim05654.iv
sim05655,45.9316,3.82721,5.93536,8.37826e+20,3.20114e+19,336.942,3.7059,5.43156,7.04033e+16,4.7534e+16,49.7387,3.12538,5.02739,2.49325e+19,5.7857e+20,sim05655.iv
sim05656,47.1362,3.80612,5.88066,6.03062e+20,2.81429e+19,320.92,3.60472,5.45261,8.53004e+16,3.63415e+16,29.2884,2.91329,5.1365,4.54241e+19,6.87811e+20,sim05656.iv
sim05657,49.1631,3.83062,5.97432,6.77113e+20,1.67731e+19,305.045,3.65039,5.42797,5.41105e+16,2.59055e+16,35.6469,3.17388,5.0008,2.46816e+19,8.08389e+20,sim05657.iv
sim05658,34.6606,3.91798,5.80468,7.66858e+20,3.64073e+19,293.805,3.60851,5.42101,7.19588e+16,2.3079e+16,29.295,2.97811,5.0881,1.22081e+19,7.25771e+20,sim05658.iv
sim05659,32.656,3.85632,5.90348,8.6529e+20,4.96878e+19,345.672,3.73755,5.44711,8.46641e+16,4.00162e+16,25.7668,2.93019,5.01125,2.58112e+19,9.0058e+20,sim05659.iv
sim05660,20.2347,3.80002,5.83522,5.9816e+20,3.57595e+19,232.446,3.67967,5.5276,3.18522e+16,2.52725e+16,46.6165,2.88768,5.1786,4.78823e+19,9.63836e+20,sim05660.iv
sim05661,34.4669,3.94427,5.84934,5.32157e+20,3.07901e+19,224.267,3.75579,5.50134,1.57335e+16,7.47666e+16,34.5778,2.98513,5.11258,4.15507e+19,5.70292e+20,sim05661.iv
sim05662,23.4058,3.83424,5.86105,8.75061e+20,3.3749e+19,218.747,3.76415,5.4091,2.86259e+16,8.99146e+16,30.4941,2.93625,5.03782,1.71493e+19,5.15189e+20,sim05662.iv
sim05663,45.4492,3.94614,5.87521,8.77645e+20,2.13158e+19,257.879,3.7768,5.44488,8.68861e+16,3.21939e+16,47.3577,2.8912,5.05842,3.20989e+19,6.0022e+20,sim05663.iv
sim05664,20.7603,3.86023,5.88631,5.06226e+20,4.14238e+19,249.059,3.63513,5.5253,8.89905e+16,5.06219e+16,32.7773,2.99887,5.03163,2.24006e+19,7.27522e+20,sim05664.iv
sim05665,49.8421,3.87797,5.81004,6.28089e+20,4.71675e+19,327.653,3.72439,5.50691,6.76451e+16,9.65902e+16,33.1899,3.11997,5.17542,1.83887e+19,6.93202e+20,sim05665.iv
sim05666,41.6062,3.84689,5.86379,6.7622e+20,4.89513e+19,307.377,3.7043,5.48937,7.15639e+16,9.03705e+16,26.9163,3.09659,5.04906,4.10791e+19,8.69374e+20,sim05666.iv
sim05667,40.7542,3.85343,5.99837,6.66817e+20,4.5229e+19,235.166,3.67539,5.40461,1.90567e+16,5.01433e+16,44.7151,3.06746,5.11482,1.05164e+19,9.16086e+20,sim05667.iv
sim05668,29.7963,3.91023,5.96435,5.26443e+20,2.26519e+19,343.669,3.61934,5.47293,9.09053e+16,2.08334e+16,40.5134,3.07558,5.04864,1.58018e+19,8.80031e+20,sim05668.iv
sim05669,26.8662,3.95551,5.98146,5.23525e+20,2.11901e+19,311.929,3.71318,5.50324,5.21404e+16,9.61317e+16,43.3129,3.02121,5.06541,1.09505e+19,8.38858e+20,sim05669.iv
sim05670,24.6634,3.83141,5.8209,9.40505e+20,3.31082e+19,322.413,3.60301,5.4951,6.62067e+16,9.24443e+16,37.9731,2.85259,5.1421,2.4258e+19,6.21226e+20,sim05670.iv
sim05671,45.4684,3.91187,5.89852,9.20512e+20,4.76369e+19,299.437,3.769,5.48445,9.13146e+16,7.47413e+16,47.3202,3.14557,5.0711,4.538e+19,7.72556e+20,sim05671.iv
sim05672,43.8548,3.94189,5.98485,8.52031e+20,3.88231e+19,349.569,3.77379,5.52248,7.75572e+16,3.29735e+16,36.4561,3.19265,5.03435,4.58633e+19,8.71757e+20,sim05672.iv
sim05673,28.6796,3.98928,5.88506,7.35985e+20,2.92985e+19,237.334,3.72762,5.50431,9.84508e+16,7.97655e+16,33.1472,3.15578,5.18495,3.29002e+19,9.79996e+20,sim05673.iv
sim05674,35.6032,3.84387,5.90504,7.4367e+20,3.05003e+19,234.569,3.64082,5.4788,7.80077e+16,3.0856e+16,22.4397,2.90689,5.07938,1.22204e+19,7.05008e+20,sim05674.iv
sim05675,37.6112,3.96491,5.89687,8.6553e+20,3.71127e+19,285.649,3.71199,5.45802,2.31866e+16,5.76888e+16,28.113,2.94805,5.14986,3.68104e+19,5.7391e+20,sim05675.iv
sim05676,23.8979,3.97132,5.8777,5.91085e+20,3.45224e+19,345.446,3.72082,5.52035,8.99912e+16,2.79193e+16,36.8546,2.89632,5.13666,3.26949e+19,9.2796e+20,sim05676.iv
sim05677,37.4476,3.91997,5.89722,5.27541e+20,2.88314e+19,216.073,3.72278,5.44702,1.11947e+16,7.85675e+16,29.8616,3.06048,5.13739,2.99741e+19,5.00457e+20,sim05677.iv
sim05678,43.9974,3.87468,5.85081,8.71437e+20,4.1573e+19,323.771,3.75381,5.4371,7.99388e+16,3.19804e+16,29.1972,2.90373,5.04374,3.31328e+19,8.08662e+20,sim05678.iv
sim05679,42.429,3.83964,5.89459,7.97948e+20,2.46598e+19,241.037,3.6156,5.45565,5.69666e+16,2.51579e+16,46.28,3.08279,5.02038,1.81036e+19,5.25755e+20,sim05679.iv
sim05680,45.678,3.84633,5.99345,9.88234e+20,1.97696e+19,339.552,3.67056,5.4665,9.18183e+16,6.34519e+16,40.5492,2.9661,5.10446,4.09618e+19,5.85251e+20,sim05680.iv
sim05681,49.6278,3.96011,5.85359,8.50019e+20,1.05247e+19,315.151,3.75948,5.428,3.74649e+16,6.83967e+16,41.2054,2.8274,5.08532,2.92002e+19,8.41126e+20,sim05681.iv
sim05682,30.4954,3.87194,5.84343,9.5474e+20,1.37929e+19,278.507,3.62858,5.40603,7.25234e+16,2.49081e+16,37.4725,3.04985,5.19521,2.72393e+19,5.3767e+20,sim05682.iv
sim05683,33.8086,3.82674,5.90366,7.39687e+20,2.81781e+19,320.909,3.67459,5.55205,8.03783e+16,4.28197e+16,29.458,2.80792,5.15566,3.94142e+19,5.75468e+20,sim05683.iv
sim05684,24.7062,3.95354,5.82562,8.98306e+20,1.88479e+19,277.562,3.63785,5.45101,6.20738e+16,8.67169e+16,37.7496,2.88437,5.11065,1.701e+19,7.58106e+20,sim05684.iv
sim05685,26.6388,3.95648,5.97063,8.12162e+20,2.57891e+19,327.349,3.67267,5.47039,2.12352e+16,8.81457e+16,24.1591,3.1789,5.14636,4.36487e+19,7.42379e+20,sim05685.iv
sim05686,27.5426,3.89813,5.96036,7.35532e+20,2.09836e+19,288.327,3.6063,5.5484,6.98035e+16,3.01971e+16,26.5196,3.10956,5.05885,3.25994e+19,7.78522e+20,sim05686.iv
sim05687,38.2116,3.80759,5.8921,8.86621e+20,3.99779e+19,270.54,3.62284,5.50643,6.47334e+16,8.36009e+16,43.0391,2.94868,5.12503,3.10519e+19,6.10003e+20,sim05687.iv
sim05688,27.9502,3.94209,5.94468,8.58952e+20,2.35261e+19,281.291,3.63937,5.53825,4.20637e+16,3.91978e+16,30.4466,2.81933,5.08816,3.12622e+19,5.34889e+20,sim05688.iv
sim05689,31.1461,3.99726,5.89177,7.00182e+20,3.34515e+19,261.173,3.62434,5.55975,8.16788e+16,7.574e+16,28.174,3.02553,5.09403,3.71761e+19,8.58977e+20,sim05689.iv
sim05690,31.8157,3.9554,5.92482,8.68776e+20,3.84611e+19,318.122,3.71397,5.52287,1.97351e+16,5.7728e+16,47.2219,2.91383,5.07969,3.38867e+19,6.48843e+20,sim05690.iv
sim05691,26.3092,3.98107,5.81255,6.21521e+20,3.53624e+19,327.687,3.62679,5.46229,8.33577e+16,2.48832e+16,21.8463,2.81651,5.17939,4.26988e+19,7.33663e+20,sim05691.iv
sim05692,47.2105,3.81889,5.80746,7.4445e+20,4.10059e+19,220.226,3.6696,5.42792,7.46461e+16,3.40367e+16,36.3694,2.80307,5.08566,1.3258e+19,9.5043e+20,sim05692.iv
sim05693,39.4717,3.91027,5.8659,5.12989e+20,2.54114e+19,238.658,3.69988,5.42085,6.01957e+16,8.43814e+16,32.4415,2.82005,5.11638,4.74121e+19,9.69929e+20,sim05693.iv
sim05694,31.3907,3.88603,5.85784,9.54077e+20,1.83932e+19,287.86,3.69809,5.41752,5.52646e+16,6.07404e+16,28.2645,2.86957,5.08928,4.86288e+19,9.78874e+20,sim05694.iv
sim05695,31.7057,3.95915,5.95525,9.70613e+20,3.64074e+19,251.339,3.79671,5.46871,2.20367e+16,5.33105e+16,48.8663,3.05845,5.12287,2.32504e+19,8.66604e+20,sim05695.iv
sim05696,25.4156,3.81932,5.97473,7.59369e+20,4.54476e+19,214.97,3.74084,5.42531,2.33648e+16,2.8705e+16,21.2027,3.19517,5.13011,4.61522e+19,5.72675e+20,sim05696.iv
sim05697,43.8662,3.81836,5.82711,9.37212e+20,1.71188e+19,322.626,3.78254,5.40756,9.4278e+16,5.94926e+16,38.4608,3.13549,5.1343,4.85551e+19,9.59239e+20,sim05697.iv
sim05698,27.5373,3.94802,5.87724,5.58335e+20,2.21316e+19,217.056,3.70486,5.40074,2.57165e+16,9.96195e+16,48.2088,3.04077,5.19683,2.85425e+19,7.41647e+20,sim05698.iv
sim05699,33.3024,3.80716,5.86844,7.62879e+20,3.05483e+19,281.12,3.67124,5.5432,9.55638e+16,8.20431e+16,29.6822,2.91445,5.17688,1.86863e+19,5.58732e+20,sim05699.iv
sim05700,27.9745,3.90758,5.80154,5.9809e+20,2.02314e+19,288.144,3.74583,5.59646,2.79597e+16,7.27311e+16,26.8535,3.03914,5.05109,2.85674e+19,7.38999e+20,sim05700.iv
sim05701,48.7123,3.85182,5.96498,8.64887e+20,3.18885e+19,309.277,3.67145,5.52594,2.31463e+16,8.09879e+16,30.0713,3.19429,5.08691,4.72158e+19,6.29914e+20,sim05701.iv
sim05702,28.7564,3.96047,5.97635,7.44177e+20,1.25581e+19,258.924,3.76102,5.49586,7.46599e+16,4.40593e+16,20.9897,3.07061,5.05952,2.95006e+19,9.56088e+20,sim05702.iv
sim05703,26.6598,3.86997,5.83128,5.18324e+20,2.64976e+19,223.819,3.65993,5.56983,1.38711e+16,6.69844e+16,31.661,2.95629,5.10017,2.37927e+19,5.40756e+20,sim05703.iv
sim05704,46.5689,3.83849,5.93688,8.76393e+20,1.82744e+19,232.275,3.7826,5.40514,4.92628e+16,1.62587e+16,32.7601,2.87649,5.18368,2.25803e+19,8.98788e+20,sim05704.iv
sim05705,31.219,3.9061,5.93535,8.36011e+20,4.40008e+19,254.48,3.69749,5.56703,3.88952e+16,2.89056e+16,28.3399,2.93137,5.03155,1.72821e+19,5.26174e+20,sim05705.iv
sim05706,26.6881,3.98139,5.92225,6.65475e+20,4.20464e+19,293.882,3.63729,5.52426,9.42144e+16,1.68922e+16,49.71,2.96968,5.09774,1.09123e+19,6.32039e+20,sim05706.iv
sim05707,31.3053,3.99358,5.94767,9.69518e+20,3.92934e+19,328.67,3.60635,5.57286,8.31864e+16,6.34444e+16,41.0499,3.10881,5.0102,1.9955e+19,9.69169e+20,sim05707.iv
sim05708,29.0118,3.82069,5.93663,6.89823e+20,4.30353e+19,291.018,3.79838,5.5432,6.84824e+16,5.4458e+16,21.924,2.81311,5.14976,4.04345e+19,6.05053e+20,sim05708.iv
sim05709,36.5499,3.86552,5.9469,9.09768e+20,2.76652e+19,306.578,3.67222,5.50447,7.66083e+16,2.09467e+16,20.5477,3.05859,5.15782,3.51074e+19,5.91254e+20,sim05709.iv
sim05710,35.1277,3.88114,5.98886,8.45812e+20,3.07809e+19,265.703,3.6678,5.42695,7.32659e+16,5.85391e+16,22.3262,2.96371,5.15327,1.58112e+19,8.88624e+20,sim05710.iv
sim05711,33.739,3.81385,5.98802,5.92911e+20,1.16813e+19,284.224,3.62981,5.40975,7.05308e+16,1.97169e+16,48.9693,3.12476,5.1743,3.67589e+19,7.72624e+20,sim05711.iv
sim05712,40.5357,3.91725,5.96159,5.92687e+20,1.53013e+19,304.905,3.63994,5.59597,2.34918e+16,6.95429e+16,43.9322,2.91365,5.13416,4.82765e+19,9.76805e+20,sim05712.iv
sim05713,24.4412,3.82282,5.86093,5.29572e+20,1.56318e+19,263.747,3.60251,5.41397,9.68473e+16,7.47364e+16,29.37,2.84811,5.09584,3.38895e+19,6.36852e+20,sim05713.iv
sim05714,37.0071,3.89056,5.92738,7.09671e+20,3.0098e+19,227.11,3.64274,5.49356,5.77006e+16,7.9608e+16,25.4725,3.07878,5.09121,1.11793e+19,5.25811e+20,sim05714.iv
sim05715,35.6124,3.93498,5.97239,6.16307e+20,4.26906e+19,234.62,3.73018,5.43398,6.63537e+16,3.45412e+16,31.3483,3.05862,5.10609,1.35532e+19,8.08837e+20,sim05715.iv
sim05716,36.8793,3.9482,5.97043,5.98414e+20,3.6955e+19,259.426,3.6472,5.54262,5.62543e+16,9.04581e+16,27.2179,2.86943,5.10072,4.15093e+19,7.58646e+20,sim05716.iv
sim05717,32.8094,3.92894,5.90638,8.18811e+20,4.03108e+19,347.478,3.6489,5.5204,6.41457e+16,3.06552e+16,48.8629,3.1151,5.04469,4.92367e+19,6.1264e+20,sim05717.iv
sim05718,27.5821,3.80264,5.82251,5.39603e+20,4.73454e+19,329.944,3.73616,5.47743,7.76678e+16,5.34845e+16,48.8343,2.81315,5.00149,2.52187e+19,9.20621e+20,sim05718.iv
sim05719,40.4478,3.86482,5.81985,7.81519e+20,3.2456e+19,214.387,3.76588,5.55137,5.46679e+16,2.55517e+16,35.952,3.05201,5.1822,1.94173e+19,8.91368e+20,sim05719.iv
sim05720,35.1039,3.81073,5.96019,7.89333e+20,1.19466e+19,305.54,3.71156,5.48035,1.81808e+16,9.01604e+16,47.8961,3.17453,5.12642,1.25282e+19,8.18673e+20,sim05720.iv
sim05721,45.0246,3.99873,5.91235,6.78019e+20,2.80275e+19,290.447,3.76512,5.58893,3.01945e+16,3.24564e+16,45.084,2.98423,5.05501,1.48224e+19,5.91929e+20,sim05721.iv
sim05722,29.9785,3.80583,5.99428,7.73371e+20,4.29345e+19,271.622,3.79156,5.48472,4.58416e+16,7.54526e+16,36.8749,2.92254,5.0002,1.49414e+19,6.30084e+20,sim05722.iv
sim05723,23.2191,3.90343,5.86765,8.49737e+20,2.89823e+19,239.514,3.68782,5.54573,5.68192e+16,4.82783e+16,30.7747,3.0772,5.14292,3.51702e+19,7.84802e+20,sim05723.iv
sim05724,30.763,3.94927,5.97549,5.63036e+20,4.68196e+19,242.542,3.62689,5.53338,4.9436e+16,9.81873e+16,32.433,3.06166,5.02975,2.67784e+19,8.40713e+20,sim05724.iv
sim05725,23.6273,3.91498,5.991,6.48929e+20,3.40823e+19,297.991,3.76712,5.43043,7.43483e+16,5.98008e+16,36.34,3.05473,5.15858,3.87389e+19,5.27343e+20,sim05725.iv
sim05726,34.3779,3.93421,5.80167,6.50225e+20,1.45472e+19,254.324,3.75185,5.557,7.02622e+16,2.21729e+16,41.7255,3.09079,5.00875,3.21076e+19,7.51354e+20,sim05726.iv
sim05727,39.432,3.93781,5.81322,6.24423e+20,4.30111e+19,282.669,3.7629,5.45114,9.44645e+16,5.1665e+16,34.5972,2.91749,5.15871,3.78743e+19,9.32131e+20,sim05727.iv
sim05728,32.7158,3.96325,5.88808,6.51881e+20,4.94559e+19,248.194,3.63975,5.51717,7.89422e+16,2.24817e+16,44.0461,3.18829,5.10257,4.86347e+19,5.68716e+20,sim05728.iv
sim05729,37.1428,3.97682,5.89136,9.13049e+20,3.61906e+19,246.437,3.78007,5.47421,1.41172e+16,3.0818e+16,43.977,3.08744,5.13364,1.35369e+19,8.84446e+20,sim05729.iv
sim05730,38.3185,3.82604,5.88841,6.5867e+20,3.852e+19,268.516,3.73637,5.58351,4.85009e+16,8.88585e+16,30.5316,2.92616,5.03119,3.91203e+19,8.72163e+20,sim05730.iv
sim05731,23.9369,3.98565,5.87555,8.25225e+20,4.44674e+19,280.568,3.77618,5.55195,4.3732e+16,5.02767e+16,39.2461,3.15126,5.19754,1.63656e+19,8.10756e+20,sim05731.iv
sim05732,47.2092,3.85488,5.90021,8.50826e+20,2.88312e+19,233.946,3.63802,5.51876,9.89842e+16,2.00664e+16,34.7257,2.83501,5.15163,4.23972e+19,8.50882e+20,sim05732.iv
sim05733,39.8739,3.96456,5.94369,8.05163e+20,3.86458e+19,225.163,3.66933,5.53211,8.18018e+16,2.88928e+16,29.9159,2.9781,5.18249,2.47331e+19,5.69966e+20,sim05733.iv
sim05734,46.1357,3.87947,5.97255,5.41955e+20,4.78374e+19,343.686,3.6572,5.40727,4.61084e+16,3.0772e+16,43.1933,2.81755,5.02318,3.63792e+19,9.07709e+20,sim05734.iv
sim05735,21.0171,3.85081,5.92194,6.40479e+20,3.60277e+19,296.713,3.70118,5.55666,1.63811e+16,1.96712e+16,23.898,3.19084,5.05512,2.57503e+19,6.34975e+20,sim05735.iv
sim05736,42.1224,3.85301,5.91349,5.55016e+20,4.25399e+19,343.659,3.67106,5.41961,4.1442e+16,2.47403e+16,46.7029,3.18579,5.05917,4.03748e+19,8.81777e+20,sim05736.iv
sim05737,43.3317,3.81834,5.96978,7.20403e+20,4.28742e+19,256.805,3.78347,5.44443,2.63327e+16,1.1092e+16,28.6279,2.96975,5.1534,1.25611e+19,6.12729e+20,sim05737.iv
sim05738,37.9975,3.9534,5.93802,8.83844e+20,4.10713e+19,233.304,3.65694,5.57967,7.55604e+16,9.64956e+16,49.0636,2.8013,5.11866,4.19297e+19,8.24751e+20,sim05738.iv
sim05739,22.046,3.93631,5.89429,7.86739e+20,4.17686e+19,233.651,3.67153,5.41015,6.14715e+16,1.7929e+16,27.5636,3.10047,5.02262,2.3848e+19,8.75771e+20,sim05739.iv
sim05740,43.1119,3.94979,5.91961,8.48363e+20,3.66029e+19,286.488,3.67749,5.42214,8.48631e+16,5.48715e+16,43.4934,2.9878,5.12786,4.9259e+19,5.47557e+20,sim05740.iv
sim05741,28.6848,3.85151,5.97889,5.61839e+20,4.35628e+19,224.626,3.79642,5.42893,1.33497e+16,9.23535e+16,47.8651,2.98314,5.12377,1.77682e+19,9.77987e+20,sim05741.iv
sim05742,45.1822,3.97742,5.96903,7.77095e+20,2.32835e+19,349.059,3.67965,5.59436,3.09891e+16,6.39402e+16,36.5175,2.9064,5.05194,4.12673e+19,6.65875e+20,sim05742.iv
sim05743,40.0482,3.90534,5.83758,6.40656e+20,2.28806e+19,247.904,3.62033,5.40172,8.19835e+16,3.37894e+16,46.9672,2.81065,5.15683,2.19544e+19,8.35541e+20,sim05743.iv
sim05744,40.8216,3.84357,5.84037,9.25211e+20,1.90774e+19,226.91,3.73784,5.44344,7.51218e+16,5.12986e+16,30.85,2.82442,5.05888,2.04686e+19,8.73009e+20,sim05744.iv
sim05745,35.0039,3.98253,5.81641,7.55286e+20,1.96125e+19,274.792,3.63969,5.46159,7.14548e+16,8.38415e+16,36.6679,2.92749,5.07295,3.06012e+19,7.75628e+20,sim05745.iv
sim05746,44.5649,3.99124,5.84008,9.62332e+20,3.31594e+19,259.885,3.63764,5.531,7.10413e+16,9.0958e+16,29.7969,3.01518,5.12797,4.11239e+19,9.2666e+20,sim05746.iv
sim05747,42.088,3.85992,5.90068,7.65557e+20,4.9162e+19,285.138,3.60811,5.54996,4.54607e+16,5.65527e+16,42.2015,3.18535,5.16098,2.02143e+19,6.08279e+20,sim05747.iv
sim05748,49.3265,3.84263,5.82757,9.47137e+20,2.78075e+19,216.821,3.7186,5.47379,4.94097e+16,6.3931e+16,49.7539,2.84414,5.04737,4.34552e+19,5.68264e+20,sim05748.iv
sim05749,49.2128,3.8657,5.92603,5.98049e+20,2.26587e+19,287.677,3.79296,5.47578,9.12671e+16,2.87574e+16,21.0663,3.13609,5.14071,1.46182e+19,5.1046e+20,sim05749.iv
sim05750,44.6269,3.83422,5.89576,9.26419e+20,3.278e+19,336.032,3.60742,5.48476,2.77139e+16,4.6147e+16,42.8361,3.15708,5.02964,2.38477e+19,7.21878e+20,sim05750.iv
sim05751,27.4405,3.83966,5.96434,9.3377e+20,1.12169e+19,338.971,3.75797,5.45774,6.74797e+16,5.16582e+16,26.1967,2.8441,5.11816,1.13561e+19,9.01172e+20,sim05751.iv
sim05752,39.8061,3.92997,5.90866,8.08394e+20,4.66978e+19,288.12,3.65538,5.54453,4.02113e+16,8.78742e+16,33.212,2.90667,5.01555,2.334e+19,7.58999e+20,sim05752.iv
sim05753,22.3907,3.99524,5.92115,8.83114e+20,1.31614e+19,266.852,3.67746,5.53423,5.24854e+16,3.25648e+16,42.4472,3.07767,5.08182,4.50354e+19,5.70343e+20,sim05753.iv
sim05754,35.4236,3.96995,5.94125,7.63023e+20,1.37811e+19,214.857,3.7339,5.48756,4.75934e+16,4.51926e+16,25.2052,3.02415,5.07601,1.29328e+19,9.64192e+20,sim05754.iv
sim05755,34.9907,3.84997,5.94081,9.24835e+20,2.19917e+19,340.02,3.71823,5.45205,7.32533e+16,6.57918e+16,47.6986,3.1542,5.12071,3.53352e+19,6.06957e+20,sim05755.iv
sim05756,42.4147,3.96394,5.99846,6.10403e+20,3.22211e+19,346.007,3.74392,5.46636,1.40232e+16,9.80617e+16,39.2326,3.12834,5.01589,3.31047e+19,9.60312e+20,sim05756.iv
sim05757,38.9166,3.87609,5.8598,5.499e+20,1.01286e+19,258.038,3.7137,5.57999,9.86779e+16,1.88394e+16,28.595,2.8126,5.06908,3.6136e+19,7.07868e+20,sim05757.iv
sim05758,44.3678,3.8134,5.92789,9.99258e+20,1.7488e+19,345.067,3.75364,5.46461,4.81309e+16,1.96075e+16,40.4848,3.02447,5.0362,3.10331e+19,9.78308e+20,sim05758.iv
sim05759,49.0415,3.95885,5.82849,6.81705e+20,3.43735e+19,234.507,3.77479,5.53798,3.4666e+16,8.88277e+16,40.6946,3.1284,5.12826,4.83921e+19,9.29743e+20,sim05759.iv
sim05760,48.3914,3.98537,5.92387,9.25876e+20,2.47329e+19,223.895,3.69731,5.42553,2.85513e+16,6.28204e+16,27.6701,2.80587,5.05866,3.23474e+19,7.44678e+20,sim05760.iv
sim05761,29.4323,3.9434,5.85161,8.58743e+20,1.81492e+19,220.173,3.67231,5.57195,7.651e+16,7.33483e+16,22.3148,2.87154,5.1314,3.73334e+19,7.05525e+20,sim05761.iv
sim05762,47.4928,3.99431,5.83062,6.11557e+20,4.90402e+19,322.56,3.64663,5.57983,6.74904e+16,5.97305e+16,42.3373,2.88927,5.08163,2.70053e+19,6.98682e+20,sim05762.iv
sim05763,22.8247,3.88305,5.82986,8.12686e+20,4.62184e+19,313.909,3.68842,5.49454,6.47343e+16,9.53031e+16,48.6051,3.08303,5.08791,1.88332e+19,5.84988e+20,sim05763.iv
sim05764,20.2382,3.8731,5.81222,8.47038e+20,1.5894e+19,323.498,3.6604,5.57179,1.14482e+16,1.93537e+16,43.5644,3.05474,5.02809,4.60069e+19,8.36638e+20,sim05764.iv
sim05765,35.0526,3.94529,5.92603,5.00842e+20,4.58538e+19,326.801,3.71561,5.50521,8.24357e+16,2.29094e+16,48.3234,3.17425,5.08633,3.38627e+19,8.30856e+20,sim05765.iv
sim05766,43.6607,3.96548,5.94133,9.09019e+20,2.11151e+19,278.829,3.77735,5.53814,7.87055e+16,5.07767e+16,35.7095,2.85594,5.13113,3.38793e+19,9.89161e+20,sim05766.iv
sim05767,35.0341,3.89543,5.90443,9.35228e+20,3.26038e+19,275.657,3.65713,5.59986,7.22677e+16,2.02712e+16,23.8552,3.02327,5.13145,2.30407e+19,5.06909e+20,sim05767.iv
sim05768,38.8487,3.82759,5.90735,9.54452e+20,2.95707e+19,232.387,3.70638,5.41996,8.20673e+16,5.74225e+16,31.5452,3.0192,5.03923,2.20972e+19,6.7199e+20,sim05768.iv
sim05769,38.8682,3.9187,5.8241,9.43247e+20,2.00247e+19,331.446,3.66881,5.50298,5.26031e+16,6.97976e+16,27.8562,3.06216,5.08647,3.94474e+19,7.77935e+20,sim05769.iv
sim05770,43.5356,3.97685,5.88364,5.97758e+20,1.2901e+19,258.69,3.7153,5.54066,6.79014e+16,2.63587e+16,34.6651,3.10788,5.15732,3.39002e+19,5.66664e+20,sim05770.iv
sim05771,33.256,3.80002,5.9369,6.89587e+20,1.78602e+19,241.807,3.60138,5.56814,1.04032e+16,4.19959e+16,39.0551,3.12705,5.19117,2.12277e+19,5.00579e+20,sim05771.iv
sim05772,42.2145,3.90162,5.88342,8.53378e+20,4.97307e+19,241.618,3.72554,5.51921,6.53869e+16,5.76741e+16,49.2294,2.90136,5.17456,3.63899e+19,9.5353e+20,sim05772.iv
sim05773,43.8903,3.93188,5.80928,8.02431e+20,1.8881e+19,257.469,3.6795,5.57479,9.42806e+16,7.94467e+16,24.5536,2.95798,5.00105,4.428e+19,5.68954e+20,sim05773.iv
sim05774,39.4483,3.90623,5.85063,7.90061e+20,2.21288e+19,253.958,3.62646,5.50968,9.07309e+16,4.11457e+16,37.2983,2.95052,5.05629,2.96728e+19,6.26683e+20,sim05774.iv
sim05775,40.7261,3.98254,5.88381,8.37831e+20,1.98087e+19,282.315,3.71875,5.56764,7.20692e+16,3.6342e+16,43.4018,3.13922,5.10973,3.27722e+19,8.39781e+20,sim05775.iv
sim05776,34.0019,3.91509,5.9384,6.36076e+20,1.33252e+19,253.792,3.67954,5.57861,9.16393e+16,6.5604e+16,22.8848,2.85566,5.00042,2.78548e+19,8.36682e+20,sim05776.iv
sim05777,48.1752,3.84491,5.82736,6.3432e+20,3.17349e+19,215.22,3.76587,5.52346,7.89566e+16,9.57548e+16,41.8163,3.12393,5.13086,2.1031e+19,6.05607e+20,sim05777.iv
sim05778,49.3665,3.88244,5.90133,6.02741e+20,1.46828e+19,272.762,3.72689,5.57463,3.96168e+16,4.61997e+16,46.1128,3.0834,5.05668,4.66345e+19,5.23933e+20,sim05778.iv
sim05779,39.3142,3.99445,5.81177,7.76368e+20,2.47421e+19,267.664,3.64765,5.58121,2.43351e+16,1.74051e+16,23.0011,2.81609,5.11385,2.01551e+19,9.50207e+20,sim05779.iv
sim05780,43.3047,3.92205,5.85401,9.80809e+20,1.66746e+19,340.36,3.66514,5.54084,7.33078e+16,5.81984e+16,30.0114,2.9026,5.08699,4.63475e+19,6.58019e+20,sim05780.iv
sim05781,38.4114,3.81622,5.83453,5.07133e+20,4.65395e+19,296.451,3.7486,5.54424,1.18229e+16,5.22834e+16,46.87,3.09337,5.14104,3.48307e+19,6.46217e+20,sim05781.iv
sim05782,30.8783,3.8002,5.93534,6.29908e+20,2.44863e+19,221.764,3.77506,5.43469,5.0063e+16,4.25131e+16,26.1085,3.13917,5.05121,2.26402e+19,9.13487e+20,sim05782.iv
sim05783,32.5116,3.9135,5.95431,6.76551e+20,2.81397e+19,255.964,3.61782,5.5364,4.33506e+16,1.49106e+16,48.6918,2.97906,5.00334,2.44186e+19,8.68739e+20,sim05783.iv
sim05784,27.9835,3.80611,5.99771,8.10058e+20,2.98752e+19,319.837,3.65998,5.52754,1.30788e+16,3.61728e+16,21.3237,2.88618,5.16803,2.49863e+19,5.42138e+20,sim05784.iv
sim05785,49.3292,3.88853,5.83698,6.78958e+20,1.16403e+19,268.042,3.67251,5.58344,6.79432e+16,6.65749e+16,48.4334,2.85732,5.1056,3.58731e+19,7.35847e+20,sim05785.iv
sim05786,25.8145,3.85349,5.80306,6.28042e+20,3.23718e+19,327.567,3.73883,5.58896,9.94405e+16,3.45325e+16,39.5277,3.09614,5.01029,3.03559e+19,8.86753e+20,sim05786.iv
sim05787,34.0606,3.88309,5.90983,5.53978e+20,1.297e+19,211.488,3.68259,5.49209,9.51315e+16,9.19612e+16,31.4184,3.18782,5.03163,1.94937e+19,7.59503e+20,sim05787.iv
sim05788,31.1938,3.90609,5.80112,8.3778e+20,2.09957e+19,253.084,3.78244,5.57732,4.65778e+16,4.38912e+16,43.7019,3.09197,5.02759,2.59875e+19,7.49099e+20,sim05788.iv
sim05789,34.1797,3.82054,5.92615,8.18305e+20,4.13675e+19,294.67,3.60887,5.44885,5.82049e+16,4.73797e+16,38.3388,2.82854,5.06154,1.86851e+19,7.9212e+20,sim05789.iv
sim05790,23.6971,3.86786,5.96988,8.53406e+20,2.77852e+19,280.346,3.60304,5.56281,3.85188e+16,3.23537e+16,29.5971,2.87977,5.16343,1.23186e+19,7.37182e+20,sim05790.iv
sim05791,39.7034,3.81008,5.90501,7.02629e+20,3.90154e+19,333.929,3.60662,5.4537,6.83409e+16,9.60595e+16,48.5665,3.19853,5.16993,1.47211e+19,9.05008e+20,sim05791.iv
sim05792,24.9572,3.90195,5.91446,8.1318e+20,1.49892e+19,316.612,3.61402,5.59161,5.64435e+16,3.92861e+16,25.94,3.16959,5.14287,3.22536e+19,8.61501e+20,sim05792.iv
sim05793,45.9361,3.89429,5.99239,6.14655e+20,4.13113e+19,298.96,3.79996,5.57069,9.89201e+16,7.24506e+16,37.2505,2.97851,5.08589,3.86612e+19,5.7624e+20,sim05793.iv
sim05794,28.0913,3.88713,5.96943,5.09178e+20,1.68439e+19,329.904,3.70196,5.48077,1.33636e+16,6.25198e+16,40.095,2.85146,5.1319,4.81528e+19,7.74427e+20,sim05794.iv
sim05795,26.7375,3.95415,5.82992,5.99643e+20,3.97333e+19,331.722,3.66203,5.51059,6.06612e+16,7.65974e+16,25.0397,2.83218,5.14645,4.79489e+19,9.77974e+20,sim05795.iv
sim05796,44.6795,3.9844,5.84776,5.13955e+20,1.72476e+19,294.913,3.7054,5.59305,1.92636e+16,2.93778e+16,20.5008,2.89868,5.08044,2.47832e+19,5.23921e+20,sim05796.iv
sim05797,37.3643,3.85542,5.81149,6.99697e+20,4.71368e+19,338.064,3.64087,5.43673,6.91807e+16,9.02493e+16,36.1055,3.03538,5.12056,3.61898e+19,9.54074e+20,sim05797.iv
sim05798,39.4332,3.8249,5.98404,7.04929e+20,1.03062e+19,294.171,3.77521,5.5283,1.20865e+16,5.74407e+16,42.9493,2.97426,5.04518,4.80272e+19,5.28335e+20,sim05798.iv
sim05799,21.4098,3.92759,5.86292,9.57465e+20,4.24091e+19,277.432,3.69464,5.56271,7.82808e+16,6.68747e+16,40.4662,3.1591,5.01766,1.8138e+19,6.59314e+20,sim05799.iv
sim05800,31.0521,3.82531,5.93016,7.06957e+20,1.97296e+19,330.099,3.70703,5.46379,8.443e+16,5.26021e+16,32.5729,3.08796,5.18719,3.86689e+19,9.5736e+20,sim05800.iv
sim05801,49.8259,3.96756,5.94169,7.4395e+20,2.5297e+19,306.646,3.69352,5.50116,8.15341e+16,8.29789e+16,26.6766,3.04393,5.19423,4.57437e+19,5.17788e+20,sim05801.iv
sim05802,45.4899,3.97523,5.85434,9.84301e+20,2.71407e+19,314.88,3.60828,5.43266,4.69298e+16,1.88352e+16,37.6796,2.90357,5.05686,3.67955e+19,7.5047e+20,sim05802.iv
sim05803,26.5168,3.84221,5.86619,6.58708e+20,4.69966e+19,314.598,3.65375,5.58965,9.24433e+16,8.70622e+16,41.9526,3.10781,5.09478,2.1735e+19,7.61965e+20,sim05803.iv
sim05804,42.8486,3.87615,5.86554,5.74975e+20,4.05735e+19,302.899,3.70866,5.4615,5.98901e+16,1.48558e+16,24.5532,2.91845,5.0197,1.11807e+19,6.1299e+20,sim05804.iv
sim05805,46.4525,3.80126,5.96016,7.8496e+20,1.1963e+19,268.595,3.72669,5.41622,1.96849e+16,1.97066e+16,42.6292,2.83452,5.1251,2.19963e+19,7.98924e+20,sim05805.iv
sim05806,20.7338,3.90508,5.9642,8.89346e+20,3.12933e+19,239.686,3.7524,5.50863,3.60823e+16,9.35566e+16,35.9678,3.16168,5.08607,2.81422e+19,6.79151e+20,sim05806.iv
sim05807,31.3762,3.86828,5.95161,6.40075e+20,1.89228e+19,332.718,3.79563,5.50314,2.46588e+16,1.89438e+16,38.4011,3.11227,5.14292,4.58116e+19,7.07623e+20,sim05807.iv
sim05808,48.1742,3.93652,5.94947,8.18405e+20,1.32734e+19,332.655,3.65305,5.41967,9.16731e+16,3.47331e+16,49.6641,3.14331,5.13236,4.55616e+19,9.07446e+20,sim05808.iv
sim05809,39.688,3.9169,5.94773,5.94746e+20,3.64238e+19,218.122,3.77472,5.54076,2.1166e+16,9.67156e+16,48.8041,3.02639,5.00135,4.46365e+19,9.50088e+20,sim05809.iv
sim05810,24.1588,3.89608,5.98635,9.21982e+20,4.81784e+19,309.618,3.65093,5.54232,4.88478e+16,7.34668e+16,34.2454,3.14101,5.12251,2.51587e+19,6.3368e+20,sim05810.iv
sim05811,41.7594,3.97557,5.98818,9.50524e+20,1.1083e+19,295.164,3.74367,5.44355,3.76612e+16,7.50393e+16,48.032,2.87843,5.14917,2.70294e+19,6.55432e+20,sim05811.iv
sim05812,28.8279,3.96469,5.81161,8.74174e+20,2.04241e+19,254.271,3.74246,5.49803,1.51941e+16,8.11914e+16,33.6446,2.95726,5.11075,3.69287e+19,9.73535e+20,sim05812.iv
sim05813,21.9318,3.93487,5.83086,5.01952e+20,4.312e+19,343.421,3.66137,5.49207,6.29512e+16,6.43147e+16,45.0092,2.93759,5.12171,1.34922e+19,9.1112e+20,sim05813.iv
sim05814,39.9093,3.91998,5.81148,5.25013e+20,1.33721e+19,242.397,3.68559,5.48745,2.41009e+16,4.99481e+16,35.4792,2.84003,5.02485,3.97515e+19,9.98719e+20,sim05814.iv
sim05815,25.5827,3.89275,5.83752,5.29669e+20,1.72098e+19,260.386,3.70966,5.50477,5.0534e+16,4.23465e+16,31.4872,2.80089,5.04467,1.69658e+19,7.91353e+20,sim05815.iv
sim05816,33.4054,3.84379,5.82632,8.37923e+20,4.60077e+19,245.771,3.72291,5.43226,3.17459e+16,2.65038e+16,36.2631,2.81697,5.09302,4.60398e+19,5.69873e+20,sim05816.iv
sim05817,37.7229,3.80834,5.91009,8.96481e+20,1.77919e+19,263.622,3.68331,5.5725,1.38128e+16,3.85263e+16,22.9189,3.06362,5.1026,3.13333e+19,5.87531e+20,sim05817.iv
sim05818,31.1149,3.97487,5.92364,9.30795e+20,3.5215e+19,290.373,3.77972,5.50017,7.46202e+16,2.07186e+16,25.5422,2.98189,5.06867,1.93392e+19,6.64961e+20,sim05818.iv
sim05819,40.5046,3.92841,5.82339,9.92461e+20,3.79749e+19,241.277,3.61742,5.57781,4.26564e+16,3.07159e+16,28.4566,2.90727,5.15517,3.57851e+19,6.73478e+20,sim05819.iv
sim05820,29.9149,3.99137,5.92883,8.61996e+20,2.19221e+19,348.635,3.74928,5.44808,9.29877e+16,4.49729e+16,22.0388,2.95007,5.16197,2.73135e+19,7.60361e+20,sim05820.iv
sim05821,34.4785,3.99103,5.80875,6.37401e+20,4.11401e+19,218.402,3.66918,5.57359,1.8935e+16,2.48281e+16,29.7893,3.08828,5.07358,4.31396e+19,5.02161e+20,sim05821.iv
sim05822,21.9366,3.96817,5.87672,7.51757e+20,4.62345e+19,228.764,3.72557,5.54926,5.14815e+16,3.23811e+16,20.5912,3.02892,5.03739,1.97407e+19,6.68161e+20,sim05822.iv
sim05823,37.5645,3.9771,5.9488,7.77605e+20,1.40687e+19,235.48,3.65368,5.51888,7.11142e+16,3.6066e+16,36.8063,3.09474,5.11523,4.88424e+19,5.99537e+20,sim05823.iv
sim05824,39.9611,3.80973,5.81336,5.01639e+20,2.2694e+19,214.145,3.77306,5.50076,7.40168e+16,7.27682e+16,46.732,2.84107,5.00871,3.85214e+19,9.10724e+20,sim05824.iv
sim05825,20.3551,3.90821,5.87981,9.55667e+20,3.79116e+19,347.331,3.67038,5.42823,7.71234e+16,7.75746e+16,32.6189,2.87619,5.0156,3.56227e+19,5.99341e+20,sim05825.iv
sim05826,22.2432,3.92741,5.92481,7.65233e+20,4.02445e+19,260.007,3.70346,5.59078,3.42337e+16,2.13132e+16,31.5112,3.00144,5.16102,2.94813e+19,8.29273e+20,sim05826.iv
sim05827,37.9839,3.89044,5.95968,5.59386e+20,4.01135e+19,297.644,3.78909,5.45793,2.54071e+16,3.61214e+16,27.2658,3.1447,5.12843,3.03092e+19,8.73337e+20,sim05827.iv
sim05828,21.848,3.8757,5.86943,9.60511e+20,2.30228e+19,252.094,3.78806,5.56537,7.65033e+16,1.5022e+16,27.4362,2.87914,5.16987,4.73964e+19,8.38622e+20,sim05828.iv
sim05829,45.6456,3.89579,5.8271,8.69422e+20,4.53248e+19,331.174,3.64103,5.59205,4.97614e+16,5.44711e+16,34.8562,2.88997,5.09822,3.31755e+19,9.67716e+20,sim05829.iv
sim05830,48.8087,3.84471,5.82769,6.05309e+20,2.23134e+19,285.648,3.69042,5.40186,1.44114e+16,7.56701e+16,44.6973,3.11477,5.00095,2.85058e+19,9.67488e+20,sim05830.iv
sim05831,49.8235,3.996,5.97556,8.1933e+20,4.50057e+19,337.429,3.71568,5.42691,2.57541e+16,7.16779e+16,39.0862,2.96709,5.02226,1.88e+19,9.98767e+20,sim05831.iv
sim05832,20.2569,3.96633,5.92271,5.20765e+20,2.69789e+19,324.044,3.72341,5.58516,9.65559e+16,8.44304e+16,41.7648,2.84332,5.15308,3.54791e+19,6.89568e+20,sim05832.iv
sim05833,43.6283,3.88873,5.94056,8.54604e+20,4.0457e+19,258.673,3.63688,5.54558,4.57573e+16,9.76317e+16,49.916,3.17794,5.09405,4.78148e+19,5.18888e+20,sim05833.iv
sim05834,39.3846,3.99556,5.80241,8.80522e+20,3.3751e+19,219.546,3.64229,5.42712,7.69262e+16,8.04121e+16,49.1997,3.10938,5.15647,2.75626e+19,5.77029e+20,sim05834.iv
sim05835,32.6988,3.8211,5.9694,7.22418e+20,4.17614e+19,343.405,3.67066,5.44149,3.2066e+16,7.68913e+16,27.2382,2.93394,5.12208,2.78357e+19,6.0652e+20,sim05835.iv
sim05836,34.4783,3.88894,5.93095,7.01993e+20,4.23476e+19,243.038,3.70109,5.56028,3.41589e+16,3.12902e+16,37.1938,3.0156,5.19045,4.22012e+19,6.53586e+20,sim05836.iv
sim05837,24.2604,3.85019,5.88091,5.45095e+20,2.06839e+19,322.315,3.7155,5.40773,1.08136e+16,4.462e+16,21.2628,2.92291,5.046,2.93239e+19,7.77864e+20,sim05837.iv
sim05838,40.5138,3.88475,5.91997,8.08261e+20,2.3238e+19,250.962,3.73344,5.44518,1.5555e+16,1.48257e+16,30.0537,3.19073,5.09885,2.25718e+19,8.34447e+20,sim05838.iv
sim05839,24.2548,3.97377,5.99893,8.11842e+20,1.48023e+19,339.507,3.62218,5.42658,7.45574e+16,7.51911e+16,26.7796,3.07375,5.18539,4.33687e+19,6.32663e+20,sim05839.iv
sim05840,30.3386,3.99511,5.89281,9.29251e+20,1.12492e+19,214.558,3.63328,5.4545,8.96054e+16,2.29003e+16,44.6299,3.07663,5.09389,3.09814e+19,7.90079e+20,sim05840.iv
sim05841,29.1319,3.95941,5.83356,5.83278e+20,3.47037e+19,254.847,3.60278,5.52854,8.24714e+16,6.98206e+16,34.227,3.07633,5.08799,3.57428e+19,7.08472e+20,sim05841.iv
sim05842,41.928,3.99099,5.94925,7.98167e+20,1.58375e+19,222.641,3.60339,5.49865,3.44369e+16,2.52669e+16,27.7551,3.18602,5.04433,3.11247e+19,9.90423e+20,sim05842.iv
sim05843,24.0606,3.84836,5.9181,8.63246e+20,4.41305e+19,302.542,3.60553,5.44322,5.93333e+16,2.11482e+16,24.0473,3.12499,5.15052,1.80374e+19,7.4661e+20,sim05843.iv
sim05844,49.3753,3.91828,5.94474,8.27079e+20,2.6771e+19,324.397,3.61565,5.5212,4.70547e+16,8.87948e+16,38.5772,2.90883,5.15266,2.58095e+19,8.88455e+20,sim05844.iv
sim05845,23.3995,3.87318,5.91364,5.6271e+20,3.01647e+19,333.409,3.61279,5.48742,8.14355e+16,2.06777e+16,21.5333,2.99347,5.18916,3.63038e+19,9.30012e+20,sim05845.iv
sim05846,48.163,3.90253,5.8144,5.51364e+20,3.86247e+19,302.546,3.64579,5.55155,3.17036e+16,6.04608e+16,31.1334,3.08111,5.13664,4.29775e+19,6.4064e+20,sim05846.iv
sim05847,32.0385,3.84526,5.90539,5.22222e+20,4.57787e+19,257.501,3.66566,5.48249,3.95089e+16,6.93682e+16,48.0967,3.00408,5.1619,2.30779e+19,7.08248e+20,sim05847.iv
sim05848,47.0321,3.81054,5.90117,9.15502e+20,3.43026e+19,224.225,3.61203,5.57632,4.65469e+16,5.16929e+16,25.3869,2.98782,5.08315,4.12483e+19,5.46642e+20,sim05848.iv
sim05849,39.1359,3.99425,5.85793,8.62178e+20,1.38106e+19,277.649,3.6723,5.54399,9.60608e+16,7.87559e+16,25.7008,3.12725,5.00616,3.73216e+19,5.23484e+20,sim05849.iv
sim05850,45.1975,3.97827,5.93006,6.21132e+20,1.79882e+19,240.895,3.66211,5.50039,1.48624e+16,7.98322e+16,34.9752,3.02322,5.12955,1.63933e+19,8.01425e+20,sim05850.iv
sim05851,32.0647,3.89373,5.92033,6.21444e+20,1.34376e+19,267.899,3.63055,5.4156,7.52544e+16,6.51573e+16,24.7612,2.9967,5.18282,4.64339e+19,7.21305e+20,sim05851.iv
sim05852,47.4648,3.96973,5.82431,6.39746e+20,2.05589e+19,215.435,3.70957,5.52224,1.46567e+16,6.39441e+16,26.4482,2.90507,5.00555,1.04651e+19,8.30222e+20,sim05852.iv
sim05853,26.4873,3.99183,5.98026,5.20111e+20,4.31867e+19,304.659,3.68184,5.44631,6.10966e+16,9.18525e+16,23.4503,3.16782,5.13622,1.28948e+19,7.46998e+20,sim05853.iv
sim05854,21.7651,3.93796,5.81427,6.95803e+20,1.41255e+19,344.461,3.65625,5.49937,3.12895e+16,6.06041e+16,23.2868,3.0794,5.03454,4.81422e+19,7.90536e+20,sim05854.iv
sim05855,47.2396,3.81692,5.86164,7.77059e+20,3.36176e+19,322.319,3.60316,5.54162,5.97146e+16,9.63078e+16,44.1374,2.92071,5.00372,3.22272e+19,7.59037e+20,sim05855.iv
sim05856,46.1803,3.81989,5.91734,9.98252e+20,1.10016e+19,217.615,3.60061,5.41172,3.03582e+16,6.93214e+16,35.0939,2.83444,5.07114,2.6228e+19,8.17009e+20,sim05856.iv
sim05857,27.8323,3.80097,5.81289,5.25093e+20,4.29608e+19,212.451,3.6564,5.4698,8.30306e+16,7.9804e+16,41.4296,3.05841,5.11825,4.81566e+19,5.02609e+20,sim05857.iv
sim05858,34.9136,3.93248,5.92584,9.89558e+20,4.00578e+19,293.389,3.6545,5.57916,3.90637e+16,7.42849e+16,30.1175,3.0386,5.08595,2.86696e+19,7.04731e+20,sim05858.iv
sim05859,43.7049,3.91797,5.9008,7.46997e+20,2.87132e+19,323.605,3.69971,5.49852,2.20602e+16,3.20852e+16,44.2767,3.1299,5.0701,1.78958e+19,8.95034e+20,sim05859.iv
sim05860,47.4541,3.94008,5.87565,7.46859e+20,4.50644e+19,231.253,3.60953,5.58149,6.15096e+16,6.74119e+16,24.1429,3.09057,5.11273,2.34539e+19,8.34897e+20,sim05860.iv
sim05861,47.543,3.98397,5.807,5.46117e+20,3.18512e+19,297.728,3.78677,5.52324,8.18115e+16,7.36585e+16,33.0058,2.9344,5.12773,3.58163e+19,6.77946e+20,sim05861.iv
sim05862,29.1933,3.82245,5.81905,5.43789e+20,3.79904e+19,284.509,3.77497,5.4226,9.99189e+16,5.07179e+16,43.5991,2.89183,5.06372,1.48825e+19,6.76458e+20,sim05862.iv
sim05863,31.1807,3.86495,5.98136,9.24737e+20,1.42547e+19,264.864,3.66319,5.58607,6.41774e+16,9.01102e+16,32.4157,3.04745,5.02774,1.46744e+19,8.06457e+20,sim05863.iv
sim05864,36.9159,3.97869,5.93737,6.06392e+20,3.08349e+19,215.915,3.73101,5.42449,4.7387e+16,1.34655e+16,40.0011,3.07363,5.02924,1.70152e+19,6.61244e+20,sim05864.iv
sim05865,49.8566,3.97733,5.89267,9.03293e+20,1.01621e+19,226.319,3.74569,5.57911,2.03448e+16,8.05512e+16,21.7786,2.93943,5.15341,2.91386e+19,8.72354e+20,sim05865.iv
sim05866,28.5076,3.93379,5.9579,5.99348e+20,1.74427e+19,216.302,3.67644,5.40279,5.74613e+16,3.49712e+16,49.6717,3.14876,5.10993,4.59649e+19,9.81393e+20,sim05866.iv
sim05867,38.005,3.87157,5.97655,6.33316e+20,2.31229e+19,300.991,3.60657,5.42347,5.99118e+16,2.25234e+16,45.6877,3.14954,5.10257,1.3696e+19,6.40053e+20,sim05867.iv
sim05868,37.5131,3.811,5.87083,5.89341e+20,3.30492e+19,332.09,3.77977,5.41954,1.85205e+16,7.5328e+16,20.1855,2.99884,5.132,2.55433e+19,7.13384e+20,sim05868.iv
sim05869,33.2001,3.85918,5.88414,9.01636e+20,4.34418e+19,293.726,3.66076,5.48111,7.3321e+16,5.26613e+16,23.6625,3.06586,5.01869,4.9496e+19,6.60336e+20,sim05869.iv
sim05870,24.7493,3.91919,5.95113,8.59236e+20,2.07e+19,285.626,3.73841,5.56285,5.3581e+16,1.07165e+16,32.6739,3.04584,5.02816,4.7033e+19,5.89345e+20,sim05870.iv
sim05871,24.576,3.80022,5.85,9.17982e+20,3.87759e+19,231.018,3.78671,5.52799,5.55556e+16,2.12878e+16,46.6823,3.0402,5.02751,2.92921e+19,5.18533e+20,sim05871.iv
sim05872,22.2862,3.83723,5.88522,9.08912e+20,3.68568e+19,305.822,3.61515,5.43975,4.99405e+16,9.4451e+16,38.8125,2.884,5.00114,1.26013e+19,5.88242e+20,sim05872.iv
sim05873,38.8716,3.82876,5.80833,7.87354e+20,1.71006e+19,241.343,3.79315,5.56282,8.51653e+16,1.28565e+16,49.1196,2.99245,5.01747,2.25872e+19,5.50908e+20,sim05873.iv
sim05874,29.8215,3.82553,5.85001,5.33832e+20,2.0251e+19,257.699,3.78284,5.43782,8.45186e+16,8.35941e+16,36.8321,2.97505,5.08019,4.64172e+19,9.76896e+20,sim05874.iv
sim05875,41.0324,3.97275,5.95681,8.57163e+20,1.96467e+19,268.024,3.64978,5.55067,3.71022e+16,7.33329e+16,29.9232,2.825,5.17843,2.65971e+19,6.1502e+20,sim05875.iv
sim05876,36.0572,3.8266,5.80224,5.12138e+20,4.96265e+19,321.41,3.76897,5.49839,5.77961e+16,2.65768e+16,34.9406,3.03203,5.16452,4.41357e+19,9.09626e+20,sim05876.iv
sim05877,48.5905,3.98098,5.85552,5.98376e+20,2.5019e+19,221.711,3.7661,5.49309,2.08122e+16,5.09927e+16,36.55,2.94459,5.06301,2.76991e+19,6.25055e+20,sim05877.iv
sim05878,31.2998,3.94114,5.98067,5.2644e+20,4.88042e+19,269.132,3.76886,5.53185,8.41249e+16,2.39488e+16,23.7658,2.81882,5.04354,3.58099e+19,7.5149e+20,sim05878.iv
sim05879,39.9652,3.9945,5.83224,6.1086e+20,1.89878e+19,311.392,3.6063,5.46737,5.94131e+16,1.12207e+16,47.9609,3.18464,5.16431,2.88482e+19,7.92361e+20,sim05879.iv
sim05880,20.762,3.96098,5.80253,8.14394e+20,1.35802e+19,320.842,3.70592,5.43142,1.60342e+16,3.21049e+16,49.0759,2.84842,5.09113,2.08906e+19,8.31077e+20,sim05880.iv
sim05881,43.0033,3.98763,5.89313,7.31157e+20,2.11649e+19,314.646,3.79845,5.47131,7.32511e+16,7.94001e+16,44.4219,3.04184,5.08112,3.36447e+19,5.50225e+20,sim05881.iv
sim05882,49.0943,3.83121,5.84362,7.99354e+20,3.1578e+19,219.217,3.71201,5.53298,5.31577e+16,6.19491e+16,23.4745,3.15893,5.19877,3.4575e+19,7.75083e+20,sim05882.iv
sim05883,41.0232,3.97698,5.83689,7.48342e+20,2.61856e+19,232.418,3.68239,5.57561,2.02336e+16,2.63079e+16,39.2461,2.88499,5.03468,4.6952e+19,7.19996e+20,sim05883.iv
sim05884,26.4282,3.90124,5.81342,6.16422e+20,3.27962e+19,235.425,3.7847,5.44892,3.57719e+16,7.36754e+16,45.9819,2.83304,5.11139,3.93442e+19,9.32522e+20,sim05884.iv
sim05885,22.6284,3.99895,5.81982,9.01594e+20,1.59115e+19,296.41,3.66804,5.46804,4.33289e+16,7.4751e+16,31.6374,3.17342,5.03986,1.02002e+19,5.87725e+20,sim05885.iv
sim05886,48.7734,3.92822,5.92292,9.88789e+20,2.81336e+19,253.793,3.60202,5.45582,5.29674e+16,1.01429e+16,45.8314,3.01877,5.17584,3.83651e+19,8.13208e+20,sim05886.iv
sim05887,41.3199,3.94799,5.88016,8.58723e+20,4.46833e+19,315.2,3.73494,5.56702,2.8896e+16,3.91721e+16,37.2942,2.88138,5.13891,4.01608e+19,5.12887e+20,sim05887.iv
sim05888,39.8024,3.8061,5.80945,5.74503e+20,1.91705e+19,330.875,3.71148,5.411,9.65296e+16,5.20219e+16,36.514,3.08291,5.16777,3.35818e+19,8.12645e+20,sim05888.iv
sim05889,22.5737,3.81078,5.85195,7.74251e+20,4.5872e+19,234.305,3.78799,5.45285,8.37615e+16,3.56679e+16,32.1494,3.08103,5.17643,1.98332e+19,8.86085e+20,sim05889.iv
sim05890,49.804,3.87988,5.81955,7.8558e+20,1.95309e+19,222.939,3.72077,5.47036,3.72248e+16,9.1898e+16,23.307,2.9786,5.14268,3.48215e+19,8.20385e+20,sim05890.iv
sim05891,44.1503,3.86786,5.89042,6.64354e+20,2.0247e+19,261.285,3.6675,5.48465,8.70887e+16,4.13797e+16,33.3313,2.97242,5.05664,2.92531e+19,9.33417e+20,sim05891.iv
sim05892,28.2608,3.89735,5.89663,8.46222e+20,3.00205e+19,241.713,3.67371,5.43475,1.79003e+16,2.4734e+16,22.9594,2.83675,5.02832,2.49739e+19,5.71435e+20,sim05892.iv
sim05893,34.619,3.85122,5.96751,5.57813e+20,3.86226e+19,220.226,3.79379,5.54233,8.76297e+16,1.82903e+16,38.2832,2.80282,5.07419,4.92957e+19,6.83029e+20,sim05893.iv
sim05894,37.262,3.90333,5.86245,5.29087e+20,4.48259e+19,303.245,3.79541,5.52364,1.95416e+16,4.98809e+16,27.9402,3.17459,5.04245,2.77876e+19,9.7248e+20,sim05894.iv
sim05895,22.5938,3.94893,5.92833,7.15973e+20,1.40427e+19,327.239,3.60546,5.55699,6.4402e+16,2.73508e+16,36.8209,3.0776,5.07764,4.20259e+19,9.78173e+20,sim05895.iv
sim05896,42.2815,3.80042,5.86841,9.56399e+20,2.35218e+19,236.611,3.6288,5.5603,3.19227e+16,5.11895e+16,35.0906,3.18502,5.12951,4.83856e+19,6.04374e+20,sim05896.iv
sim05897,45.8248,3.84117,5.85524,9.89184e+20,2.98008e+19,260.537,3.73056,5.55586,5.08012e+16,8.52388e+16,39.2184,3.14363,5.18976,3.56461e+19,8.56053e+20,sim05897.iv
sim05898,22.4136,3.95888,5.99511,7.36207e+20,2.62402e+19,307.886,3.6424,5.4235,9.35177e+16,1.60652e+16,40.8635,2.92058,5.00212,1.95505e+19,9.14543e+20,sim05898.iv
sim05899,20.6108,3.84255,5.94748,9.91536e+20,3.65738e+19,284.757,3.67793,5.54639,2.91904e+16,1.73967e+16,41.0446,3.16294,5.17444,2.50799e+19,9.69233e+20,sim05899.iv
sim05900,22.4246,3.81303,5.90888,8.45951e+20,2.09662e+19,292.159,3.61128,5.57978,6.03441e+16,9.49904e+16,37.4453,3.13907,5.19001,2.87972e+19,6.64955e+20,sim05900.iv
sim05901,29.6834,3.87399,5.85288,9.70528e+20,3.11058e+19,294.812,3.61375,5.57649,1.72278e+16,5.63862e+16,45.9726,2.84192,5.16626,3.86115e+19,7.70258e+20,sim05901.iv
sim05902,30.0341,3.94486,5.98816,5.81786e+20,1.02412e+19,210.611,3.79765,5.51145,5.56056e+16,2.71117e+16,29.1735,3.04324,5.02975,3.00148e+19,5.08273e+20,sim05902.iv
sim05903,42.3005,3.84006,5.99576,9.81008e+20,1.37015e+19,276.875,3.65714,5.51027,6.14797e+16,7.82218e+16,39.2137,2.86831,5.10543,4.75201e+19,5.16326e+20,sim05903.iv
sim05904,21.3048,3.84934,5.95281,9.99576e+20,1.72482e+19,250.729,3.77244,5.53035,3.80157e+16,7.28884e+16,25.3796,3.08445,5.02192,3.2913e+19,7.44442e+20,sim05904.iv
sim05905,33.1045,3.90931,5.9977,7.67324e+20,1.61184e+19,236.735,3.64812,5.54621,2.6632e+16,2.86463e+16,49.3404,3.10281,5.07604,3.338e+19,7.33193e+20,sim05905.iv
sim05906,38.5124,3.99075,5.95713,7.61568e+20,1.58624e+19,218.829,3.69741,5.41321,9.82004e+16,5.54792e+16,24.857,2.89346,5.04549,3.0511e+19,7.20047e+20,sim05906.iv
sim05907,38.8249,3.88032,5.93504,6.88134e+20,2.22753e+19,215.676,3.75909,5.50045,2.78414e+16,5.12327e+16,29.8828,2.88625,5.13295,2.85737e+19,7.15394e+20,sim05907.iv
sim05908,34.0409,3.93042,5.95967,7.31291e+20,3.16993e+19,300.365,3.63501,5.55424,1.29766e+16,3.13621e+16,49.5485,3.04979,5.08439,3.9451e+19,6.95151e+20,sim05908.iv
sim05909,30.842,3.95007,5.89352,7.35497e+20,1.44598e+19,325.522,3.66922,5.51298,4.68863e+16,6.47533e+16,35.8096,3.18342,5.19155,1.68222e+19,9.46586e+20,sim05909.iv
sim05910,33.1522,3.89364,5.94769,7.53365e+20,3.8792e+19,268.677,3.74478,5.49823,2.00717e+16,6.38806e+16,40.2556,2.89888,5.13324,4.98123e+19,7.41553e+20,sim05910.iv
sim05911,29.3694,3.83402,5.83945,6.13391e+20,2.44438e+19,213.573,3.69544,5.57722,5.19697e+16,5.58395e+16,37.1471,3.18996,5.0582,4.83738e+19,8.81458e+20,sim05911.iv
sim05912,33.2989,3.96845,5.9911,9.69905e+20,2.80544e+19,337.319,3.7408,5.4156,1.32992e+16,4.5943e+16,39.3444,3.15768,5.00748,2.08091e+19,8.73787e+20,sim05912.iv
sim05913,30.9,3.9206,5.87968,6.03673e+20,1.24181e+19,285.25,3.6371,5.41388,3.78552e+16,9.33468e+16,36.8037,2.89599,5.12383,4.08212e+19,9.25002e+20,sim05913.iv
sim05914,49.7139,3.92349,5.88649,8.39704e+20,1.44033e+19,313.252,3.65574,5.53325,5.19352e+16,3.27755e+16,43.0911,3.15097,5.11414,4.35396e+19,9.199e+20,sim05914.iv
sim05915,27.2795,3.92198,5.99864,5.57374e+20,3.58645e+19,261.346,3.67758,5.41211,3.52789e+16,8.69462e+16,21.7815,2.92268,5.19732,1.58195e+19,8.81127e+20,sim05915.iv
sim05916,49.833,3.97794,5.97105,9.98531e+20,2.08915e+19,344.491,3.70819,5.42128,8.78935e+16,2.17743e+16,25.3126,2.80025,5.07557,2.66594e+19,6.29548e+20,sim05916.iv
sim05917,44.6061,3.97623,5.85891,7.59856e+20,4.7675e+19,235.274,3.64375,5.47527,3.17606e+16,1.33098e+16,46.9561,2.82107,5.07302,1.38124e+19,6.73973e+20,sim05917.iv
sim05918,23.2473,3.82224,5.92821,7.21486e+20,2.09151e+19,343.672,3.79408,5.52254,2.83592e+16,9.37615e+16,30.9855,2.99369,5.14753,3.96683e+19,7.29646e+20,sim05918.iv
sim05919,36.1585,3.99456,5.89908,8.53125e+20,1.84924e+19,296.695,3.63562,5.47324,5.03708e+16,7.04004e+16,22.4438,2.84011,5.01041,2.52516e+19,6.00745e+20,sim05919.iv
sim05920,43.0836,3.96503,5.84893,8.07529e+20,2.95825e+19,238.076,3.72724,5.54742,8.53768e+16,3.71826e+16,24.6298,3.17271,5.18619,2.14391e+19,5.28161e+20,sim05920.iv
sim05921,41.2611,3.87301,5.95173,5.3583e+20,2.83618e+19,256.534,3.72853,5.54189,9.5386e+16,4.12988e+16,23.8751,3.18446,5.11404,4.73367e+19,9.15286e+20,sim05921.iv
sim05922,34.7246,3.81771,5.85985,8.496e+20,3.93656e+19,245.212,3.72813,5.42057,2.92164e+16,2.10285e+16,26.1002,2.8662,5.1439,4.66205e+19,9.83205e+20,sim05922.iv
sim05923,31.736,3.9719,5.81829,7.84527e+20,3.42127e+19,267.417,3.6045,5.46605,1.045e+16,8.2751e+16,49.9672,2.88318,5.15431,4.56593e+19,6.44216e+20,sim05923.iv
sim05924,39.4514,3.84983,5.81324,7.8864e+20,2.16311e+19,330.751,3.79161,5.43546,2.35018e+16,2.80232e+16,33.9599,2.92724,5.12815,2.85908e+19,5.10959e+20,sim05924.iv
sim05925,42.4752,3.87061,5.93275,9.20049e+20,1.43491e+19,293.402,3.78643,5.42697,6.45555e+16,2.94887e+16,32.8103,3.09227,5.16832,4.70209e+19,9.01827e+20,sim05925.iv
sim05926,46.0679,3.81814,5.94017,8.48345e+20,1.34542e+19,257.067,3.67063,5.52942,5.88939e+16,9.43481e+16,24.2748,3.03714,5.02646,4.43668e+19,6.90678e+20,sim05926.iv
sim05927,28.3907,3.85677,5.82373,6.04335e+20,2.53699e+19,214.809,3.70123,5.43697,5.95405e+16,2.2272e+16,27.7155,3.1166,5.19887,2.39276e+19,7.3636e+20,sim05927.iv
sim05928,33.232,3.87166,5.85166,8.21415e+20,1.94126e+19,272.892,3.67911,5.54936,8.35517e+16,1.19786e+16,36.9897,2.84581,5.01797,2.35693e+19,5.35451e+20,sim05928.iv
sim05929,47.8829,3.9386,5.9291,5.84282e+20,4.40298e+19,246.505,3.65272,5.578,6.62666e+16,7.01086e+16,49.1809,2.95975,5.05483,2.06413e+19,5.99471e+20,sim05929.iv
sim05930,45.1008,3.85763,5.82325,8.87497e+20,4.85261e+19,317.32,3.66648,5.43453,8.08323e+16,6.96805e+16,25.911,3.17901,5.11843,3.36672e+19,6.98108e+20,sim05930.iv
sim05931,26.1563,3.91677,5.88408,5.81805e+20,1.07748e+19,333.845,3.78637,5.42013,3.64114e+16,7.53003e+16,39.3874,2.95908,5.0646,4.95033e+19,5.55378e+20,sim05931.iv
sim05932,44.6562,3.87702,5.80256,8.99312e+20,4.90159e+19,326.188,3.72438,5.54902,3.51594e+16,3.5017e+16,45.7705,3.03619,5.08943,3.52476e+19,6.90855e+20,sim05932.iv
sim05933,47.0245,3.85838,5.83206,5.90236e+20,4.69732e+19,253.117,3.79545,5.40811,1.4439e+16,8.38389e+16,32.1296,3.08154,5.11855,3.74863e+19,7.62676e+20,sim05933.iv
sim05934,41.0993,3.91397,5.88064,8.48959e+20,1.48614e+19,247.506,3.63751,5.56805,6.60069e+16,1.01336e+16,44.7547,2.91015,5.00218,1.32161e+19,7.77055e+20,sim05934.iv
sim05935,25.4691,3.92581,5.97111,7.045e+20,4.48473e+19,239.936,3.7282,5.57849,5.94989e+16,8.02024e+16,38.1511,2.86407,5.18383,1.81906e+19,8.92531e+20,sim05935.iv
sim05936,22.7978,3.89787,5.91647,8.3761e+20,3.80741e+19,217.703,3.66457,5.53362,4.37235e+16,5.01904e+16,22.9426,3.0402,5.06553,1.45388e+19,7.52326e+20,sim05936.iv
sim05937,32.0612,3.92602,5.84578,5.75915e+20,2.36953e+19,338.681,3.64279,5.45916,8.05957e+16,7.83844e+16,31.8486,3.12466,5.14952,2.13866e+19,8.10306e+20,sim05937.iv
sim05938,27.8388,3.90424,5.88869,7.383e+20,4.81688e+19,320.945,3.7237,5.41032,2.14962e+16,6.75789e+16,47.556,2.81944,5.19796,2.88315e+19,6.90588e+20,sim05938.iv
sim05939,40.4627,3.9979,5.84081,9.81419e+20,1.49623e+19,323.464,3.74071,5.49751,5.92238e+16,9.79188e+16,42.9669,3.19584,5.02271,2.5875e+19,6.24345e+20,sim05939.iv
sim05940,29.7846,3.9934,5.91079,9.16913e+20,1.03708e+19,283.105,3.79128,5.46833,5.44603e+16,3.69837e+16,41.3405,2.80355,5.1141,1.44633e+19,7.26427e+20,sim05940.iv
sim05941,35.1279,3.88156,5.81013,7.78917e+20,2.00263e+19,271.745,3.61814,5.43262,6.54153e+16,9.94246e+16,49.4328,2.84594,5.11597,4.61514e+19,6.99554e+20,sim05941.iv
sim05942,44.125,3.82847,5.99717,8.2153e+20,3.47019e+19,291.343,3.78053,5.46177,2.92488e+16,5.80846e+16,49.5404,3.19317,5.01833,1.19162e+19,9.04124e+20,sim05942.iv
sim05943,39.2892,3.92502,5.93986,5.15652e+20,2.64155e+19,277.123,3.73178,5.51606,7.79989e+16,5.88461e+16,38.9714,2.80203,5.12738,3.04613e+19,7.06621e+20,sim05943.iv
sim05944,40.904,3.80042,5.95382,9.43361e+20,1.45203e+19,259.637,3.77372,5.41243,3.04503e+16,8.25147e+16,30.714,2.93559,5.07969,4.86817e+19,5.2892e+20,sim05944.iv
sim05945,31.015,3.87235,5.99582,6.43932e+20,4.77618e+19,266.469,3.69131,5.53537,5.32184e+16,2.9518e+16,45.1843,2.91286,5.17144,4.87244e+19,7.66898e+20,sim05945.iv
sim05946,25.2326,3.83252,5.97036,6.4182e+20,2.97644e+19,319.77,3.61111,5.48666,7.03608e+16,6.173e+16,32.1993,2.94112,5.0159,3.42138e+19,5.29038e+20,sim05946.iv
sim05947,35.6404,3.82676,5.80799,7.43589e+20,2.22391e+19,278.377,3.63275,5.5933,1.12583e+16,2.22121e+16,41.3346,3.17207,5.00915,1.0893e+19,7.79209e+20,sim05947.iv
sim05948,33.2237,3.8409,5.82646,9.26561e+20,1.49586e+19,307.349,3.7654,5.40447,7.70095e+16,7.14945e+16,36.2911,2.83175,5.18157,4.63387e+19,6.70724e+20,sim05948.iv
sim05949,30.0875,3.90944,5.97511,9.66114e+20,1.99733e+19,287.889,3.67289,5.44362,1.02597e+16,3.64122e+16,29.8422,3.06183,5.12878,4.91401e+19,8.31534e+20,sim05949.iv
sim05950,24.5934,3.91793,5.8331,5.76971e+20,4.7089e+19,235.01,3.69542,5.58146,6.46174e+16,5.13615e+16,30.0516,2.85032,5.17176,4.2117e+19,9.59179e+20,sim05950.iv
sim05951,43.2371,3.89801,5.83876,9.40538e+20,1.81686e+19,275.559,3.73174,5.56973,8.59402e+16,4.28123e+16,23.6532,2.99592,5.17459,2.15709e+19,7.69052e+20,sim05951.iv
sim05952,24.7355,3.94863,5.92139,8.69862e+20,2.15992e+19,304.701,3.63418,5.48384,8.57132e+16,5.60211e+16,46.9796,3.12681,5.10549,2.36084e+19,8.7376e+20,sim05952.iv
sim05953,42.517,3.90385,5.82746,6.59992e+20,2.91559e+19,342.151,3.75475,5.55546,2.83912e+16,2.39503e+16,49.1608,2.915,5.13106,4.01322e+19,7.6134e+20,sim05953.iv
sim05954,22.2328,3.86715,5.98631,7.78905e+20,4.8035e+19,232.639,3.61361,5.53191,3.50436e+16,6.14621e+16,30.9909,2.89968,5.01766,3.20859e+19,5.26997e+20,sim05954.iv
sim05955,41.5455,3.8526,5.82831,9.15125e+20,4.60712e+19,227.734,3.79027,5.49387,2.07592e+16,4.32298e+16,36.4808,2.90506,5.15616,1.4699e+19,9.42236e+20,sim05955.iv
sim05956,32.5207,3.99539,5.88956,5.08217e+20,2.5605e+19,265.177,3.67171,5.55054,6.26776e+16,9.14812e+16,38.7579,3.03381,5.0544,3.64633e+19,8.50537e+20,sim05956.iv
sim05957,21.335,3.81038,5.84198,7.91986e+20,3.54339e+19,259.866,3.64891,5.43296,3.71405e+16,5.08123e+16,37.9917,3.1483,5.1269,3.1851e+19,6.72896e+20,sim05957.iv
sim05958,32.9304,3.92896,5.9274,6.05635e+20,4.23966e+19,326.164,3.79632,5.5788,1.91367e+16,4.9147e+16,21.7239,3.10752,5.17451,2.95782e+19,5.92977e+20,sim05958.iv
sim05959,33.7816,3.82621,5.81808,5.61188e+20,1.40623e+19,334.992,3.60614,5.4565,2.85181e+16,5.00629e+16,27.6508,2.90003,5.17851,3.64471e+19,6.4809e+20,sim05959.iv
sim05960,29.6417,3.87385,5.87919,5.93922e+20,2.39987e+19,332.375,3.7439,5.40769,8.28751e+16,4.65742e+16,41.7351,2.95725,5.15512,3.65534e+19,8.36153e+20,sim05960.iv
sim05961,46.4503,3.96511,5.89847,8.30824e+20,2.51532e+19,302.393,3.65332,5.51448,8.32904e+16,5.54489e+16,40.4721,2.91505,5.16391,2.89e+19,6.98407e+20,sim05961.iv
sim05962,20.9075,3.8199,5.82487,7.42836e+20,1.30901e+19,296.857,3.63129,5.52452,5.61478e+16,3.55923e+16,33.9272,2.9843,5.02642,2.85334e+19,8.20601e+20,sim05962.iv
sim05963,40.8179,3.97853,5.94455,7.66952e+20,2.19654e+19,275.326,3.79508,5.58897,7.63738e+16,1.29862e+16,21.937,3.19001,5.16207,2.95264e+19,7.00173e+20,sim05963.iv
sim05964,25.4898,3.90379,5.93014,5.64272e+20,2.89359e+19,259.836,3.77762,5.54228,9.12735e+16,4.21465e+16,24.874,3.1322,5.08473,3.29226e+19,8.60797e+20,sim05964.iv
sim05965,38.6576,3.96053,5.83525,5.43655e+20,2.34895e+19,283.758,3.75108,5.55813,6.11227e+16,7.9572e+16,37.1812,2.89752,5.1496,3.38662e+19,7.83706e+20,sim05965.iv
sim05966,44.2745,3.80765,5.84638,8.42944e+20,1.87558e+19,236.956,3.79021,5.58637,5.22228e+16,1.92711e+16,43.5568,3.1135,5.07178,4.02744e+19,5.44516e+20,sim05966.iv
sim05967,33.6544,3.80976,5.97635,6.74615e+20,1.67744e+19,230.353,3.62149,5.42173,5.26458e+16,2.55075e+16,42.8812,3.00377,5.17439,4.29713e+19,8.68875e+20,sim05967.iv
sim05968,25.1351,3.8923,5.98343,8.82076e+20,3.17757e+19,286.731,3.66905,5.56934,9.10309e+16,7.15288e+16,49.9812,3.11309,5.16458,3.01388e+19,7.35026e+20,sim05968.iv
sim05969,30.9911,3.89781,5.91964,7.70607e+20,1.81388e+19,271.551,3.69944,5.50816,1.49977e+16,7.56501e+16,49.0482,2.87536,5.17344,1.81855e+19,5.26462e+20,sim05969.iv
sim05970,42.3402,3.97218,5.96883,5.44041e+20,1.02668e+19,334.193,3.65157,5.44317,8.61039e+16,3.63529e+16,34.7816,3.17012,5.13872,2.74213e+19,7.51234e+20,sim05970.iv
sim05971,29.8659,3.97141,5.91069,9.09616e+20,4.99142e+19,275.979,3.60432,5.57797,3.16875e+16,3.30931e+16,30.1322,3.18729,5.12901,3.95633e+19,5.68344e+20,sim05971.iv
sim05972,31.2896,3.84836,5.80363,8.27912e+20,1.04257e+19,331.724,3.73153,5.50647,5.01416e+16,4.92856e+16,29.4045,3.0682,5.12151,2.25725e+19,9.75519e+20,sim05972.iv
sim05973,31.4397,3.94489,5.88933,5.55909e+20,4.63508e+19,321.51,3.63543,5.48675,8.67272e+16,7.61727e+16,39.6716,3.12648,5.06351,4.38779e+19,9.53525e+20,sim05973.iv
sim05974,21.7448,3.9828,5.99296,6.93218e+20,4.55937e+19,217.61,3.73978,5.49363,5.38289e+16,9.22519e+16,38.7098,3.15798,5.03618,3.8646e+19,6.1724e+20,sim05974.iv
sim05975,24.8387,3.97375,5.91826,5.71389e+20,3.16654e+19,300.673,3.77947,5.43811,2.68635e+16,7.4813e+16,32.0526,3.08554,5.03987,3.55071e+19,6.01407e+20,sim05975.iv
sim05976,32.5609,3.9813,5.84458,6.09438e+20,3.80626e+19,243.615,3.71145,5.51567,8.77623e+16,1.47767e+16,47.9194,3.06989,5.17165,2.79163e+19,5.71013e+20,sim05976.iv
sim05977,45.8842,3.88249,5.90932,6.97978e+20,1.30474e+19,240.837,3.79081,5.51919,5.58865e+16,1.35002e+16,46.2989,3.19359,5.01276,3.94508e+19,9.79712e+20,sim05977.iv
sim05978,47.9023,3.9308,5.90855,5.34598e+20,3.17294e+19,331.891,3.63041,5.43064,8.3084e+16,9.72182e+16,22.5012,2.86093,5.07993,4.74912e+19,5.44556e+20,sim05978.iv
sim05979,21.1344,3.98485,5.88594,7.87708e+20,2.40958e+19,298.604,3.70631,5.40356,2.60049e+16,1.48708e+16,23.1668,2.86447,5.18167,1.83535e+19,9.9528e+20,sim05979.iv
sim05980,47.0878,3.88512,5.81494,9.82088e+20,3.9925e+19,255.117,3.65422,5.57717,8.03844e+16,2.88071e+16,26.304,3.11997,5.17342,3.10381e+19,5.76728e+20,sim05980.iv
sim05981,27.3566,3.93046,5.83453,5.16367e+20,2.19957e+19,300.047,3.69806,5.59135,2.20979e+16,9.35102e+16,34.186,3.1773,5.03598,2.04193e+19,6.80736e+20,sim05981.iv
sim05982,23.737,3.83832,5.88203,7.79312e+20,3.2947e+19,210.957,3.76002,5.46055,7.63018e+16,3.44117e+16,28.5275,3.03833,5.00339,1.47517e+19,9.84172e+20,sim05982.iv
sim05983,33.7753,3.96522,5.96397,5.03001e+20,2.84805e+19,297.133,3.7588,5.59321,2.28229e+16,7.33285e+16,33.2048,2.95764,5.00021,4.96069e+19,8.09032e+20,sim05983.iv
sim05984,38.8836,3.98722,5.84685,8.52055e+20,2.84003e+19,278.306,3.7569,5.45378,9.42832e+16,5.39287e+16,35.4924,2.95665,5.01524,3.21568e+19,8.28284e+20,sim05984.iv
sim05985,21.5222,3.85932,5.96594,7.47644e+20,3.41046e+19,261.369,3.61143,5.51208,3.29384e+16,7.38924e+16,31.8746,3.0035,5.1123,3.88939e+19,9.05999e+20,sim05985.iv
sim05986,23.0266,3.81867,5.83214,8.28997e+20,2.00437e+19,318.304,3.6768,5.48393,6.02795e+16,6.54717e+16,20.5475,2.96566,5.16332,3.44108e+19,6.37459e+20,sim05986.iv
sim05987,47.8883,3.9937,5.89302,6.73599e+20,4.49149e+19,249.485,3.74556,5.53725,6.70615e+16,2.44876e+16,25.2791,2.955,5.10845,2.45814e+19,8.66009e+20,sim05987.iv
sim05988,28.3252,3.92123,5.84907,7.20561e+20,2.70026e+19,281.359,3.75058,5.46821,6.80279e+16,9.07355e+16,29.3835,3.00566,5.06043,4.32059e+19,6.45115e+20,sim05988.iv
sim05989,49.5541,3.81329,5.97889,9.0102e+20,1.61731e+19,303.369,3.60742,5.41095,6.10748e+16,6.28108e+16,29.303,3.14855,5.12103,3.57358e+19,8.03675e+20,sim05989.iv
sim05990,32.1257,3.81379,5.91284,9.12423e+20,4.62451e+19,229.055,3.74668,5.442,2.8661e+16,1.58419e+16,49.1752,3.09923,5.06774,4.42118e+19,5.72544e+20,sim05990.iv
sim05991,30.2236,3.80988,5.88733,6.27098e+20,4.95868e+19,236.545,3.63424,5.40951,5.53928e+16,1.71284e+16,42.892,2.9672,5.19874,1.28065e+19,7.21658e+20,sim05991.iv
sim05992,49.12,3.88606,5.86944,5.68142e+20,3.42193e+19,253.859,3.71437,5.58425,6.17634e+16,1.56373e+16,34.8114,3.0828,5.11972,1.54245e+19,7.13114e+20,sim05992.iv
sim05993,35.9334,3.87717,5.98475,9.92494e+20,4.04353e+19,339.004,3.78754,5.46973,4.07054e+16,1.37113e+16,26.4843,2.86175,5.03355,1.63345e+19,6.68474e+20,sim05993.iv
sim05994,39.486,3.97274,5.83642,8.24752e+20,3.06175e+19,300.598,3.60135,5.56846,4.51868e+16,8.05582e+16,30.2492,3.18486,5.13461,4.71315e+19,7.07097e+20,sim05994.iv
sim05995,28.9056,3.89072,5.82875,6.10686e+20,2.51134e+19,257.465,3.60845,5.4429,6.55437e+16,9.0738e+16,25.9775,2.88475,5.14905,3.55201e+19,9.43071e+20,sim05995.iv
sim05996,24.3681,3.98045,5.85566,6.3788e+20,2.68295e+19,344.728,3.62059,5.52421,8.64997e+16,9.50976e+16,43.0966,2.8255,5.16432,4.10932e+19,9.73101e+20,sim05996.iv
sim05997,25.4062,3.90048,5.87913,8.46633e+20,1.64329e+19,215.952,3.66321,5.54442,6.74873e+16,3.68215e+16,37.828,3.01245,5.06248,1.07948e+19,7.52291e+20,sim05997.iv
sim05998,20.2831,3.94155,5.84282,6.5832e+20,1.4504e+19,288.238,3.62301,5.48781,6.99245e+16,9.72731e+16,35.3743,2.89107,5.13713,2.22651e+19,6.39069e+20,sim05998.iv
sim05999,39.0339,3.81168,5.87777,6.83778e+20,1.61162e+19,294.86,3.7545,5.46144,4.36176e+16,4.41521e+16,37.4827,3.10678,5.02895,1.06139e+19,8.71235e+20,sim05999.iv
sim06000,30.2959,3.90473,5.93266,9.96414e+20,4.05938e+19,255.671,3.63687,5.50767,5.50049e+16,2.1127e+16,33.7374,3.18558,5.10803,4.96311e+19,5.98547e+20,sim06000.iv
