sim_id,L1_L,L1_E_c,L1_E_v,L1_N_D,L1_N_A,L2_L,L2_E_c,L2_E_v,L2_N_D,L2_N_A,L3_L,L3_E_c,L3_E_v,L3_N_D,L3_N_A,iv_file
sim00001,43.2187,3.88778,5.97172,8.48684e+20,1.37671e+19,346.587,3.75223,5.55721,2.15302e+16,5.05347e+16,31.1239,3.17071,5.12877,4.29105e+19,7.21707e+20,sim00001.iv
sim00002,26.8172,3.91092,5.81276,9.13816e+20,3.52666e+19,316.132,3.67091,5.59414,9.03809e+16,8.00545e+16,25.8392,2.98669,5.00876,1.61716e+19,8.41524e+20,sim00002.iv
sim00003,42.3429,3.9935,5.86517,6.8523e+20,2.87822e+19,236.526,3.62598,5.49514,3.04218e+16,7.02833e+16,33.1146,3.13307,5.14005,2.24947e+19,9.1613e+20,sim00003.iv
sim00004,44.1429,3.8775,5.85767,8.41248e+20,1.55901e+19,237.987,3.60147,5.55738,6.98366e+16,7.34649e+16,43.4219,2.98357,5.11375,1.55919e+19,5.57265e+20,sim00004.iv
sim00005,40.0521,3.89422,5.91305,8.82499e+20,3.53887e+19,287.501,3.71184,5.46079,1.27736e+16,4.93046e+16,26.4375,2.96341,5.17068,1.93576e+19,5.29151e+20,sim00005.iv
sim00006,28.4415,3.85872,5.93238,7.78516e+20,4.13559e+19,303.004,3.68128,5.5628,2.50276e+16,1.20441e+16,22.7014,3.08894,5.09238,1.64509e+19,7.50522e+20,sim00006.iv
sim00007,24.5694,3.93926,5.88923,6.90511e+20,2.20605e+19,298.24,3.67236,5.41753,2.06205e+16,9.65708e+16,47.2574,3.07988,5.05317,4.87671e+19,8.89375e+20,sim00007.iv
sim00008,41.5067,3.88987,5.85445,5.48195e+20,4.61041e+19,273.809,3.64047,5.46119,6.21298e+16,2.59096e+16,45.6984,3.10341,5.14389,2.72837e+19,8.13654e+20,sim00008.iv
sim00009,37.5229,3.92997,5.81689,7.07904e+20,1.16646e+19,279.159,3.66597,5.4289,1.93063e+16,6.2888e+16,25.1178,3.17005,5.11621,2.38748e+19,7.95458e+20,sim00009.iv
sim00010,20.6841,3.99171,5.89646,8.91368e+20,1.33092e+19,278.132,3.69814,5.58757,6.14555e+16,5.2614e+16,28.0093,2.93263,5.10413,2.75565e+19,5.10806e+20,sim00010.iv
sim00011,44.7888,3.97923,5.82805,7.77018e+20,1.4343e+19,304.114,3.65625,5.53188,7.54295e+16,7.91783e+16,23.2322,3.1664,5.04604,1.14965e+19,7.77426e+20,sim00011.iv
sim00012,31.1277,3.96596,5.96165,6.58569e+20,4.8116e+19,250.728,3.70301,5.45119,9.42439e+16,2.48147e+16,21.3473,2.97404,5.19848,4.56671e+19,8.74304e+20,sim00012.iv
sim00013,46.7238,3.97869,5.90377,6.57965e+20,4.08805e+19,302.633,3.67473,5.41889,7.72111e+16,3.36214e+16,48.1044,2.89639,5.02455,4.32445e+19,5.76642e+20,sim00013.iv
sim00014,25.378,3.91988,5.97491,5.98217e+20,2.24129e+19,318.837,3.79437,5.50015,2.29508e+16,1.12543e+16,26.8897,2.85273,5.13553,1.48733e+19,7.53165e+20,sim00014.iv
sim00015,40.8279,3.91622,5.83996,9.02062e+20,3.86163e+19,313.458,3.62621,5.42475,9.34806e+16,4.5782e+16,29.0285,2.99543,5.13257,4.82249e+19,6.43223e+20,sim00015.iv
sim00016,47.7443,3.80497,5.91104,8.16988e+20,1.42359e+19,229.648,3.68382,5.59325,6.36438e+16,9.39721e+16,44.1308,2.98695,5.15695,1.07135e+19,5.54572e+20,sim00016.iv
sim00017,44.8829,3.95936,5.84653,7.65385e+20,3.42406e+19,331.483,3.72062,5.48251,4.36766e+16,4.83294e+16,39.5579,3.147,5.09078,1.99136e+19,6.18331e+20,sim00017.iv
sim00018,42.3804,3.96331,5.82106,5.33279e+20,3.37773e+19,230.464,3.76493,5.46207,2.29485e+16,9.28873e+16,24.966,2.91389,5.03072,1.46196e+19,5.10574e+20,sim00018.iv
sim00019,21.6619,3.83493,5.81068,7.95572e+20,3.72286e+19,265.108,3.6636,5.50091,8.87504e+16,8.66018e+16,21.3043,2.8726,5.04735,1.99755e+19,7.85616e+20,sim00019.iv
sim00020,32.4879,3.80985,5.87472,7.61876e+20,1.40669e+19,326.684,3.61039,5.58497,1.89202e+16,8.59217e+16,47.0796,3.19183,5.16041,4.11791e+19,8.21242e+20,sim00020.iv
sim00021,43.3699,3.82691,5.90721,7.57111e+20,4.43029e+19,274.792,3.67702,5.52791,3.39817e+16,2.25792e+16,34.3363,2.96676,5.04651,2.47005e+19,6.83196e+20,sim00021.iv
sim00022,29.8249,3.87589,5.93715,6.48438e+20,4.79543e+19,338.289,3.69618,5.46567,5.81891e+16,8.63704e+16,39.5776,3.12176,5.10654,3.53167e+19,6.44078e+20,sim00022.iv
sim00023,42.0468,3.84048,5.93896,9.3036e+20,1.52841e+19,296.013,3.61902,5.54514,1.76044e+16,9.42346e+16,24.1222,3.18355,5.16018,3.37473e+19,8.91312e+20,sim00023.iv
sim00024,43.8534,3.98921,5.85068,7.95038e+20,1.3802e+19,296.263,3.63426,5.51299,6.15187e+16,5.19387e+16,35.679,3.10557,5.15985,2.96861e+19,7.99797e+20,sim00024.iv
sim00025,47.9371,3.82395,5.82342,5.43855e+20,3.63145e+19,268.605,3.75486,5.53425,4.00274e+16,9.0853e+16,42.876,2.90821,5.07284,2.25776e+19,5.78806e+20,sim00025.iv
sim00026,24.4335,3.98723,5.88758,6.9166e+20,3.91874e+19,287.419,3.78723,5.55606,5.31433e+16,4.38724e+16,49.5989,3.0871,5.19024,1.47391e+19,9.25267e+20,sim00026.iv
sim00027,39.1122,3.82438,5.91765,8.43048e+20,1.04921e+19,273.605,3.76508,5.45907,5.12693e+16,4.98083e+16,29.0578,3.16738,5.15626,1.44235e+19,9.98517e+20,sim00027.iv
sim00028,46.376,3.85678,5.96738,5.5321e+20,4.99642e+19,303.196,3.73003,5.41809,9.0733e+16,1.261e+16,27.2248,2.85721,5.15535,1.79282e+19,9.55319e+20,sim00028.iv
sim00029,39.6881,3.80723,5.80109,5.25829e+20,3.4237e+19,322.207,3.64771,5.56988,1.51509e+16,8.20867e+16,47.8339,3.10884,5.13962,4.35192e+19,5.20076e+20,sim00029.iv
sim00030,26.0535,3.82498,5.90091,8.72594e+20,3.52005e+19,329.158,3.63104,5.54692,2.73737e+16,3.43683e+16,41.2971,3.19208,5.12231,1.218e+19,8.08154e+20,sim00030.iv
sim00031,21.2705,3.97683,5.94192,5.86564e+20,1.36688e+19,235.695,3.79601,5.49171,8.05673e+16,6.72768e+16,37.1724,2.85805,5.1892,2.20537e+19,7.89009e+20,sim00031.iv
sim00032,40.9933,3.92985,5.98812,5.74219e+20,3.03341e+19,266.565,3.69483,5.42384,2.20685e+16,3.50268e+16,29.1411,2.97116,5.1222,3.53852e+19,7.05905e+20,sim00032.iv
sim00033,32.2635,3.84353,5.91766,6.5852e+20,1.14424e+19,268.576,3.69483,5.44512,6.15212e+16,6.09195e+16,41.0601,3.05918,5.13049,2.26486e+19,8.93716e+20,sim00033.iv
sim00034,36.4743,3.88628,5.9252,6.80329e+20,3.05096e+19,313.139,3.77728,5.58421,5.5327e+16,5.68248e+16,43.9961,2.92578,5.16748,2.97657e+19,5.57928e+20,sim00034.iv
sim00035,22.1618,3.9684,5.81111,6.40306e+20,2.33652e+19,234.219,3.66278,5.54854,1.13215e+16,8.44456e+16,45.6964,2.9489,5.03072,3.40336e+19,5.59836e+20,sim00035.iv
sim00036,30.9476,3.99169,5.99909,8.86052e+20,2.24385e+19,306.273,3.74108,5.47757,6.768e+16,1.09655e+16,26.2717,3.01004,5.03275,1.66363e+19,9.18152e+20,sim00036.iv
sim00037,49.674,3.91119,5.96781,9.95161e+20,1.56638e+19,272.754,3.67851,5.41601,7.79797e+16,4.90401e+16,34.0798,2.86027,5.03619,4.62841e+19,5.22325e+20,sim00037.iv
sim00038,26.9856,3.85841,5.89804,7.93223e+20,2.97316e+19,221.776,3.64873,5.56872,6.7383e+16,6.84234e+16,40.1061,3.10516,5.01162,2.46643e+19,7.69764e+20,sim00038.iv
sim00039,30.1537,3.9689,5.89651,8.84314e+20,4.40806e+19,280.671,3.78191,5.51742,8.65247e+16,4.06532e+16,34.9645,3.01256,5.021,2.59421e+19,9.58669e+20,sim00039.iv
sim00040,38.925,3.8355,5.86777,5.95802e+20,1.09929e+19,339.844,3.68964,5.46151,6.38629e+16,1.06583e+16,28.3407,3.08121,5.12675,4.92722e+19,8.10179e+20,sim00040.iv
sim00041,34.3252,3.95229,5.98067,8.60348e+20,4.85284e+19,319.481,3.77336,5.42282,7.59172e+16,4.9608e+16,36.5931,3.06164,5.19396,4.93831e+19,6.44114e+20,sim00041.iv
sim00042,42.0126,3.95,5.8693,5.61935e+20,1.16379e+19,318.828,3.69794,5.59711,5.18476e+16,9.80125e+16,32.3473,3.11747,5.01696,3.22185e+19,9.0103e+20,sim00042.iv
sim00043,47.7411,3.96452,5.80739,6.86351e+20,1.19479e+19,225.3,3.73506,5.54265,7.96349e+16,8.78911e+16,42.1829,3.12035,5.00979,1.93814e+19,8.10949e+20,sim00043.iv
sim00044,45.7438,3.8009,5.90293,8.38644e+20,1.11843e+19,266.19,3.77913,5.53432,3.13893e+16,8.67503e+16,30.4409,3.14134,5.05979,3.36128e+19,6.9847e+20,sim00044.iv
sim00045,28.2448,3.97731,5.83752,5.42406e+20,2.36771e+19,310.469,3.76149,5.59975,3.66726e+16,4.67148e+16,24.1046,3.02995,5.19952,3.80352e+19,7.97606e+20,sim00045.iv
sim00046,31.7711,3.98306,5.89938,5.67183e+20,2.46151e+19,219.403,3.6404,5.40353,5.07952e+16,6.71086e+16,30.2988,2.96815,5.19184,4.00785e+19,7.70428e+20,sim00046.iv
sim00047,28.5362,3.9794,5.84702,6.62671e+20,4.63626e+19,284.136,3.74846,5.51815,6.88095e+16,3.69445e+16,27.2412,2.929,5.03109,4.49726e+19,6.41623e+20,sim00047.iv
sim00048,36.8447,3.95839,5.95676,7.19193e+20,2.90503e+19,349.258,3.73492,5.56293,9.12299e+16,8.08831e+16,25.5554,3.02487,5.02038,3.61169e+19,9.77675e+20,sim00048.iv
sim00049,35.382,3.88659,5.80717,9.79887e+20,1.41201e+19,215.751,3.64921,5.41311,5.09606e+16,5.64479e+16,29.3771,2.82038,5.02232,2.53802e+19,5.30264e+20,sim00049.iv
sim00050,40.9457,3.8414,5.86041,6.97063e+20,2.66644e+19,210.232,3.62241,5.57255,1.0111e+16,5.57351e+16,34.6851,2.93324,5.08627,4.12232e+19,9.20602e+20,sim00050.iv
sim00051,27.8105,3.8645,5.8485,7.39932e+20,3.73303e+19,241.955,3.66615,5.58608,1.43712e+16,5.14693e+16,41.3467,2.86018,5.00947,1.55282e+19,9.59412e+20,sim00051.iv
sim00052,20.2778,3.83766,5.80626,5.55315e+20,3.4806e+19,243.829,3.71384,5.51804,8.64492e+16,1.04267e+16,45.6011,3.04765,5.03255,4.09175e+19,9.27746e+20,sim00052.iv
sim00053,27.6279,3.98376,5.89089,8.01712e+20,4.9386e+19,260.615,3.76263,5.46368,8.19292e+16,6.40661e+16,26.4907,2.96561,5.06353,1.31243e+19,5.14917e+20,sim00053.iv
sim00054,30.3944,3.80381,5.8331,8.62592e+20,3.83236e+19,313.401,3.66343,5.578,6.34447e+16,2.13424e+16,24.3116,3.07724,5.03459,3.02917e+19,9.95887e+20,sim00054.iv
sim00055,20.1202,3.80332,5.99862,7.92319e+20,1.50764e+19,335.622,3.77608,5.50724,6.59613e+16,3.45868e+16,21.5156,3.03783,5.05895,3.65448e+19,9.18123e+20,sim00055.iv
sim00056,20.5448,3.91914,5.84626,9.36944e+20,2.01466e+19,295.508,3.71071,5.47923,7.09859e+16,7.53193e+16,37.0081,3.10337,5.19668,2.67709e+19,7.57292e+20,sim00056.iv
sim00057,20.3741,3.95921,5.90405,7.03981e+20,1.37629e+19,334.552,3.679,5.53652,2.34437e+16,9.65395e+16,25.3533,2.87982,5.1718,4.65033e+19,6.06074e+20,sim00057.iv
sim00058,34.094,3.9467,5.97567,6.89526e+20,3.06808e+19,313.84,3.74623,5.55659,6.1294e+16,1.94154e+16,47.1192,3.14623,5.15962,1.39945e+19,6.02199e+20,sim00058.iv
sim00059,42.308,3.80463,5.99584,6.88572e+20,3.87725e+19,334.26,3.67893,5.46383,6.47867e+16,6.2289e+16,32.2742,3.04071,5.18708,2.87056e+19,5.98371e+20,sim00059.iv
sim00060,31.3162,3.87882,5.82622,5.81436e+20,3.73825e+19,257.527,3.79098,5.44872,1.89032e+16,7.78154e+16,46.4311,2.91125,5.04042,1.74306e+19,7.61006e+20,sim00060.iv
sim00061,34.0525,3.85189,5.80903,7.40746e+20,4.83733e+19,301.353,3.6991,5.42214,3.27193e+16,3.65297e+16,42.9441,3.15068,5.18033,4.93827e+19,9.91183e+20,sim00061.iv
sim00062,48.59,3.81436,5.82756,6.52233e+20,3.21159e+19,223.577,3.76916,5.52335,5.88128e+16,2.4878e+16,27.5977,2.86412,5.17039,3.33691e+19,8.67565e+20,sim00062.iv
sim00063,28.881,3.87425,5.88097,8.80007e+20,4.08941e+19,238.954,3.78831,5.42413,9.0651e+16,1.90356e+16,27.9362,3.13859,5.0359,2.65427e+19,7.2493e+20,sim00063.iv
sim00064,27.3578,3.94205,5.97027,9.37288e+20,2.35729e+19,284.319,3.64968,5.44896,2.45129e+16,9.46017e+16,46.6397,3.11094,5.10353,2.96243e+19,7.64873e+20,sim00064.iv
sim00065,36.097,3.88691,5.82635,5.62832e+20,4.809e+19,277.484,3.79064,5.43272,5.98975e+16,2.86946e+16,27.5955,2.81202,5.02379,4.66739e+19,6.60766e+20,sim00065.iv
sim00066,38.2439,3.893,5.88009,7.65943e+20,1.74896e+19,348.405,3.76366,5.54832,5.21883e+16,2.37589e+16,47.62,2.93655,5.01002,2.36961e+19,8.97229e+20,sim00066.iv
sim00067,38.6813,3.95017,5.95873,6.05977e+20,4.69513e+19,271.319,3.7278,5.40046,9.94032e+16,3.52807e+16,21.8619,2.9833,5.02581,1.60931e+19,8.16141e+20,sim00067.iv
sim00068,31.7878,3.98437,5.86383,8.6309e+20,2.8444e+19,302.393,3.71994,5.49456,9.55055e+16,4.08442e+16,25.3171,3.07124,5.1692,1.16101e+19,7.24816e+20,sim00068.iv
sim00069,46.7746,3.94992,5.99836,7.65707e+20,3.63998e+19,252.347,3.78951,5.47327,7.6466e+16,4.62826e+16,36.8546,3.08791,5.10179,4.62835e+19,7.0965e+20,sim00069.iv
sim00070,39.4122,3.86847,5.88163,7.20025e+20,1.50323e+19,222.841,3.7335,5.5311,6.96619e+16,1.1779e+16,29.7964,2.87912,5.15563,4.44252e+19,6.2334e+20,sim00070.iv
sim00071,40.0355,3.82587,5.85503,5.69327e+20,2.13408e+19,304.463,3.78207,5.4405,5.87871e+16,7.31252e+16,48.5877,3.04402,5.05102,3.50191e+19,6.60246e+20,sim00071.iv
sim00072,49.2839,3.87994,5.93709,5.11614e+20,2.60025e+19,332.515,3.72205,5.48879,9.42344e+16,8.68586e+16,29.6665,3.01782,5.09796,3.52881e+19,6.67056e+20,sim00072.iv
sim00073,27.3262,3.98253,5.98477,9.21661e+20,4.91282e+19,314.299,3.75293,5.55252,5.32547e+16,5.10807e+16,27.2068,3.05793,5.05786,2.03123e+19,7.92981e+20,sim00073.iv
sim00074,32.2995,3.84377,5.96321,9.30285e+20,1.6708e+19,211.051,3.66723,5.5595,8.55256e+16,2.24496e+16,43.2301,2.84628,5.07801,4.99444e+19,5.96295e+20,sim00074.iv
sim00075,24.6189,3.88456,5.92393,9.6645e+20,4.92328e+19,219.75,3.6276,5.55815,3.43569e+16,8.96364e+16,39.9036,2.84474,5.16651,1.70543e+19,7.11748e+20,sim00075.iv
sim00076,36.5655,3.90015,5.93723,8.26343e+20,4.96817e+19,349.919,3.70329,5.41904,7.55059e+16,9.78998e+16,29.5498,2.98448,5.08496,1.20568e+19,8.36132e+20,sim00076.iv
sim00077,30.6001,3.95749,5.96642,9.10615e+20,2.66666e+19,255.016,3.74976,5.56028,5.42132e+16,9.03728e+16,24.3173,3.15163,5.01922,1.6141e+19,7.6692e+20,sim00077.iv
sim00078,22.0256,3.81056,5.8001,7.18158e+20,4.0985e+19,214.877,3.73045,5.56463,2.51201e+16,2.32177e+16,45.824,3.12925,5.10779,4.2768e+19,5.46378e+20,sim00078.iv
sim00079,31.8344,3.94756,5.85149,8.76164e+20,3.01671e+19,315.037,3.69294,5.47358,2.9727e+16,2.87541e+16,42.5447,2.84756,5.0172,1.70517e+19,5.87673e+20,sim00079.iv
sim00080,44.6932,3.8797,5.99808,5.68606e+20,3.61416e+19,272.822,3.67858,5.57502,9.78036e+16,8.85573e+16,25.769,2.88832,5.13121,2.15633e+19,8.67363e+20,sim00080.iv
sim00081,36.9926,3.91018,5.96571,8.55266e+20,1.10631e+19,216.924,3.72031,5.49724,3.34166e+16,4.7679e+16,42.7373,3.13064,5.11224,2.54148e+19,6.35348e+20,sim00081.iv
sim00082,35.6576,3.86295,5.91282,8.38326e+20,1.26432e+19,210.149,3.64246,5.5789,6.81662e+16,2.54764e+16,46.7079,2.98798,5.09522,4.74217e+19,5.29743e+20,sim00082.iv
sim00083,26.4553,3.91715,5.8391,8.39764e+20,1.85637e+19,223.882,3.6414,5.48455,2.58524e+16,2.21223e+16,45.8085,2.92816,5.07215,1.22108e+19,6.78685e+20,sim00083.iv
sim00084,27.9442,3.9221,5.84108,9.44183e+20,4.71867e+19,223.976,3.62148,5.42307,6.57612e+16,2.09772e+16,45.5715,3.10171,5.16396,3.10424e+19,9.98339e+20,sim00084.iv
sim00085,21.3253,3.88025,5.86479,9.74323e+20,3.30744e+19,322.867,3.63407,5.59573,5.48776e+16,5.44305e+16,49.1265,2.95229,5.07951,3.33901e+19,5.64026e+20,sim00085.iv
sim00086,29.6326,3.83864,5.82066,9.33072e+20,3.35732e+19,260.214,3.68173,5.4863,6.69834e+16,9.34092e+16,47.9834,2.9566,5.06585,2.80419e+19,7.83967e+20,sim00086.iv
sim00087,33.8545,3.93175,5.91088,6.60358e+20,2.38292e+19,263.003,3.61893,5.43321,7.50802e+16,4.50187e+16,26.4362,3.02507,5.15111,2.02969e+19,9.13395e+20,sim00087.iv
sim00088,47.8251,3.91948,5.93379,5.26288e+20,4.78208e+19,264.948,3.78478,5.5158,1.04157e+16,1.34688e+16,40.4126,3.02507,5.00531,3.97384e+19,9.26073e+20,sim00088.iv
sim00089,34.8925,3.89315,5.80109,8.93325e+20,2.32286e+19,333.027,3.67461,5.51302,3.43308e+16,2.44529e+16,43.2472,2.99864,5.1073,4.86166e+19,9.8179e+20,sim00089.iv
sim00090,45.6693,3.83752,5.91885,9.39074e+20,2.49786e+19,224.155,3.76219,5.49635,6.07953e+16,9.8393e+16,38.2163,2.96999,5.074,2.67048e+19,5.592e+20,sim00090.iv
sim00091,43.8425,3.96754,5.85688,6.51898e+20,4.49734e+19,213.356,3.70409,5.49274,7.21114e+16,2.47053e+16,40.0499,2.95069,5.12374,1.16038e+19,7.30864e+20,sim00091.iv
sim00092,35.6675,3.84287,5.82792,5.94237e+20,2.37656e+19,223.553,3.78946,5.481,8.28073e+16,9.76975e+16,22.4221,3.06067,5.17428,3.53694e+19,7.14513e+20,sim00092.iv
sim00093,32.9323,3.80718,5.90692,9.96771e+20,4.83483e+19,215.656,3.74116,5.46035,9.1269e+16,1.40603e+16,48.0762,3.13499,5.0235,1.2393e+19,9.17354e+20,sim00093.iv
sim00094,24.6727,3.90698,5.98315,7.83724e+20,2.58893e+19,272.302,3.61262,5.59375,3.79589e+16,2.70427e+16,28.5814,3.18575,5.01886,4.46921e+19,8.53922e+20,sim00094.iv
sim00095,44.9006,3.99518,5.96843,9.71691e+20,1.50774e+19,321.41,3.70914,5.5087,9.09029e+16,9.74623e+16,41.1451,2.99318,5.09128,2.54537e+19,6.808e+20,sim00095.iv
sim00096,31.7452,3.81795,5.81549,8.89935e+20,2.78429e+19,340.296,3.72244,5.40704,2.41771e+16,2.85238e+16,49.2721,2.88748,5.10315,4.74471e+19,9.88596e+20,sim00096.iv
sim00097,27.0908,3.80982,5.83072,5.31664e+20,1.7805e+19,289.6,3.78249,5.50744,6.63391e+16,2.81681e+16,44.0175,3.04712,5.17283,4.79537e+19,6.7395e+20,sim00097.iv
sim00098,22.7174,3.84519,5.88757,9.72847e+20,2.51324e+19,317.908,3.7081,5.43656,3.88661e+16,6.87873e+16,40.1856,2.9739,5.04573,3.88763e+19,5.84437e+20,sim00098.iv
sim00099,48.1001,3.83758,5.82146,7.48824e+20,3.0782e+19,281.147,3.68733,5.59896,5.37653e+16,5.30152e+16,32.653,2.82673,5.11859,1.91187e+19,8.18804e+20,sim00099.iv
sim00100,21.525,3.99628,5.8938,9.48378e+20,2.90224e+19,218.446,3.76444,5.52964,8.03581e+16,4.85353e+16,39.1381,3.14249,5.12621,2.39069e+19,8.31265e+20,sim00100.iv
sim00101,40.1556,3.99212,5.87418,7.12541e+20,4.24849e+19,280.807,3.74731,5.49194,2.93946e+16,7.70683e+16,23.9347,2.87943,5.12536,3.98908e+19,9.47344e+20,sim00101.iv
sim00102,28.1776,3.82214,5.99121,5.77212e+20,1.79067e+19,250.786,3.70588,5.57657,7.84491e+16,7.37342e+16,25.2554,2.94307,5.09568,1.5897e+19,6.36715e+20,sim00102.iv
sim00103,29.25,3.82546,5.91005,8.52514e+20,1.27973e+19,277.357,3.75644,5.5496,8.33566e+16,5.03417e+16,44.6167,2.8963,5.07216,1.70542e+19,7.33742e+20,sim00103.iv
sim00104,31.7618,3.84819,5.95036,6.56923e+20,2.09122e+19,228.325,3.68776,5.46059,4.32346e+16,3.12398e+16,42.8947,3.172,5.09959,3.57199e+19,9.33586e+20,sim00104.iv
sim00105,49.9649,3.9227,5.97796,9.54304e+20,4.16581e+19,274.53,3.61623,5.40316,5.29481e+16,5.44883e+16,32.2209,3.02727,5.11043,4.34645e+19,5.54329e+20,sim00105.iv
sim00106,26.7553,3.9586,5.96957,9.97412e+20,4.49165e+19,334.586,3.66287,5.48033,3.41277e+16,6.45669e+16,48.1642,2.93786,5.1114,2.1852e+19,5.849e+20,sim00106.iv
sim00107,25.8556,3.81159,5.98986,7.0144e+20,4.33648e+19,305.386,3.63838,5.43509,8.30789e+16,3.38241e+16,47.3986,2.85602,5.13554,4.2579e+19,6.17628e+20,sim00107.iv
sim00108,28.2862,3.9929,5.85292,7.14979e+20,2.73006e+19,245.425,3.75516,5.55437,4.40486e+16,8.51613e+16,26.3922,2.80172,5.11423,4.97631e+19,5.19322e+20,sim00108.iv
sim00109,26.2399,3.90378,5.96199,5.44521e+20,2.58094e+19,314.591,3.67431,5.43777,2.75946e+16,4.69044e+16,34.3825,3.14473,5.12845,3.76161e+19,9.91494e+20,sim00109.iv
sim00110,32.3553,3.88067,5.98467,6.22938e+20,3.91926e+19,315.64,3.61956,5.49365,2.80506e+16,2.66838e+16,33.9148,2.91577,5.15921,4.63042e+19,9.0136e+20,sim00110.iv
sim00111,27.9809,3.85483,5.85095,5.67519e+20,4.77519e+19,266.287,3.64494,5.56933,4.59276e+16,1.31605e+16,24.8582,3.0557,5.15658,1.84374e+19,9.58698e+20,sim00111.iv
sim00112,45.5299,3.96968,5.84553,5.25268e+20,4.46969e+19,252.812,3.72378,5.55199,2.15464e+16,8.02755e+16,48.1553,3.09135,5.08824,4.50671e+19,7.63729e+20,sim00112.iv
sim00113,42.3431,3.9641,5.94987,6.43927e+20,1.47138e+19,243.367,3.70057,5.50106,6.2438e+16,4.55592e+16,43.6067,3.16526,5.04935,3.94609e+19,8.38986e+20,sim00113.iv
sim00114,35.6927,3.83771,5.95905,9.80313e+20,3.88735e+19,338.5,3.79684,5.47041,6.74401e+16,5.26539e+16,49.5989,2.83752,5.08247,4.50216e+19,6.42026e+20,sim00114.iv
sim00115,43.6338,3.87656,5.996,9.41765e+20,2.20528e+19,317.827,3.66737,5.52127,6.92633e+16,8.46636e+16,20.7335,2.88806,5.14238,3.25409e+19,7.47803e+20,sim00115.iv
sim00116,21.6563,3.86966,5.97302,5.15446e+20,2.58574e+19,342.321,3.61018,5.54994,3.31851e+16,8.79948e+16,42.382,3.15428,5.04318,3.12517e+19,8.89635e+20,sim00116.iv
sim00117,27.371,3.84615,5.80544,9.79258e+20,3.84007e+19,298.978,3.7488,5.50632,5.2852e+16,5.04579e+16,39.2132,2.88061,5.17761,4.24701e+19,6.74782e+20,sim00117.iv
sim00118,37.3583,3.82821,5.99447,9.51446e+20,4.68759e+19,256.503,3.63383,5.44235,1.81001e+16,2.081e+16,22.1391,3.19593,5.01481,1.53017e+19,9.13627e+20,sim00118.iv
sim00119,37.4072,3.95488,5.92618,9.41088e+20,3.55387e+19,283.098,3.74255,5.48948,4.11457e+16,5.20887e+16,25.0914,3.11863,5.05214,1.61413e+19,6.23176e+20,sim00119.iv
sim00120,45.2621,3.86604,5.93721,9.28205e+20,1.31098e+19,317.103,3.66153,5.44332,7.20011e+16,9.18817e+16,28.8506,3.02753,5.05797,3.21714e+19,8.10931e+20,sim00120.iv
sim00121,38.3101,3.92471,5.82702,8.4677e+20,3.699e+19,305.562,3.61481,5.48937,4.68132e+16,1.7804e+16,26.671,2.97639,5.14858,1.94825e+19,9.14875e+20,sim00121.iv
sim00122,36.3739,3.95208,5.89451,7.49597e+20,3.47888e+19,339.916,3.69836,5.50573,6.41797e+16,7.63764e+16,22.1555,3.00627,5.09632,4.68674e+19,7.46753e+20,sim00122.iv
sim00123,34.0496,3.99244,5.89012,5.90442e+20,1.86766e+19,223.326,3.60011,5.48639,7.92318e+16,7.6012e+16,20.9645,3.02799,5.03086,4.76431e+19,5.83682e+20,sim00123.iv
sim00124,38.7992,3.86525,5.92831,7.06129e+20,4.03857e+19,242.295,3.78116,5.50004,7.80484e+16,8.64757e+16,49.9649,2.88958,5.05738,2.00173e+19,6.31436e+20,sim00124.iv
sim00125,37.4733,3.9987,5.99806,7.63387e+20,3.55611e+19,330.396,3.78659,5.44077,5.75688e+16,8.49553e+16,29.0961,2.97592,5.19712,4.94019e+19,9.53053e+20,sim00125.iv
sim00126,43.9535,3.85383,5.86417,7.73641e+20,3.24311e+19,280.77,3.72733,5.48166,7.74257e+16,4.00195e+16,29.9203,2.85089,5.03774,4.40208e+19,7.23141e+20,sim00126.iv
sim00127,26.836,3.95187,5.9108,5.10578e+20,2.26545e+19,234.78,3.73117,5.45501,1.58452e+16,1.49441e+16,37.4518,2.80869,5.16976,1.62159e+19,8.03283e+20,sim00127.iv
sim00128,33.3406,3.88857,5.81436,9.01376e+20,4.57221e+19,211.542,3.63572,5.58078,5.94544e+16,2.35036e+16,26.0837,3.06399,5.14496,3.39771e+19,9.76574e+20,sim00128.iv
sim00129,34.8219,3.86005,5.89545,6.79833e+20,1.89766e+19,216.435,3.67044,5.54228,1.16594e+16,4.95261e+16,39.3203,3.04416,5.15533,4.24208e+19,8.55853e+20,sim00129.iv
sim00130,23.0839,3.895,5.92068,6.22783e+20,1.17021e+19,241.303,3.69098,5.48279,2.59e+16,8.41974e+16,47.7706,2.88054,5.18591,1.07144e+19,9.62481e+20,sim00130.iv
sim00131,48.5579,3.80241,5.9526,9.85101e+20,4.62361e+19,345.899,3.71006,5.41563,8.6481e+16,6.52445e+16,38.4421,2.9669,5.11437,1.61432e+19,8.69885e+20,sim00131.iv
sim00132,22.2505,3.94596,5.9698,7.36234e+20,3.03932e+19,253.71,3.79389,5.54662,4.3209e+16,2.57327e+16,26.5874,2.98557,5.18851,3.93659e+19,6.07622e+20,sim00132.iv
sim00133,45.7868,3.87564,5.97034,6.2085e+20,3.47464e+19,339.734,3.65158,5.53859,9.88581e+16,2.35538e+16,22.6521,3.06968,5.06795,1.28498e+19,7.37653e+20,sim00133.iv
sim00134,42.6131,3.85702,5.86701,9.2285e+20,3.08029e+19,327.982,3.68928,5.5906,6.85715e+16,2.04309e+16,46.5528,2.99571,5.02833,1.61076e+19,8.43767e+20,sim00134.iv
sim00135,21.4212,3.85732,5.82796,7.20539e+20,2.65742e+19,283.063,3.65593,5.40641,6.52947e+16,4.36346e+16,39.54,2.84347,5.00276,1.99318e+19,7.28274e+20,sim00135.iv
sim00136,31.8222,3.96206,5.87557,7.65221e+20,3.37406e+19,213.056,3.70303,5.46897,4.79152e+16,1.90259e+16,43.4846,3.17696,5.00445,3.40549e+19,8.81922e+20,sim00136.iv
sim00137,28.5442,3.95751,5.92647,9.64581e+20,4.92402e+19,215.928,3.68899,5.5094,2.32069e+16,4.02657e+16,49.6294,2.80649,5.0905,4.37062e+19,6.61951e+20,sim00137.iv
sim00138,34.394,3.99561,5.89498,5.65461e+20,1.20689e+19,342.358,3.65316,5.50081,1.81632e+16,4.8129e+16,47.9032,3.00097,5.19423,2.03534e+19,7.52273e+20,sim00138.iv
sim00139,45.7859,3.88965,5.8559,9.27738e+20,2.55956e+19,284.301,3.79531,5.4373,3.71261e+16,1.27963e+16,31.7551,2.88007,5.13601,1.72529e+19,8.37406e+20,sim00139.iv
sim00140,27.9043,3.87104,5.86977,8.58376e+20,2.86604e+19,260.582,3.77052,5.51439,2.92448e+16,9.10082e+16,30.2795,2.81559,5.09892,1.49575e+19,6.19233e+20,sim00140.iv
sim00141,42.4133,3.82615,5.96139,9.68454e+20,3.42613e+19,309.45,3.74272,5.59856,4.07384e+16,2.46571e+16,35.575,3.0133,5.03558,3.45244e+19,5.07062e+20,sim00141.iv
sim00142,47.8301,3.85291,5.80791,5.54125e+20,1.961e+19,248.347,3.60656,5.45587,2.73648e+16,4.40759e+16,31.555,2.9356,5.06558,1.35893e+19,5.12602e+20,sim00142.iv
sim00143,26.0634,3.95133,5.99816,9.64263e+20,3.01688e+19,284.455,3.66292,5.55479,7.88281e+16,8.59845e+16,46.8651,2.97374,5.15338,4.22559e+19,6.5423e+20,sim00143.iv
sim00144,47.8773,3.81887,5.99885,8.85045e+20,1.37308e+19,301.872,3.60684,5.55404,8.19301e+16,6.42169e+16,45.7058,2.83915,5.05518,2.65671e+19,5.21229e+20,sim00144.iv
sim00145,33.4465,3.85304,5.87855,7.12551e+20,4.51765e+19,247.848,3.77875,5.48519,3.95027e+16,5.52261e+16,32.5323,2.90295,5.10054,1.60721e+19,6.75965e+20,sim00145.iv
sim00146,36.9737,3.88268,5.96478,6.28361e+20,4.87909e+19,319.861,3.79352,5.56763,2.27894e+16,5.73814e+16,25.0994,3.12729,5.11683,2.0538e+19,9.64799e+20,sim00146.iv
sim00147,23.4556,3.91277,5.94421,5.29424e+20,3.39142e+19,324.226,3.61351,5.50245,3.32701e+16,6.96632e+16,23.5603,3.17482,5.17895,1.7439e+19,6.61633e+20,sim00147.iv
sim00148,37.629,3.94361,5.88853,5.78146e+20,1.41661e+19,349.967,3.69107,5.57451,5.34138e+16,9.30122e+16,22.6328,2.84561,5.18593,4.78997e+19,6.57359e+20,sim00148.iv
sim00149,30.6549,3.89049,5.88323,5.95023e+20,4.5935e+19,245.463,3.74105,5.41343,1.34876e+16,6.88357e+16,30.1705,3.06218,5.0188,4.79941e+19,8.74257e+20,sim00149.iv
sim00150,46.288,3.82729,5.86403,6.84172e+20,3.14869e+19,251.562,3.61213,5.47378,3.29094e+16,4.47329e+16,25.9088,2.90476,5.12539,2.55262e+19,6.72692e+20,sim00150.iv
sim00151,36.0172,3.95437,5.87577,7.9376e+20,4.86481e+19,283.077,3.78196,5.55873,1.52847e+16,4.86189e+16,40.9496,3.19468,5.09168,1.37114e+19,7.81005e+20,sim00151.iv
sim00152,23.7969,3.9503,5.90154,8.61716e+20,4.47745e+19,298.053,3.72249,5.55091,8.5821e+16,8.82148e+16,21.0929,3.02248,5.04325,4.44138e+19,8.24199e+20,sim00152.iv
sim00153,32.6067,3.83762,5.8678,8.51889e+20,1.81744e+19,223.102,3.77761,5.55284,2.79815e+16,3.6308e+16,49.1621,3.08327,5.1221,2.23051e+19,6.49563e+20,sim00153.iv
sim00154,21.1857,3.9457,5.80864,5.02429e+20,3.91798e+19,342.842,3.7513,5.49433,5.37441e+16,4.92523e+16,29.7393,3.00869,5.08623,3.39267e+19,9.4906e+20,sim00154.iv
sim00155,49.8503,3.81575,5.87694,5.90353e+20,2.40848e+19,250.246,3.63491,5.55282,5.4666e+16,9.27321e+16,20.9778,2.82679,5.08065,1.32111e+19,6.31365e+20,sim00155.iv
sim00156,49.5809,3.84179,5.83962,7.8682e+20,2.99199e+19,291.261,3.67535,5.56535,2.24722e+16,4.85553e+16,40.6929,3.14729,5.07391,3.27098e+19,5.3457e+20,sim00156.iv
sim00157,25.1096,3.81383,5.94558,6.4403e+20,3.89498e+19,219.296,3.77251,5.56711,1.80036e+16,1.21381e+16,21.6887,3.14145,5.04694,3.19309e+19,7.13122e+20,sim00157.iv
sim00158,43.8658,3.89778,5.90013,9.94546e+20,1.60052e+19,326.299,3.61035,5.49553,8.97701e+16,6.98693e+16,40.5564,2.90533,5.08371,2.46632e+19,7.60722e+20,sim00158.iv
sim00159,33.8668,3.86538,5.8611,6.25426e+20,2.46019e+19,230.992,3.77442,5.52042,2.20408e+16,7.24473e+16,45.43,2.89501,5.03012,1.03447e+19,5.23625e+20,sim00159.iv
sim00160,42.8675,3.99744,5.80898,8.74035e+20,1.28745e+19,292.899,3.75122,5.47184,1.09841e+16,6.3567e+16,49.7373,2.90305,5.0379,1.4957e+19,7.77628e+20,sim00160.iv
sim00161,37.8934,3.95845,5.95061,9.46271e+20,4.22309e+19,244.617,3.71118,5.45948,3.96807e+16,9.3875e+16,40.4569,3.18984,5.08338,3.14975e+19,7.43558e+20,sim00161.iv
sim00162,23.2186,3.84734,5.90553,5.33687e+20,4.72585e+19,227.338,3.6396,5.55306,1.87241e+16,9.1025e+16,41.771,2.82745,5.13837,3.52651e+19,8.78675e+20,sim00162.iv
sim00163,44.8459,3.94367,5.91724,6.61232e+20,3.78909e+19,343.976,3.7175,5.53287,4.93415e+16,7.80509e+16,49.93,2.86416,5.04048,3.15775e+19,7.40688e+20,sim00163.iv
sim00164,37.1471,3.80981,5.88086,7.91489e+20,3.34077e+19,302.027,3.74404,5.52831,8.11219e+16,6.62285e+16,36.1252,3.04248,5.02024,2.09263e+19,7.637e+20,sim00164.iv
sim00165,46.1896,3.93581,5.81808,7.96137e+20,1.88695e+19,312.762,3.76549,5.51869,6.32226e+16,4.04732e+16,33.3875,3.14564,5.14466,3.07901e+19,6.84116e+20,sim00165.iv
sim00166,21.5114,3.8286,5.83861,6.86692e+20,4.77657e+19,280.721,3.64697,5.42115,4.04475e+16,8.34158e+16,31.5003,3.109,5.16054,1.44328e+19,8.0433e+20,sim00166.iv
sim00167,48.7729,3.88043,5.81019,9.61651e+20,4.53467e+19,283.1,3.71045,5.44235,8.37506e+16,5.4874e+16,21.0163,3.07321,5.1901,4.3166e+19,6.38599e+20,sim00167.iv
sim00168,21.5998,3.98807,5.98741,7.66208e+20,3.56927e+19,274.764,3.68395,5.42389,1.87078e+16,3.09459e+16,45.0992,2.85833,5.04534,3.19446e+19,6.07566e+20,sim00168.iv
sim00169,24.8962,3.91266,5.87362,8.1308e+20,4.64882e+19,231.139,3.78269,5.5805,8.46179e+16,6.68157e+16,38.6044,3.05569,5.1381,1.06593e+19,9.79046e+20,sim00169.iv
sim00170,37.5681,3.95629,5.87546,5.06199e+20,3.03894e+19,281.007,3.6874,5.46794,3.24843e+16,5.7479e+16,31.2583,3.18797,5.03459,2.27866e+19,6.4698e+20,sim00170.iv
sim00171,36.2993,3.89986,5.92875,9.75001e+20,2.14088e+19,306.988,3.60501,5.45248,5.17348e+16,1.27895e+16,38.5301,3.07132,5.14935,3.0663e+19,8.01972e+20,sim00171.iv
sim00172,31.882,3.80825,5.81999,8.27498e+20,4.98222e+19,212.212,3.71152,5.5502,8.44097e+16,5.90684e+16,38.5975,3.07869,5.17179,1.48916e+19,9.63091e+20,sim00172.iv
sim00173,20.7805,3.96724,5.81535,5.97314e+20,1.01558e+19,272.336,3.66687,5.4332,5.05981e+16,4.62134e+16,43.0298,3.15725,5.13051,1.49764e+19,6.47695e+20,sim00173.iv
sim00174,47.3995,3.81775,5.88137,9.71252e+20,4.80266e+19,267.568,3.73348,5.49135,7.78114e+16,1.28423e+16,24.3247,3.04568,5.04651,3.66421e+19,6.75611e+20,sim00174.iv
sim00175,46.5994,3.96385,5.89857,8.86448e+20,2.08455e+19,279.196,3.6395,5.57218,8.40761e+16,9.11935e+16,46.3243,3.18384,5.04567,4.7273e+19,7.85607e+20,sim00175.iv
sim00176,32.6749,3.91207,5.86852,6.44277e+20,1.96526e+19,221.54,3.69931,5.57755,6.67137e+16,5.68878e+16,32.8578,2.98576,5.04186,4.29174e+19,5.99191e+20,sim00176.iv
sim00177,41.4987,3.952,5.91497,9.31463e+20,2.1642e+19,333.426,3.74588,5.55975,6.98122e+16,8.61709e+16,49.793,2.96807,5.16278,3.97832e+19,7.26435e+20,sim00177.iv
sim00178,47.8085,3.87889,5.91309,5.52971e+20,1.9031e+19,327.697,3.67931,5.47882,3.21383e+16,5.42449e+16,44.1745,3.15807,5.01402,3.29928e+19,7.33637e+20,sim00178.iv
sim00179,38.4285,3.88946,5.87973,7.3594e+20,3.328e+19,280.138,3.69443,5.56357,7.71083e+16,4.07241e+16,44.0173,3.14146,5.0307,3.33073e+19,6.42656e+20,sim00179.iv
sim00180,42.1752,3.84776,5.93428,6.27562e+20,3.04458e+19,342.811,3.67626,5.57515,9.8825e+16,8.87366e+16,24.976,3.12786,5.00643,2.57321e+19,9.35367e+20,sim00180.iv
sim00181,40.6626,3.90655,5.87757,9.06148e+20,3.83823e+19,275.577,3.7785,5.44599,2.53352e+16,6.78523e+16,49.1598,2.8989,5.04993,1.558e+19,9.30282e+20,sim00181.iv
sim00182,26.7919,3.90064,5.99817,5.0607e+20,3.22594e+19,281.72,3.76149,5.47106,4.69307e+16,2.51144e+16,42.2245,3.11388,5.02733,2.57383e+19,9.46452e+20,sim00182.iv
sim00183,20.0812,3.85975,5.91101,6.67047e+20,2.08818e+19,274.405,3.6363,5.50593,7.36026e+16,6.17765e+16,22.7933,3.13776,5.035,4.05925e+19,6.80283e+20,sim00183.iv
sim00184,43.4828,3.84125,5.83733,7.48513e+20,1.13174e+19,241.542,3.7448,5.56748,1.72707e+16,8.9387e+16,43.9255,3.14787,5.13969,3.69661e+19,7.62547e+20,sim00184.iv
sim00185,39.5836,3.98382,5.8201,6.57882e+20,1.28982e+19,342.273,3.68905,5.53507,8.57008e+16,9.919e+16,24.8535,3.11981,5.17748,1.1955e+19,8.77045e+20,sim00185.iv
sim00186,30.6418,3.92972,5.90281,6.29871e+20,1.54089e+19,226.373,3.62066,5.52756,4.1627e+16,2.9497e+16,40.7566,3.07474,5.10783,4.73983e+19,6.92707e+20,sim00186.iv
sim00187,45.0759,3.81503,5.94797,9.94224e+20,4.38639e+19,291.153,3.72535,5.47066,7.11537e+16,7.93356e+16,49.9469,2.99699,5.01226,3.38343e+19,5.59512e+20,sim00187.iv
sim00188,27.343,3.86576,5.94621,5.91904e+20,1.66301e+19,216.295,3.77465,5.5387,1.35952e+16,1.25463e+16,36.7602,2.91301,5.11935,2.73842e+19,9.61656e+20,sim00188.iv
sim00189,28.6343,3.93583,5.81081,9.7793e+20,4.92303e+19,313.47,3.69304,5.444,8.31265e+16,7.62719e+16,26.6586,2.98049,5.09256,4.30564e+19,8.41922e+20,sim00189.iv
sim00190,39.295,3.92997,5.85409,6.85856e+20,1.18265e+19,320.172,3.6866,5.48765,3.20821e+16,2.88485e+16,37.6347,2.89302,5.01284,4.07003e+19,6.88235e+20,sim00190.iv
sim00191,31.4071,3.88626,5.96301,6.60418e+20,4.03214e+19,341.536,3.73217,5.48634,7.73011e+16,5.12108e+16,32.4328,3.01011,5.06354,1.417e+19,7.07426e+20,sim00191.iv
sim00192,23.7157,3.88209,5.91139,9.65356e+20,1.14489e+19,297.004,3.69155,5.40405,3.24593e+16,2.06637e+16,26.5038,2.90983,5.08026,3.11616e+19,5.00495e+20,sim00192.iv
sim00193,24.8561,3.81871,5.90993,6.64537e+20,3.19359e+19,241.055,3.60485,5.58827,1.97477e+16,2.14173e+16,24.3964,3.19251,5.12353,3.44116e+19,9.93349e+20,sim00193.iv
sim00194,22.6532,3.9949,5.8408,8.11536e+20,2.68033e+19,263.753,3.78625,5.42985,9.97362e+16,4.41213e+16,39.4632,3.18716,5.01152,4.69146e+19,7.83906e+20,sim00194.iv
sim00195,41.1319,3.82984,5.90668,8.36757e+20,2.82499e+19,231.698,3.64882,5.57088,1.31024e+16,7.37976e+16,49.9817,2.80299,5.03221,3.69658e+19,5.29995e+20,sim00195.iv
sim00196,37.6937,3.9368,5.91763,6.82592e+20,3.78913e+19,293.201,3.64153,5.51263,8.93716e+16,7.0015e+16,34.1537,2.92863,5.01718,1.97851e+19,5.05593e+20,sim00196.iv
sim00197,49.5988,3.8445,5.96298,5.84322e+20,2.1344e+19,268.559,3.66488,5.55967,9.61924e+16,8.87765e+16,24.6073,3.11068,5.02959,4.65352e+19,7.58939e+20,sim00197.iv
sim00198,30.0914,3.83141,5.80236,6.23973e+20,4.65608e+19,321.617,3.79396,5.42015,6.32961e+16,3.31435e+16,36.2883,2.92818,5.05669,3.29538e+19,5.91659e+20,sim00198.iv
sim00199,34.074,3.93016,5.82564,9.65297e+20,3.0229e+19,324.734,3.73078,5.542,7.44518e+16,8.8759e+16,38.4082,2.91129,5.0199,3.425e+19,5.33176e+20,sim00199.iv
sim00200,27.2388,3.81214,5.90978,5.80169e+20,3.44163e+19,320.721,3.76438,5.46191,5.94059e+16,6.0671e+16,34.1866,3.06205,5.04202,4.91697e+19,5.4904e+20,sim00200.iv
sim00201,44.8766,3.91882,5.84897,8.72838e+20,1.33792e+19,318.418,3.718,5.42215,1.71555e+16,7.75753e+16,28.7881,3.15572,5.15241,3.79276e+19,6.39303e+20,sim00201.iv
sim00202,41.2683,3.98963,5.81831,6.63081e+20,1.93869e+19,265.055,3.74847,5.49485,6.13658e+16,3.82739e+16,24.2387,2.90677,5.17194,3.40967e+19,6.88994e+20,sim00202.iv
sim00203,43.6972,3.81289,5.85078,6.15052e+20,4.94146e+19,308.854,3.72356,5.401,2.65879e+16,6.71987e+16,31.3916,3.16971,5.15294,2.78954e+19,8.74757e+20,sim00203.iv
sim00204,49.2621,3.8922,5.92851,9.59332e+20,1.9947e+19,334.118,3.61951,5.52969,8.04554e+16,6.53146e+16,34.866,3.04694,5.03033,1.86228e+19,6.3495e+20,sim00204.iv
sim00205,37.9334,3.88838,5.8489,9.41405e+20,2.49569e+19,272.444,3.68194,5.43639,7.58464e+16,5.03612e+16,20.4877,3.18561,5.16315,3.89424e+19,9.34546e+20,sim00205.iv
sim00206,47.2042,3.8675,5.92219,8.04404e+20,2.0692e+19,241.073,3.62278,5.53186,8.02827e+16,7.84858e+16,29.4883,2.8821,5.09072,3.18725e+19,9.59544e+20,sim00206.iv
sim00207,46.2447,3.98321,5.97005,9.82291e+20,2.862e+19,216.646,3.61671,5.47806,3.31918e+16,2.52947e+16,48.5961,2.87817,5.19188,4.04336e+19,8.20473e+20,sim00207.iv
sim00208,40.2806,3.86629,5.92929,5.93346e+20,4.75082e+19,252.251,3.65104,5.54223,6.90804e+16,5.06169e+16,38.9734,2.8638,5.13467,2.08244e+19,6.36418e+20,sim00208.iv
sim00209,24.8654,3.86648,5.86625,7.2709e+20,1.76168e+19,237.021,3.70835,5.42578,7.20007e+16,9.49552e+16,32.8039,3.16044,5.01966,1.17183e+19,8.60684e+20,sim00209.iv
sim00210,42.8306,3.96861,5.81136,8.88454e+20,2.50615e+19,252.467,3.6346,5.5992,1.57297e+16,8.44307e+16,39.1848,3.09403,5.14234,4.43374e+19,5.91896e+20,sim00210.iv
sim00211,20.0247,3.91971,5.87077,5.61894e+20,1.74456e+19,256.445,3.61405,5.41138,9.24424e+16,3.80892e+16,49.4669,3.18575,5.02851,3.8597e+19,8.00402e+20,sim00211.iv
sim00212,40.7194,3.81924,5.83771,5.38319e+20,3.41654e+19,348.123,3.7344,5.54215,9.86127e+16,7.1021e+16,21.2054,3.1468,5.07294,1.01745e+19,7.53617e+20,sim00212.iv
sim00213,48.1105,3.85147,5.8983,5.86888e+20,1.23077e+19,221.276,3.7454,5.57281,2.28969e+16,3.59487e+16,25.8509,2.81074,5.11069,3.79969e+19,8.23939e+20,sim00213.iv
sim00214,31.6416,3.911,5.81882,5.77152e+20,4.72718e+19,316.611,3.78455,5.58334,6.84453e+16,9.35415e+16,32.5011,2.80145,5.01251,1.43795e+19,5.47677e+20,sim00214.iv
sim00215,30.5511,3.94025,5.95813,7.95107e+20,1.58574e+19,314.706,3.67096,5.4026,3.5253e+16,3.9754e+16,28.2274,3.12475,5.15199,3.78221e+19,5.69503e+20,sim00215.iv
sim00216,44.235,3.93544,5.83897,8.24047e+20,2.93405e+19,271.509,3.62242,5.50366,1.89939e+16,2.47828e+16,23.9764,3.18164,5.05697,2.42082e+19,6.6104e+20,sim00216.iv
sim00217,46.9475,3.91259,5.98383,6.49962e+20,1.45934e+19,287.871,3.66911,5.56038,8.91481e+16,5.25316e+16,49.1408,3.02121,5.05418,2.9559e+19,5.18655e+20,sim00217.iv
sim00218,44.12,3.82029,5.86175,7.82658e+20,1.1719e+19,221.104,3.73922,5.41436,5.29375e+16,4.04826e+16,26.8424,2.87551,5.15268,4.80617e+19,5.7009e+20,sim00218.iv
sim00219,48.7904,3.91895,5.92833,8.54963e+20,3.81648e+19,324.774,3.69669,5.50667,3.91444e+16,1.94732e+16,39.9392,2.81344,5.05513,1.37692e+19,5.95364e+20,sim00219.iv
sim00220,39.1619,3.9257,5.88421,5.45086e+20,2.7335e+19,259.384,3.74409,5.51581,5.42409e+16,5.38284e+16,48.9889,3.10252,5.0994,2.91689e+19,5.1324e+20,sim00220.iv
sim00221,48.2753,3.86383,5.85119,9.99704e+20,3.87476e+19,216.631,3.61238,5.4051,6.39657e+16,1.64408e+16,48.0017,3.17476,5.10921,3.46656e+19,6.45947e+20,sim00221.iv
sim00222,21.9192,3.94749,5.82036,5.42779e+20,2.24489e+19,211.745,3.68681,5.54154,8.21214e+16,6.43877e+16,45.4062,2.9626,5.16975,3.02589e+19,6.11518e+20,sim00222.iv
sim00223,48.3244,3.85499,5.80524,6.21337e+20,2.46675e+19,259.189,3.70493,5.57663,3.63104e+16,5.68694e+16,30.2042,3.12871,5.03152,1.41404e+19,7.51498e+20,sim00223.iv
sim00224,40.1566,3.95911,5.91792,8.86925e+20,2.57084e+19,214.601,3.62322,5.40774,3.96049e+16,5.45942e+16,30.6895,3.02424,5.09612,3.71177e+19,8.33481e+20,sim00224.iv
sim00225,29.5419,3.86924,5.91703,7.98216e+20,2.2588e+19,256.245,3.73881,5.52948,2.21546e+16,4.96938e+16,46.7812,2.81452,5.17103,1.65271e+19,7.53624e+20,sim00225.iv
sim00226,32.7301,3.80203,5.98308,7.27463e+20,4.81707e+19,250.144,3.77326,5.58448,6.01149e+16,2.8241e+16,40.5574,3.01959,5.18891,2.75709e+19,6.34257e+20,sim00226.iv
sim00227,24.1486,3.93973,5.99482,5.14172e+20,3.96178e+19,339.77,3.61496,5.42203,7.22761e+16,6.83167e+16,22.0648,3.13377,5.10468,4.62879e+19,9.38995e+20,sim00227.iv
sim00228,44.3752,3.90318,5.85034,7.52988e+20,1.40325e+19,302.238,3.6268,5.50223,1.48944e+16,3.69561e+16,26.9624,3.04801,5.15736,1.22921e+19,9.25142e+20,sim00228.iv
sim00229,45.823,3.86845,5.9318,7.01307e+20,1.61676e+19,284.013,3.61727,5.57569,9.31861e+16,8.39452e+16,36.8758,3.02304,5.19692,1.99161e+19,5.37974e+20,sim00229.iv
sim00230,36.8582,3.86576,5.86447,5.03543e+20,3.38496e+19,246.965,3.63757,5.40809,4.27925e+16,8.91072e+16,30.1001,3.07163,5.15131,2.3124e+19,9.1082e+20,sim00230.iv
sim00231,40.7564,3.91185,5.8002,5.17545e+20,4.96346e+19,319.52,3.78751,5.58046,1.18399e+16,8.12663e+16,33.5344,3.11582,5.00134,2.1528e+19,8.75662e+20,sim00231.iv
sim00232,43.7906,3.92394,5.86025,6.55181e+20,4.86706e+19,271.49,3.68943,5.51047,4.68552e+16,5.97404e+16,32.9701,3.13069,5.18181,4.72844e+19,7.82148e+20,sim00232.iv
sim00233,33.2645,3.94105,5.96766,7.81491e+20,3.79992e+19,314.962,3.73528,5.54923,2.87781e+16,5.48537e+16,37.6481,2.80099,5.17119,3.4401e+19,5.64568e+20,sim00233.iv
sim00234,44.4907,3.94341,5.95166,6.96021e+20,4.41681e+19,267.964,3.7141,5.40013,6.80386e+16,7.46358e+16,37.0133,2.99862,5.16199,3.72549e+19,6.39037e+20,sim00234.iv
sim00235,48.7722,3.94145,5.99759,9.85631e+20,4.67564e+19,315.752,3.72189,5.43443,5.89016e+16,7.88839e+16,35.6257,3.1473,5.02193,2.52376e+19,7.52982e+20,sim00235.iv
sim00236,32.9698,3.82172,5.83071,9.18809e+20,2.93754e+19,216.821,3.6033,5.4947,2.47941e+16,7.34613e+16,43.8597,2.89132,5.11844,1.61778e+19,6.51791e+20,sim00236.iv
sim00237,46.6639,3.90882,5.97718,6.12624e+20,2.3201e+19,275.933,3.69602,5.59953,2.03001e+16,8.66769e+16,45.9105,3.02128,5.06881,3.0769e+19,6.46234e+20,sim00237.iv
sim00238,43.9732,3.89966,5.98517,8.11346e+20,3.05728e+19,309.55,3.70079,5.5809,2.66001e+16,9.76014e+16,44.3657,3.14429,5.09658,4.34881e+19,6.53387e+20,sim00238.iv
sim00239,42.8584,3.82809,5.86141,7.22866e+20,2.28928e+19,264.182,3.76402,5.45134,7.70753e+16,1.66341e+16,42.9722,3.11681,5.08034,3.88991e+19,9.57569e+20,sim00239.iv
sim00240,44.0214,3.87809,5.89684,8.89679e+20,2.17038e+19,322.544,3.66561,5.5612,1.7812e+16,1.39958e+16,49.9303,3.14778,5.17657,4.80512e+19,7.19158e+20,sim00240.iv
sim00241,28.6051,3.826,5.90024,6.10024e+20,4.7422e+19,210.56,3.62864,5.4493,2.79061e+16,3.03201e+16,39.6814,2.931,5.123,4.56103e+19,8.01278e+20,sim00241.iv
sim00242,40.836,3.8731,5.83195,6.60292e+20,4.85713e+19,297.054,3.6555,5.49018,8.51962e+16,7.01599e+16,36.8196,3.15407,5.13449,3.57092e+19,5.94884e+20,sim00242.iv
sim00243,23.1917,3.99303,5.91977,7.07842e+20,3.35608e+19,218.654,3.76443,5.44333,8.24091e+16,5.80941e+16,28.2972,2.81208,5.16317,1.70584e+19,5.25903e+20,sim00243.iv
sim00244,42.6763,3.87001,5.87787,6.23534e+20,4.43671e+19,251.626,3.64204,5.46185,2.82835e+16,3.8589e+16,22.4881,2.86341,5.08341,4.51787e+19,5.28645e+20,sim00244.iv
sim00245,26.3802,3.98167,5.978,8.39725e+20,1.96189e+19,268.773,3.64224,5.42572,4.41999e+16,6.18239e+16,30.798,3.04433,5.05925,2.3834e+19,8.95337e+20,sim00245.iv
sim00246,46.3494,3.86441,5.9143,6.39081e+20,1.21334e+19,313.3,3.6342,5.48514,5.38341e+16,2.66024e+16,22.8367,2.93921,5.19046,3.46054e+19,6.90705e+20,sim00246.iv
sim00247,21.1673,3.92005,5.81845,7.71272e+20,4.0078e+19,269.302,3.65988,5.40948,1.223e+16,4.87024e+16,46.5004,2.89763,5.11481,3.73722e+19,5.30415e+20,sim00247.iv
sim00248,24.593,3.86626,5.93402,7.19518e+20,3.93678e+19,331.464,3.75167,5.59845,7.78925e+16,8.66961e+16,44.971,3.09211,5.16036,4.73873e+19,7.37604e+20,sim00248.iv
sim00249,39.1486,3.90299,5.97021,7.1568e+20,4.27891e+19,321.91,3.79238,5.44978,7.38658e+16,7.81228e+16,48.0884,3.16276,5.11471,3.31661e+19,5.83646e+20,sim00249.iv
sim00250,49.2489,3.851,5.94495,8.97898e+20,2.76486e+19,239.567,3.63779,5.5713,5.59681e+16,1.81123e+16,41.5106,2.90007,5.17528,2.23829e+19,6.00135e+20,sim00250.iv
sim00251,22.5458,3.90231,5.89015,8.75656e+20,2.85841e+19,258.134,3.65233,5.45563,9.35063e+16,2.48571e+16,49.6453,2.93077,5.01768,1.99476e+19,5.29207e+20,sim00251.iv
sim00252,43.7009,3.90251,5.8674,8.31025e+20,3.52259e+19,341.582,3.79225,5.53614,8.36034e+16,8.13183e+16,34.7391,3.08178,5.01565,4.03208e+19,9.80917e+20,sim00252.iv
sim00253,22.5492,3.96722,5.9866,6.13094e+20,3.09924e+19,339.9,3.79205,5.42558,4.14104e+16,7.2833e+16,26.6468,2.92991,5.00466,1.61409e+19,7.81165e+20,sim00253.iv
sim00254,39.5927,3.92978,5.95567,7.07641e+20,2.09396e+19,212.181,3.64133,5.46248,2.60386e+16,1.1813e+16,24.7234,3.06644,5.12592,4.74273e+19,8.99084e+20,sim00254.iv
sim00255,37.0327,3.82751,5.91281,5.30798e+20,2.72354e+19,264.636,3.68556,5.45597,7.17247e+16,8.5685e+16,43.0555,3.0511,5.10767,1.12434e+19,8.61467e+20,sim00255.iv
sim00256,36.3495,3.85415,5.86557,9.67803e+20,3.49745e+19,276.628,3.72418,5.48275,5.23164e+16,3.61278e+16,33.1956,3.07424,5.00799,4.18011e+19,6.4149e+20,sim00256.iv
sim00257,40.4768,3.92855,5.93053,8.04064e+20,4.83641e+19,281.168,3.74646,5.54109,3.12641e+16,3.54975e+16,32.7205,2.91108,5.07335,2.56384e+19,8.01932e+20,sim00257.iv
sim00258,26.5967,3.96086,5.88751,8.53122e+20,1.32577e+19,275.795,3.60564,5.53518,4.09339e+16,9.54328e+16,29.7237,3.02552,5.05148,3.48045e+19,7.33521e+20,sim00258.iv
sim00259,31.1188,3.84074,5.8223,5.5994e+20,4.99616e+19,267.724,3.60039,5.59059,1.17982e+16,4.76728e+16,41.5243,3.16584,5.14258,2.8545e+19,9.87221e+20,sim00259.iv
sim00260,21.1796,3.99738,5.96988,9.64465e+20,2.01909e+19,229.944,3.73266,5.50317,5.70851e+16,9.32157e+16,38.6024,2.92443,5.08001,1.53398e+19,5.96157e+20,sim00260.iv
sim00261,24.3005,3.96206,5.94097,7.65173e+20,2.49747e+19,303.589,3.76258,5.57625,5.92315e+16,8.37897e+16,35.3392,2.98981,5.17309,2.5455e+19,6.97956e+20,sim00261.iv
sim00262,29.1473,3.90374,5.90897,8.30231e+20,2.72201e+19,240.497,3.77337,5.4692,9.30649e+16,2.86618e+16,36.8017,3.01465,5.16573,1.55541e+19,9.54969e+20,sim00262.iv
sim00263,35.9428,3.91722,5.90203,5.18012e+20,2.98836e+19,246.897,3.66854,5.52982,5.47927e+16,1.83896e+16,22.1912,2.87426,5.03818,3.4332e+19,5.88907e+20,sim00263.iv
sim00264,46.4516,3.84195,5.81823,9.37873e+20,2.18131e+19,269.559,3.79181,5.58887,7.43425e+16,1.62045e+16,37.8002,3.19563,5.18938,1.42401e+19,6.97984e+20,sim00264.iv
sim00265,29.4661,3.82595,5.93896,6.36924e+20,2.37946e+19,222.65,3.69959,5.43163,4.88881e+16,2.29008e+16,48.6155,2.85799,5.10438,1.78792e+19,5.38181e+20,sim00265.iv
sim00266,26.0693,3.81095,5.82788,7.46742e+20,3.60726e+19,222.228,3.6882,5.51625,3.10803e+16,4.34871e+16,22.155,2.88805,5.09335,4.96177e+19,9.98133e+20,sim00266.iv
sim00267,49.3887,3.88462,5.81614,6.61787e+20,1.95086e+19,211.978,3.61905,5.49064,4.05696e+16,2.62318e+16,41.483,2.94285,5.17037,1.96391e+19,7.69197e+20,sim00267.iv
sim00268,25.5242,3.89906,5.83049,5.80789e+20,3.44889e+19,246.93,3.63447,5.58595,1.38703e+16,6.08633e+16,36.4479,2.90024,5.09055,1.35095e+19,8.60635e+20,sim00268.iv
sim00269,26.6509,3.83868,5.86298,9.51185e+20,4.18587e+19,342.565,3.73039,5.53258,5.32028e+16,9.14668e+16,35.3263,2.94202,5.12808,3.18456e+19,5.6201e+20,sim00269.iv
sim00270,31.7818,3.86267,5.96937,6.89421e+20,4.28622e+19,271.935,3.7507,5.42706,9.32185e+16,5.32504e+16,27.7939,2.8966,5.05302,2.4669e+19,8.5876e+20,sim00270.iv
sim00271,48.4881,3.93381,5.90943,7.24299e+20,4.31278e+19,328.952,3.65861,5.59068,4.55604e+16,8.2007e+16,49.0046,3.08146,5.03231,3.34455e+19,5.59389e+20,sim00271.iv
sim00272,43.6743,3.85626,5.93904,9.55045e+20,1.72404e+19,265,3.72942,5.48393,2.57337e+16,1.26164e+16,32.1979,3.05968,5.1148,1.62496e+19,7.25347e+20,sim00272.iv
sim00273,31.0841,3.85484,5.94585,6.54826e+20,3.16057e+19,339.251,3.70786,5.5234,1.65921e+16,2.60321e+16,23.0285,3.10593,5.16718,1.74582e+19,6.09636e+20,sim00273.iv
sim00274,29.6962,3.91822,5.92436,8.43377e+20,4.62077e+19,251.306,3.73175,5.51194,3.75254e+16,9.16674e+16,22.8645,3.0848,5.14557,4.66131e+19,7.5929e+20,sim00274.iv
sim00275,29.6487,3.96555,5.95416,7.50158e+20,4.07143e+19,247.503,3.7179,5.57304,3.86186e+16,5.35195e+16,48.5313,3.11928,5.17741,2.54099e+19,9.98253e+20,sim00275.iv
sim00276,24.577,3.90375,5.89585,8.99216e+20,4.63447e+19,312.36,3.72536,5.48549,5.59293e+16,5.5837e+16,20.6111,3.00122,5.17119,3.8371e+19,8.97854e+20,sim00276.iv
sim00277,31.7145,3.90579,5.8067,6.91499e+20,2.89766e+19,245.729,3.60625,5.53808,4.91579e+16,4.7411e+16,27.4996,3.01513,5.08761,2.89594e+19,7.90436e+20,sim00277.iv
sim00278,20.1897,3.98154,5.81422,7.25462e+20,1.82949e+19,283.33,3.65605,5.572,4.56724e+16,6.7488e+16,27.4664,2.80776,5.08083,3.14595e+19,7.29774e+20,sim00278.iv
sim00279,48.8604,3.94137,5.99913,6.4753e+20,4.15621e+19,287.778,3.72235,5.59717,6.88588e+16,9.08935e+16,41.7725,2.85095,5.13988,2.93726e+19,9.59399e+20,sim00279.iv
sim00280,44.205,3.82083,5.82678,5.34806e+20,2.97298e+19,221.308,3.74474,5.51047,8.52297e+16,3.51816e+16,35.5742,2.84699,5.17692,1.70002e+19,5.51181e+20,sim00280.iv
sim00281,26.1515,3.96125,5.82116,8.07214e+20,3.98473e+19,315.151,3.63801,5.41232,5.03926e+16,2.82237e+16,40.9781,2.94268,5.08987,1.45394e+19,7.83775e+20,sim00281.iv
sim00282,25.5657,3.9358,5.81423,9.87947e+20,3.73811e+19,235.442,3.60282,5.46689,2.37532e+16,2.9657e+16,46.1825,3.04128,5.03529,3.22664e+19,6.2789e+20,sim00282.iv
sim00283,49.286,3.80655,5.94646,8.86499e+20,1.26865e+19,234.062,3.67686,5.57363,5.833e+16,6.89776e+16,43.4904,3.13125,5.09526,3.03517e+19,8.59003e+20,sim00283.iv
sim00284,27.9003,3.9709,5.80416,5.97886e+20,4.2008e+19,257.636,3.62997,5.43735,5.77681e+16,8.61563e+16,22.1195,2.81219,5.09303,4.82475e+19,6.39505e+20,sim00284.iv
sim00285,48.7751,3.97754,5.85663,9.08474e+20,3.74347e+19,281.655,3.68458,5.5631,8.13771e+16,7.81243e+16,49.9477,2.9914,5.16138,4.44991e+19,6.05801e+20,sim00285.iv
sim00286,21.262,3.88095,5.97135,6.44552e+20,3.80004e+19,211.029,3.67107,5.5231,2.16781e+16,9.06946e+16,24.6882,3.16392,5.04328,4.97711e+19,8.02374e+20,sim00286.iv
sim00287,22.5303,3.81306,5.81498,7.94946e+20,4.23832e+19,266.415,3.68897,5.51786,5.79737e+16,7.19256e+16,34.1536,3.08554,5.19946,2.40119e+19,5.06108e+20,sim00287.iv
sim00288,23.7688,3.9107,5.86885,9.69991e+20,3.50978e+19,282.85,3.75961,5.45172,8.37765e+16,1.02755e+16,38.5903,3.1739,5.15757,4.41454e+19,6.98477e+20,sim00288.iv
sim00289,44.7272,3.91017,5.92371,5.29458e+20,1.80621e+19,287.135,3.61176,5.54829,8.56051e+16,9.28326e+16,23.0531,3.17589,5.01352,2.89622e+19,9.20126e+20,sim00289.iv
sim00290,22.1093,3.80365,5.80499,7.55635e+20,4.24639e+19,227.84,3.62492,5.51371,3.10866e+16,7.57192e+16,48.4891,3.10641,5.17544,3.07834e+19,9.1616e+20,sim00290.iv
sim00291,25.4871,3.81367,5.93119,5.25976e+20,4.56993e+19,306.818,3.79044,5.46278,5.37542e+16,7.67521e+16,27.2834,3.01674,5.13189,4.91523e+19,8.72352e+20,sim00291.iv
sim00292,23.5439,3.89507,5.91775,5.73312e+20,2.72786e+19,249.761,3.62377,5.50241,2.4907e+16,6.31484e+16,25.0909,3.08944,5.03905,4.58514e+19,5.13105e+20,sim00292.iv
sim00293,35.6599,3.86402,5.84502,7.35801e+20,4.36808e+19,338.139,3.66065,5.43085,7.48126e+16,6.23799e+16,26.0305,3.10412,5.10379,3.61358e+19,6.7967e+20,sim00293.iv
sim00294,33.1729,3.83607,5.9513,5.78506e+20,4.11321e+19,321.721,3.74932,5.40388,3.4582e+16,5.21504e+16,37.8663,3.16769,5.07512,4.50009e+19,5.81715e+20,sim00294.iv
sim00295,31.1384,3.81046,5.9485,5.75326e+20,2.02808e+19,318.533,3.70694,5.40279,1.02012e+16,5.59595e+16,29.1487,2.87212,5.12272,1.91375e+19,7.96104e+20,sim00295.iv
sim00296,31.378,3.83735,5.82762,6.1843e+20,1.11933e+19,253.138,3.78039,5.56627,4.34803e+16,6.1825e+16,37.0208,3.1315,5.04726,2.18555e+19,6.50893e+20,sim00296.iv
sim00297,21.2261,3.86294,5.97558,9.55994e+20,1.43854e+19,274.128,3.67627,5.49787,5.99248e+16,1.18233e+16,45.2673,3.18947,5.13068,3.64181e+19,7.6399e+20,sim00297.iv
sim00298,30.0282,3.8298,5.91681,5.22471e+20,4.29801e+19,268.928,3.68295,5.46543,9.72418e+16,2.57425e+16,24.5392,2.86621,5.13171,4.96758e+19,6.17738e+20,sim00298.iv
sim00299,47.1685,3.85572,5.92958,5.20249e+20,2.98262e+19,301.64,3.70726,5.44757,8.45647e+16,9.73123e+16,33.7759,3.05437,5.15808,1.96596e+19,9.32225e+20,sim00299.iv
sim00300,28.406,3.95517,5.82242,6.44193e+20,3.13448e+19,283.489,3.77009,5.59923,1.9649e+16,3.44249e+16,30.7279,2.99157,5.09878,4.42478e+19,8.8528e+20,sim00300.iv
sim00301,20.5655,3.891,5.92361,7.30198e+20,1.52258e+19,265.646,3.68233,5.43754,7.80676e+16,3.89261e+16,37.6696,3.00629,5.17549,1.48806e+19,5.57132e+20,sim00301.iv
sim00302,29.0096,3.88624,5.85971,8.81594e+20,1.98106e+19,221.868,3.68276,5.55468,8.65506e+16,7.6001e+16,36.7366,3.08968,5.13628,1.93747e+19,7.75379e+20,sim00302.iv
sim00303,43.1183,3.86342,5.93079,7.4074e+20,3.01264e+19,222.608,3.73324,5.57314,2.27288e+16,4.29495e+16,21.46,2.81185,5.19793,2.97389e+19,6.7776e+20,sim00303.iv
sim00304,28.2463,3.996,5.85045,8.62854e+20,2.13503e+19,219.869,3.73666,5.40033,7.08174e+16,3.25339e+16,42.3831,3.1079,5.14482,1.09793e+19,8.51868e+20,sim00304.iv
sim00305,49.7044,3.84853,5.85485,9.06763e+20,1.64159e+19,302.482,3.75101,5.40743,5.98386e+16,6.1829e+16,29.1033,3.15054,5.03255,2.45678e+19,9.24334e+20,sim00305.iv
sim00306,25.7193,3.96427,5.81581,7.44615e+20,1.30132e+19,304.907,3.75812,5.56997,9.83136e+16,7.04814e+16,43.0719,3.0023,5.18255,3.57503e+19,9.41776e+20,sim00306.iv
sim00307,27.0636,3.89935,5.94596,6.01361e+20,1.84536e+19,346.926,3.68692,5.43636,3.98317e+16,4.57639e+16,38.6926,3.16921,5.19732,3.6068e+19,8.49961e+20,sim00307.iv
sim00308,29.6549,3.97143,5.84356,5.5319e+20,4.89302e+19,330.979,3.66073,5.53503,5.20317e+16,3.90815e+16,28.6032,2.85441,5.10986,2.78639e+19,7.56093e+20,sim00308.iv
sim00309,26.4607,3.98772,5.92772,9.498e+20,1.43708e+19,297.199,3.76989,5.46618,2.75629e+16,3.38519e+16,28.188,2.97888,5.06519,2.0851e+19,8.24256e+20,sim00309.iv
sim00310,21.591,3.86807,5.93795,5.87925e+20,1.88371e+19,238.093,3.60019,5.49475,1.35063e+16,3.45646e+16,49.8441,3.16736,5.04302,2.24001e+19,7.31852e+20,sim00310.iv
sim00311,45.3324,3.96053,5.82525,5.62224e+20,2.66693e+19,331.813,3.77642,5.42147,6.16868e+16,2.40108e+16,40.5839,3.16657,5.09095,1.33233e+19,7.89627e+20,sim00311.iv
sim00312,32.2555,3.96218,5.86807,9.37449e+20,2.0948e+19,232.052,3.6613,5.40698,3.53121e+16,6.94106e+16,24.2685,2.84455,5.02648,1.31021e+19,9.37318e+20,sim00312.iv
sim00313,48.3235,3.80931,5.95201,8.68576e+20,4.98764e+19,258.702,3.6571,5.49062,8.70918e+16,7.55734e+16,34.1487,2.89783,5.1454,4.41811e+19,6.99976e+20,sim00313.iv
sim00314,40.0576,3.88004,5.8957,7.62455e+20,4.1029e+19,346.851,3.68887,5.46846,4.36232e+16,2.205e+16,28.9082,2.83458,5.08558,1.66943e+19,6.73203e+20,sim00314.iv
sim00315,43.8073,3.84919,5.92238,9.50591e+20,3.26772e+19,237.131,3.66895,5.51807,5.5595e+16,2.33758e+16,33.4039,3.01723,5.05347,3.44978e+19,5.3508e+20,sim00315.iv
sim00316,30.0982,3.96086,5.85186,8.02588e+20,2.64012e+19,254.304,3.78323,5.46865,3.13008e+16,9.18371e+16,42.3783,3.07272,5.00991,1.52482e+19,8.1917e+20,sim00316.iv
sim00317,26.283,3.84513,5.95583,6.42962e+20,1.28635e+19,215.1,3.68864,5.52343,8.81997e+16,1.99724e+16,25.9002,3.01192,5.07282,2.93015e+19,9.62062e+20,sim00317.iv
sim00318,36.3467,3.88302,5.99789,5.32608e+20,4.72845e+19,280.233,3.70075,5.58439,5.56592e+16,4.94566e+16,28.1747,3.06353,5.11393,1.85738e+19,8.54706e+20,sim00318.iv
sim00319,39.3226,3.87947,5.80088,7.23291e+20,1.02423e+19,220.5,3.68612,5.41638,3.48099e+16,6.89942e+16,29.2585,3.19906,5.18326,3.34124e+19,9.83474e+20,sim00319.iv
sim00320,46.0405,3.86378,5.94992,5.68416e+20,3.73821e+19,278.751,3.60337,5.45485,9.59844e+16,3.84248e+16,25.4436,2.87501,5.09584,4.3706e+19,8.79001e+20,sim00320.iv
sim00321,33.1056,3.84175,5.80921,7.31315e+20,4.2591e+19,312.155,3.68172,5.51894,4.92622e+16,6.21114e+16,35.5252,3.07239,5.10154,4.76244e+19,7.14014e+20,sim00321.iv
sim00322,20.4775,3.84727,5.90012,7.70286e+20,3.20954e+19,310.037,3.65493,5.53298,7.33629e+16,4.70153e+16,32.0651,2.87157,5.0828,4.14727e+19,9.54487e+20,sim00322.iv
sim00323,37.8084,3.85987,5.93646,8.70073e+20,2.32885e+19,325.717,3.61474,5.40215,2.10674e+16,2.40408e+16,46.3679,2.96999,5.05499,2.7163e+19,6.9742e+20,sim00323.iv
sim00324,29.0439,3.82758,5.93118,5.68302e+20,4.1017e+19,238.236,3.74627,5.56112,2.12793e+16,1.78071e+16,48.4872,2.98522,5.12605,1.09304e+19,6.39355e+20,sim00324.iv
sim00325,35.1619,3.97724,5.85429,8.87596e+20,3.64885e+19,226.138,3.65868,5.44757,4.98275e+16,6.71801e+16,33.0026,2.89781,5.13918,3.33788e+19,7.59657e+20,sim00325.iv
sim00326,36.6326,3.84438,5.93609,6.9375e+20,2.45387e+19,230.963,3.71937,5.52053,4.06271e+16,8.73865e+16,45.3637,2.84362,5.13901,2.57534e+19,9.99857e+20,sim00326.iv
sim00327,26.7507,3.8561,5.88842,6.34358e+20,3.76797e+19,277.327,3.64418,5.50127,8.99909e+16,8.13156e+16,34.9649,2.9154,5.03598,4.51353e+19,8.55083e+20,sim00327.iv
sim00328,37.1649,3.97589,5.82434,8.41245e+20,1.86685e+19,226.881,3.69312,5.47748,9.47056e+16,3.91582e+16,44.4471,3.09953,5.13358,4.6816e+19,7.03962e+20,sim00328.iv
sim00329,31.6901,3.83219,5.85515,9.39888e+20,2.89753e+19,257.789,3.64322,5.49699,7.44999e+16,3.58023e+16,42.7315,3.05192,5.15751,2.00364e+19,8.15514e+20,sim00329.iv
sim00330,24.6121,3.87276,5.94487,8.15834e+20,1.75144e+19,330.168,3.61067,5.51904,9.85438e+16,5.78354e+16,44.0202,3.03807,5.15662,3.62238e+19,8.45566e+20,sim00330.iv
sim00331,26.8343,3.94836,5.84758,9.9032e+20,1.91115e+19,243.136,3.77173,5.4486,4.24813e+16,7.43176e+16,24.7625,2.86363,5.09727,1.97479e+19,6.17829e+20,sim00331.iv
sim00332,20.2772,3.87409,5.86365,5.15578e+20,3.48493e+19,297.732,3.61416,5.46341,8.85525e+16,6.2395e+16,32.3592,2.98604,5.04166,4.24753e+19,9.57002e+20,sim00332.iv
sim00333,47.3199,3.84479,5.86215,5.80311e+20,2.2288e+19,256.593,3.72662,5.43793,9.27457e+16,1.9279e+16,20.2063,3.14198,5.14075,2.42144e+19,7.9775e+20,sim00333.iv
sim00334,26.7063,3.83368,5.89423,6.76594e+20,3.46092e+19,240.541,3.73259,5.55337,2.49973e+16,1.39472e+16,33.1876,3.10961,5.13016,3.80753e+19,7.0142e+20,sim00334.iv
sim00335,27.0484,3.90636,5.84087,8.63114e+20,1.78787e+19,250.777,3.70131,5.49734,6.40764e+16,4.937e+16,47.5842,3.13597,5.17582,3.51807e+19,8.17504e+20,sim00335.iv
sim00336,38.276,3.88698,5.86442,7.96001e+20,1.10213e+19,211.044,3.77033,5.40928,5.72316e+16,6.53489e+16,25.9451,3.15829,5.03802,4.53806e+19,8.81495e+20,sim00336.iv
sim00337,27.2223,3.83015,5.86325,6.98975e+20,1.98314e+19,349.845,3.64593,5.56613,2.43206e+16,9.8222e+16,26.7657,2.96868,5.11171,1.48114e+19,9.0841e+20,sim00337.iv
sim00338,28.2406,3.90985,5.90993,8.0132e+20,1.22194e+19,233.607,3.63224,5.46041,2.30423e+16,9.29729e+16,35.3886,3.04943,5.0715,2.10498e+19,7.51589e+20,sim00338.iv
sim00339,28.8297,3.86873,5.89055,7.52867e+20,4.93726e+19,241.265,3.6976,5.4299,4.14999e+16,7.4558e+16,25.2339,3.03254,5.08334,1.20632e+19,9.66538e+20,sim00339.iv
sim00340,32.4081,3.95679,5.88326,9.6868e+20,2.16188e+19,267.712,3.75177,5.46873,4.27921e+16,9.95341e+16,36.6684,3.07575,5.12869,4.3117e+19,9.30913e+20,sim00340.iv
sim00341,36.8977,3.85891,5.80456,8.07202e+20,4.30188e+19,273.076,3.63294,5.45762,5.5899e+16,8.53013e+16,25.1526,3.04486,5.15067,4.74419e+19,5.58352e+20,sim00341.iv
sim00342,47.7917,3.92029,5.95334,5.26887e+20,3.02459e+19,297.168,3.66137,5.48633,5.98868e+16,5.97293e+16,21.2558,2.97579,5.04276,4.66678e+19,9.8829e+20,sim00342.iv
sim00343,28.9894,3.83504,5.8439,7.38876e+20,4.49802e+19,280.005,3.61108,5.40798,3.04652e+16,8.58494e+16,38.6444,3.02518,5.06379,4.7177e+19,6.65589e+20,sim00343.iv
sim00344,45.0483,3.97918,5.89667,9.47145e+20,2.10721e+19,302.181,3.61759,5.49479,2.95599e+16,1.56487e+16,20.1118,2.9299,5.11791,2.82092e+19,6.50885e+20,sim00344.iv
sim00345,49.736,3.98791,5.82513,7.07554e+20,3.59539e+19,312.689,3.67327,5.54926,2.11735e+16,3.98631e+16,41.493,3.05027,5.16744,1.18743e+19,5.87196e+20,sim00345.iv
sim00346,21.4548,3.83842,5.80086,7.52105e+20,3.11326e+19,302.105,3.67698,5.40064,7.06502e+16,1.48862e+16,45.9851,2.80906,5.1061,4.57967e+19,7.86245e+20,sim00346.iv
sim00347,38.2525,3.93632,5.82448,8.37464e+20,4.52142e+19,346.391,3.68861,5.4689,7.77979e+16,5.88587e+16,27.7191,2.86886,5.03405,2.83671e+19,5.85062e+20,sim00347.iv
sim00348,20.5916,3.81042,5.98598,5.36481e+20,1.29272e+19,273.166,3.64902,5.59254,9.19887e+16,4.64269e+16,33.4619,2.95005,5.00757,2.17139e+19,5.61337e+20,sim00348.iv
sim00349,23.0711,3.91217,5.81975,5.51466e+20,2.92205e+19,271.92,3.62753,5.40089,2.73677e+16,3.12303e+16,44.0075,3.16618,5.08119,2.62011e+19,8.56241e+20,sim00349.iv
sim00350,38.8077,3.83683,5.82154,7.18806e+20,3.25931e+19,229.419,3.65865,5.46119,3.35168e+16,5.14685e+16,39.5919,3.00376,5.04029,1.41176e+19,9.10935e+20,sim00350.iv
sim00351,34.3791,3.81243,5.85162,9.02017e+20,4.00691e+19,332.614,3.72042,5.48458,4.83971e+16,2.746e+16,39.524,3.03403,5.03097,4.54265e+19,6.84234e+20,sim00351.iv
sim00352,21.4922,3.86558,5.97397,9.58478e+20,2.96159e+19,343.888,3.77505,5.56505,8.73739e+16,4.43688e+16,42.6941,3.03094,5.14394,1.71114e+19,8.65697e+20,sim00352.iv
sim00353,48.7278,3.86053,5.99723,6.89188e+20,1.79889e+19,225.72,3.75699,5.51097,3.76418e+16,6.47605e+16,29.963,2.97934,5.17253,3.67267e+19,8.81201e+20,sim00353.iv
sim00354,37.5048,3.99828,5.84828,6.31146e+20,1.37024e+19,287.563,3.72267,5.54519,4.01901e+16,1.11031e+16,38.9669,3.19948,5.05891,1.73574e+19,6.40883e+20,sim00354.iv
sim00355,32.7625,3.85018,5.86939,8.19103e+20,2.38011e+19,265.448,3.60801,5.58359,4.66197e+16,3.95329e+16,22.5945,3.05367,5.17276,1.16461e+19,5.72636e+20,sim00355.iv
sim00356,24.3917,3.92045,5.98425,7.18884e+20,2.37523e+19,317.218,3.74851,5.44935,2.44744e+16,4.22029e+16,43.2681,3.07803,5.13317,4.31771e+19,6.38565e+20,sim00356.iv
sim00357,30.1905,3.80847,5.97375,7.91215e+20,2.19249e+19,219.718,3.74468,5.54975,6.99561e+16,2.83403e+16,47.3965,3.10126,5.13155,3.60378e+19,9.52179e+20,sim00357.iv
sim00358,47.8492,3.91913,5.88333,6.81867e+20,4.27632e+19,300.245,3.61545,5.42844,9.10167e+16,8.96048e+16,48.555,2.97114,5.15681,4.3129e+19,6.57848e+20,sim00358.iv
sim00359,24.3601,3.99941,5.80604,7.98668e+20,3.60085e+19,305.451,3.65113,5.54432,2.9476e+16,8.46134e+16,26.5735,3.07868,5.15668,1.75578e+19,6.18993e+20,sim00359.iv
sim00360,43.3731,3.8172,5.83815,7.27765e+20,4.72073e+19,288.663,3.67754,5.59567,5.1734e+16,4.90361e+16,32.3493,2.92487,5.06514,3.75135e+19,5.20418e+20,sim00360.iv
sim00361,40.4545,3.84024,5.87684,5.73269e+20,3.211e+19,312.109,3.67093,5.43268,3.03855e+16,8.36302e+16,28.0295,3.10988,5.06624,1.75493e+19,8.63654e+20,sim00361.iv
sim00362,34.0564,3.80626,5.99199,5.73877e+20,2.41363e+19,263.871,3.69789,5.55709,1.05481e+16,9.39225e+16,39.3797,3.18026,5.16348,4.71135e+19,8.005e+20,sim00362.iv
sim00363,30.7193,3.88858,5.93161,7.13466e+20,3.92669e+19,222.859,3.766,5.44084,9.49553e+16,2.39991e+16,23.8749,3.12475,5.16374,3.95504e+19,9.80265e+20,sim00363.iv
sim00364,28.1162,3.96533,5.87041,7.68699e+20,2.7824e+19,210.819,3.71489,5.5495,2.57097e+16,9.3849e+16,35.912,2.8713,5.12919,1.76769e+19,5.31767e+20,sim00364.iv
sim00365,40.5595,3.82214,5.82124,8.69972e+20,1.22081e+19,323.368,3.75923,5.42828,5.66543e+16,1.86963e+16,38.9771,2.82517,5.1889,1.83092e+19,8.41447e+20,sim00365.iv
sim00366,23.8487,3.84192,5.89019,7.86548e+20,4.99545e+19,213.63,3.60006,5.47007,4.29541e+16,8.95454e+16,47.3775,3.15221,5.02864,2.64842e+19,8.72943e+20,sim00366.iv
sim00367,29.3783,3.93265,5.84743,6.6171e+20,4.44172e+19,245.071,3.79286,5.46125,1.21175e+16,3.29411e+16,25.1361,3.00273,5.02254,3.5042e+19,9.3745e+20,sim00367.iv
sim00368,30.8756,3.8337,5.88,8.92983e+20,3.36595e+19,224.16,3.70744,5.49362,3.94401e+16,1.99145e+16,49.4334,2.87042,5.03855,1.58233e+19,7.85097e+20,sim00368.iv
sim00369,33.3101,3.84991,5.88588,8.36761e+20,2.1268e+19,338.134,3.66127,5.43964,9.59111e+16,8.29505e+16,30.2941,3.13657,5.10376,2.38701e+19,9.19806e+20,sim00369.iv
sim00370,42.565,3.85957,5.92134,6.84695e+20,1.00421e+19,344.654,3.70993,5.51969,6.39902e+16,5.95577e+16,28.7014,3.18863,5.12433,3.68369e+19,7.27396e+20,sim00370.iv
sim00371,28.6358,3.81287,5.87005,5.88049e+20,3.64835e+19,333.061,3.66055,5.46658,7.03328e+16,2.34344e+16,47.8831,2.94554,5.02024,1.69874e+19,9.66373e+20,sim00371.iv
sim00372,27.4136,3.93245,5.83123,5.97051e+20,4.51695e+19,230.725,3.60375,5.50025,8.76454e+16,3.93392e+16,23.8449,3.19289,5.13535,4.40276e+19,8.76069e+20,sim00372.iv
sim00373,40.9473,3.87691,5.86487,8.58479e+20,3.86685e+19,343.082,3.71373,5.45892,5.40576e+16,6.52342e+16,32.8019,3.11645,5.11692,1.03774e+19,7.8492e+20,sim00373.iv
sim00374,39.0081,3.98305,5.88274,7.87234e+20,2.89999e+19,284.432,3.61346,5.57946,9.19371e+16,5.93254e+16,36.6967,2.82302,5.11959,2.71661e+19,8.54522e+20,sim00374.iv
sim00375,21.4137,3.94218,5.85738,8.25853e+20,3.5085e+19,241.758,3.68809,5.56713,6.45032e+16,1.61864e+16,33.2873,2.92471,5.12833,3.45826e+19,5.05199e+20,sim00375.iv
sim00376,38.2309,3.94697,5.95375,5.29488e+20,2.21463e+19,268.978,3.63595,5.48415,1.64017e+16,2.01896e+16,40.0608,2.90503,5.14228,1.19243e+19,7.81352e+20,sim00376.iv
sim00377,31.7435,3.95939,5.95679,6.8778e+20,3.49086e+19,241.857,3.71608,5.41625,4.91144e+16,2.64455e+16,46.5014,2.97796,5.11815,2.44153e+19,6.44371e+20,sim00377.iv
sim00378,26.0876,3.98237,5.95989,5.66631e+20,3.9869e+19,268.594,3.60308,5.50567,2.17042e+16,2.88941e+16,40.8812,2.90286,5.17838,3.62868e+19,9.16142e+20,sim00378.iv
sim00379,38.4557,3.97377,5.87234,7.7457e+20,3.06356e+19,336.531,3.63298,5.51561,7.78988e+16,4.33045e+16,46.0274,2.94921,5.03466,3.33619e+19,7.10284e+20,sim00379.iv
sim00380,20.4557,3.81397,5.83906,8.84665e+20,4.56816e+19,286.39,3.62111,5.50688,8.70045e+16,7.7453e+16,28.7329,2.84956,5.18014,4.41635e+19,5.26858e+20,sim00380.iv
sim00381,44.7102,3.81944,5.81266,8.793e+20,3.14524e+19,268.037,3.78077,5.56786,1.51861e+16,6.54479e+16,43.168,3.0202,5.1966,3.74419e+19,5.52072e+20,sim00381.iv
sim00382,25.9489,3.96525,5.99935,5.4917e+20,1.40132e+19,316.874,3.61287,5.41371,8.99935e+16,8.20405e+16,46.4469,3.06021,5.06451,4.62525e+19,6.49362e+20,sim00382.iv
sim00383,28.2653,3.97728,5.93616,9.47836e+20,1.62361e+19,343.322,3.72255,5.53361,9.22655e+16,4.42678e+16,41.5872,3.05614,5.15755,4.58777e+19,8.4003e+20,sim00383.iv
sim00384,22.0292,3.83663,5.9908,9.84325e+20,4.86965e+19,215.152,3.67649,5.55193,7.77597e+16,1.77318e+16,38.2847,2.85715,5.09864,1.95874e+19,5.26581e+20,sim00384.iv
sim00385,22.4006,3.98218,5.94893,9.65912e+20,2.87996e+19,267.861,3.67168,5.52326,4.16403e+16,7.71646e+16,44.0395,3.15034,5.04856,3.10809e+19,6.11722e+20,sim00385.iv
sim00386,21.1267,3.94157,5.9098,8.61964e+20,1.35049e+19,349.374,3.79887,5.493,8.79453e+16,3.19212e+16,42.127,3.15169,5.16293,4.2471e+19,7.31513e+20,sim00386.iv
sim00387,44.5997,3.93814,5.82649,5.57092e+20,4.08769e+19,297.565,3.70388,5.58145,6.93631e+16,4.56532e+16,32.418,3.0421,5.15206,3.25741e+19,7.5438e+20,sim00387.iv
sim00388,41.807,3.94105,5.96607,5.31276e+20,4.01981e+19,281.926,3.61494,5.5358,7.44886e+16,5.71264e+16,43.814,2.9201,5.04038,2.40294e+19,7.05025e+20,sim00388.iv
sim00389,40.878,3.9691,5.94418,5.86994e+20,2.46487e+19,232.178,3.73734,5.44963,5.72848e+16,8.12647e+16,40.1282,2.91935,5.06657,3.61346e+19,7.74734e+20,sim00389.iv
sim00390,22.8918,3.9748,5.90252,7.36681e+20,1.79376e+19,262.779,3.66656,5.45415,6.10666e+16,5.16048e+16,46.6759,3.17654,5.04389,1.40042e+19,8.92669e+20,sim00390.iv
sim00391,49.8458,3.97272,5.80474,6.25632e+20,1.17337e+19,324.909,3.71628,5.50274,5.99005e+16,3.27206e+16,38.0492,2.81227,5.1292,3.93774e+19,8.36513e+20,sim00391.iv
sim00392,29.9635,3.96525,5.94311,5.64149e+20,1.78058e+19,299.195,3.65788,5.42389,2.39472e+16,2.49055e+16,34.3337,3.04295,5.03528,3.84999e+19,6.40506e+20,sim00392.iv
sim00393,29.3467,3.8447,5.95704,9.79907e+20,2.97e+19,215.884,3.65211,5.43161,8.58486e+16,1.76369e+16,48.9943,3.03541,5.10355,4.3894e+19,5.13774e+20,sim00393.iv
sim00394,43.3146,3.82332,5.96816,7.64588e+20,1.24452e+19,326.654,3.60546,5.42767,8.18042e+16,5.18384e+16,46.4417,3.05417,5.12471,2.16894e+19,5.6684e+20,sim00394.iv
sim00395,48.8352,3.82096,5.9058,6.36284e+20,2.05656e+19,293.242,3.75959,5.55544,8.81922e+16,3.63612e+16,33.9725,2.80373,5.14937,2.20937e+19,7.80747e+20,sim00395.iv
sim00396,25.079,3.96388,5.96345,9.38726e+20,1.18375e+19,348.944,3.64956,5.46189,3.24402e+16,3.40779e+16,36.5798,2.89592,5.07875,3.62243e+19,9.18013e+20,sim00396.iv
sim00397,40.7822,3.91886,5.82955,9.08058e+20,1.1491e+19,246.987,3.61141,5.53349,4.31534e+16,6.86844e+16,30.4109,2.9823,5.09159,1.18232e+19,7.15113e+20,sim00397.iv
sim00398,39.2319,3.90921,5.81506,8.34028e+20,2.23545e+19,212.021,3.63112,5.49951,3.79361e+16,7.24945e+16,27.2196,3.10912,5.0573,3.48345e+19,8.99608e+20,sim00398.iv
sim00399,31.5667,3.80936,5.90709,9.97705e+20,4.87597e+19,240.943,3.75114,5.46899,2.44245e+16,6.99323e+16,35.0261,3.01569,5.16548,2.34617e+19,8.33547e+20,sim00399.iv
sim00400,30.9857,3.80854,5.8756,9.75017e+20,2.93305e+19,225.152,3.73757,5.59268,9.17151e+16,6.14765e+16,31.2884,3.03227,5.16319,4.44495e+19,9.09422e+20,sim00400.iv
sim00401,33.6643,3.82377,5.91383,5.78214e+20,1.24383e+19,279.813,3.73107,5.57083,8.04552e+16,8.71516e+16,42.8021,3.0813,5.00203,3.50441e+19,5.60241e+20,sim00401.iv
sim00402,21.76,3.83128,5.96466,8.71925e+20,4.79509e+19,347.057,3.77866,5.42659,8.90544e+16,8.54773e+16,46.1326,2.86067,5.02336,4.69524e+19,5.86913e+20,sim00402.iv
sim00403,31.0587,3.8912,5.82489,5.10317e+20,4.97636e+19,332.732,3.78247,5.45691,2.98091e+16,4.8328e+16,33.5996,2.80224,5.15585,4.98667e+19,7.64345e+20,sim00403.iv
sim00404,31.6478,3.87855,5.81922,6.33081e+20,3.00853e+19,270.459,3.70901,5.56981,3.02718e+16,1.24898e+16,21.1468,2.85367,5.1141,4.23274e+19,9.43403e+20,sim00404.iv
sim00405,39.0534,3.88063,5.8309,7.00709e+20,2.32966e+19,331.804,3.69734,5.44524,3.59921e+16,2.22823e+16,47.5576,2.82014,5.00257,1.73196e+19,9.05437e+20,sim00405.iv
sim00406,35.704,3.92517,5.87155,5.34339e+20,4.42463e+19,236.865,3.60661,5.51454,1.7496e+16,1.86186e+16,44.0113,2.99664,5.0483,2.39451e+19,8.6462e+20,sim00406.iv
sim00407,21.9906,3.8233,5.92325,8.03486e+20,4.88985e+19,262.437,3.61302,5.50751,6.74512e+16,2.25643e+16,36.5859,2.87911,5.16895,4.34065e+19,7.14815e+20,sim00407.iv
sim00408,49.0023,3.99595,5.82585,6.83857e+20,3.40129e+19,221.877,3.67653,5.45223,9.56845e+16,4.70427e+16,42.8801,2.95468,5.02636,4.45261e+19,5.00208e+20,sim00408.iv
sim00409,21.6782,3.87288,5.93738,6.70852e+20,1.26525e+19,254.498,3.649,5.40108,5.81322e+16,2.04981e+16,28.6249,3.05648,5.14502,2.05382e+19,6.64597e+20,sim00409.iv
sim00410,27.4073,3.99138,5.8381,5.9159e+20,2.78014e+19,236.503,3.63134,5.41918,6.76154e+16,6.50874e+16,39.5049,3.10932,5.06527,4.67369e+19,8.66602e+20,sim00410.iv
sim00411,44.1413,3.94419,5.87169,6.41516e+20,2.69007e+19,223.584,3.69026,5.40863,1.03551e+16,9.38349e+16,40.6801,3.02474,5.06822,3.28215e+19,9.45788e+20,sim00411.iv
sim00412,39.5714,3.9205,5.89204,6.72849e+20,3.79419e+19,347.337,3.68495,5.47844,4.85302e+16,4.8299e+16,49.7187,3.08271,5.07184,2.48601e+19,7.15398e+20,sim00412.iv
sim00413,21.1014,3.90556,5.96228,8.30284e+20,1.79368e+19,311.925,3.74389,5.45251,6.60587e+16,6.49854e+16,45.1936,2.85443,5.03897,2.94388e+19,5.22073e+20,sim00413.iv
sim00414,32.4678,3.95764,5.82974,7.29974e+20,4.95908e+19,280.829,3.69966,5.51176,2.67404e+16,2.32447e+16,40.3206,2.95831,5.05798,1.12557e+19,9.23025e+20,sim00414.iv
sim00415,20.9699,3.95,5.8764,7.99344e+20,1.99071e+19,231.756,3.70668,5.53912,2.75944e+16,4.92723e+16,33.3396,2.88639,5.11301,1.58374e+19,7.54875e+20,sim00415.iv
sim00416,23.4029,3.89711,5.86232,7.26123e+20,2.735e+19,337.111,3.69799,5.5637,3.03087e+16,4.16875e+16,22.2527,2.9683,5.13374,4.35267e+19,7.82957e+20,sim00416.iv
sim00417,39.2022,3.83545,5.80744,8.95844e+20,1.66815e+19,222.764,3.78751,5.5927,6.54632e+16,4.40774e+16,44.9972,2.88189,5.08588,2.42807e+19,9.5635e+20,sim00417.iv
sim00418,47.5933,3.93018,5.82215,7.41096e+20,1.98131e+19,333.888,3.62768,5.41086,7.33986e+16,5.07957e+16,45.1509,2.82985,5.16022,1.14934e+19,5.14035e+20,sim00418.iv
sim00419,33.8395,3.84426,5.91874,5.12908e+20,1.14156e+19,311.801,3.64203,5.53128,7.7493e+16,1.53398e+16,43.0926,2.90737,5.07791,1.34656e+19,9.19315e+20,sim00419.iv
sim00420,36.8219,3.90093,5.99371,6.67253e+20,4.56312e+19,310.756,3.78571,5.58156,9.91927e+16,2.18509e+16,43.8805,3.1218,5.12887,2.11544e+19,9.82574e+20,sim00420.iv
sim00421,26.1327,3.89992,5.9043,5.80915e+20,3.89012e+19,222.441,3.73862,5.56972,4.14457e+16,7.38479e+16,24.7032,3.13838,5.19041,1.61077e+19,8.4593e+20,sim00421.iv
sim00422,35.1749,3.9063,5.9413,7.4437e+20,3.40131e+19,242.326,3.6757,5.57305,1.98912e+16,6.37818e+16,25.5286,3.13862,5.11581,2.6122e+19,6.24912e+20,sim00422.iv
sim00423,33.1053,3.99152,5.90184,7.34745e+20,3.9851e+19,263.067,3.68548,5.46739,2.35828e+16,7.42428e+16,46.1909,3.16224,5.17616,2.80714e+19,6.42033e+20,sim00423.iv
sim00424,39.1377,3.99094,5.94541,7.47424e+20,3.75523e+19,318.155,3.78385,5.55264,4.89872e+16,3.46246e+16,34.9964,2.93127,5.18855,3.03186e+19,7.36028e+20,sim00424.iv
sim00425,30.4459,3.92788,5.90401,5.64524e+20,4.47683e+19,260.262,3.68652,5.44113,5.98058e+16,7.3185e+16,46.435,2.82064,5.19467,3.81527e+19,6.42149e+20,sim00425.iv
sim00426,26.1342,3.85922,5.97515,6.45695e+20,2.85128e+19,308.803,3.7744,5.53171,7.77798e+16,2.55994e+16,46.3222,2.91029,5.02568,4.90498e+19,6.0082e+20,sim00426.iv
sim00427,24.0996,3.9252,5.86377,5.66675e+20,3.40448e+19,316.258,3.75864,5.4311,6.0118e+16,8.32311e+16,24.8326,2.88307,5.00048,3.09854e+19,5.97341e+20,sim00427.iv
sim00428,41.7273,3.99244,5.84175,8.24549e+20,1.84734e+19,212.521,3.75171,5.4868,9.52108e+16,5.80857e+16,24.7245,2.97991,5.04058,4.51212e+19,8.45452e+20,sim00428.iv
sim00429,30.2372,3.90556,5.9339,8.91429e+20,1.32059e+19,213.153,3.62289,5.479,5.20036e+16,2.22815e+16,32.3346,2.97665,5.02182,4.66664e+19,7.99573e+20,sim00429.iv
sim00430,31.6561,3.90138,5.86284,9.27166e+20,3.30006e+19,279.285,3.78218,5.5676,8.31522e+16,3.03048e+16,24.5937,3.07604,5.09373,3.73485e+19,8.80314e+20,sim00430.iv
sim00431,28.8594,3.85693,5.89817,6.36775e+20,3.66918e+19,314.542,3.69441,5.54476,5.59394e+16,7.41585e+16,26.749,3.09554,5.14302,2.06642e+19,7.77985e+20,sim00431.iv
sim00432,45.6594,3.8499,5.9472,9.76983e+20,4.46497e+19,266.213,3.72144,5.59835,6.11594e+16,2.03525e+16,21.3629,3.11613,5.08473,1.98725e+19,6.73836e+20,sim00432.iv
sim00433,42.7212,3.89305,5.9737,8.67463e+20,4.89606e+19,334.391,3.65091,5.53181,1.18489e+16,9.91996e+16,27.8302,3.06592,5.16983,1.64186e+19,9.2394e+20,sim00433.iv
sim00434,20.3674,3.8884,5.89441,6.87045e+20,3.34554e+19,338.078,3.6654,5.51585,8.89716e+16,7.95696e+16,21.222,3.17712,5.00933,3.35503e+19,7.87677e+20,sim00434.iv
sim00435,43.5917,3.82969,5.83587,8.76053e+20,1.59802e+19,275.722,3.74633,5.53025,2.89544e+16,3.73564e+16,49.0692,2.97947,5.00889,1.87834e+19,6.71218e+20,sim00435.iv
sim00436,49.9847,3.86054,5.80528,7.56461e+20,1.33442e+19,248.369,3.79848,5.54093,1.456e+16,5.03818e+16,25.1491,2.84918,5.11741,3.02262e+19,8.71433e+20,sim00436.iv
sim00437,46.7692,3.84934,5.9846,7.58996e+20,2.03534e+19,328.41,3.60711,5.5119,7.49459e+16,3.5198e+16,45.9048,2.89611,5.16797,1.31418e+19,5.79964e+20,sim00437.iv
sim00438,31.4295,3.97081,5.82892,9.37719e+20,1.91893e+19,273.351,3.67055,5.42363,9.49879e+16,4.9436e+16,40.7099,3.03011,5.10034,3.46631e+19,9.49171e+20,sim00438.iv
sim00439,40.9794,3.9065,5.92904,8.03197e+20,2.73248e+19,297.467,3.68871,5.55152,9.72021e+16,9.63879e+16,44.6221,3.0407,5.14987,1.71219e+19,7.39509e+20,sim00439.iv
sim00440,27.7191,3.8007,5.99335,9.31924e+20,3.05479e+19,245.581,3.7386,5.48696,8.23015e+16,9.99566e+16,30.4725,2.89776,5.05348,1.37338e+19,6.97023e+20,sim00440.iv
sim00441,20.5228,3.82288,5.85434,5.79931e+20,3.92864e+19,224.785,3.7732,5.44422,1.97732e+16,1.09096e+16,41.4562,2.90265,5.1019,1.44646e+19,9.92648e+20,sim00441.iv
sim00442,23.7615,3.88239,5.97033,6.22443e+20,2.06789e+19,323.19,3.65467,5.40057,4.85122e+16,1.11282e+16,47.2938,3.05673,5.1166,1.80636e+19,8.49973e+20,sim00442.iv
sim00443,40.3176,3.81209,5.97617,7.89707e+20,4.16987e+19,246.808,3.62441,5.54049,8.14494e+16,4.4743e+16,20.7108,3.1273,5.04122,2.35613e+19,8.14116e+20,sim00443.iv
sim00444,22.9986,3.8144,5.80514,9.5832e+20,2.24553e+19,302.492,3.79785,5.53389,5.72585e+16,5.68828e+16,31.3075,3.03991,5.19176,4.15218e+19,7.12113e+20,sim00444.iv
sim00445,29.9733,3.97671,5.82716,9.24793e+20,2.02031e+19,310.188,3.76124,5.4954,2.73056e+16,8.60291e+16,31.0253,2.92827,5.102,2.74034e+19,8.41526e+20,sim00445.iv
sim00446,24.1159,3.88714,5.97834,5.18031e+20,2.82935e+19,302.474,3.77754,5.51876,8.42036e+16,3.00422e+16,30.5843,3.17685,5.1772,3.23181e+19,7.37744e+20,sim00446.iv
sim00447,33.532,3.81176,5.97848,9.09075e+20,2.825e+19,249.122,3.66858,5.42463,7.49611e+16,6.01003e+16,27.0231,3.0492,5.19585,1.48958e+19,7.29243e+20,sim00447.iv
sim00448,34.8248,3.83336,5.90632,8.02989e+20,1.62938e+19,231.661,3.77127,5.46228,6.673e+16,6.64096e+16,45.1751,3.09596,5.16812,3.50086e+19,7.24729e+20,sim00448.iv
sim00449,31.807,3.87581,5.88368,5.64655e+20,2.69583e+19,264.522,3.60691,5.45503,7.76716e+16,6.20151e+16,44.185,3.01708,5.17082,4.18427e+19,5.49142e+20,sim00449.iv
sim00450,49.3102,3.80295,5.91937,8.96256e+20,2.32758e+19,293.8,3.67242,5.41212,1.07615e+16,1.85376e+16,22.9523,3.04436,5.10517,2.82185e+19,8.45961e+20,sim00450.iv
sim00451,20.5048,3.8542,5.95548,9.54989e+20,2.75335e+19,221.408,3.75975,5.57703,4.72294e+16,3.1902e+16,21.3192,3.03643,5.18197,3.71155e+19,6.58624e+20,sim00451.iv
sim00452,39.2866,3.96641,5.89517,9.09874e+20,2.56764e+19,258.791,3.7166,5.49294,9.79401e+16,5.6475e+16,31.5552,2.95797,5.10959,2.41965e+19,8.61453e+20,sim00452.iv
sim00453,31.4199,3.87683,5.92339,5.30423e+20,3.62142e+19,280.696,3.69061,5.54385,7.8243e+16,8.61635e+16,31.2441,2.93082,5.14287,3.32722e+19,8.15901e+20,sim00453.iv
sim00454,36.6657,3.95454,5.83801,7.77856e+20,1.63241e+19,267.015,3.7328,5.49861,4.41632e+16,8.96473e+16,43.1848,3.01052,5.19001,2.69746e+19,8.94036e+20,sim00454.iv
sim00455,25.0381,3.85716,5.86762,5.5291e+20,3.00722e+19,236.916,3.72684,5.43802,2.11156e+16,9.72178e+16,39.7472,3.17458,5.09798,1.13361e+19,7.87186e+20,sim00455.iv
sim00456,36.7499,3.803,5.97225,8.09985e+20,3.97876e+19,279.149,3.72368,5.45149,9.76382e+16,4.60648e+16,24.8698,2.82237,5.12723,4.93352e+19,9.47897e+20,sim00456.iv
sim00457,41.0631,3.99812,5.94457,6.69626e+20,3.40487e+19,221.167,3.64434,5.48351,2.81637e+16,9.58151e+16,49.8679,2.94837,5.14185,2.63108e+19,5.69755e+20,sim00457.iv
sim00458,30.1078,3.84667,5.86562,6.07511e+20,1.44938e+19,240.44,3.78115,5.41704,3.92281e+16,5.75605e+16,30.6354,3.00704,5.00868,3.59428e+19,7.81739e+20,sim00458.iv
sim00459,40.429,3.91345,5.88758,6.75071e+20,1.90574e+19,280.009,3.60521,5.46565,7.10085e+16,1.97845e+16,21.8867,3.06087,5.07955,4.2073e+19,9.68656e+20,sim00459.iv
sim00460,48.7112,3.88512,5.85287,8.04307e+20,3.51277e+19,297.128,3.66436,5.41275,2.89004e+16,2.38977e+16,23.717,3.17051,5.00277,3.40743e+19,9.73737e+20,sim00460.iv
sim00461,30.8016,3.90542,5.93916,6.58585e+20,2.91061e+19,324.394,3.74907,5.56169,9.88606e+16,4.33295e+16,42.4127,3.04111,5.13332,3.9595e+19,8.74866e+20,sim00461.iv
sim00462,46.5724,3.86986,5.9307,6.40145e+20,3.37827e+19,315.165,3.7582,5.48402,5.57848e+16,4.00465e+16,25.0711,2.90421,5.18243,2.23588e+19,9.8738e+20,sim00462.iv
sim00463,27.2443,3.94461,5.91478,8.48435e+20,3.57583e+19,308.945,3.78111,5.51269,1.61064e+16,3.43743e+16,41.2466,2.99763,5.10971,3.38632e+19,6.91315e+20,sim00463.iv
sim00464,43.2169,3.94471,5.94286,8.57655e+20,4.56143e+19,293.355,3.79341,5.42384,6.68763e+16,7.45234e+16,34.3166,2.91528,5.11001,2.45899e+19,9.54562e+20,sim00464.iv
sim00465,30.7038,3.83514,5.91528,6.97996e+20,1.38359e+19,289.078,3.70757,5.43464,6.37874e+16,6.10623e+16,43.2084,2.94463,5.04975,4.80488e+19,7.80609e+20,sim00465.iv
sim00466,20.8142,3.96414,5.83935,8.93018e+20,3.82065e+19,345.634,3.79312,5.45488,7.89805e+16,3.8517e+16,38.8759,3.0391,5.01091,1.02073e+19,5.28882e+20,sim00466.iv
sim00467,23.8383,3.85153,5.98139,7.59316e+20,4.18757e+19,327.364,3.74699,5.47828,8.77473e+16,7.67845e+16,42.2945,3.16063,5.11973,3.1143e+19,9.45081e+20,sim00467.iv
sim00468,33.6339,3.96231,5.81077,5.00645e+20,3.11317e+19,220.306,3.79531,5.4011,7.46335e+16,3.19046e+16,49.0266,2.95262,5.00546,1.10774e+19,7.76687e+20,sim00468.iv
sim00469,49.6014,3.99595,5.86745,7.41352e+20,1.40182e+19,283.105,3.71994,5.45021,6.50903e+16,9.09723e+16,20.0287,2.89157,5.04198,1.49554e+19,5.83051e+20,sim00469.iv
sim00470,38.7774,3.82054,5.94771,9.43511e+20,4.70635e+19,302.425,3.63948,5.41706,3.08822e+16,9.65761e+16,48.8704,2.95277,5.06516,3.04004e+19,6.45844e+20,sim00470.iv
sim00471,49.3899,3.84424,5.87383,7.14685e+20,1.50026e+19,263.595,3.77135,5.42807,6.2562e+16,4.65973e+16,25.1161,2.80493,5.05467,1.24732e+19,6.88384e+20,sim00471.iv
sim00472,44.3063,3.94394,5.98948,7.13508e+20,3.83121e+19,303.148,3.64341,5.46072,5.76847e+16,8.16992e+16,33.8544,2.8911,5.19869,1.46232e+19,9.77944e+20,sim00472.iv
sim00473,44.2714,3.96778,5.95898,6.04085e+20,3.53033e+19,315.945,3.74914,5.45431,2.63007e+16,3.95311e+16,34.3953,3.02951,5.16739,4.07614e+19,8.38075e+20,sim00473.iv
sim00474,27.9047,3.89578,5.86709,6.17464e+20,1.04098e+19,257.525,3.65122,5.51438,1.56072e+16,3.43468e+16,21.3431,3.05657,5.11364,2.34992e+19,5.73667e+20,sim00474.iv
sim00475,48.7376,3.91688,5.93582,7.65674e+20,4.22613e+19,335.493,3.67654,5.53801,3.06899e+16,6.8667e+16,31.9747,2.80271,5.19111,4.47377e+19,6.45418e+20,sim00475.iv
sim00476,49.9327,3.86343,5.89177,9.2563e+20,2.21839e+19,273.076,3.73312,5.42609,4.80115e+16,3.78469e+16,40.3032,2.85439,5.04655,3.8455e+19,5.78112e+20,sim00476.iv
sim00477,32.6606,3.94258,5.95309,5.47441e+20,4.40798e+19,311.356,3.66786,5.55276,7.55469e+16,6.40802e+16,36.7544,3.09388,5.19985,3.31421e+19,9.04359e+20,sim00477.iv
sim00478,42.3282,3.97116,5.9909,5.96542e+20,1.66184e+19,292.089,3.68986,5.51414,8.18238e+16,9.38543e+16,32.5225,3.08717,5.03936,3.13821e+19,5.10902e+20,sim00478.iv
sim00479,35.1125,3.90907,5.94709,8.24742e+20,2.43359e+19,210.802,3.6231,5.59461,9.301e+16,3.92584e+16,27.7656,2.97457,5.13799,2.42731e+19,5.33647e+20,sim00479.iv
sim00480,32.0839,3.85212,5.86499,5.81479e+20,3.63536e+19,283.728,3.65417,5.51077,5.43437e+16,8.16377e+16,48.6795,2.85227,5.17678,3.81919e+19,8.46277e+20,sim00480.iv
sim00481,31.229,3.86878,5.80113,9.91102e+20,3.42602e+19,266.326,3.70875,5.40811,2.56286e+16,6.61024e+16,35.4279,3.11483,5.13175,3.40574e+19,9.07633e+20,sim00481.iv
sim00482,22.0479,3.93818,5.94312,6.37582e+20,1.7826e+19,239.939,3.63963,5.50476,2.22064e+16,6.93357e+16,23.1523,2.81076,5.06386,1.76744e+19,9.94331e+20,sim00482.iv
sim00483,29.0899,3.84441,5.83935,6.86926e+20,3.4234e+19,319.472,3.67292,5.52519,5.33854e+16,8.61846e+16,37.0713,2.91596,5.14072,4.28026e+19,7.3272e+20,sim00483.iv
sim00484,49.6159,3.97582,5.83939,8.93378e+20,3.4038e+19,284.874,3.70279,5.57068,6.49786e+16,5.83935e+16,21.4658,2.97932,5.18161,3.84695e+19,5.25477e+20,sim00484.iv
sim00485,46.5198,3.96533,5.90934,5.11203e+20,3.24972e+19,217.642,3.66408,5.52578,9.21622e+16,4.22016e+16,45.8007,3.16734,5.00421,1.95771e+19,8.54931e+20,sim00485.iv
sim00486,42.7053,3.87848,5.93135,8.06079e+20,3.9591e+19,310.612,3.61717,5.43165,2.19454e+16,9.39232e+16,47.4063,3.11896,5.02334,3.29709e+19,5.93615e+20,sim00486.iv
sim00487,31.0515,3.85342,5.96579,5.72226e+20,3.58472e+19,347.745,3.73741,5.41585,9.17065e+16,6.78772e+16,33.6893,3.06388,5.17581,2.90851e+19,7.65661e+20,sim00487.iv
sim00488,33.5734,3.81452,5.95741,5.63206e+20,2.57828e+19,264.155,3.65601,5.4805,6.56208e+16,3.80249e+16,25.1754,3.14775,5.19417,2.83434e+19,6.6351e+20,sim00488.iv
sim00489,21.4245,3.80737,5.87858,9.65121e+20,3.92283e+19,258.898,3.79361,5.48575,3.49113e+16,4.83718e+16,26.3463,3.15426,5.07223,3.63188e+19,6.94524e+20,sim00489.iv
sim00490,47.0519,3.92848,5.89765,5.66071e+20,4.60767e+19,286.554,3.65701,5.57559,1.48996e+16,3.82669e+16,36.1049,2.93593,5.09535,2.05727e+19,5.65042e+20,sim00490.iv
sim00491,21.1056,3.83153,5.99059,7.87702e+20,2.95584e+19,263.805,3.74168,5.42825,3.48517e+16,6.90312e+16,34.3719,3.10804,5.17942,4.29349e+19,5.92104e+20,sim00491.iv
sim00492,22.7441,3.83389,5.95671,9.56916e+20,4.7018e+19,251.75,3.76807,5.50725,8.40513e+16,5.93528e+16,24.3768,2.83169,5.19144,2.70321e+19,6.7526e+20,sim00492.iv
sim00493,30.6891,3.87579,5.989,5.31352e+20,1.47625e+19,320.551,3.70988,5.42571,1.31014e+16,3.01811e+16,27.8243,2.80569,5.04322,3.95328e+19,9.27717e+20,sim00493.iv
sim00494,46.9471,3.87798,5.86388,9.9993e+20,4.07736e+19,285.229,3.65095,5.46426,5.63828e+16,5.87875e+16,20.4104,3.18376,5.11512,3.35663e+19,6.05736e+20,sim00494.iv
sim00495,42.9496,3.94745,5.81903,7.97497e+20,3.63277e+19,326.98,3.64122,5.57553,5.15333e+16,1.86871e+16,23.1686,2.87912,5.05655,2.98562e+19,8.74376e+20,sim00495.iv
sim00496,25.6018,3.99853,5.8323,7.99689e+20,4.71576e+19,326.551,3.72958,5.5431,2.20785e+16,1.08697e+16,33.0245,2.83581,5.07155,1.89497e+19,9.58173e+20,sim00496.iv
sim00497,46.4017,3.96379,5.94279,5.77036e+20,1.19347e+19,301.544,3.72845,5.47388,5.25418e+16,5.40234e+16,27.1978,2.92567,5.08368,3.41272e+19,9.7791e+20,sim00497.iv
sim00498,36.1545,3.94623,5.9614,5.56754e+20,3.6125e+19,277.496,3.71449,5.40768,9.15594e+16,9.57506e+16,20.1045,2.88512,5.03604,4.12522e+19,7.9904e+20,sim00498.iv
sim00499,25.32,3.96279,5.87069,7.30428e+20,2.54923e+19,282.993,3.69603,5.45492,4.821e+16,9.17503e+16,35.0868,3.16655,5.11003,4.07527e+19,6.46796e+20,sim00499.iv
sim00500,43.7124,3.85286,5.80391,5.80364e+20,1.08661e+19,342.589,3.8,5.55245,1.97315e+16,9.09051e+16,42.3133,2.9329,5.10046,3.64704e+19,5.12025e+20,sim00500.iv
sim00501,35.0462,3.94648,5.83765,7.21895e+20,3.13012e+19,312.979,3.79289,5.56966,6.59367e+16,6.25277e+16,38.0956,3.01807,5.01187,3.79319e+19,8.58168e+20,sim00501.iv
sim00502,35.3744,3.97408,5.93449,6.81332e+20,1.07878e+19,218.283,3.67036,5.49242,2.50184e+16,2.70395e+16,26.9063,3.11221,5.15426,2.53176e+19,5.86182e+20,sim00502.iv
sim00503,23.3273,3.81743,5.87826,5.22771e+20,2.33454e+19,344.615,3.7015,5.56453,2.16339e+16,3.41271e+16,48.3964,2.95342,5.12968,4.90451e+19,7.75394e+20,sim00503.iv
sim00504,29.1604,3.90639,5.81093,5.56185e+20,1.02868e+19,333.789,3.73426,5.45967,2.99045e+16,7.14769e+16,47.586,2.91966,5.06431,4.41696e+19,9.46688e+20,sim00504.iv
sim00505,47.4211,3.85863,5.82406,7.19999e+20,2.18306e+19,333.741,3.60733,5.52678,9.15563e+16,9.79003e+16,39.5039,3.17997,5.01513,2.43711e+19,5.04357e+20,sim00505.iv
sim00506,49.4355,3.98055,5.80561,5.09066e+20,2.46788e+19,246.195,3.76939,5.4321,8.11585e+16,5.99014e+16,31.3218,2.85829,5.19954,3.47194e+19,7.19691e+20,sim00506.iv
sim00507,31.1338,3.98115,5.96424,9.05593e+20,3.46479e+19,334.314,3.65986,5.54074,4.64003e+16,6.39999e+16,49.9446,3.19381,5.10252,3.29545e+19,9.48661e+20,sim00507.iv
sim00508,49.5691,3.95572,5.81304,6.6132e+20,4.58625e+19,317.569,3.74845,5.53358,4.73737e+16,4.62917e+16,44.268,2.91751,5.13697,3.90483e+19,9.22278e+20,sim00508.iv
sim00509,29.5966,3.94838,5.8213,5.69031e+20,2.66934e+19,217.732,3.78954,5.58038,1.4404e+16,8.54481e+16,35.2662,3.08079,5.17739,3.3079e+19,5.58164e+20,sim00509.iv
sim00510,20.0774,3.89938,5.98985,7.86311e+20,2.49176e+19,214.329,3.783,5.46543,7.343e+16,7.24813e+16,27.6165,2.82551,5.077,2.26852e+19,8.50128e+20,sim00510.iv
sim00511,44.5935,3.84449,5.90565,5.20304e+20,1.85702e+19,316.647,3.75868,5.55528,2.28149e+16,5.95931e+16,32.6813,3.19659,5.13081,4.74081e+19,5.72675e+20,sim00511.iv
sim00512,33.5262,3.95432,5.87357,8.16254e+20,3.04681e+19,348.87,3.63477,5.58707,4.61414e+16,5.21194e+16,35.8581,2.90615,5.19273,4.64595e+19,9.86453e+20,sim00512.iv
sim00513,49.9076,3.93396,5.89034,9.25367e+20,1.09522e+19,326.817,3.69946,5.53464,4.36641e+16,4.31761e+16,20.9515,2.96952,5.08167,1.89916e+19,6.23662e+20,sim00513.iv
sim00514,37.5242,3.86355,5.96605,5.55693e+20,3.31058e+19,232.406,3.70565,5.51051,6.78068e+16,4.84682e+16,35.2842,2.87238,5.0926,2.49212e+19,8.33066e+20,sim00514.iv
sim00515,33.0447,3.95587,5.8852,6.17886e+20,2.09475e+19,216.34,3.70798,5.56618,7.92201e+16,4.94011e+16,25.8836,3.14539,5.01136,2.59689e+19,9.28308e+20,sim00515.iv
sim00516,31.7953,3.82358,5.85319,8.00015e+20,1.60814e+19,301.691,3.68763,5.46688,3.16833e+16,8.40997e+16,31.9002,3.09539,5.08807,1.36747e+19,7.20253e+20,sim00516.iv
sim00517,35.2306,3.89157,5.96325,9.55426e+20,4.14711e+19,291.589,3.70829,5.52892,3.59047e+16,8.30662e+16,45.7054,2.90689,5.18056,4.39493e+19,7.12243e+20,sim00517.iv
sim00518,47.27,3.82409,5.8056,6.73933e+20,3.26174e+19,259.202,3.78841,5.45094,3.53092e+16,6.71345e+16,20.1159,3.09102,5.07549,4.91099e+19,8.45709e+20,sim00518.iv
sim00519,21.5664,3.81853,5.81763,9.76311e+20,3.73621e+19,269.865,3.6401,5.57473,2.814e+16,7.36011e+16,42.8997,2.91786,5.10098,1.89196e+19,6.89465e+20,sim00519.iv
sim00520,48.954,3.93863,5.96932,7.703e+20,1.95616e+19,309.803,3.70011,5.43537,4.71187e+16,6.71356e+16,42.06,2.89729,5.1752,2.5182e+19,6.35568e+20,sim00520.iv
sim00521,25.8536,3.96083,5.87083,7.417e+20,1.89128e+19,306.053,3.75621,5.46789,9.50571e+16,1.2755e+16,23.9883,3.03551,5.14028,2.00273e+19,7.77036e+20,sim00521.iv
sim00522,29.5516,3.91082,5.93187,9.86404e+20,2.82279e+19,300.75,3.71561,5.46351,3.27758e+16,9.89084e+16,26.2056,3.11611,5.02932,4.21741e+19,5.92864e+20,sim00522.iv
sim00523,49.0147,3.9372,5.81802,8.46589e+20,3.41448e+19,257.256,3.65215,5.54375,7.67225e+16,3.94485e+16,46.2868,2.90753,5.01397,3.39947e+19,5.53535e+20,sim00523.iv
sim00524,28.2999,3.90144,5.85727,6.07498e+20,3.81274e+19,286.58,3.76795,5.51625,5.35102e+16,3.35131e+16,43.762,2.87875,5.04845,4.36635e+19,8.70596e+20,sim00524.iv
sim00525,38.3862,3.80778,5.82545,7.49979e+20,3.98536e+19,274.974,3.60346,5.43685,6.2989e+16,7.24795e+16,21.0028,2.81733,5.05226,1.33401e+19,7.70973e+20,sim00525.iv
sim00526,23.7111,3.92964,5.95545,9.85258e+20,4.79363e+19,248.271,3.60588,5.46588,7.37632e+16,1.53821e+16,30.7914,2.91921,5.04387,3.82452e+19,8.29549e+20,sim00526.iv
sim00527,36.0648,3.98215,5.82063,5.74845e+20,2.5338e+19,301.823,3.71682,5.41481,9.62582e+16,3.74558e+16,30.7692,3.04945,5.18903,3.65075e+19,9.77387e+20,sim00527.iv
sim00528,25.6277,3.92376,5.96578,7.54512e+20,2.44869e+19,347.866,3.6282,5.48219,8.86036e+16,9.10433e+16,49.4115,3.15394,5.01019,4.71907e+19,7.14084e+20,sim00528.iv
sim00529,39.5486,3.87886,5.96273,7.8796e+20,4.38218e+19,237.128,3.637,5.48808,1.04276e+16,7.23568e+16,28.8816,3.02292,5.014,1.68258e+19,8.1143e+20,sim00529.iv
sim00530,29.1699,3.84294,5.84577,6.0741e+20,3.4914e+19,233.477,3.67254,5.53758,5.62304e+16,6.37553e+16,27.5272,3.17309,5.08278,2.14786e+19,9.52163e+20,sim00530.iv
sim00531,39.6587,3.92279,5.97735,5.2927e+20,4.35072e+19,304.901,3.672,5.45127,1.94325e+16,9.46967e+16,24.2574,2.90378,5.13822,3.84061e+19,5.80384e+20,sim00531.iv
sim00532,44.4239,3.90206,5.96969,5.43643e+20,1.17132e+19,299.179,3.63,5.50499,1.12698e+16,8.01936e+16,46.9859,3.13555,5.19167,4.61238e+19,7.22009e+20,sim00532.iv
sim00533,31.9504,3.97924,5.98539,9.86418e+20,4.07327e+19,238.278,3.78899,5.58943,6.99518e+16,8.71552e+16,36.8353,3.17765,5.01879,4.45585e+19,5.27752e+20,sim00533.iv
sim00534,30.1732,3.82707,5.89583,6.16123e+20,4.80829e+19,288.305,3.77955,5.45561,1.2338e+16,7.9809e+16,41.0713,3.0182,5.16307,4.36034e+19,7.93952e+20,sim00534.iv
sim00535,48.9778,3.94394,5.93538,6.80711e+20,1.00903e+19,243.732,3.75278,5.54197,3.9792e+16,6.63025e+16,25.8586,2.90545,5.18948,2.65272e+19,6.22494e+20,sim00535.iv
sim00536,34.6132,3.8774,5.94591,9.81058e+20,3.36695e+19,292.761,3.67297,5.51293,3.87396e+16,1.00983e+16,45.9829,2.97178,5.09842,1.334e+19,9.18555e+20,sim00536.iv
sim00537,25.1101,3.88212,5.96805,7.28891e+20,4.72461e+19,239.304,3.74305,5.5956,5.94652e+16,7.22966e+16,31.7968,3.10053,5.18177,3.81222e+19,9.67964e+20,sim00537.iv
sim00538,37.6596,3.91543,5.86093,8.54814e+20,4.52781e+19,300.484,3.64661,5.50882,7.80344e+16,9.45427e+16,24.6979,2.851,5.08259,1.50244e+19,9.90214e+20,sim00538.iv
sim00539,32.7291,3.90672,5.84542,7.24563e+20,4.93878e+19,278.416,3.60176,5.44851,9.80609e+16,9.90161e+16,26.3148,3.04611,5.01538,3.30977e+19,5.6296e+20,sim00539.iv
sim00540,44.5598,3.98791,5.8346,7.31356e+20,1.40817e+19,257.48,3.61302,5.45291,9.91201e+16,1.40143e+16,45.769,2.83098,5.1058,2.80848e+19,9.65777e+20,sim00540.iv
sim00541,25.9715,3.83594,5.94974,8.6286e+20,3.79673e+19,213.658,3.65199,5.56798,6.40772e+16,6.41975e+16,28.8775,2.90407,5.18931,3.91102e+19,5.63433e+20,sim00541.iv
sim00542,48.1312,3.91647,5.86667,6.9857e+20,3.90162e+19,262.678,3.71575,5.5421,2.75837e+16,9.49817e+16,30.6852,2.96775,5.1397,3.43514e+19,7.2006e+20,sim00542.iv
sim00543,39.4923,3.98057,5.96006,9.1213e+20,2.03363e+19,268.716,3.71076,5.40884,7.92813e+16,3.91117e+16,28.4779,2.90372,5.05668,2.35206e+19,8.02412e+20,sim00543.iv
sim00544,37.507,3.85114,5.84128,9.13179e+20,1.37089e+19,281.795,3.70411,5.51483,8.97085e+16,6.61523e+16,49.209,3.14854,5.04295,1.96473e+19,6.72387e+20,sim00544.iv
sim00545,31.7454,3.9106,5.8465,6.11173e+20,2.52556e+19,304.083,3.73763,5.59522,2.82174e+16,4.53573e+16,48.9403,3.076,5.11846,3.15858e+19,5.37755e+20,sim00545.iv
sim00546,46.8012,3.9251,5.91433,7.6975e+20,2.56766e+19,245.653,3.75106,5.50191,1.30546e+16,4.59185e+16,47.8581,2.94956,5.08265,3.49584e+19,9.00837e+20,sim00546.iv
sim00547,40.0538,3.97001,5.82279,9.62296e+20,4.61569e+19,282.681,3.72495,5.44256,5.03153e+16,2.82433e+16,20.6593,3.19236,5.05183,3.37243e+19,6.50125e+20,sim00547.iv
sim00548,31.1186,3.87955,5.86701,8.187e+20,4.84375e+19,270.009,3.79467,5.53356,6.46423e+16,3.13393e+16,21.8876,3.14077,5.1148,2.65766e+19,9.05984e+20,sim00548.iv
sim00549,29.3174,3.95672,5.86559,9.60441e+20,2.07187e+19,229.258,3.73962,5.43257,9.54427e+16,6.9e+16,26.9258,2.88353,5.18478,3.43143e+19,9.46868e+20,sim00549.iv
sim00550,23.3068,3.98508,5.90401,8.34211e+20,2.4915e+19,218.28,3.79159,5.59892,4.28092e+16,9.49481e+16,25.0318,2.86187,5.01462,2.56508e+19,5.26151e+20,sim00550.iv
sim00551,31.8397,3.82768,5.94611,9.16681e+20,3.75126e+19,238.069,3.75337,5.4499,7.8354e+16,6.10658e+16,31.0014,2.8334,5.1655,4.75861e+19,8.32959e+20,sim00551.iv
sim00552,48.9362,3.98682,5.83892,8.65606e+20,2.39722e+19,278.252,3.63139,5.59496,7.53524e+16,3.40217e+16,31.1442,2.96899,5.14951,4.70279e+19,6.6072e+20,sim00552.iv
sim00553,34.175,3.91864,5.87867,7.52091e+20,1.42283e+19,233.474,3.68022,5.58299,4.14422e+16,3.24814e+16,42.2859,3.17965,5.09182,1.03442e+19,8.44075e+20,sim00553.iv
sim00554,32.4518,3.93473,5.85554,5.01204e+20,2.37798e+19,308.671,3.67862,5.44383,5.17606e+16,7.77114e+16,23.583,3.0767,5.13347,2.48295e+19,9.85168e+20,sim00554.iv
sim00555,46.8412,3.86323,5.80622,6.54152e+20,1.81889e+19,286.615,3.78375,5.57407,3.75246e+16,4.85738e+16,21.0963,3.01767,5.01267,4.75442e+19,9.33467e+20,sim00555.iv
sim00556,26.4256,3.93987,5.9136,9.00679e+20,2.90261e+19,236.848,3.72797,5.41606,6.26129e+16,2.91434e+16,40.5481,3.13122,5.0219,2.60107e+19,8.66761e+20,sim00556.iv
sim00557,24.9111,3.9133,5.93437,6.77397e+20,4.32793e+19,281.492,3.7254,5.42817,1.20844e+16,1.45674e+16,47.1176,3.15306,5.16152,1.79845e+19,7.62729e+20,sim00557.iv
sim00558,43.8835,3.93493,5.8231,9.47771e+20,1.64273e+19,234.051,3.7802,5.49692,4.35603e+16,5.98291e+16,49.4419,2.84785,5.15139,2.3373e+19,5.58525e+20,sim00558.iv
sim00559,32.658,3.90975,5.84119,7.02635e+20,3.5427e+19,290.703,3.74463,5.56728,4.68226e+16,4.80671e+16,34.9008,3.02654,5.02166,2.25054e+19,5.85946e+20,sim00559.iv
sim00560,31.5756,3.99467,5.91655,7.14691e+20,3.26375e+19,303.671,3.68699,5.48954,7.31261e+16,1.54776e+16,36.2024,3.01893,5.15135,4.93058e+19,8.97877e+20,sim00560.iv
sim00561,35.1137,3.83389,5.91765,9.17149e+20,4.72966e+19,325.543,3.63779,5.54252,8.92139e+16,7.12915e+16,40.5726,3.00006,5.1274,2.17752e+19,5.44405e+20,sim00561.iv
sim00562,44.8314,3.98863,5.97136,6.66957e+20,1.37412e+19,249.219,3.76857,5.53116,9.70025e+16,4.08413e+16,36.5442,3.11602,5.0468,4.85636e+19,7.96199e+20,sim00562.iv
sim00563,20.2369,3.80503,5.97644,8.22641e+20,4.05229e+19,319.762,3.68409,5.55972,9.43779e+16,2.54954e+16,42.9241,2.92312,5.0643,2.65102e+19,9.3186e+20,sim00563.iv
sim00564,20.6617,3.88679,5.93601,5.55208e+20,4.16901e+19,341.866,3.61819,5.43059,9.76688e+16,2.7807e+16,22.3682,3.18088,5.17852,3.6229e+19,7.75715e+20,sim00564.iv
sim00565,47.577,3.9311,5.93168,9.21843e+20,3.61298e+19,280.515,3.67794,5.50063,5.70231e+16,4.24749e+16,33.4436,3.12075,5.0833,1.10224e+19,6.4151e+20,sim00565.iv
sim00566,26.9523,3.95872,5.88986,6.40155e+20,4.24282e+19,212.69,3.63485,5.56539,5.95587e+16,7.96285e+16,45.1453,3.17679,5.01268,4.19694e+19,8.54383e+20,sim00566.iv
sim00567,26.2108,3.98634,5.88084,9.43805e+20,3.42045e+19,283.745,3.6319,5.58287,6.00996e+16,1.05483e+16,20.5485,3.11105,5.03239,3.39495e+19,8.40541e+20,sim00567.iv
sim00568,28.381,3.91386,5.84805,9.73158e+20,4.44068e+19,250.326,3.70576,5.50013,9.64021e+16,4.54626e+16,36.8668,3.17148,5.03256,3.20194e+19,5.52836e+20,sim00568.iv
sim00569,38.525,3.87314,5.99353,7.07705e+20,1.54475e+19,326.76,3.76417,5.53897,7.73931e+16,3.38244e+16,39.2616,2.81521,5.03938,4.72912e+19,8.69618e+20,sim00569.iv
sim00570,26.9202,3.82228,5.98978,5.56094e+20,2.02828e+19,235.569,3.60149,5.46283,9.76761e+16,4.07713e+16,35.1291,3.09837,5.11022,3.97437e+19,8.30818e+20,sim00570.iv
sim00571,38.2569,3.92993,5.95983,8.55096e+20,4.1671e+19,230.384,3.73553,5.5474,3.6997e+16,8.8712e+16,29.1413,2.89753,5.17342,1.98808e+19,7.07751e+20,sim00571.iv
sim00572,31.0377,3.97961,5.89105,8.47154e+20,4.17616e+19,297.907,3.78874,5.5605,4.60186e+16,9.55731e+16,35.7372,2.80903,5.052,3.48692e+19,5.78407e+20,sim00572.iv
sim00573,37.522,3.87232,5.90688,5.00937e+20,4.39369e+19,260.67,3.62803,5.48758,5.3756e+16,6.73662e+16,35.7369,2.81741,5.1743,2.82604e+19,5.38494e+20,sim00573.iv
sim00574,43.1848,3.93203,5.92989,7.13457e+20,2.64199e+19,285.087,3.61012,5.45979,9.89105e+16,6.95973e+16,32.568,2.88895,5.14904,2.04116e+19,5.81185e+20,sim00574.iv
sim00575,24.6354,3.94585,5.92856,5.34903e+20,1.46017e+19,298.739,3.71422,5.5372,2.60235e+16,7.53929e+16,48.0829,3.04042,5.03923,3.71818e+19,6.71541e+20,sim00575.iv
sim00576,21.4786,3.86047,5.98112,7.0557e+20,4.45866e+19,281.212,3.7034,5.40104,6.73394e+16,1.97032e+16,34.3625,2.90413,5.07848,3.14831e+19,5.07232e+20,sim00576.iv
sim00577,28.5375,3.99792,5.81148,6.59697e+20,2.28569e+19,263.114,3.73696,5.44955,5.14242e+16,6.80377e+16,29.6697,3.17951,5.19593,1.47869e+19,6.7191e+20,sim00577.iv
sim00578,26.2392,3.83736,5.8982,7.81914e+20,2.70261e+19,248.158,3.65572,5.59843,9.3131e+16,1.68309e+16,39.6965,2.98275,5.13776,3.38784e+19,9.44626e+20,sim00578.iv
sim00579,22.0096,3.86992,5.9971,5.91143e+20,1.50933e+19,312.056,3.75549,5.53445,7.98576e+16,7.24349e+16,24.0731,3.04329,5.15538,4.46207e+19,6.23118e+20,sim00579.iv
sim00580,23.8229,3.95622,5.85131,5.15965e+20,4.30085e+19,280.839,3.66533,5.40229,1.31795e+16,8.13361e+16,34.6912,2.85989,5.0717,1.66122e+19,5.56441e+20,sim00580.iv
sim00581,28.2892,3.9099,5.842,6.71836e+20,2.91172e+19,268.804,3.62573,5.40777,1.31913e+16,4.15161e+16,41.5641,2.8525,5.1574,3.8627e+19,5.01972e+20,sim00581.iv
sim00582,20.8024,3.83901,5.81122,7.65672e+20,1.15851e+19,322.37,3.69859,5.54559,7.75632e+16,5.56088e+16,47.7609,3.1961,5.07184,1.50346e+19,6.81619e+20,sim00582.iv
sim00583,26.7006,3.9062,5.87568,7.40225e+20,4.05275e+19,248.363,3.70749,5.46703,8.06465e+16,6.75583e+16,20.2551,3.06402,5.03403,3.8979e+19,7.83669e+20,sim00583.iv
sim00584,32.0445,3.93881,5.97132,8.89372e+20,3.18152e+19,311.177,3.68278,5.55781,8.46147e+16,2.23564e+16,27.1409,2.908,5.03322,2.57014e+19,5.96517e+20,sim00584.iv
sim00585,37.8662,3.82032,5.85398,8.3276e+20,2.59418e+19,269.005,3.75959,5.5969,6.08561e+16,1.7116e+16,23.0871,3.1874,5.13585,4.00988e+19,8.37882e+20,sim00585.iv
sim00586,25.3885,3.88967,5.95962,9.33181e+20,1.94934e+19,293.435,3.63142,5.59166,3.26984e+16,7.53972e+16,26.9334,3.04642,5.13185,2.31371e+19,9.09417e+20,sim00586.iv
sim00587,46.5611,3.97101,5.86616,8.7217e+20,3.23796e+19,292.968,3.69549,5.52005,2.22089e+16,4.67963e+16,25.3302,2.91204,5.02556,1.84998e+19,8.90965e+20,sim00587.iv
sim00588,36.4951,3.80473,5.9577,9.54734e+20,4.52172e+19,325.222,3.79844,5.51728,9.66329e+16,9.5396e+16,29.3972,3.14537,5.15849,4.1032e+19,9.4814e+20,sim00588.iv
sim00589,31.5257,3.88001,5.92801,8.68902e+20,4.51895e+19,332.618,3.74427,5.59138,2.60766e+16,9.55306e+16,21.9257,3.02225,5.01804,3.272e+19,6.95055e+20,sim00589.iv
sim00590,22.4483,3.92962,5.94624,5.87093e+20,3.77775e+19,235.067,3.62748,5.42947,6.39171e+16,8.00912e+16,37.9068,3.12374,5.1183,4.18928e+19,9.88261e+20,sim00590.iv
sim00591,31.7288,3.82999,5.82708,7.98739e+20,3.18841e+19,235.793,3.77642,5.59135,3.27894e+16,2.86195e+16,26.4177,2.95497,5.17065,3.38384e+19,5.33777e+20,sim00591.iv
sim00592,34.1894,3.81807,5.88124,7.0176e+20,3.59341e+19,286.924,3.77495,5.40326,7.96599e+16,1.20393e+16,29.1287,3.15187,5.13808,1.68799e+19,7.45392e+20,sim00592.iv
sim00593,41.6571,3.98747,5.92686,5.12338e+20,2.99881e+19,231.415,3.60956,5.5197,7.9923e+16,1.32454e+16,43.5077,3.08256,5.1504,1.97891e+19,6.96798e+20,sim00593.iv
sim00594,23.5925,3.84778,5.86056,6.59718e+20,1.70016e+19,236.42,3.78029,5.55678,4.1003e+16,9.52879e+16,27.1677,2.96273,5.16271,2.77155e+19,6.17313e+20,sim00594.iv
sim00595,31.0561,3.90014,5.92413,7.02803e+20,2.72522e+19,246.952,3.70707,5.44389,8.80774e+16,7.7263e+16,32.3084,3.09889,5.0014,2.37796e+19,7.20151e+20,sim00595.iv
sim00596,34.094,3.94975,5.99256,6.89999e+20,2.4024e+19,295.472,3.65625,5.42827,9.65387e+16,8.28577e+16,48.755,2.88713,5.00356,2.74905e+19,9.66804e+20,sim00596.iv
sim00597,24.1498,3.82344,5.81379,8.82509e+20,4.14371e+19,307.353,3.61066,5.54466,5.03766e+16,2.42105e+16,28.8538,3.00046,5.06593,4.879e+19,7.37371e+20,sim00597.iv
sim00598,31.1645,3.93463,5.93011,5.0122e+20,3.47389e+19,244.128,3.67505,5.54127,6.01648e+16,4.3179e+16,25.0223,3.00219,5.06387,4.65171e+19,7.67173e+20,sim00598.iv
sim00599,45.9789,3.87804,5.96549,5.28268e+20,2.19248e+19,220.945,3.60633,5.58377,7.45182e+16,6.62599e+16,35.9748,3.02782,5.12774,4.30632e+19,7.98444e+20,sim00599.iv
sim00600,42.4574,3.8562,5.99535,5.15949e+20,2.54631e+19,333.487,3.6361,5.42827,4.28888e+16,4.85375e+16,48.0018,3.13445,5.09282,4.8919e+19,8.21139e+20,sim00600.iv
sim00601,46.2098,3.84921,5.89779,5.14859e+20,1.03552e+19,308.763,3.62366,5.50956,7.26407e+16,1.29011e+16,33.4622,3.07366,5.17795,2.19692e+19,9.87108e+20,sim00601.iv
sim00602,45.3362,3.93013,5.87839,8.55555e+20,4.26477e+19,252.462,3.79857,5.58172,5.36951e+16,7.50547e+16,35.7203,3.10437,5.1654,1.09289e+19,5.39566e+20,sim00602.iv
sim00603,30.094,3.98352,5.87965,9.43756e+20,2.84974e+19,250.439,3.78013,5.51213,4.24436e+16,1.39966e+16,23.328,2.85572,5.07297,3.42933e+19,6.53795e+20,sim00603.iv
sim00604,21.9658,3.85296,5.88174,9.96135e+20,2.57195e+19,222.487,3.71622,5.58393,8.08026e+16,8.52596e+16,47.847,3.05462,5.19898,1.13313e+19,9.1742e+20,sim00604.iv
sim00605,45.7103,3.98334,5.89563,8.93878e+20,1.78032e+19,294.438,3.67173,5.51923,7.08004e+16,4.12362e+16,26.4871,2.92868,5.13279,3.7075e+19,8.70658e+20,sim00605.iv
sim00606,23.7961,3.9637,5.93763,5.15253e+20,2.34239e+19,275.34,3.67212,5.42348,2.86612e+16,1.22105e+16,22.7923,2.90652,5.16399,3.10655e+19,7.12249e+20,sim00606.iv
sim00607,39.8649,3.9083,5.8263,6.11312e+20,1.89009e+19,293.993,3.69232,5.47752,6.00975e+16,9.73104e+16,29.4258,3.00808,5.09607,3.86657e+19,8.65145e+20,sim00607.iv
sim00608,41.8721,3.8403,5.88982,9.05587e+20,2.52612e+19,347.796,3.67296,5.49953,5.27073e+16,4.90297e+16,45.3689,2.86211,5.11353,3.47441e+19,9.25611e+20,sim00608.iv
sim00609,38.276,3.992,5.97443,6.7437e+20,4.43963e+19,344.187,3.65144,5.52204,3.53624e+16,6.84611e+16,22.8093,3.09368,5.08396,3.34923e+19,5.12931e+20,sim00609.iv
sim00610,40.8632,3.8992,5.92505,6.57834e+20,1.58328e+19,270.96,3.7888,5.44556,7.08255e+16,1.44859e+16,41.543,2.89537,5.0903,2.47101e+19,5.5642e+20,sim00610.iv
sim00611,30.3675,3.87002,5.90442,9.86176e+20,2.88007e+19,338.02,3.69231,5.42151,3.07138e+16,4.66766e+16,29.7611,3.14633,5.13573,3.31323e+19,7.45615e+20,sim00611.iv
sim00612,31.9181,3.92244,5.82492,5.81267e+20,2.21247e+19,233.966,3.73542,5.40495,2.4416e+16,9.12347e+16,49.9263,2.99504,5.09907,4.0936e+19,5.18095e+20,sim00612.iv
sim00613,32.8106,3.81997,5.88019,9.91911e+20,4.01453e+19,347.906,3.74921,5.52162,7.78799e+16,6.93183e+16,33.922,2.91702,5.10404,2.03397e+19,7.43338e+20,sim00613.iv
sim00614,24.3841,3.91308,5.84906,6.46804e+20,2.99611e+19,232.754,3.79248,5.48939,4.17051e+16,1.26277e+16,45.2976,3.05033,5.08328,1.98213e+19,8.72569e+20,sim00614.iv
sim00615,48.3642,3.87616,5.82698,5.54597e+20,1.02545e+19,314.154,3.79628,5.59856,8.05778e+16,2.45965e+16,49.3313,2.93113,5.06672,3.74935e+19,5.24525e+20,sim00615.iv
sim00616,44.7731,3.99946,5.95501,8.90838e+20,2.56125e+19,219.229,3.75853,5.51943,9.18405e+16,2.04367e+16,29.1537,2.94426,5.13666,4.15098e+19,9.8051e+20,sim00616.iv
sim00617,28.8622,3.89873,5.80579,6.26494e+20,2.49601e+19,293.133,3.69417,5.4729,6.6167e+16,8.45754e+16,27.2504,2.93715,5.14098,4.11176e+19,9.12698e+20,sim00617.iv
sim00618,26.2799,3.90785,5.98,6.95975e+20,2.71953e+19,347.875,3.62261,5.54112,8.65166e+16,2.35714e+16,41.4336,2.9879,5.17058,4.62981e+19,9.36242e+20,sim00618.iv
sim00619,21.9316,3.95137,5.98431,8.10674e+20,3.4035e+19,216.301,3.77121,5.40928,3.82159e+16,9.33277e+16,48.4924,3.19676,5.09528,1.70972e+19,7.43972e+20,sim00619.iv
sim00620,23.0694,3.97451,5.91211,7.02253e+20,1.31812e+19,266.734,3.77324,5.54068,1.7421e+16,2.43916e+16,31.7693,2.84055,5.18681,3.60917e+19,5.47412e+20,sim00620.iv
sim00621,43.6417,3.87368,5.84897,7.84992e+20,1.05349e+19,275.156,3.76876,5.58561,4.08299e+16,6.78193e+16,26.8047,3.02409,5.05081,3.28543e+19,5.85861e+20,sim00621.iv
sim00622,48.237,3.97738,5.86738,8.88331e+20,1.38202e+19,313.651,3.65649,5.42713,7.10372e+16,5.22826e+16,35.9042,3.00821,5.01189,1.20552e+19,8.00584e+20,sim00622.iv
sim00623,38.7159,3.80943,5.87569,8.06426e+20,3.62672e+19,325.959,3.68415,5.50965,6.20704e+16,3.80841e+16,21.6148,2.80169,5.16723,1.80093e+19,8.15127e+20,sim00623.iv
sim00624,37.3114,3.87993,5.9667,8.49201e+20,1.09097e+19,318.737,3.7014,5.4694,7.54196e+16,7.17459e+16,29.3176,3.19322,5.12974,3.42312e+19,5.3494e+20,sim00624.iv
sim00625,28.3796,3.88939,5.92613,7.56382e+20,4.05213e+19,246.759,3.74043,5.56332,7.88545e+16,7.93762e+16,46.6552,2.83367,5.13944,4.87471e+19,7.86825e+20,sim00625.iv
sim00626,26.5195,3.99975,5.83494,6.67779e+20,1.68825e+19,275.032,3.68378,5.49825,9.35185e+16,5.30492e+16,35.4388,3.15467,5.16355,1.95889e+19,5.06463e+20,sim00626.iv
sim00627,38.885,3.96897,5.91057,6.05588e+20,3.96542e+19,303.735,3.71301,5.57267,8.05818e+16,7.01157e+16,39.9428,3.06488,5.10503,2.85569e+19,8.548e+20,sim00627.iv
sim00628,38.3148,3.898,5.82533,8.50964e+20,3.58399e+19,257.915,3.67126,5.44934,9.65724e+16,8.74181e+16,36.8315,2.96066,5.14737,3.11091e+19,9.87926e+20,sim00628.iv
sim00629,21.6537,3.80686,5.91372,6.0164e+20,3.41722e+19,319.399,3.62762,5.48812,7.198e+16,8.50477e+16,34.8903,2.88246,5.11716,2.81807e+19,8.85963e+20,sim00629.iv
sim00630,36.6673,3.85588,5.95088,7.58874e+20,1.71019e+19,288.83,3.78966,5.5411,3.68923e+16,7.39786e+16,28.4782,3.01708,5.10532,1.98956e+19,6.73941e+20,sim00630.iv
sim00631,48.2654,3.85012,5.96021,8.33685e+20,3.13052e+19,229.252,3.64091,5.4358,6.28115e+16,9.76045e+16,46.3172,2.8101,5.05475,1.62903e+19,9.87839e+20,sim00631.iv
sim00632,27.0683,3.84026,5.92418,7.78093e+20,1.90341e+19,303.851,3.6194,5.40387,1.74173e+16,4.28381e+16,49.2505,3.0189,5.15095,2.28598e+19,8.5967e+20,sim00632.iv
sim00633,48.9854,3.87155,5.99981,8.19205e+20,3.99437e+19,245.303,3.72862,5.5022,9.60762e+16,9.14208e+16,31.9002,3.17875,5.17696,3.36154e+19,5.41059e+20,sim00633.iv
sim00634,24.8237,3.81537,5.8216,9.88476e+20,1.84867e+19,306.72,3.72731,5.52623,2.86034e+16,6.21412e+16,38.7662,3.02816,5.03723,3.89224e+19,5.36622e+20,sim00634.iv
sim00635,37.736,3.88725,5.85006,9.03694e+20,1.70357e+19,340.617,3.77691,5.47212,3.74638e+16,2.23738e+16,47.4898,3.05101,5.00636,3.044e+19,5.42899e+20,sim00635.iv
sim00636,37.2125,3.90179,5.81657,9.0793e+20,2.04927e+19,285.808,3.72781,5.59246,5.44431e+16,9.25584e+16,30.6457,3.14297,5.04717,3.82992e+19,5.44306e+20,sim00636.iv
sim00637,49.5815,3.99079,5.88844,7.61968e+20,3.3911e+19,248.505,3.73489,5.53971,5.72569e+16,2.32967e+16,47.5756,2.84602,5.12583,1.41235e+19,5.7305e+20,sim00637.iv
sim00638,20.6161,3.87267,5.92792,7.60772e+20,3.69816e+19,304.503,3.62803,5.41147,6.62822e+16,6.87902e+16,36.7011,2.8983,5.16215,1.30274e+19,8.16156e+20,sim00638.iv
sim00639,23.6123,3.93089,5.88355,8.59052e+20,1.20877e+19,287.712,3.62898,5.53648,2.0796e+16,1.66225e+16,41.3937,2.82541,5.04491,4.29894e+19,9.04844e+20,sim00639.iv
sim00640,45.6238,3.86522,5.90561,8.86674e+20,1.54794e+19,311.415,3.6195,5.58265,6.73579e+16,5.43975e+16,34.5419,2.87254,5.06918,3.90849e+19,7.70472e+20,sim00640.iv
sim00641,35.8792,3.83905,5.93807,6.96017e+20,1.73101e+19,342.13,3.70136,5.50561,9.83235e+16,4.29766e+16,48.2906,3.07797,5.12662,1.93767e+19,5.25878e+20,sim00641.iv
sim00642,33.1335,3.80203,5.8142,7.97663e+20,3.89789e+19,233.513,3.7465,5.58995,7.68858e+16,8.06244e+16,41.0214,2.88989,5.07218,4.79707e+19,8.30605e+20,sim00642.iv
sim00643,43.6707,3.99374,5.84629,6.60843e+20,3.57921e+19,213.41,3.71424,5.56174,6.49399e+16,3.65854e+16,41.7231,2.85841,5.17895,1.40366e+19,9.31746e+20,sim00643.iv
sim00644,34.9343,3.88573,5.90013,6.00103e+20,2.83074e+19,328.961,3.76019,5.43261,7.06079e+16,8.71154e+16,44.593,2.97025,5.00962,4.72468e+19,6.97943e+20,sim00644.iv
sim00645,30.8293,3.9519,5.85279,9.17374e+20,1.30421e+19,313.7,3.79316,5.59915,9.31424e+16,8.83686e+16,28.3664,3.18666,5.18558,3.13749e+19,7.01039e+20,sim00645.iv
sim00646,23.278,3.91813,5.94011,7.01998e+20,2.62412e+19,290.264,3.60556,5.59157,3.60915e+16,2.26802e+16,20.1647,3.14276,5.17264,1.38123e+19,5.76121e+20,sim00646.iv
sim00647,33.4371,3.83714,5.94716,5.2902e+20,3.19884e+19,263.591,3.69299,5.48495,2.37843e+16,2.98253e+16,21.9442,2.84611,5.19558,2.11915e+19,6.53513e+20,sim00647.iv
sim00648,23.8132,3.95103,5.98483,8.94875e+20,3.45046e+19,323.853,3.68085,5.5719,8.18667e+16,1.01552e+16,34.6338,2.90585,5.01725,4.38478e+19,5.03975e+20,sim00648.iv
sim00649,41.9049,3.99764,5.8964,6.8562e+20,3.42333e+19,322.658,3.64805,5.45014,6.4646e+16,9.45892e+16,28.9532,2.9507,5.19867,1.70489e+19,5.38484e+20,sim00649.iv
sim00650,37.6927,3.80485,5.83609,8.11105e+20,3.63805e+19,281.46,3.67675,5.51524,6.79047e+16,8.23134e+16,43.7825,3.06592,5.17885,4.3521e+19,5.66623e+20,sim00650.iv
sim00651,48.7004,3.97835,5.86419,5.10092e+20,3.4159e+19,271.378,3.74991,5.50492,1.68841e+16,3.20219e+16,46.4757,2.81508,5.14733,2.16777e+19,7.2632e+20,sim00651.iv
sim00652,35.9302,3.85002,5.93039,8.46721e+20,1.34024e+19,262.35,3.74888,5.54433,5.90143e+16,7.99907e+16,23.2293,2.84728,5.1315,3.77334e+19,9.07263e+20,sim00652.iv
sim00653,25.4311,3.90335,5.93217,6.1185e+20,3.06771e+19,299.382,3.64289,5.47511,2.94705e+16,9.12649e+16,27.104,2.84833,5.00703,1.17981e+19,5.95793e+20,sim00653.iv
sim00654,38.2463,3.80353,5.85735,5.29083e+20,2.61464e+19,216.801,3.72151,5.53768,7.58204e+16,3.01909e+16,46.055,3.07612,5.01133,2.76307e+19,8.83878e+20,sim00654.iv
sim00655,29.3268,3.87631,5.92592,5.2774e+20,4.86774e+19,234.427,3.60533,5.40106,4.59599e+16,8.95828e+16,44.5929,3.16482,5.10676,2.79498e+19,6.9293e+20,sim00655.iv
sim00656,21.3925,3.9819,5.89924,7.27534e+20,3.06067e+19,321.182,3.64489,5.54198,7.39693e+16,8.64598e+16,20.2605,2.86816,5.09421,4.40216e+19,9.82558e+20,sim00656.iv
sim00657,37.8461,3.84243,5.83692,8.19722e+20,1.84028e+19,287.432,3.76696,5.47796,4.40625e+16,1.32526e+16,27.6225,3.07928,5.07208,1.6332e+19,5.52884e+20,sim00657.iv
sim00658,22.8516,3.93183,5.92252,7.59261e+20,3.00131e+19,231.439,3.70012,5.41199,9.33273e+16,1.52225e+16,32.7059,2.80023,5.15723,1.66468e+19,9.62458e+20,sim00658.iv
sim00659,21.3193,3.96416,5.93133,6.24868e+20,1.80968e+19,260.075,3.76568,5.57239,2.57757e+16,4.18103e+16,27.1247,2.84906,5.12929,2.38348e+19,6.12692e+20,sim00659.iv
sim00660,45.9799,3.94966,5.95475,5.19598e+20,4.66052e+19,290.463,3.70076,5.40212,9.07896e+16,5.89501e+16,44.7546,3.0622,5.15934,3.77173e+19,9.60482e+20,sim00660.iv
sim00661,26.7645,3.84042,5.94251,7.50697e+20,3.39664e+19,309.196,3.70949,5.55754,3.86981e+16,8.73091e+16,23.2303,3.0536,5.17803,2.01078e+19,6.63417e+20,sim00661.iv
sim00662,29.1633,3.91285,5.88257,5.5398e+20,4.56515e+19,238.655,3.70682,5.51896,1.36677e+16,1.86141e+16,49.1507,3.0658,5.00671,4.1768e+19,7.54271e+20,sim00662.iv
sim00663,22.256,3.93615,5.89987,6.0246e+20,4.51081e+19,250.793,3.65691,5.45455,7.9071e+16,7.35507e+16,47.0944,2.89174,5.15727,3.29218e+19,6.5434e+20,sim00663.iv
sim00664,21.0636,3.96379,5.84821,8.15872e+20,3.19547e+19,210.623,3.79887,5.56287,5.37824e+16,7.12307e+16,34.2978,3.09783,5.02687,2.7854e+19,6.67769e+20,sim00664.iv
sim00665,33.7897,3.89009,5.82862,9.88244e+20,1.06197e+19,211.41,3.67469,5.52408,2.61688e+16,5.79875e+16,41.6832,2.83762,5.19688,2.3468e+19,8.21208e+20,sim00665.iv
sim00666,23.3216,3.9419,5.96809,5.52643e+20,1.50345e+19,249.347,3.60239,5.59721,6.38546e+16,6.46831e+16,48.7689,3.13281,5.16285,2.35801e+19,6.67432e+20,sim00666.iv
sim00667,28.7521,3.86934,5.8739,5.70002e+20,2.42379e+19,272.545,3.66187,5.43307,4.36069e+16,5.32817e+16,41.6219,3.0845,5.04054,1.14662e+19,6.519e+20,sim00667.iv
sim00668,24.7141,3.87916,5.99587,5.90536e+20,2.2755e+19,311.516,3.70184,5.40879,2.45521e+16,9.41725e+16,23.0949,3.05404,5.15847,2.06176e+19,8.62539e+20,sim00668.iv
sim00669,25.0969,3.85695,5.86236,9.98217e+20,1.85829e+19,228.089,3.78514,5.43239,8.91352e+16,6.85411e+16,37.3058,3.10054,5.1452,1.4421e+19,9.99733e+20,sim00669.iv
sim00670,48.2567,3.97932,5.92446,7.61396e+20,3.14511e+19,212.091,3.69989,5.52475,6.92836e+16,3.98926e+16,34.1385,3.05452,5.08566,4.84854e+19,8.52721e+20,sim00670.iv
sim00671,20.0382,3.80466,5.93806,7.06323e+20,4.35788e+19,234.222,3.60277,5.47762,7.62458e+16,9.74555e+16,46.5096,2.99363,5.16256,1.28132e+19,7.86136e+20,sim00671.iv
sim00672,47.729,3.87928,5.99202,6.10343e+20,1.42254e+19,283.467,3.78145,5.46226,8.20144e+16,2.52278e+16,42.3671,3.02281,5.035,3.87235e+19,8.56878e+20,sim00672.iv
sim00673,35.4631,3.84509,5.82646,9.78628e+20,3.62325e+19,323.294,3.73939,5.56589,2.46242e+16,5.47255e+16,40.0137,2.84136,5.02999,3.53593e+19,9.34353e+20,sim00673.iv
sim00674,39.8125,3.80724,5.99409,5.69753e+20,1.93025e+19,346.495,3.75421,5.58732,8.25958e+16,6.86561e+16,28.5366,2.93075,5.18945,4.4425e+19,6.79745e+20,sim00674.iv
sim00675,31.198,3.85954,5.86523,9.30334e+20,1.04203e+19,271.047,3.78857,5.50853,5.05401e+16,3.81133e+16,22.2174,2.88979,5.01809,1.5068e+19,5.81758e+20,sim00675.iv
sim00676,29.0609,3.8022,5.99003,5.6191e+20,2.5326e+19,333.134,3.62131,5.49672,8.60305e+16,6.01266e+16,26.3103,3.0942,5.13627,2.44874e+19,5.23148e+20,sim00676.iv
sim00677,20.2359,3.96508,5.86431,5.68885e+20,3.0742e+19,338.917,3.6017,5.41123,4.7534e+16,7.08369e+16,34.283,3.15902,5.00882,2.36056e+19,6.75674e+20,sim00677.iv
sim00678,30.2038,3.89754,5.95812,6.58941e+20,3.97793e+19,230.505,3.71214,5.47502,5.8529e+16,1.96975e+16,48.6039,3.16249,5.16528,4.57113e+19,5.73344e+20,sim00678.iv
sim00679,35.1117,3.86358,5.97748,5.94719e+20,1.87978e+19,306.14,3.61778,5.54647,3.41315e+16,6.94842e+16,46.1911,3.04384,5.04254,1.19666e+19,5.22307e+20,sim00679.iv
sim00680,22.6644,3.91596,5.86964,6.21553e+20,1.87723e+19,342.801,3.62376,5.46096,5.2433e+16,1.00405e+16,47.6286,2.83964,5.13649,3.51546e+19,9.04532e+20,sim00680.iv
sim00681,39.5416,3.95388,5.88425,7.44352e+20,3.80665e+19,289.58,3.70231,5.44111,3.32297e+16,4.22648e+16,20.2785,2.96695,5.00055,3.26006e+19,8.52014e+20,sim00681.iv
sim00682,36.8645,3.9387,5.8,5.29721e+20,3.79385e+19,322.406,3.74354,5.5326,7.36644e+16,7.65631e+16,41.7313,3.0952,5.0148,1.25309e+19,6.8056e+20,sim00682.iv
sim00683,35.8279,3.95252,5.86694,6.37559e+20,4.12579e+19,244.907,3.76417,5.43543,4.23526e+16,4.60968e+16,28.9853,2.80134,5.0471,2.35061e+19,6.56812e+20,sim00683.iv
sim00684,43.5667,3.80947,5.87779,5.18758e+20,4.72259e+19,320.629,3.79643,5.58203,3.84231e+16,7.22425e+16,29.1966,3.15528,5.08215,2.50355e+19,9.57034e+20,sim00684.iv
sim00685,45.1022,3.99328,5.8133,6.21669e+20,2.20343e+19,269.409,3.69463,5.45829,8.11405e+16,3.0092e+16,40.8955,3.14071,5.12074,2.41664e+19,5.93946e+20,sim00685.iv
sim00686,24.0304,3.94883,5.89383,5.2316e+20,4.93536e+19,303.982,3.76884,5.48764,9.59895e+16,2.79573e+16,25.5541,3.15613,5.17834,2.99608e+19,5.62893e+20,sim00686.iv
sim00687,29.1565,3.95083,5.9692,6.73827e+20,1.24493e+19,303.202,3.7479,5.4848,6.24788e+16,9.88634e+16,27.35,3.02919,5.12219,3.19643e+19,9.34565e+20,sim00687.iv
sim00688,38.1502,3.90158,5.8246,8.51605e+20,1.52843e+19,213.72,3.69771,5.51449,9.99149e+16,7.41094e+16,45.4577,2.93856,5.10178,4.89708e+19,7.08694e+20,sim00688.iv
sim00689,44.2187,3.9052,5.84479,7.90209e+20,1.87225e+19,210.424,3.64718,5.43863,4.33829e+16,8.99737e+16,31.6356,3.13808,5.11112,1.03046e+19,5.94368e+20,sim00689.iv
sim00690,47.9383,3.92083,5.98591,6.5506e+20,3.86625e+19,318.084,3.79514,5.40364,9.57013e+16,4.52431e+16,45.1398,3.01789,5.11293,2.43751e+19,9.14236e+20,sim00690.iv
sim00691,27.9204,3.89845,5.91203,8.71261e+20,2.88654e+19,305.24,3.69706,5.53186,7.06729e+16,7.38497e+16,44.699,3.01629,5.03866,3.71856e+19,5.38559e+20,sim00691.iv
sim00692,26.5687,3.95843,5.88701,7.49022e+20,4.94959e+19,242.924,3.60391,5.42227,3.20052e+16,7.53328e+16,43.2747,3.0262,5.05101,3.08697e+19,5.07479e+20,sim00692.iv
sim00693,40.454,3.92286,5.80436,9.08506e+20,4.05371e+19,253.151,3.72708,5.5203,2.28862e+16,2.73933e+16,40.4962,3.17342,5.11526,3.27125e+19,8.23341e+20,sim00693.iv
sim00694,33.2173,3.81083,5.8793,9.50126e+20,4.21979e+19,339.839,3.63057,5.50119,6.26255e+16,2.88933e+16,26.0291,3.11281,5.13437,3.58875e+19,6.33494e+20,sim00694.iv
sim00695,35.2031,3.80461,5.82599,7.59125e+20,2.23869e+19,345.194,3.6943,5.41671,1.16058e+16,7.52732e+16,25.1452,2.87512,5.08476,2.05624e+19,8.08289e+20,sim00695.iv
sim00696,34.5708,3.82229,5.95695,7.12929e+20,3.44334e+19,210.552,3.72528,5.45657,5.44934e+16,3.67949e+16,49.8878,2.89234,5.18257,4.67187e+19,7.105e+20,sim00696.iv
sim00697,29.1201,3.87621,5.99787,8.09398e+20,3.17912e+19,215.029,3.76957,5.41676,1.42275e+16,3.47372e+16,34.2737,3.15812,5.15802,1.79053e+19,6.8604e+20,sim00697.iv
sim00698,43.4072,3.90542,5.8349,6.98028e+20,3.50374e+19,346.252,3.73236,5.40324,7.34507e+16,3.25778e+16,45.8648,2.95356,5.03992,2.87179e+19,6.27599e+20,sim00698.iv
sim00699,27.0746,3.91465,5.95347,9.17477e+20,2.59068e+19,219.353,3.69679,5.48676,2.77281e+16,9.0653e+16,49.2244,2.8207,5.15915,3.58287e+19,6.30718e+20,sim00699.iv
sim00700,39.0547,3.82573,5.81388,9.96745e+20,3.54548e+19,245.451,3.69001,5.59002,4.94853e+16,9.104e+16,46.0643,2.93766,5.1392,3.64199e+19,8.85606e+20,sim00700.iv
sim00701,30.9779,3.81045,5.83421,8.08277e+20,4.1004e+19,315.847,3.71674,5.41695,1.1556e+16,8.03928e+16,36.4813,3.11308,5.03256,2.62969e+19,9.59585e+20,sim00701.iv
sim00702,25.1479,3.81231,5.93069,7.97268e+20,4.80812e+19,336.906,3.74989,5.40383,5.32348e+16,9.06492e+16,33.0095,3.18486,5.1305,1.43783e+19,7.54636e+20,sim00702.iv
sim00703,40.8685,3.81307,5.86893,8.58541e+20,1.62829e+19,258.768,3.73798,5.55511,5.66661e+16,9.61172e+16,47.7599,2.98937,5.03205,4.09173e+19,6.2157e+20,sim00703.iv
sim00704,45.2846,3.91743,5.87882,7.78192e+20,3.13124e+19,339.463,3.64287,5.58563,1.28207e+16,7.92283e+16,47.59,2.95762,5.01461,4.21867e+19,9.21432e+20,sim00704.iv
sim00705,30.0877,3.90372,5.96189,5.96021e+20,3.5159e+19,270.288,3.63488,5.56629,3.92213e+16,9.40984e+16,37.068,3.0058,5.08466,2.60268e+19,9.08983e+20,sim00705.iv
sim00706,40.325,3.95474,5.88422,6.30719e+20,1.34746e+19,318.732,3.68306,5.50184,5.22409e+16,4.88024e+16,40.517,3.04349,5.19441,1.55562e+19,7.8676e+20,sim00706.iv
sim00707,21.8972,3.96158,5.92326,7.14189e+20,4.20894e+19,273.7,3.64556,5.4945,1.63749e+16,9.08075e+16,41.9288,3.10413,5.1749,4.16629e+19,7.15926e+20,sim00707.iv
sim00708,23.5591,3.87467,5.98682,9.74545e+20,4.07148e+19,238.62,3.63889,5.57595,2.27724e+16,6.25724e+16,31.3476,2.9208,5.13548,4.83828e+19,8.88817e+20,sim00708.iv
sim00709,34.5849,3.88814,5.98153,7.89054e+20,2.98656e+19,305.597,3.64743,5.41275,8.696e+16,6.46536e+16,24.9463,2.91922,5.19799,3.53769e+19,8.18056e+20,sim00709.iv
sim00710,22.1649,3.9938,5.97856,7.73891e+20,2.23756e+19,307.728,3.76667,5.55722,9.79343e+16,6.7317e+16,29.6368,2.99917,5.16326,2.06137e+19,6.15704e+20,sim00710.iv
sim00711,41.745,3.88889,5.96331,5.71842e+20,2.34279e+19,247.534,3.73957,5.55187,5.10402e+16,5.30226e+16,23.961,3.08073,5.19846,4.11169e+19,6.11556e+20,sim00711.iv
sim00712,38.6937,3.85899,5.80604,5.89911e+20,1.41037e+19,237.431,3.75912,5.45857,7.81336e+16,9.53976e+16,37.2282,2.99416,5.15003,1.38836e+19,7.14106e+20,sim00712.iv
sim00713,34.9647,3.96621,5.96284,9.24133e+20,3.79149e+19,284.278,3.76558,5.57466,5.32436e+16,9.87096e+16,46.2445,3.00419,5.01386,1.89797e+19,8.88199e+20,sim00713.iv
sim00714,23.3346,3.89396,5.92097,9.39173e+20,4.38846e+19,316.999,3.68154,5.42845,7.02684e+16,2.6316e+16,36.8394,3.19227,5.11006,3.58223e+19,8.38788e+20,sim00714.iv
sim00715,44.9117,3.887,5.8995,5.87986e+20,3.45872e+19,251.406,3.70152,5.55331,1.15813e+16,6.07524e+16,25.2034,2.91175,5.00694,1.67785e+19,9.93315e+20,sim00715.iv
sim00716,49.9557,3.94397,5.92237,8.88503e+20,4.58622e+19,282.703,3.60706,5.54188,9.86142e+16,3.32248e+16,33.904,2.94451,5.07809,3.8856e+19,6.89202e+20,sim00716.iv
sim00717,48.2325,3.95793,5.80553,9.09274e+20,4.09143e+19,282.309,3.69936,5.56711,4.82307e+16,2.43516e+16,29.387,2.90608,5.13621,1.71549e+19,8.22386e+20,sim00717.iv
sim00718,33.979,3.96793,5.897,9.64902e+20,4.60188e+19,235.94,3.73723,5.44292,8.40974e+16,6.72151e+16,28.8235,2.89965,5.08592,4.20289e+19,8.98081e+20,sim00718.iv
sim00719,21.0013,3.86046,5.88457,7.92791e+20,1.59811e+19,256.94,3.77712,5.49531,7.69729e+16,5.36301e+16,33.9495,3.04877,5.05187,1.99921e+19,9.94677e+20,sim00719.iv
sim00720,46.0698,3.94755,5.82743,5.15112e+20,1.70165e+19,341.282,3.76326,5.50462,9.71903e+16,2.31924e+16,36.7745,2.87329,5.06129,4.76054e+19,9.34139e+20,sim00720.iv
sim00721,23.054,3.84991,5.9189,5.30676e+20,3.20034e+19,291.829,3.65819,5.45862,3.06171e+16,9.42109e+16,31.6661,3.03411,5.06031,3.81066e+19,5.50721e+20,sim00721.iv
sim00722,22.1492,3.94886,5.94533,6.32501e+20,2.42019e+19,344.016,3.62087,5.43663,4.87035e+16,3.53889e+16,39.4703,3.07624,5.10528,3.44479e+19,7.1671e+20,sim00722.iv
sim00723,42.8116,3.80842,5.86258,8.42215e+20,2.31858e+19,220.995,3.669,5.5423,2.09786e+16,7.52168e+16,43.2637,3.05412,5.04885,4.22118e+19,6.07221e+20,sim00723.iv
sim00724,47.1746,3.94133,5.81094,8.99644e+20,3.02573e+19,273.371,3.6841,5.52133,7.52121e+16,9.06379e+16,28.1883,3.05231,5.13727,3.69919e+19,7.465e+20,sim00724.iv
sim00725,31.7307,3.95248,5.86,6.04027e+20,3.18332e+19,247.466,3.60665,5.41032,7.25509e+16,9.75831e+16,33.6407,2.85882,5.16362,2.04574e+19,9.97813e+20,sim00725.iv
sim00726,36.8979,3.84653,5.8992,6.67691e+20,4.11789e+19,224.814,3.7714,5.55347,8.75227e+16,9.05494e+16,26.8933,3.0084,5.16998,2.50955e+19,5.30204e+20,sim00726.iv
sim00727,28.749,3.84838,5.97401,7.31923e+20,3.73418e+19,344.697,3.65984,5.55224,1.20488e+16,1.93705e+16,24.856,2.92497,5.0806,2.90806e+19,6.22666e+20,sim00727.iv
sim00728,21.9865,3.9355,5.80473,9.04735e+20,4.71662e+19,309.452,3.71919,5.5314,6.87e+16,9.38535e+16,48.9292,2.97068,5.12342,4.21123e+19,5.00519e+20,sim00728.iv
sim00729,35.8105,3.93058,5.94344,6.84395e+20,2.18258e+19,235.5,3.71156,5.58386,9.0638e+16,4.23969e+16,27.7357,3.11552,5.145,3.02136e+19,6.94515e+20,sim00729.iv
sim00730,23.7139,3.95703,5.92349,6.88441e+20,4.67515e+19,302.354,3.78585,5.49488,5.09156e+16,9.43515e+16,48.7937,3.18431,5.16378,2.84962e+19,6.0515e+20,sim00730.iv
sim00731,31.5032,3.98766,5.87271,8.78359e+20,4.69202e+19,345.855,3.78953,5.51101,5.42692e+16,9.88876e+16,26.5454,2.87501,5.19264,3.75678e+19,7.68152e+20,sim00731.iv
sim00732,23.9615,3.90265,5.98884,8.01446e+20,2.61851e+19,287.154,3.77723,5.58257,4.60079e+16,6.47255e+16,28.3761,2.98043,5.04398,3.12589e+19,7.8912e+20,sim00732.iv
sim00733,30.1351,3.85442,5.83021,5.69772e+20,3.84584e+19,241.029,3.6236,5.59977,3.33925e+16,9.06443e+16,38.2756,3.08603,5.11218,1.72324e+19,9.23526e+20,sim00733.iv
sim00734,44.8392,3.86994,5.95277,7.7152e+20,4.6362e+19,322.395,3.6082,5.57586,9.7171e+16,7.67941e+16,23.5974,3.12295,5.1295,2.35531e+19,9.42015e+20,sim00734.iv
sim00735,36.967,3.97059,5.93402,6.44258e+20,4.90007e+19,289.941,3.70335,5.4807,2.2271e+16,7.17592e+16,32.924,3.17385,5.19302,4.07056e+19,6.21247e+20,sim00735.iv
sim00736,41.4794,3.80408,5.96528,7.46809e+20,4.74696e+19,262.886,3.65263,5.59901,5.7761e+16,8.76864e+16,47.3317,3.00739,5.09114,3.21154e+19,9.2387e+20,sim00736.iv
sim00737,48.9398,3.86566,5.94773,6.42687e+20,3.44381e+19,322.671,3.7773,5.48974,4.3278e+16,3.28106e+16,24.0025,2.94597,5.1744,2.67524e+19,6.58647e+20,sim00737.iv
sim00738,42.174,3.84312,5.85126,9.67954e+20,1.32636e+19,268.048,3.71535,5.44605,3.52911e+16,2.99661e+16,30.3556,3.1594,5.08632,2.67132e+19,6.9329e+20,sim00738.iv
sim00739,48.9235,3.82346,5.97438,6.63581e+20,4.82605e+19,254.132,3.61657,5.50401,3.05079e+16,7.77691e+16,39.7192,3.07459,5.0387,3.83452e+19,6.55666e+20,sim00739.iv
sim00740,49.9602,3.94635,5.91808,9.33559e+20,3.35725e+19,287.385,3.64746,5.53562,4.3718e+16,1.38774e+16,44.4819,2.82075,5.13446,1.62688e+19,7.16285e+20,sim00740.iv
sim00741,45.7727,3.81888,5.93343,8.06309e+20,4.47012e+19,234.183,3.75996,5.49002,4.8578e+16,4.25606e+16,31.5672,3.00798,5.02136,2.70026e+19,8.25991e+20,sim00741.iv
sim00742,34.9458,3.83317,5.87261,7.21481e+20,3.6755e+19,336.107,3.71008,5.53527,1.69471e+16,9.5902e+16,29.4563,2.94172,5.04457,1.33868e+19,8.95023e+20,sim00742.iv
sim00743,27.2147,3.85654,5.83636,9.87443e+20,4.12414e+19,340.186,3.77234,5.58126,5.31131e+16,2.53487e+16,29.8064,2.91698,5.14343,1.10269e+19,5.71021e+20,sim00743.iv
sim00744,40.4866,3.82469,5.80966,5.54608e+20,3.7627e+19,229.506,3.62926,5.44606,7.7582e+16,2.80318e+16,21.0613,3.16235,5.17526,1.73928e+19,6.32671e+20,sim00744.iv
sim00745,25.6567,3.94391,5.85,9.65725e+20,4.31056e+19,292.376,3.60179,5.57673,7.54985e+16,8.09117e+16,22.1548,3.08342,5.16092,4.82654e+19,7.90235e+20,sim00745.iv
sim00746,35.2413,3.88508,5.94026,9.60411e+20,3.39902e+19,241.82,3.60351,5.52382,8.78138e+16,1.59378e+16,31.9271,3.17602,5.10034,1.88263e+19,6.76828e+20,sim00746.iv
sim00747,32.2442,3.82346,5.93216,7.96082e+20,3.59089e+19,295.511,3.60333,5.43489,2.49015e+16,1.88156e+16,42.0643,2.84805,5.13364,1.71356e+19,5.59155e+20,sim00747.iv
sim00748,24.8759,3.90168,5.9291,9.05962e+20,1.51425e+19,296.266,3.75477,5.46248,1.71744e+16,2.40351e+16,22.7468,3.15488,5.07534,3.09339e+19,8.84344e+20,sim00748.iv
sim00749,31.145,3.92982,5.81534,7.40453e+20,1.38608e+19,244.76,3.65867,5.54352,7.06694e+16,7.72372e+16,21.8527,3.19757,5.01088,4.30299e+19,8.70134e+20,sim00749.iv
sim00750,37.7529,3.88777,5.95143,8.69929e+20,1.54871e+19,320.969,3.61571,5.50011,6.80574e+16,8.3952e+16,33.8933,2.89474,5.09813,2.00083e+19,7.64363e+20,sim00750.iv
sim00751,33.8752,3.9561,5.84802,5.99993e+20,2.89674e+19,217.071,3.64587,5.47074,5.38867e+16,3.42493e+16,36.8191,3.15137,5.10875,2.14736e+19,5.3099e+20,sim00751.iv
sim00752,24.1,3.91224,5.93674,5.24834e+20,1.7422e+19,254.671,3.66395,5.59168,2.83394e+16,1.56268e+16,30.5904,2.85378,5.02532,2.6298e+19,6.53196e+20,sim00752.iv
sim00753,22.7518,3.92086,5.90034,5.3855e+20,4.45098e+19,249.86,3.79228,5.58631,4.90687e+16,3.0571e+16,45.0456,2.94451,5.03271,3.20643e+19,7.44701e+20,sim00753.iv
sim00754,45.5005,3.94586,5.97523,8.67351e+20,3.5687e+19,280.025,3.79751,5.59183,8.63968e+16,7.97787e+16,37.3268,2.9039,5.17509,1.04326e+19,6.1372e+20,sim00754.iv
sim00755,32.112,3.91723,5.91218,5.87908e+20,1.41919e+19,241.126,3.66974,5.40281,7.2321e+16,3.22955e+16,30.5421,2.93396,5.10237,4.4392e+19,5.74695e+20,sim00755.iv
sim00756,30.2218,3.93841,5.80885,9.14989e+20,4.8473e+19,295.069,3.7913,5.48261,4.73529e+16,1.95624e+16,21.0634,2.8978,5.09563,3.03073e+19,6.08788e+20,sim00756.iv
sim00757,38.3842,3.83624,5.86524,5.97855e+20,3.78665e+19,282.32,3.74722,5.41145,4.82826e+16,9.70263e+16,21.6086,2.96735,5.00808,1.58661e+19,7.31263e+20,sim00757.iv
sim00758,24.7254,3.90375,5.98455,6.00204e+20,1.42875e+19,325.539,3.69205,5.57652,3.75511e+16,6.64779e+16,47.6994,2.86868,5.16015,3.52607e+19,9.06473e+20,sim00758.iv
sim00759,25.1208,3.88682,5.82577,9.80041e+20,1.25077e+19,219.168,3.77963,5.46015,6.37318e+16,3.58728e+16,39.4628,2.87699,5.09177,3.13397e+19,6.66821e+20,sim00759.iv
sim00760,27.551,3.82804,5.94123,5.84141e+20,2.16851e+19,257.167,3.69087,5.54051,4.85151e+16,8.83984e+16,40.3936,3.13539,5.14327,1.59453e+19,9.88964e+20,sim00760.iv
sim00761,43.5976,3.91454,5.83305,5.8634e+20,3.45732e+19,268.268,3.73517,5.47449,5.61561e+16,2.69162e+16,24.656,2.83026,5.16393,3.22155e+19,9.73571e+20,sim00761.iv
sim00762,42.4846,3.95375,5.90181,9.07727e+20,4.76825e+19,311.044,3.62112,5.5302,2.0839e+16,1.695e+16,40.787,3.13391,5.03177,1.29659e+19,9.43261e+20,sim00762.iv
sim00763,23.9663,3.80702,5.94421,9.23858e+20,3.05789e+19,285.59,3.66737,5.44769,7.79709e+16,8.64356e+16,29.6373,2.90953,5.05356,1.20238e+19,6.40538e+20,sim00763.iv
sim00764,20.7695,3.95768,5.85119,8.45078e+20,3.17275e+19,327.245,3.79208,5.47346,1.79507e+16,7.74681e+16,20.6391,2.88919,5.01065,4.59259e+19,5.02649e+20,sim00764.iv
sim00765,34.7823,3.8848,5.93055,6.44872e+20,4.49478e+19,312.808,3.68646,5.47161,8.34299e+16,7.81354e+16,31.97,2.93655,5.00778,1.32683e+19,5.26959e+20,sim00765.iv
sim00766,20.7325,3.83057,5.97143,8.9908e+20,4.3823e+19,297.332,3.72481,5.42479,7.29069e+16,3.52024e+16,35.5776,3.18189,5.17412,1.93277e+19,8.68325e+20,sim00766.iv
sim00767,23.1227,3.80535,5.80563,5.85123e+20,3.77979e+19,260.863,3.60319,5.5976,5.80041e+16,4.54492e+16,35.5655,3.00799,5.09405,3.4518e+19,9.42813e+20,sim00767.iv
sim00768,29.0514,3.89739,5.80073,9.29907e+20,2.22362e+19,247.982,3.79951,5.51688,2.10739e+16,3.38972e+16,30.5968,3.19442,5.08612,1.92054e+19,7.84865e+20,sim00768.iv
sim00769,32.1428,3.81099,5.97218,5.07844e+20,4.59393e+19,320.86,3.61516,5.54472,7.93848e+16,6.42076e+16,37.3301,2.81987,5.0119,3.90915e+19,5.52783e+20,sim00769.iv
sim00770,27.2553,3.89977,5.83283,8.9492e+20,4.22951e+19,327.9,3.60991,5.48557,8.62226e+16,4.26897e+16,40.8746,3.0357,5.06944,2.10562e+19,8.26372e+20,sim00770.iv
sim00771,24.0087,3.97202,5.91529,5.55752e+20,3.81411e+19,270.356,3.64082,5.59221,7.47683e+16,6.33694e+16,45.466,3.01755,5.08829,1.75779e+19,5.76695e+20,sim00771.iv
sim00772,32.9591,3.89119,5.94666,7.21043e+20,3.37264e+19,326.553,3.79867,5.46451,9.11759e+16,8.25446e+16,22.0402,2.93366,5.04381,3.65754e+19,7.7765e+20,sim00772.iv
sim00773,34.8455,3.95271,5.86666,6.91376e+20,4.46254e+19,346.109,3.75527,5.44341,2.01386e+16,2.88285e+16,32.6828,2.89468,5.18021,3.68289e+19,7.08365e+20,sim00773.iv
sim00774,28.2144,3.87613,5.89521,8.56911e+20,1.35737e+19,328.837,3.62551,5.45249,9.94231e+16,2.71188e+16,23.0343,3.05536,5.07863,1.36734e+19,5.01871e+20,sim00774.iv
sim00775,22.3748,3.90455,5.84618,8.88776e+20,4.43003e+19,230.277,3.6674,5.42931,3.58023e+16,3.15284e+16,43.6059,2.93819,5.09911,3.69558e+19,9.11128e+20,sim00775.iv
sim00776,29.0363,3.84184,5.99569,6.60074e+20,3.68427e+19,304.898,3.70281,5.44569,2.27312e+16,5.38315e+16,35.3279,3.10935,5.14197,4.64817e+19,9.8543e+20,sim00776.iv
sim00777,41.8355,3.8153,5.88102,8.04401e+20,3.36078e+19,235.402,3.71659,5.46994,4.05034e+16,8.50606e+16,32.658,3.01096,5.11257,3.25199e+19,6.06561e+20,sim00777.iv
sim00778,37.9836,3.86692,5.931,5.72849e+20,4.97646e+19,318.086,3.68345,5.46027,4.49022e+16,7.49087e+16,39.6622,3.08084,5.1778,2.82518e+19,8.34761e+20,sim00778.iv
sim00779,33.2452,3.92762,5.89496,8.88332e+20,1.02104e+19,240.2,3.65929,5.58908,5.56342e+16,4.27917e+16,32.1294,2.98073,5.17357,4.84934e+19,9.22082e+20,sim00779.iv
sim00780,45.2497,3.8398,5.85374,7.98025e+20,3.62455e+19,238.379,3.74926,5.43999,3.3671e+16,3.76116e+16,45.3797,3.09283,5.10614,4.279e+19,9.06464e+20,sim00780.iv
sim00781,31.695,3.95629,5.84125,7.51614e+20,1.47297e+19,269.751,3.70407,5.41598,5.16351e+16,6.86503e+16,38.4226,2.82174,5.01907,2.40542e+19,9.21343e+20,sim00781.iv
sim00782,46.0927,3.86192,5.94378,7.88695e+20,4.93369e+19,223.25,3.70958,5.51851,3.76902e+16,1.42258e+16,21.5631,2.98145,5.13849,3.8007e+19,5.90485e+20,sim00782.iv
sim00783,45.7392,3.87543,5.99287,5.5908e+20,4.34582e+19,337.167,3.76454,5.56177,4.25179e+16,7.42009e+16,37.3804,2.96979,5.19862,2.16182e+19,7.06572e+20,sim00783.iv
sim00784,47.0858,3.8578,5.83054,6.55e+20,4.03725e+19,330.38,3.62289,5.52434,6.10558e+16,7.01918e+16,40.1317,3.18379,5.06931,2.19907e+19,7.90613e+20,sim00784.iv
sim00785,32.8826,3.89475,5.81386,5.74121e+20,4.7415e+19,219.561,3.71803,5.55092,1.10677e+16,3.00473e+16,31.3122,3.00273,5.06832,3.596e+19,6.13199e+20,sim00785.iv
sim00786,20.7645,3.80031,5.8691,6.80831e+20,4.79442e+19,216.269,3.70601,5.51556,7.29348e+16,6.74861e+16,20.2442,3.05274,5.06448,4.09148e+19,5.94183e+20,sim00786.iv
sim00787,41.4862,3.9251,5.93046,5.87974e+20,3.6767e+19,313.177,3.69788,5.46807,2.49899e+16,3.60964e+16,42.9149,2.96376,5.14054,3.96037e+19,8.37085e+20,sim00787.iv
sim00788,40.2062,3.92216,5.90368,5.98908e+20,4.37121e+19,344.997,3.6933,5.58665,9.98195e+16,5.37576e+16,41.7307,3.05752,5.04745,1.18836e+19,7.26678e+20,sim00788.iv
sim00789,43.6161,3.86503,5.95689,8.27401e+20,3.78217e+19,250.004,3.69401,5.43634,3.21922e+16,1.80865e+16,23.8032,2.88421,5.11605,2.76484e+19,6.3347e+20,sim00789.iv
sim00790,45.8334,3.90503,5.98462,8.17482e+20,1.06315e+19,337.887,3.77149,5.52705,5.81296e+16,5.07633e+16,34.4652,3.10769,5.10263,1.7041e+19,5.29089e+20,sim00790.iv
sim00791,23.7856,3.85029,5.87355,9.46208e+20,1.95635e+19,254.744,3.6446,5.50915,6.55378e+16,5.78915e+16,48.5557,3.19815,5.16748,4.22118e+19,6.83026e+20,sim00791.iv
sim00792,37.3935,3.87029,5.95687,5.85916e+20,1.86669e+19,215.417,3.72179,5.53771,1.03026e+16,5.59707e+16,31.3062,3.11695,5.00778,1.19426e+19,8.10105e+20,sim00792.iv
sim00793,37.7492,3.96622,5.91845,9.74685e+20,2.25754e+19,265.709,3.79553,5.4215,8.16314e+16,1.10412e+16,34.5954,2.86136,5.11977,4.19268e+19,5.16521e+20,sim00793.iv
sim00794,24.9132,3.86852,5.85116,6.9161e+20,4.80747e+19,224.169,3.68466,5.49142,3.52308e+16,3.50656e+16,41.4426,3.04714,5.16257,2.62029e+19,8.03356e+20,sim00794.iv
sim00795,46.8076,3.97027,5.984,6.34488e+20,4.94168e+19,324.295,3.75896,5.53352,9.84941e+16,4.97407e+16,42.2462,3.07952,5.14642,4.00586e+19,5.95378e+20,sim00795.iv
sim00796,30.4715,3.87845,5.9496,8.58124e+20,4.33346e+19,320.393,3.71921,5.42799,6.7191e+16,8.98353e+16,39.2952,3.15825,5.19981,2.43681e+19,8.61645e+20,sim00796.iv
sim00797,36.1988,3.89099,5.84797,6.22957e+20,1.73989e+19,298.408,3.62841,5.48628,5.71e+16,4.94411e+16,45.6479,2.97727,5.01657,4.9688e+19,9.22492e+20,sim00797.iv
sim00798,39.8013,3.95126,5.82564,8.82957e+20,1.831e+19,278.457,3.6356,5.55076,3.2134e+16,3.27888e+16,23.2767,3.08824,5.05917,3.07312e+19,6.66122e+20,sim00798.iv
sim00799,43.241,3.8453,5.98817,6.6067e+20,1.41541e+19,243.643,3.61479,5.49375,3.25226e+16,8.97441e+16,35.5139,2.89335,5.09025,1.78398e+19,5.89365e+20,sim00799.iv
sim00800,29.0197,3.82166,5.83773,9.69023e+20,3.66721e+19,338.954,3.65137,5.5714,4.26046e+16,2.29775e+16,44.1412,2.82386,5.08097,4.27726e+19,8.08592e+20,sim00800.iv
sim00801,35.542,3.87073,5.81501,9.95486e+20,1.69909e+19,245.743,3.64718,5.58159,7.8732e+16,5.11597e+16,48.6627,2.82111,5.17873,1.24171e+19,6.95565e+20,sim00801.iv
sim00802,21.6201,3.99979,5.98288,7.92399e+20,1.87138e+19,248.749,3.68991,5.46456,1.19183e+16,6.9063e+16,38.4028,3.16172,5.09537,2.37884e+19,7.55759e+20,sim00802.iv
sim00803,25.8408,3.92511,5.95401,5.76731e+20,2.27353e+19,331.492,3.70111,5.50637,7.50167e+16,6.20104e+16,22.0874,3.12158,5.18457,1.21311e+19,5.60625e+20,sim00803.iv
sim00804,41.0593,3.92089,5.8765,7.69624e+20,3.81335e+19,280.627,3.62804,5.41789,4.94973e+16,9.30596e+16,36.7334,2.94329,5.18174,2.55453e+19,7.54573e+20,sim00804.iv
sim00805,23.495,3.94748,5.94006,8.97122e+20,2.30077e+19,271.047,3.63367,5.5929,1.7747e+16,6.84112e+16,41.1577,2.86309,5.07306,1.17251e+19,7.78304e+20,sim00805.iv
sim00806,49.8481,3.88598,5.998,5.63113e+20,2.56982e+19,336.275,3.77534,5.46472,7.1075e+16,8.97544e+16,43.0063,3.05139,5.03052,1.29201e+19,8.07311e+20,sim00806.iv
sim00807,35.0083,3.84761,5.85855,6.96044e+20,2.98208e+19,264.636,3.67746,5.42315,8.79031e+16,6.48239e+16,24.3831,2.96955,5.08334,3.40248e+19,8.04435e+20,sim00807.iv
sim00808,39.3567,3.93958,5.82067,6.52461e+20,1.06939e+19,273.65,3.68589,5.54687,2.50405e+16,6.68345e+16,29.2008,2.95277,5.14386,1.28619e+19,6.71391e+20,sim00808.iv
sim00809,31.7397,3.94315,5.83984,9.73706e+20,4.99105e+19,324.647,3.65994,5.53277,1.74833e+16,8.84151e+16,35.4798,2.87058,5.06548,4.20297e+19,9.35113e+20,sim00809.iv
sim00810,35.5914,3.89606,5.95015,9.13095e+20,4.05939e+19,263.82,3.72839,5.57147,2.36585e+16,4.49323e+16,21.6986,2.96355,5.15446,1.78811e+19,7.70944e+20,sim00810.iv
sim00811,21.0976,3.97953,5.964,7.62205e+20,3.82315e+19,224.548,3.76904,5.54305,2.07971e+16,9.8262e+16,20.6759,3.0514,5.03435,3.87703e+19,5.35203e+20,sim00811.iv
sim00812,22.433,3.89326,5.9988,6.38258e+20,3.45011e+19,282.604,3.76842,5.45772,5.9945e+16,9.55561e+16,29.9776,2.97576,5.17776,2.33e+19,6.90337e+20,sim00812.iv
sim00813,29.1236,3.96191,5.98608,8.15549e+20,3.49452e+19,264.601,3.6025,5.43479,2.32695e+16,2.04294e+16,39.6214,2.85454,5.01713,2.53033e+19,6.24511e+20,sim00813.iv
sim00814,24.3758,3.82923,5.85124,7.68425e+20,4.03238e+19,329.389,3.75028,5.52564,9.16862e+16,5.67763e+16,39.0007,2.96465,5.06548,2.32685e+19,5.74159e+20,sim00814.iv
sim00815,43.8979,3.81107,5.93494,9.3223e+20,2.98971e+19,219.828,3.68568,5.46865,9.86985e+16,7.22139e+16,41.6408,3.00633,5.14188,3.89028e+19,5.33179e+20,sim00815.iv
sim00816,26.6782,3.80259,5.90196,9.379e+20,3.43822e+19,280.029,3.78519,5.43444,1.67144e+16,9.25575e+16,47.0835,3.07319,5.0492,4.87906e+19,8.82673e+20,sim00816.iv
sim00817,40.2168,3.84458,5.90262,9.11288e+20,4.44104e+19,288.6,3.70456,5.53954,5.75424e+16,4.75913e+16,22.5626,2.85042,5.15206,1.09866e+19,5.26153e+20,sim00817.iv
sim00818,47.1393,3.9408,5.80084,6.56022e+20,4.05327e+19,268.464,3.69376,5.49176,2.81921e+16,7.49252e+16,23.0902,3.0029,5.03399,1.18613e+19,5.71622e+20,sim00818.iv
sim00819,46.08,3.83523,5.85567,5.69047e+20,3.94218e+19,272.363,3.78873,5.53286,5.7825e+16,6.90968e+16,21.2128,3.18026,5.19129,2.10456e+19,8.14148e+20,sim00819.iv
sim00820,26.0575,3.90949,5.95416,9.69911e+20,2.35687e+19,307.091,3.74329,5.44423,6.66129e+16,6.89879e+16,42.9223,3.19998,5.00805,1.80922e+19,5.72539e+20,sim00820.iv
sim00821,24.633,3.89085,5.97571,7.24362e+20,3.67392e+19,262.71,3.66393,5.56685,6.89993e+16,4.15806e+16,47.4248,2.9994,5.03765,2.93289e+19,8.3735e+20,sim00821.iv
sim00822,31.0134,3.96876,5.90663,7.33882e+20,4.43485e+19,274.808,3.68288,5.42074,4.26243e+16,4.57343e+16,25.4187,3.03513,5.02877,1.89476e+19,7.80546e+20,sim00822.iv
sim00823,28.0695,3.92793,5.9381,6.50645e+20,1.34955e+19,278.523,3.61858,5.50305,7.53596e+16,6.58297e+16,33.448,3.17834,5.02035,4.52001e+19,9.00064e+20,sim00823.iv
sim00824,32.5922,3.83057,5.83117,9.60903e+20,1.93482e+19,332.376,3.70066,5.49235,6.5756e+16,2.93535e+16,32.8511,3.17539,5.04765,4.68633e+19,9.97105e+20,sim00824.iv
sim00825,21.5572,3.90628,5.83436,8.10857e+20,4.95817e+19,335.563,3.78497,5.44267,5.88088e+16,3.11348e+16,46.9827,2.87646,5.03079,1.04865e+19,5.90974e+20,sim00825.iv
sim00826,25.6929,3.8155,5.97355,8.89999e+20,2.01793e+19,319.656,3.68443,5.5551,3.90707e+16,6.08189e+16,31.4483,2.87507,5.11713,4.00332e+19,8.76554e+20,sim00826.iv
sim00827,30.6887,3.90374,5.95276,5.27249e+20,1.28755e+19,262.671,3.64469,5.47493,1.84378e+16,6.32807e+16,40.1522,3.11674,5.1301,2.58553e+19,9.67464e+20,sim00827.iv
sim00828,41.79,3.90554,5.84137,8.24487e+20,3.36688e+19,305.666,3.75622,5.58301,9.54151e+16,6.67167e+16,48.9787,3.16457,5.00052,3.55047e+19,5.89235e+20,sim00828.iv
sim00829,28.8558,3.8595,5.89663,5.05433e+20,1.94319e+19,214.077,3.73011,5.57786,9.9801e+16,5.03701e+16,27.8042,3.14124,5.02263,4.89696e+19,8.57419e+20,sim00829.iv
sim00830,35.118,3.81933,5.80364,7.72266e+20,2.6554e+19,327.973,3.72846,5.48638,3.03406e+16,5.3238e+16,24.8898,3.06681,5.12115,4.24029e+19,7.24765e+20,sim00830.iv
sim00831,28.3595,3.96728,5.9382,8.53355e+20,3.11234e+19,332.637,3.64556,5.48034,8.16609e+16,2.19665e+16,44.2433,2.94104,5.0251,1.3166e+19,9.21514e+20,sim00831.iv
sim00832,43.3585,3.85761,5.82327,6.23617e+20,1.85195e+19,312.628,3.64311,5.44322,1.29041e+16,6.37174e+16,40.6694,3.0614,5.11372,4.8643e+19,7.36369e+20,sim00832.iv
sim00833,45.8041,3.9292,5.81683,9.05044e+20,3.33755e+19,301.494,3.63605,5.4875,8.92524e+16,2.93888e+16,20.0037,2.903,5.09751,4.28511e+19,8.21645e+20,sim00833.iv
sim00834,47.5719,3.89111,5.87816,6.15709e+20,1.87225e+19,313.055,3.61607,5.44854,8.97306e+16,6.19229e+16,21.3976,3.0817,5.10134,4.41809e+19,8.41217e+20,sim00834.iv
sim00835,20.1334,3.84115,5.85159,8.51116e+20,3.03726e+19,314.643,3.70257,5.46548,1.93295e+16,2.8236e+16,32.0234,3.02058,5.18773,1.95888e+19,8.33042e+20,sim00835.iv
sim00836,24.5764,3.94275,5.80227,8.2796e+20,1.65287e+19,235.245,3.71178,5.47508,5.24175e+16,3.78e+16,48.604,2.91626,5.10841,4.41742e+19,8.3209e+20,sim00836.iv
sim00837,29.6833,3.91049,5.8166,7.72843e+20,2.72556e+19,316.111,3.76958,5.43992,1.73382e+16,4.51501e+16,36.0245,2.95072,5.12571,3.02261e+19,9.68313e+20,sim00837.iv
sim00838,32.2817,3.8165,5.86039,8.02947e+20,2.0241e+19,247.658,3.66791,5.54923,9.4612e+16,4.15339e+16,25.8646,2.96825,5.07037,4.9601e+19,7.31934e+20,sim00838.iv
sim00839,40.3785,3.98276,5.92581,6.24689e+20,3.42964e+19,266.263,3.68447,5.59586,3.50732e+16,5.22042e+16,24.796,2.87142,5.1207,4.00406e+19,8.1823e+20,sim00839.iv
sim00840,29.8785,3.81192,5.89405,7.52135e+20,4.08261e+19,299.641,3.77425,5.5566,4.2929e+16,6.68999e+16,42.4186,3.18275,5.08447,3.59313e+19,6.96332e+20,sim00840.iv
sim00841,42.1348,3.9824,5.98385,5.78544e+20,1.81639e+19,315.69,3.7262,5.58102,3.82421e+16,8.63219e+16,40.5133,2.87818,5.0253,3.81089e+19,5.79231e+20,sim00841.iv
sim00842,43.8299,3.91142,5.89537,6.37765e+20,4.93538e+19,311.103,3.75561,5.55374,6.25614e+16,9.45729e+16,37.5146,3.00802,5.05474,2.12694e+19,8.68442e+20,sim00842.iv
sim00843,30.043,3.94574,5.99054,7.19654e+20,1.3893e+19,303.317,3.6019,5.5574,5.73088e+16,5.40759e+16,37.0833,3.00656,5.06476,2.12604e+19,7.07649e+20,sim00843.iv
sim00844,46.8473,3.82707,5.86495,5.9615e+20,2.70855e+19,228.69,3.75216,5.42069,6.98736e+16,3.40939e+16,34.1657,2.88,5.14604,4.7931e+19,6.10873e+20,sim00844.iv
sim00845,48.5946,3.86505,5.91157,8.50795e+20,1.79707e+19,272.267,3.61357,5.53941,4.74955e+16,9.0248e+16,28.2198,3.16944,5.02821,3.42787e+19,6.53904e+20,sim00845.iv
sim00846,25.4534,3.81879,5.93113,6.16584e+20,3.29126e+19,347.119,3.66319,5.40699,2.2854e+16,2.0739e+16,33.8985,3.09786,5.05929,1.58337e+19,8.20383e+20,sim00846.iv
sim00847,29.0354,3.91503,5.98676,6.45673e+20,3.04997e+19,322.954,3.73834,5.5503,7.95312e+16,5.85924e+16,36.0819,3.08756,5.13953,3.68023e+19,6.91067e+20,sim00847.iv
sim00848,44.8563,3.84724,5.83115,6.72581e+20,2.01532e+19,302.846,3.6462,5.5313,5.61901e+16,2.37205e+16,27.7519,3.00869,5.14662,2.59301e+19,6.16416e+20,sim00848.iv
sim00849,28.8523,3.81902,5.80503,9.86565e+20,1.38564e+19,227.484,3.77419,5.5327,4.92465e+16,6.84121e+16,48.0495,2.83975,5.04874,4.4412e+19,8.9032e+20,sim00849.iv
sim00850,49.8277,3.86278,5.98898,6.71844e+20,3.86037e+19,333.584,3.63416,5.44113,6.22863e+16,8.59442e+16,22.3685,3.14035,5.06862,2.62491e+19,6.69931e+20,sim00850.iv
sim00851,47.3444,3.82616,5.91485,5.74054e+20,4.71438e+19,321.71,3.64676,5.45956,4.43364e+16,4.64876e+16,44.5203,3.02581,5.08559,3.87778e+19,7.28932e+20,sim00851.iv
sim00852,23.8472,3.8215,5.86519,8.01435e+20,1.53937e+19,287.019,3.65392,5.53908,1.25436e+16,5.22121e+16,21.5679,2.9322,5.00312,2.8764e+19,8.83508e+20,sim00852.iv
sim00853,23.0066,3.94704,5.91684,7.52303e+20,3.39793e+19,257.026,3.74207,5.55593,8.00401e+16,3.42514e+16,39.6172,2.85924,5.09908,1.01052e+19,5.96793e+20,sim00853.iv
sim00854,38.952,3.97487,5.80981,7.79276e+20,3.5471e+19,340.535,3.73103,5.42061,2.3207e+16,6.72188e+16,26.4686,3.17132,5.18414,4.79462e+19,6.46476e+20,sim00854.iv
sim00855,41.5085,3.9326,5.80712,6.32783e+20,1.82707e+19,261.913,3.79061,5.56912,3.64082e+16,5.77028e+16,25.768,2.91097,5.013,3.57043e+19,8.2846e+20,sim00855.iv
sim00856,45.155,3.97431,5.83201,8.7152e+20,1.53883e+19,262.32,3.70311,5.40989,2.41087e+16,3.44004e+16,23.8263,3.17364,5.05766,3.00469e+19,9.98267e+20,sim00856.iv
sim00857,36.9993,3.8823,5.98596,6.11249e+20,1.718e+19,284.951,3.68546,5.5594,1.37809e+16,6.55953e+16,41.3204,3.18877,5.02915,1.98497e+19,9.66222e+20,sim00857.iv
sim00858,38.9189,3.80761,5.81547,8.9272e+20,3.2699e+19,289.158,3.77597,5.44822,2.44388e+16,6.52425e+16,46.4727,2.9061,5.13626,1.60952e+19,5.85954e+20,sim00858.iv
sim00859,47.0453,3.82359,5.80487,8.8747e+20,2.45004e+19,265.532,3.75997,5.43599,6.85294e+16,3.82175e+16,23.1281,3.075,5.06373,4.46642e+19,9.59518e+20,sim00859.iv
sim00860,45.4716,3.86447,5.84732,9.464e+20,2.81179e+19,309.084,3.76543,5.45554,2.07188e+16,6.62345e+16,37.7058,2.90808,5.11694,4.16143e+19,6.75005e+20,sim00860.iv
sim00861,27.2695,3.945,5.95717,9.77145e+20,1.59034e+19,334.497,3.75302,5.54038,3.81748e+16,1.19974e+16,35.2265,2.91431,5.05796,4.70855e+19,5.76484e+20,sim00861.iv
sim00862,48.027,3.90076,5.96766,6.41794e+20,3.53568e+19,287.922,3.78483,5.43586,2.84113e+16,9.54068e+16,22.9389,3.05387,5.01211,1.30796e+19,7.98574e+20,sim00862.iv
sim00863,36.541,3.91461,5.89473,8.7118e+20,4.96875e+19,248.609,3.66469,5.46461,7.86942e+16,4.13214e+16,40.3021,2.97836,5.12156,4.31606e+19,7.57029e+20,sim00863.iv
sim00864,34.2552,3.85339,5.90318,6.31206e+20,4.37428e+19,264.441,3.62582,5.44799,5.81123e+16,9.24659e+16,29.0168,2.90575,5.08131,4.87102e+19,9.2261e+20,sim00864.iv
sim00865,24.49,3.92275,5.95837,8.84005e+20,2.95538e+19,312.456,3.71672,5.44029,1.50448e+16,4.3255e+16,21.8582,2.95801,5.16578,4.37718e+19,5.17037e+20,sim00865.iv
sim00866,22.0861,3.93397,5.9,5.74679e+20,4.22212e+19,240.309,3.61563,5.5499,6.47313e+16,4.54998e+16,40.7818,3.16455,5.00684,3.51072e+19,6.09084e+20,sim00866.iv
sim00867,34.2241,3.8848,5.878,5.95178e+20,4.2106e+19,263.133,3.77744,5.47093,8.55742e+16,5.9002e+16,31.5688,3.08161,5.15733,2.93076e+19,7.1271e+20,sim00867.iv
sim00868,37.3226,3.91703,5.8851,8.78831e+20,2.59889e+19,273.42,3.72106,5.59737,3.34617e+16,3.08758e+16,25.3066,3.07578,5.08982,2.55443e+19,6.02045e+20,sim00868.iv
sim00869,46.7342,3.88863,5.92154,5.56265e+20,1.43189e+19,219.43,3.67347,5.49458,3.2012e+16,4.1471e+16,20.1878,2.94044,5.02383,1.51354e+19,5.02253e+20,sim00869.iv
sim00870,40.8914,3.98626,5.92431,5.48101e+20,4.9586e+19,346.582,3.69365,5.42157,7.48665e+16,9.65321e+16,43.361,3.04968,5.12217,4.91167e+19,5.3656e+20,sim00870.iv
sim00871,24.4867,3.96616,5.82902,6.91648e+20,2.126e+19,244.082,3.60514,5.51325,4.61116e+16,5.96431e+16,29.1352,3.17658,5.11827,4.84483e+19,6.75003e+20,sim00871.iv
sim00872,20.0687,3.95625,5.96548,5.29352e+20,3.50148e+19,302.543,3.62915,5.5105,3.18879e+16,1.14807e+16,46.0073,2.99668,5.15634,3.89157e+19,9.96853e+20,sim00872.iv
sim00873,33.1386,3.88551,5.85635,8.12574e+20,2.94445e+19,312.027,3.6713,5.42617,8.76192e+16,8.45242e+16,30.53,3.07614,5.09848,4.04389e+19,6.95066e+20,sim00873.iv
sim00874,36.0692,3.81156,5.83498,8.90883e+20,2.52626e+19,214.915,3.63353,5.48232,7.46122e+16,4.27137e+16,42.3556,3.14322,5.06823,4.2015e+19,5.6344e+20,sim00874.iv
sim00875,32.4585,3.81951,5.81051,5.32264e+20,1.41901e+19,327.002,3.70874,5.58948,5.842e+16,6.6584e+16,25.5345,3.01623,5.07706,4.72574e+19,9.66961e+20,sim00875.iv
sim00876,25.955,3.92403,5.92764,7.81268e+20,1.49732e+19,301.562,3.75982,5.46905,5.63097e+16,2.04695e+16,47.9207,2.84382,5.04168,2.19391e+19,9.12895e+20,sim00876.iv
sim00877,41.0197,3.8014,5.83671,8.75076e+20,2.61534e+19,213.67,3.79278,5.43025,5.5942e+16,3.23484e+16,42.1241,3.11069,5.07944,3.6338e+19,9.54537e+20,sim00877.iv
sim00878,44.4443,3.88298,5.8883,9.43439e+20,1.13749e+19,213.194,3.64116,5.56552,2.37892e+16,3.56751e+16,38.8721,2.8737,5.06062,2.86765e+19,6.14055e+20,sim00878.iv
sim00879,49.7724,3.83269,5.96999,7.3505e+20,1.51649e+19,226.588,3.70006,5.4707,3.11142e+16,9.63045e+16,33.9014,3.17152,5.0328,1.73386e+19,7.98014e+20,sim00879.iv
sim00880,28.0963,3.83699,5.81894,5.38135e+20,4.01267e+19,249.503,3.79568,5.43662,4.19002e+16,4.37418e+16,35.0046,3.14825,5.16695,1.03983e+19,7.04628e+20,sim00880.iv
sim00881,44.8381,3.80004,5.90673,6.29738e+20,2.65107e+19,268.843,3.67835,5.57839,5.82817e+16,9.13372e+16,41.8023,2.94045,5.09871,2.55943e+19,9.14287e+20,sim00881.iv
sim00882,25.6279,3.98728,5.91608,8.05879e+20,3.06721e+19,287.63,3.73354,5.53101,2.92732e+16,6.24196e+16,30.6388,3.05481,5.10957,1.71872e+19,8.67367e+20,sim00882.iv
sim00883,33.7104,3.91029,5.93453,8.26436e+20,3.99572e+19,238.945,3.62208,5.53384,3.12386e+16,2.03144e+16,23.9371,2.92512,5.19836,1.62904e+19,6.49268e+20,sim00883.iv
sim00884,47.622,3.99266,5.84577,9.40226e+20,1.55567e+19,316.615,3.6026,5.48132,3.22602e+16,7.33607e+16,20.4817,2.98596,5.13935,1.18682e+19,9.487e+20,sim00884.iv
sim00885,30.8359,3.83305,5.84509,6.69453e+20,1.7935e+19,281.481,3.72659,5.48669,4.84329e+16,8.0353e+16,29.0305,3.04911,5.17858,1.88606e+19,8.0995e+20,sim00885.iv
sim00886,48.4392,3.90596,5.99538,6.55023e+20,3.25718e+19,253.545,3.60074,5.59946,3.16054e+16,9.75792e+16,39.591,3.16157,5.19344,3.27132e+19,9.99846e+20,sim00886.iv
sim00887,43.0199,3.90476,5.93099,5.97136e+20,1.04413e+19,245.951,3.68699,5.44561,5.62632e+16,6.9215e+16,39.6738,3.15751,5.19326,4.56278e+19,8.10087e+20,sim00887.iv
sim00888,26.1729,3.98869,5.83497,5.75714e+20,2.27028e+19,290.305,3.73629,5.40266,8.0022e+16,2.57518e+16,28.8945,2.92883,5.06649,4.04147e+19,5.20472e+20,sim00888.iv
sim00889,25.8955,3.80446,5.95566,9.91861e+20,3.63819e+19,292.619,3.78161,5.45099,1.59816e+16,5.58973e+16,27.8105,2.98043,5.09126,2.27533e+19,7.43162e+20,sim00889.iv
sim00890,31.4046,3.82261,5.97335,8.50637e+20,1.16524e+19,226.21,3.6193,5.41235,1.53151e+16,2.41401e+16,45.4361,3.13129,5.15663,3.45883e+19,8.61747e+20,sim00890.iv
sim00891,42.1544,3.97786,5.94647,8.6823e+20,4.21632e+19,287.89,3.64261,5.41691,4.77139e+16,1.82517e+16,25.0791,2.80954,5.06004,4.87999e+19,6.89466e+20,sim00891.iv
sim00892,27.2268,3.88069,5.86027,8.36938e+20,3.53787e+19,213.828,3.70226,5.40724,7.09627e+16,9.42227e+16,47.2246,2.88228,5.14853,4.17226e+19,9.32184e+20,sim00892.iv
sim00893,27.788,3.89017,5.8443,5.12155e+20,3.63605e+19,270.405,3.64962,5.56942,5.46113e+16,9.95192e+16,43.8007,3.14768,5.15467,1.4237e+19,5.32515e+20,sim00893.iv
sim00894,47.4524,3.82764,5.87825,8.04956e+20,1.84759e+19,241.54,3.69325,5.47218,7.08918e+16,1.67569e+16,34.6628,2.8697,5.12135,1.46485e+19,5.98816e+20,sim00894.iv
sim00895,44.1167,3.84703,5.94741,6.36531e+20,1.94011e+19,251.882,3.77619,5.47943,3.19384e+16,5.82976e+16,31.5692,3.11608,5.19809,3.1063e+19,7.25874e+20,sim00895.iv
sim00896,30.2911,3.99467,5.89666,5.88998e+20,4.87686e+19,344.523,3.68715,5.46964,7.12394e+16,8.46032e+16,34.956,2.93233,5.06028,2.30639e+19,5.59016e+20,sim00896.iv
sim00897,43.3586,3.82099,5.87966,9.17472e+20,2.61642e+19,251.267,3.78965,5.42531,8.96369e+16,1.55869e+16,32.4059,3.05269,5.07401,3.13843e+19,6.02001e+20,sim00897.iv
sim00898,37.071,3.82691,5.95922,7.91895e+20,2.92773e+19,217.653,3.69995,5.51271,3.39101e+16,7.09831e+16,22.303,2.88348,5.14751,1.58889e+19,6.22774e+20,sim00898.iv
sim00899,39.5257,3.94577,5.8103,5.63295e+20,2.78447e+19,292.991,3.69076,5.52941,7.80394e+16,9.54589e+16,30.4964,2.86524,5.05282,1.59266e+19,6.97123e+20,sim00899.iv
sim00900,46.177,3.86941,5.82976,7.61316e+20,4.96778e+19,236.345,3.75557,5.56467,4.61205e+16,6.57596e+16,32.9712,2.90493,5.08522,1.38116e+19,8.53478e+20,sim00900.iv
sim00901,44.8758,3.86148,5.9133,6.16074e+20,1.50984e+19,302.907,3.62682,5.5564,3.44579e+16,8.36662e+16,31.0551,2.94754,5.15011,3.04106e+19,6.00489e+20,sim00901.iv
sim00902,45.5123,3.86803,5.82056,7.08001e+20,3.29585e+19,295.384,3.76712,5.50828,3.01339e+16,3.355e+16,23.0252,3.09437,5.02119,3.42325e+19,7.98474e+20,sim00902.iv
sim00903,43.5651,3.81493,5.84058,9.54781e+20,3.28895e+19,274.077,3.74954,5.58051,3.36709e+16,9.11328e+16,23.2608,3.19107,5.03297,2.06495e+19,5.48297e+20,sim00903.iv
sim00904,44.1103,3.99685,5.8594,6.62806e+20,2.11592e+19,231.676,3.75749,5.41214,9.70997e+16,9.34584e+16,23.5532,3.01181,5.19857,4.41048e+19,8.57567e+20,sim00904.iv
sim00905,20.6738,3.81368,5.9588,6.88222e+20,3.67373e+19,313.485,3.68444,5.42868,4.48025e+16,8.83944e+16,29.9326,2.82506,5.19183,3.72271e+19,7.70428e+20,sim00905.iv
sim00906,44.8732,3.88223,5.99702,9.28787e+20,2.12218e+19,261.947,3.65515,5.53187,6.75399e+16,5.70255e+16,48.9752,2.98891,5.15674,3.63238e+19,7.59092e+20,sim00906.iv
sim00907,21.2629,3.9315,5.92852,5.62437e+20,4.18366e+19,275.379,3.66483,5.56479,4.09034e+16,6.59666e+16,38.5374,2.82112,5.08457,1.89111e+19,5.99785e+20,sim00907.iv
sim00908,39.6489,3.80228,5.99382,6.97696e+20,2.19521e+19,338.796,3.69733,5.52287,7.26266e+16,8.8427e+16,23.8923,2.83266,5.19874,1.03554e+19,8.54097e+20,sim00908.iv
sim00909,38.332,3.91051,5.95717,9.96236e+20,1.18754e+19,296.034,3.74336,5.46119,9.03575e+16,5.11294e+16,24.9344,3.14176,5.18859,1.39806e+19,8.7584e+20,sim00909.iv
sim00910,26.4504,3.80134,5.85212,9.27455e+20,1.56474e+19,228.294,3.74781,5.48127,2.33637e+16,3.07e+16,43.8381,3.04931,5.15219,1.39109e+19,7.29052e+20,sim00910.iv
sim00911,43.9132,3.85316,5.83384,6.90892e+20,2.33352e+19,235.966,3.79079,5.49662,6.47269e+16,2.08996e+16,38.3011,3.02213,5.18639,2.64927e+19,8.91031e+20,sim00911.iv
sim00912,29.1254,3.91579,5.98539,8.12536e+20,3.84463e+19,332.638,3.78508,5.44165,2.76254e+16,5.95429e+16,49.8655,2.99606,5.06618,3.14905e+19,5.32198e+20,sim00912.iv
sim00913,25.3162,3.82978,5.80558,8.61106e+20,2.3019e+19,233.595,3.70245,5.46469,4.53716e+16,3.83979e+16,20.1195,3.07533,5.02214,1.87657e+19,5.95159e+20,sim00913.iv
sim00914,29.941,3.83204,5.86939,6.21632e+20,1.24486e+19,331.879,3.66112,5.41906,5.69374e+16,2.10948e+16,43.1928,2.82463,5.09293,4.77531e+19,5.79485e+20,sim00914.iv
sim00915,26.0411,3.92009,5.99597,6.92918e+20,3.59458e+19,231.324,3.72828,5.45053,6.51959e+16,1.79795e+16,35.7491,2.89496,5.13634,3.99068e+19,9.24071e+20,sim00915.iv
sim00916,49.7719,3.89187,5.93412,5.09212e+20,4.62035e+19,296.204,3.68427,5.48686,7.82196e+16,8.50123e+16,44.2371,3.00423,5.07423,4.78216e+19,8.171e+20,sim00916.iv
sim00917,36.3096,3.91966,5.92597,8.56536e+20,3.21274e+19,332.55,3.77194,5.48845,2.51683e+16,6.1899e+16,38.6222,3.00935,5.17812,1.37208e+19,6.43709e+20,sim00917.iv
sim00918,45.9737,3.98788,5.88519,5.96322e+20,2.68132e+19,273.863,3.70391,5.45487,3.81365e+16,6.90029e+16,38.6538,3.06484,5.07546,2.34583e+19,6.75769e+20,sim00918.iv
sim00919,48.5353,3.87905,5.92123,7.61422e+20,4.50489e+19,261.676,3.68683,5.56856,2.44862e+16,6.34865e+16,31.9972,3.19432,5.14428,1.04223e+19,9.19737e+20,sim00919.iv
sim00920,41.0954,3.91219,5.84723,5.74658e+20,3.5136e+19,271.592,3.77232,5.45247,6.73768e+16,3.23959e+16,39.0895,2.81934,5.07834,1.69074e+19,8.02967e+20,sim00920.iv
sim00921,29.5018,3.95431,5.82292,7.78107e+20,3.37471e+19,213.095,3.6072,5.46165,6.48168e+16,9.66367e+16,22.7235,3.08127,5.13854,3.6779e+19,7.58074e+20,sim00921.iv
sim00922,49.0048,3.90036,5.96766,6.3126e+20,4.22523e+19,349.516,3.78202,5.46081,8.61542e+16,1.85731e+16,40.3312,2.93686,5.13173,2.649e+19,5.04517e+20,sim00922.iv
sim00923,26.9383,3.80848,5.88545,9.20036e+20,3.95199e+19,320.448,3.76144,5.47439,5.55423e+16,5.57606e+16,23.3963,3.03926,5.14404,3.44387e+19,8.72983e+20,sim00923.iv
sim00924,23.5667,3.95228,5.84163,9.38413e+20,1.97973e+19,278.879,3.69745,5.45377,4.25539e+16,2.67037e+16,37.103,3.16521,5.06332,3.03225e+19,9.3094e+20,sim00924.iv
sim00925,33.575,3.96625,5.88928,7.20121e+20,1.62896e+19,227.497,3.7223,5.56547,2.21866e+16,9.19085e+16,30.7664,2.9701,5.17889,4.58519e+19,7.62429e+20,sim00925.iv
sim00926,28.3029,3.83439,5.85432,8.90314e+20,2.29836e+19,307.239,3.63904,5.4957,4.16896e+16,5.53251e+16,37.0984,3.19637,5.17998,3.78347e+19,5.76872e+20,sim00926.iv
sim00927,47.5709,3.97852,5.97734,7.39508e+20,1.68283e+19,315.616,3.6777,5.46891,4.51704e+16,6.03164e+16,30.0056,3.07597,5.12954,3.03545e+19,5.26987e+20,sim00927.iv
sim00928,48.0963,3.88234,5.88989,7.28016e+20,2.46011e+19,304.442,3.60278,5.5747,1.92195e+16,9.99742e+16,38.8425,2.8265,5.11249,2.32523e+19,9.76522e+20,sim00928.iv
sim00929,42.6641,3.9014,5.88596,9.97934e+20,3.66954e+19,281.95,3.67959,5.46492,7.34877e+16,6.29097e+16,45.4455,3.02142,5.11647,2.90943e+19,8.8131e+20,sim00929.iv
sim00930,32.4498,3.97039,5.86541,8.46313e+20,4.57188e+19,317.67,3.66852,5.54127,2.86286e+16,1.52349e+16,43.7415,3.1232,5.00459,4.79118e+19,7.2295e+20,sim00930.iv
sim00931,47.1582,3.95763,5.98013,9.16688e+20,4.89598e+19,298.074,3.64545,5.47791,7.76691e+16,2.41272e+16,47.8953,2.88211,5.17519,2.9349e+19,9.2031e+20,sim00931.iv
sim00932,48.7489,3.88443,5.93932,6.13359e+20,4.20314e+19,324.79,3.65905,5.40483,4.88085e+16,2.53e+16,44.5565,2.90444,5.18874,4.88724e+19,9.54418e+20,sim00932.iv
sim00933,37.9884,3.85349,5.96145,8.50798e+20,4.90867e+19,262.815,3.61175,5.59968,8.54437e+16,2.99341e+16,41.7688,2.80028,5.11156,2.45135e+19,6.90667e+20,sim00933.iv
sim00934,27.3356,3.85497,5.89093,6.24073e+20,2.86576e+19,290.829,3.74222,5.53543,3.1779e+16,1.35271e+16,44.9805,3.14893,5.19578,4.83885e+19,8.16907e+20,sim00934.iv
sim00935,46.8282,3.8896,5.95747,9.77667e+20,4.18511e+19,268.207,3.67555,5.45831,4.30357e+16,8.38519e+16,41.045,2.89995,5.14231,2.51758e+19,7.78886e+20,sim00935.iv
sim00936,31.1111,3.90433,5.94596,8.65565e+20,4.01273e+19,264.745,3.7381,5.44774,5.29686e+16,6.24796e+16,40.5945,3.1648,5.06095,4.38114e+19,6.55562e+20,sim00936.iv
sim00937,36.5573,3.96562,5.94463,9.31435e+20,4.25952e+19,248.689,3.79859,5.5874,4.87157e+16,1.42489e+16,29.1049,3.13446,5.19017,4.32669e+19,6.98372e+20,sim00937.iv
sim00938,21.6961,3.90352,5.87528,5.61486e+20,1.42341e+19,231.425,3.64116,5.55076,4.43533e+16,4.93244e+16,37.9514,3.18405,5.15129,3.58285e+19,8.71916e+20,sim00938.iv
sim00939,41.5788,3.93805,5.89928,7.83424e+20,2.84597e+19,265.294,3.65415,5.47104,4.85677e+16,6.21441e+16,34.9963,2.84318,5.06799,2.50477e+19,8.53463e+20,sim00939.iv
sim00940,29.9868,3.80159,5.81687,7.48499e+20,1.75398e+19,279.247,3.71484,5.58669,6.90022e+16,1.27937e+16,31.4219,3.11738,5.05211,4.69989e+19,7.64505e+20,sim00940.iv
sim00941,22.7734,3.84833,5.98126,9.9573e+20,4.45206e+19,254.895,3.75376,5.44445,4.4607e+16,7.27451e+16,49.067,2.97568,5.09917,1.88067e+19,7.01611e+20,sim00941.iv
sim00942,21.8906,3.97172,5.80467,8.41762e+20,2.09289e+19,276.655,3.65631,5.48001,5.921e+16,6.76804e+16,48.2086,2.93288,5.11697,4.60689e+19,6.45116e+20,sim00942.iv
sim00943,45.9515,3.99151,5.9695,7.8493e+20,3.88846e+19,277.349,3.71945,5.59489,3.26009e+16,8.13292e+16,35.187,2.87075,5.12871,4.16971e+19,7.84378e+20,sim00943.iv
sim00944,45.123,3.87317,5.98275,8.2416e+20,4.21264e+19,248.218,3.68923,5.58192,1.45806e+16,4.63584e+16,43.4096,3.09753,5.17032,3.95756e+19,9.73546e+20,sim00944.iv
sim00945,34.9478,3.92486,5.96954,8.50845e+20,1.40823e+19,261.38,3.71052,5.55094,5.89211e+16,7.99794e+16,45.1283,2.90605,5.12322,3.22844e+19,6.13659e+20,sim00945.iv
sim00946,34.6963,3.90971,5.96347,7.30495e+20,1.32366e+19,278.221,3.76759,5.51425,3.86979e+16,9.28874e+16,24.6695,2.93075,5.08743,3.95191e+19,9.17873e+20,sim00946.iv
sim00947,21.7568,3.95841,5.94411,9.47326e+20,4.60177e+19,318.854,3.63804,5.46277,9.42688e+16,6.38356e+16,36.1628,3.16628,5.17484,3.90998e+19,9.41126e+20,sim00947.iv
sim00948,23.415,3.95151,5.99313,5.24488e+20,1.89218e+19,321.156,3.70401,5.41732,3.41162e+16,3.91654e+16,29.6319,3.15107,5.13241,3.93967e+19,5.06785e+20,sim00948.iv
sim00949,32.8254,3.86356,5.97039,9.76935e+20,2.69336e+19,346.228,3.60287,5.46514,7.97438e+16,4.2409e+16,47.6289,2.88739,5.15913,1.80681e+19,5.98552e+20,sim00949.iv
sim00950,33.3725,3.98899,5.91709,8.17516e+20,1.03893e+19,217.926,3.61339,5.56393,3.13167e+16,3.95954e+16,38.2986,3.03358,5.08211,1.0172e+19,7.24801e+20,sim00950.iv
sim00951,42.1665,3.84705,5.94167,5.07576e+20,4.63203e+19,343.005,3.60049,5.49156,4.7244e+16,8.57695e+16,36.2216,3.04455,5.0405,1.30826e+19,8.46166e+20,sim00951.iv
sim00952,38.6203,3.96647,5.96894,8.15518e+20,3.15345e+19,337.961,3.76025,5.57648,9.96257e+16,4.63155e+16,41.508,3.07523,5.03483,3.54619e+19,7.14045e+20,sim00952.iv
sim00953,33.5191,3.83603,5.94895,8.4897e+20,3.12916e+19,231.941,3.71137,5.42003,4.05435e+16,4.35122e+16,46.5028,2.96622,5.11969,4.49912e+19,7.1288e+20,sim00953.iv
sim00954,46.5111,3.82729,5.87297,5.47364e+20,3.24372e+19,344.019,3.73139,5.52522,3.50343e+16,9.37996e+16,34.146,2.9068,5.19754,2.6925e+19,6.85749e+20,sim00954.iv
sim00955,21.0488,3.83566,5.96184,7.41348e+20,4.8195e+19,221.744,3.72319,5.544,6.59065e+16,5.7689e+16,37.3489,3.07582,5.17265,2.34538e+19,7.29827e+20,sim00955.iv
sim00956,39.0773,3.86284,5.83576,9.83084e+20,1.77892e+19,242.583,3.72374,5.41547,1.30643e+16,1.57612e+16,23.6979,2.97168,5.16585,2.36789e+19,7.13766e+20,sim00956.iv
sim00957,38.0075,3.86043,5.88651,6.93156e+20,2.36753e+19,264.375,3.60222,5.57725,9.79612e+16,8.76247e+16,20.1723,3.10035,5.11462,1.3767e+19,9.6643e+20,sim00957.iv
sim00958,43.2865,3.82906,5.99281,5.63099e+20,2.81872e+19,232.257,3.63004,5.59356,6.14911e+16,3.33257e+16,43.292,3.1501,5.18352,4.73194e+19,9.52791e+20,sim00958.iv
sim00959,39.168,3.86849,5.98511,5.61248e+20,1.6752e+19,270.736,3.65673,5.52315,9.14772e+16,5.41928e+16,36.6161,2.96925,5.14151,1.40276e+19,5.24295e+20,sim00959.iv
sim00960,39.2402,3.90698,5.88147,6.66996e+20,1.20723e+19,305.278,3.68429,5.48905,9.041e+16,7.63793e+16,26.5833,3.06287,5.02645,1.77626e+19,8.57075e+20,sim00960.iv
sim00961,23.7767,3.85604,5.97961,8.69158e+20,4.71784e+19,333.457,3.66252,5.52648,4.40826e+16,7.27394e+16,30.4537,2.80053,5.01879,4.08405e+19,5.42003e+20,sim00961.iv
sim00962,37.9827,3.97156,5.94822,7.06719e+20,1.83442e+19,339.155,3.71328,5.48108,9.47852e+16,2.93516e+16,33.2685,2.84346,5.02498,2.59439e+19,8.4983e+20,sim00962.iv
sim00963,30.1668,3.93792,5.96104,9.38789e+20,1.17888e+19,318.322,3.62943,5.53965,4.34496e+16,7.37014e+16,26.4147,3.058,5.0251,1.67898e+19,8.07231e+20,sim00963.iv
sim00964,30.1031,3.94076,5.93703,8.10817e+20,3.92216e+19,321.151,3.78228,5.4161,6.14394e+16,7.73899e+16,26.5082,2.90545,5.05339,3.28933e+19,6.83085e+20,sim00964.iv
sim00965,39.9828,3.92205,5.93142,6.26159e+20,4.06949e+19,302.965,3.62613,5.44003,3.70869e+16,9.42437e+16,29.7905,2.80795,5.02833,1.12869e+19,7.0142e+20,sim00965.iv
sim00966,43.9146,3.89009,5.9678,5.23765e+20,2.87889e+19,320.191,3.73494,5.57057,3.46451e+16,5.50766e+16,40.3064,2.8674,5.16316,2.24588e+19,5.46654e+20,sim00966.iv
sim00967,42.971,3.941,5.97674,9.46037e+20,2.1141e+19,299.791,3.79982,5.44876,5.25589e+16,9.1915e+16,23.0924,3.1713,5.09763,4.57216e+19,8.10686e+20,sim00967.iv
sim00968,40.1431,3.9546,5.81343,8.13884e+20,4.69575e+19,343.857,3.79366,5.52917,6.69958e+16,5.97219e+16,38.2266,3.04485,5.00848,1.35549e+19,8.09708e+20,sim00968.iv
sim00969,29.4265,3.86029,5.83869,9.00535e+20,4.85731e+19,297.886,3.78908,5.57678,2.96134e+16,2.38173e+16,26.3476,2.83848,5.11658,2.1306e+19,9.56458e+20,sim00969.iv
sim00970,38.4022,3.87192,5.99693,9.76597e+20,4.11446e+19,320.836,3.79545,5.52009,8.92018e+16,1.58345e+16,36.6219,3.00101,5.00754,1.34781e+19,5.10919e+20,sim00970.iv
sim00971,28.8205,3.8107,5.88463,9.06373e+20,3.45532e+19,304.331,3.6063,5.56791,2.31571e+16,3.72386e+16,35.5038,3.172,5.19963,4.13064e+19,8.64657e+20,sim00971.iv
sim00972,35.8305,3.93313,5.82888,6.34598e+20,4.93857e+19,347.146,3.66459,5.44821,3.06566e+16,5.36378e+16,26.713,3.0594,5.01496,1.41471e+19,6.38467e+20,sim00972.iv
sim00973,43.3233,3.86466,5.89416,8.28311e+20,4.15416e+19,252.995,3.74619,5.45721,6.8002e+16,5.05792e+16,47.7988,3.19284,5.15482,4.66186e+19,5.68252e+20,sim00973.iv
sim00974,39.6339,3.83967,5.85539,7.61412e+20,3.96795e+19,311.009,3.77389,5.51185,9.33708e+16,8.991e+16,45.4717,2.89181,5.10629,3.94495e+19,9.88051e+20,sim00974.iv
sim00975,20.3494,3.86542,5.86847,6.44267e+20,4.2697e+19,216.31,3.67189,5.54234,4.66066e+16,2.29657e+16,38.3256,3.00904,5.19637,3.9941e+19,9.93088e+20,sim00975.iv
sim00976,25.5906,3.95232,5.91033,8.56255e+20,2.87021e+19,239.735,3.60915,5.56766,8.33328e+16,2.46286e+16,39.3554,3.09509,5.11152,2.26892e+19,9.40473e+20,sim00976.iv
sim00977,39.2732,3.94404,5.93042,8.60644e+20,1.58027e+19,339.163,3.65716,5.56731,9.04046e+16,6.86101e+16,37.949,2.84362,5.08724,3.44658e+19,5.40935e+20,sim00977.iv
sim00978,23.3439,3.9987,5.86645,6.74866e+20,2.00612e+19,300.443,3.69462,5.55809,5.61245e+16,1.13874e+16,34.4806,2.82207,5.16536,1.45463e+19,6.08477e+20,sim00978.iv
sim00979,33.799,3.83904,5.90784,7.30349e+20,4.81009e+19,222.372,3.71535,5.54408,2.14864e+16,6.72816e+16,45.9272,3.11502,5.18703,3.88234e+19,6.96993e+20,sim00979.iv
sim00980,47.6135,3.84507,5.91674,8.82829e+20,4.48912e+19,338.316,3.617,5.54521,2.83694e+16,8.01207e+16,41.0207,2.87254,5.16657,2.84716e+19,7.71928e+20,sim00980.iv
sim00981,49.1421,3.93133,5.91771,5.08381e+20,1.79686e+19,213.719,3.66666,5.4689,5.77297e+16,7.20792e+16,25.3804,3.04066,5.1834,1.74003e+19,8.29544e+20,sim00981.iv
sim00982,21.3677,3.90623,5.94831,5.17021e+20,2.33466e+19,332.914,3.6451,5.54457,6.51014e+16,2.47319e+16,42.2512,3.01283,5.02241,4.79749e+19,7.45981e+20,sim00982.iv
sim00983,42.3524,3.84354,5.82744,8.70653e+20,3.6953e+19,248.375,3.74926,5.501,4.13738e+16,8.08203e+16,38.5035,3.00291,5.15462,3.17931e+19,9.69267e+20,sim00983.iv
sim00984,44.5417,3.87164,5.89298,9.78667e+20,4.58082e+19,236.766,3.65486,5.47288,8.91864e+16,9.34676e+16,44.0702,2.91028,5.17741,1.13152e+19,7.11402e+20,sim00984.iv
sim00985,31.3289,3.90705,5.91213,6.12702e+20,1.81822e+19,322.499,3.61524,5.49866,2.72482e+16,3.87611e+16,28.3188,3.08341,5.0912,2.19777e+19,9.15676e+20,sim00985.iv
sim00986,22.5739,3.95327,5.84966,9.5901e+20,1.02224e+19,287.933,3.72445,5.51546,8.33514e+16,2.00948e+16,32.4667,3.14549,5.17775,2.99338e+19,7.78983e+20,sim00986.iv
sim00987,42.9173,3.95592,5.97762,9.21929e+20,2.65769e+19,300.965,3.69665,5.42359,8.39513e+16,6.41587e+16,21.7402,3.07075,5.05662,1.27706e+19,8.03294e+20,sim00987.iv
sim00988,41.9663,3.90346,5.80113,7.88441e+20,1.02644e+19,339.697,3.65346,5.5742,1.10898e+16,1.87495e+16,33.5422,3.10344,5.18851,3.08438e+19,6.7773e+20,sim00988.iv
sim00989,21.3366,3.91674,5.87601,9.54567e+20,2.92024e+19,317.163,3.76964,5.41966,4.96762e+16,9.04346e+16,32.7337,3.02606,5.17462,1.93037e+19,9.47291e+20,sim00989.iv
sim00990,31.9109,3.91861,5.86561,7.6356e+20,1.19714e+19,219.136,3.68294,5.46699,6.54213e+16,1.34119e+16,25.0301,2.88384,5.0881,1.98734e+19,5.68831e+20,sim00990.iv
sim00991,37.9272,3.94877,5.93705,6.3809e+20,4.41778e+19,295.655,3.72293,5.44257,3.17992e+16,5.27275e+16,27.1346,3.07523,5.06171,1.60766e+19,5.75807e+20,sim00991.iv
sim00992,23.8168,3.88795,5.80061,7.71186e+20,2.19321e+19,287.347,3.78709,5.57381,6.18787e+16,4.76263e+16,40.9509,3.16926,5.09791,1.39723e+19,8.83044e+20,sim00992.iv
sim00993,20.3144,3.95293,5.81698,5.53308e+20,4.12683e+19,306.533,3.71238,5.56412,8.66232e+16,5.11761e+16,49.889,2.94303,5.0343,4.38391e+19,7.07785e+20,sim00993.iv
sim00994,46.235,3.81223,5.82221,5.20136e+20,3.40804e+19,326.461,3.68053,5.41814,4.36122e+16,4.13242e+16,39.3042,3.06086,5.0206,2.68071e+19,8.21257e+20,sim00994.iv
sim00995,27.7658,3.88142,5.92274,7.01435e+20,1.12344e+19,241.166,3.75522,5.4497,8.3594e+16,5.20217e+16,34.1876,3.10821,5.07666,1.95392e+19,5.52516e+20,sim00995.iv
sim00996,40.1573,3.89399,5.96188,7.28837e+20,2.65924e+19,251.839,3.63989,5.56609,1.8569e+16,9.11915e+16,20.8073,3.0089,5.01167,4.11843e+19,6.05748e+20,sim00996.iv
sim00997,36.9777,3.98329,5.92985,5.8916e+20,4.18671e+19,271.807,3.60264,5.49735,8.31236e+16,4.86962e+16,42.7528,3.08221,5.09138,2.29313e+19,8.6327e+20,sim00997.iv
sim00998,31.0676,3.83402,5.86417,9.3842e+20,2.13356e+19,242.894,3.62668,5.41104,9.79023e+16,5.83099e+16,41.8893,3.10919,5.07046,4.19562e+19,9.80742e+20,sim00998.iv
sim00999,42.2529,3.94235,5.88645,9.2066e+20,1.35535e+19,314.956,3.6724,5.51319,9.03667e+16,6.44518e+16,20.7674,3.08904,5.1858,3.56805e+19,9.3071e+20,sim00999.iv
sim01000,44.7589,3.97226,5.86882,7.37082e+20,4.39213e+19,337.456,3.62937,5.43631,4.12147e+16,7.93268e+16,46.2494,3.0321,5.02265,2.21499e+19,9.28512e+20,sim01000.iv
