sim_id,L1_L,L1_E_c,L1_E_v,L1_N_D,L1_N_A,L2_L,L2_E_c,L2_E_v,L2_N_D,L2_N_A,L3_L,L3_E_c,L3_E_v,L3_N_D,L3_N_A,iv_file
sim07001,41.2928,3.96416,5.93687,8.2431e+20,4.14562e+19,275.681,3.62906,5.48505,3.88368e+16,1.67494e+16,42.0678,3.0248,5.1178,2.71073e+19,8.14455e+20,sim07001.iv
sim07002,38.5976,3.85605,5.82588,7.2431e+20,3.84234e+19,295.273,3.734,5.503,4.2615e+16,2.18673e+16,45.5945,2.8462,5.05601,1.36193e+19,7.94798e+20,sim07002.iv
sim07003,49.5246,3.84684,5.90486,9.63311e+20,3.45396e+19,222.474,3.78306,5.47269,9.64018e+16,2.31608e+16,47.266,3.17526,5.14431,3.84196e+19,9.64253e+20,sim07003.iv
sim07004,32.211,3.97152,5.93284,6.66151e+20,1.0817e+19,315.966,3.69614,5.56106,5.0028e+16,1.92129e+16,36.8153,3.05224,5.09157,1.64918e+19,5.52289e+20,sim07004.iv
sim07005,28.2951,3.93816,5.89831,7.58586e+20,2.65551e+19,312.549,3.77917,5.50562,9.5168e+16,3.25467e+16,40.7581,3.17278,5.19205,1.33821e+19,7.91967e+20,sim07005.iv
sim07006,23.1842,3.86061,5.9283,9.9162e+20,4.51533e+19,265.243,3.66556,5.51942,1.20641e+16,7.21421e+16,22.6295,2.81469,5.05038,2.0228e+19,8.76159e+20,sim07006.iv
sim07007,41.0824,3.8127,5.87887,8.30451e+20,1.62358e+19,291.49,3.69111,5.51071,9.50746e+16,6.28482e+16,48.2448,2.8274,5.17125,2.15469e+19,6.6798e+20,sim07007.iv
sim07008,24.7224,3.87427,5.90725,8.30865e+20,2.77253e+19,344.762,3.72232,5.45429,6.83506e+16,7.61958e+16,21.0816,3.09782,5.01156,3.02822e+19,5.01004e+20,sim07008.iv
sim07009,24.717,3.92093,5.87798,6.20143e+20,1.83838e+19,334.602,3.71532,5.56287,6.47751e+16,1.96322e+16,38.642,2.92099,5.1348,3.06876e+19,9.8061e+20,sim07009.iv
sim07010,34.7521,3.96986,5.8172,5.66129e+20,1.59204e+19,333.94,3.63528,5.5882,7.87088e+16,4.20139e+16,42.5766,2.99238,5.08187,4.50779e+19,5.67591e+20,sim07010.iv
sim07011,24.698,3.84507,5.93265,6.76128e+20,4.11879e+19,234.819,3.73865,5.59606,9.61606e+16,8.09749e+16,32.8192,2.82091,5.13215,1.01365e+19,8.88436e+20,sim07011.iv
sim07012,29.0726,3.97429,5.86051,8.00808e+20,1.05731e+19,333.735,3.76182,5.51309,1.86379e+16,7.12918e+16,44.2659,3.14781,5.12593,1.94445e+19,9.80446e+20,sim07012.iv
sim07013,36.4922,3.81718,5.99166,9.60819e+20,1.99386e+19,213.149,3.63945,5.51066,1.19585e+16,9.76125e+16,25.0016,3.17647,5.15107,4.93415e+19,5.33844e+20,sim07013.iv
sim07014,22.7829,3.98938,5.80573,6.05044e+20,1.83191e+19,283.597,3.76818,5.5419,3.48735e+16,5.57847e+16,43.7486,2.85012,5.0401,2.14152e+19,7.59491e+20,sim07014.iv
sim07015,49.2624,3.99498,5.96717,6.13039e+20,4.97812e+19,310.01,3.79835,5.59442,4.1578e+16,1.28377e+16,38.8477,3.17761,5.00811,3.26581e+19,5.82177e+20,sim07015.iv
sim07016,32.0651,3.93988,5.81364,9.84603e+20,1.45628e+19,262.471,3.68673,5.4381,2.5718e+16,1.98845e+16,42.0437,2.8443,5.14651,2.34742e+19,9.72439e+20,sim07016.iv
sim07017,40.3394,3.86328,5.92711,5.64524e+20,1.96967e+19,238.024,3.72748,5.41304,5.53986e+16,6.44617e+16,44.4659,2.83263,5.19318,3.40316e+19,6.22382e+20,sim07017.iv
sim07018,22.4991,3.92854,5.93017,5.64667e+20,2.24714e+19,223.803,3.77352,5.44839,5.09478e+16,6.77729e+16,25.7966,3.07651,5.1053,3.74925e+19,8.6804e+20,sim07018.iv
sim07019,27.1841,3.80171,5.83321,7.86916e+20,3.15627e+19,326.343,3.62729,5.41518,6.45552e+16,6.5547e+16,43.7302,2.92258,5.00464,4.64184e+19,6.72513e+20,sim07019.iv
sim07020,35.6352,3.83501,5.84248,9.97597e+20,1.51522e+19,326.057,3.73905,5.5564,2.39602e+16,6.17947e+16,20.4917,3.05674,5.04225,1.11125e+19,9.98112e+20,sim07020.iv
sim07021,22.1395,3.85809,5.87642,7.31682e+20,2.45573e+19,316.749,3.65104,5.43462,5.92662e+16,5.13451e+16,29.2616,2.88724,5.13461,4.79613e+19,5.39896e+20,sim07021.iv
sim07022,26.2401,3.97734,5.84432,6.76677e+20,3.33353e+19,210.584,3.60604,5.4393,8.3952e+16,1.39027e+16,40.2321,2.95971,5.0372,1.90737e+19,6.73652e+20,sim07022.iv
sim07023,37.6071,3.95719,5.90842,6.65077e+20,2.2597e+19,317.832,3.60674,5.43914,6.27415e+16,6.60173e+16,40.1587,2.86641,5.19947,4.62548e+19,8.28591e+20,sim07023.iv
sim07024,28.3684,3.95852,5.90574,8.79273e+20,2.43826e+19,286.085,3.61551,5.50907,1.35231e+16,3.21016e+16,45.6097,3.12632,5.08327,2.648e+19,5.84102e+20,sim07024.iv
sim07025,44.8921,3.83925,5.81424,8.26115e+20,4.62214e+19,334.593,3.78413,5.43318,9.52954e+16,1.75964e+16,43.528,3.06354,5.07315,3.99862e+19,6.57276e+20,sim07025.iv
sim07026,20.0012,3.85757,5.96696,6.52333e+20,2.32424e+19,272.578,3.69896,5.41976,8.62672e+16,2.66818e+16,29.3969,2.96351,5.0321,4.20576e+19,7.55931e+20,sim07026.iv
sim07027,38.7006,3.87539,5.96146,7.26045e+20,4.88955e+19,335.627,3.70828,5.5625,1.39239e+16,8.32314e+16,22.2221,2.9324,5.07716,1.16261e+19,7.05382e+20,sim07027.iv
sim07028,33.9469,3.95278,5.8433,5.81114e+20,4.10576e+19,219.595,3.72394,5.4901,6.3604e+16,8.65874e+16,42.5912,2.89781,5.15232,1.97474e+19,5.03368e+20,sim07028.iv
sim07029,28.7308,3.81173,5.98305,5.44203e+20,1.02773e+19,306.414,3.73912,5.56948,8.67496e+16,7.54326e+16,29.571,3.05139,5.1351,3.21461e+19,6.69109e+20,sim07029.iv
sim07030,23.068,3.81654,5.99026,7.97019e+20,2.64072e+19,258.559,3.6459,5.48015,8.59862e+16,7.12085e+16,21.4807,3.08605,5.11512,3.13592e+19,6.69148e+20,sim07030.iv
sim07031,49.9084,3.85862,5.98331,5.38899e+20,1.71248e+19,285.696,3.6315,5.57705,6.08012e+16,6.87498e+16,39.3691,3.03796,5.11782,4.7787e+19,7.84811e+20,sim07031.iv
sim07032,35.6744,3.82209,5.90387,7.87973e+20,2.42737e+19,291.239,3.75932,5.54877,8.89865e+16,6.72303e+16,22.5955,3.03995,5.03702,2.80663e+19,9.48983e+20,sim07032.iv
sim07033,22.4725,3.9529,5.87007,8.74935e+20,1.74508e+19,223.936,3.75696,5.52726,9.47488e+16,4.37258e+16,33.8319,3.06574,5.03184,1.01635e+19,9.03441e+20,sim07033.iv
sim07034,34.3596,3.99032,5.82156,5.94081e+20,1.21365e+19,341.917,3.76436,5.59499,9.45299e+16,2.90094e+16,46.5526,3.10003,5.06046,2.98063e+19,7.72086e+20,sim07034.iv
sim07035,28.055,3.86089,5.95832,6.75045e+20,2.54152e+19,341.757,3.77172,5.43155,2.20425e+16,3.40844e+16,40.6005,2.93908,5.09035,1.03347e+19,7.20232e+20,sim07035.iv
sim07036,28.296,3.86989,5.81094,7.47834e+20,3.46687e+19,266.844,3.61704,5.47848,3.66254e+16,4.55142e+16,43.0602,3.18308,5.12216,2.58205e+19,7.47287e+20,sim07036.iv
sim07037,45.8638,3.97029,5.96989,9.65362e+20,4.54418e+19,263.961,3.71643,5.49197,5.88957e+16,5.96601e+16,45.0298,3.13109,5.08664,3.02087e+19,7.7357e+20,sim07037.iv
sim07038,40.6515,3.90365,5.95641,6.70964e+20,3.46609e+19,342.674,3.67498,5.42725,7.70426e+16,7.714e+16,35.4163,2.8783,5.06981,4.30747e+19,8.7037e+20,sim07038.iv
sim07039,29.9229,3.84426,5.83958,6.88802e+20,2.04385e+19,278.918,3.62989,5.49601,6.10699e+16,1.23441e+16,31.9625,3.133,5.05824,4.57083e+19,5.34526e+20,sim07039.iv
sim07040,40.3748,3.8936,5.94879,7.6162e+20,1.74789e+19,327.557,3.77863,5.54602,4.47304e+16,2.78659e+16,22.7163,3.10512,5.04884,3.47123e+19,9.09616e+20,sim07040.iv
sim07041,34.5496,3.92735,5.85606,7.08041e+20,2.72011e+19,289.327,3.71369,5.48746,1.28588e+16,5.66232e+16,33.1385,3.066,5.0361,4.97925e+19,9.66035e+20,sim07041.iv
sim07042,42.4143,3.86827,5.91236,7.60517e+20,3.99201e+19,271.054,3.69809,5.55045,4.81372e+16,7.85399e+16,40.4784,3.03804,5.07507,4.00287e+19,8.32218e+20,sim07042.iv
sim07043,44.1973,3.87798,5.85323,5.14118e+20,3.16997e+19,316.31,3.72938,5.53752,3.81946e+16,9.70202e+16,20.6183,2.83718,5.15206,2.06753e+19,5.84972e+20,sim07043.iv
sim07044,30.6027,3.80237,5.91603,7.2205e+20,1.83445e+19,319.944,3.74612,5.53593,9.39421e+16,3.68202e+16,28.9456,3.10344,5.0408,4.81336e+19,6.21943e+20,sim07044.iv
sim07045,24.9419,3.88523,5.80574,8.30297e+20,4.04934e+19,260.413,3.66507,5.53623,5.54467e+16,5.23835e+16,33.3465,3.14604,5.00369,3.20558e+19,7.4456e+20,sim07045.iv
sim07046,28.2688,3.85429,5.89106,5.08991e+20,2.79833e+19,334.315,3.75301,5.45479,1.49727e+16,4.55623e+16,29.3117,2.83561,5.05619,4.89973e+19,9.87984e+20,sim07046.iv
sim07047,26.5534,3.85002,5.973,8.87602e+20,4.06818e+19,287.025,3.69529,5.41855,9.27586e+16,8.89308e+16,30.8692,2.87575,5.09251,4.92282e+19,7.27818e+20,sim07047.iv
sim07048,45.8279,3.9149,5.90021,8.57857e+20,4.80818e+19,316.324,3.78949,5.47921,1.75607e+16,2.13365e+16,25.9992,3.10447,5.05812,1.87264e+19,9.4577e+20,sim07048.iv
sim07049,46.6302,3.80887,5.92919,6.9142e+20,2.11655e+19,267.902,3.71819,5.574,6.03517e+16,8.55377e+16,24.6775,2.9159,5.16708,2.42426e+19,5.96745e+20,sim07049.iv
sim07050,45.5536,3.80423,5.93613,6.85796e+20,2.09181e+19,345.309,3.71425,5.57784,5.39386e+16,8.28075e+16,27.6323,2.95714,5.0721,2.4071e+19,7.59511e+20,sim07050.iv
sim07051,20.5066,3.92195,5.82312,6.26837e+20,3.29433e+19,342.535,3.76027,5.45603,9.92107e+16,1.48738e+16,20.6507,2.87776,5.07241,4.49543e+19,9.2061e+20,sim07051.iv
sim07052,36.2669,3.88449,5.81524,6.28482e+20,3.06683e+19,234.301,3.72796,5.56206,2.16414e+16,6.1101e+16,33.0079,2.99406,5.01484,3.6846e+19,8.30222e+20,sim07052.iv
sim07053,29.4573,3.88626,5.97142,7.1361e+20,4.89913e+19,340.029,3.79126,5.40127,8.87388e+16,6.15627e+16,21.7899,3.03513,5.15587,2.82106e+19,8.89235e+20,sim07053.iv
sim07054,45.3997,3.89036,5.91066,8.71301e+20,1.00212e+19,324.076,3.62026,5.53685,3.61069e+16,9.57595e+16,49.4553,2.86257,5.11726,1.08721e+19,9.76695e+20,sim07054.iv
sim07055,49.0581,3.8902,5.86639,8.14356e+20,4.1002e+19,340.436,3.68386,5.48084,5.5718e+16,2.81334e+16,20.3556,3.14763,5.08863,3.76101e+19,8.88097e+20,sim07055.iv
sim07056,31.8035,3.87735,5.99575,9.08644e+20,4.01103e+19,229.686,3.64775,5.59105,5.00085e+16,1.38314e+16,45.0515,2.81475,5.07345,2.4709e+19,6.57718e+20,sim07056.iv
sim07057,42.8641,3.82988,5.8305,7.26977e+20,4.84255e+19,217.767,3.76169,5.59263,1.07668e+16,3.00068e+16,21.6875,3.01887,5.19067,4.34662e+19,8.05564e+20,sim07057.iv
sim07058,48.2817,3.89238,5.99676,6.01842e+20,4.19385e+19,219.865,3.60078,5.49958,8.10509e+16,1.42488e+16,43.7909,3.17333,5.00812,1.32102e+19,9.09757e+20,sim07058.iv
sim07059,24.7261,3.83188,5.90549,8.0365e+20,2.15675e+19,284.682,3.63454,5.40539,1.64901e+16,4.65704e+16,25.4697,3.05474,5.10919,3.4141e+19,5.55479e+20,sim07059.iv
sim07060,47.3829,3.97296,5.87323,7.19062e+20,2.78275e+19,270.114,3.68223,5.49979,6.59993e+16,5.07512e+16,27.471,3.04134,5.06349,1.37711e+19,7.02142e+20,sim07060.iv
sim07061,37.7589,3.85178,5.99677,9.46111e+20,2.00112e+19,336.772,3.6446,5.56561,2.88548e+16,4.11983e+16,43.7967,3.01054,5.0324,4.64474e+19,7.46072e+20,sim07061.iv
sim07062,37.134,3.96827,5.87839,6.46914e+20,4.82802e+19,220.391,3.71135,5.47926,3.44276e+16,1.70966e+16,45.925,3.09001,5.09863,4.31103e+19,7.31016e+20,sim07062.iv
sim07063,49.0537,3.82993,5.99169,9.6353e+20,4.72242e+19,223.809,3.66773,5.55437,5.60909e+16,8.2496e+16,35.5736,2.87174,5.04573,4.58177e+19,6.88775e+20,sim07063.iv
sim07064,33.7897,3.96138,5.97065,6.66925e+20,1.55154e+19,225.288,3.77786,5.50986,4.41452e+16,4.64013e+16,41.4033,2.90604,5.13291,2.73013e+19,6.8603e+20,sim07064.iv
sim07065,36.3455,3.93684,5.90075,8.65661e+20,2.36565e+19,245.774,3.7064,5.47138,9.17051e+16,6.67897e+16,33.24,3.1387,5.1892,2.77846e+19,8.20799e+20,sim07065.iv
sim07066,30.388,3.89646,5.90957,6.3937e+20,4.23892e+19,234.126,3.76814,5.427,8.59404e+16,8.92078e+16,29.7229,3.13208,5.04362,2.7936e+19,7.96277e+20,sim07066.iv
sim07067,49.7603,3.87885,5.83524,9.67094e+20,2.32479e+19,322.271,3.79327,5.57179,3.05145e+16,1.22142e+16,47.4838,3.17023,5.05123,3.59415e+19,5.31559e+20,sim07067.iv
sim07068,37.4059,3.94402,5.85471,5.95391e+20,2.51424e+19,345.277,3.61482,5.45438,1.05252e+16,5.46353e+16,48.566,3.16618,5.12631,1.0288e+19,5.35596e+20,sim07068.iv
sim07069,29.1496,3.95881,5.89772,8.2154e+20,4.40008e+19,218.808,3.67693,5.50398,9.03917e+16,6.92037e+16,49.1315,2.95312,5.0661,1.52891e+19,6.84422e+20,sim07069.iv
sim07070,30.3856,3.88997,5.93626,5.19059e+20,4.82364e+19,232.191,3.79959,5.45996,2.83821e+16,7.52773e+16,26.286,3.03731,5.16286,3.90496e+19,9.32615e+20,sim07070.iv
sim07071,27.923,3.92407,5.88179,6.82491e+20,4.33185e+19,268.899,3.63679,5.59295,4.34397e+16,9.10362e+16,33.3466,2.98949,5.17843,4.30404e+19,5.91571e+20,sim07071.iv
sim07072,29.6833,3.88039,5.93877,7.94303e+20,3.26278e+19,305.122,3.62703,5.52336,4.86076e+16,9.82175e+16,39.5933,2.91088,5.19122,1.20689e+19,7.80819e+20,sim07072.iv
sim07073,42.2905,3.92109,5.97416,6.98226e+20,4.36031e+19,260.172,3.75558,5.5084,1.37437e+16,6.82798e+16,37.007,2.91092,5.1326,3.99845e+19,5.97227e+20,sim07073.iv
sim07074,42.2483,3.97881,5.97953,5.37428e+20,4.84542e+19,246.422,3.74742,5.48553,8.91161e+16,4.08431e+16,48.1779,3.00957,5.10647,3.34648e+19,6.67409e+20,sim07074.iv
sim07075,46.235,3.83127,5.91801,7.64414e+20,2.914e+19,292.875,3.6795,5.48327,9.05257e+16,6.45366e+16,41.491,2.92208,5.15928,4.73597e+19,6.24298e+20,sim07075.iv
sim07076,25.9449,3.83124,5.91596,6.14029e+20,2.43228e+19,329.038,3.62062,5.46664,7.5962e+16,2.06156e+16,20.6524,3.0308,5.05313,2.14793e+19,8.5618e+20,sim07076.iv
sim07077,43.9849,3.98717,5.86421,5.01694e+20,1.72665e+19,274.413,3.64564,5.51905,7.52523e+16,9.77885e+16,35.3373,2.97813,5.02544,4.54675e+19,5.90578e+20,sim07077.iv
sim07078,20.2197,3.84364,5.9532,8.68659e+20,1.24803e+19,218.111,3.76982,5.5401,5.53084e+16,3.84904e+16,27.0929,2.80766,5.17297,3.89669e+19,5.65893e+20,sim07078.iv
sim07079,38.4693,3.82121,5.84786,9.52537e+20,3.84719e+19,238.132,3.67482,5.56237,5.87138e+16,2.31409e+16,30.7148,3.17163,5.04,2.65644e+19,6.38887e+20,sim07079.iv
sim07080,44.405,3.95618,5.90841,5.21348e+20,3.71587e+19,286.408,3.70375,5.46977,2.65906e+16,1.14308e+16,35.7296,2.8122,5.13705,1.4509e+19,9.37762e+20,sim07080.iv
sim07081,28.5344,3.81713,5.92438,8.52951e+20,1.40758e+19,243.476,3.65608,5.52559,3.72904e+16,2.55444e+16,49.0372,2.93401,5.00912,3.45747e+19,6.26468e+20,sim07081.iv
sim07082,28.3532,3.90488,5.81117,7.15635e+20,3.93606e+19,302.617,3.76664,5.40845,5.08717e+16,7.64927e+16,32.1042,2.88941,5.00163,1.11241e+19,5.88171e+20,sim07082.iv
sim07083,47.2075,3.91501,5.86013,8.45931e+20,3.03277e+19,308.526,3.65366,5.52768,9.34919e+16,7.64105e+16,26.8753,3.12403,5.03983,2.30054e+19,6.23388e+20,sim07083.iv
sim07084,48.6696,3.85203,5.92727,8.29431e+20,1.00147e+19,257.768,3.66434,5.50406,2.18049e+16,2.0378e+16,23.8636,2.92396,5.03832,1.50532e+19,7.81216e+20,sim07084.iv
sim07085,27.4231,3.8118,5.95295,5.41154e+20,4.4556e+19,247.185,3.79902,5.48918,6.5952e+16,3.81935e+16,21.2636,3.12987,5.0617,3.27332e+19,8.88627e+20,sim07085.iv
sim07086,22.8676,3.82828,5.87241,7.35613e+20,4.74125e+19,259.388,3.75978,5.45511,5.82593e+16,4.25075e+16,46.4421,2.96682,5.11287,4.44109e+19,9.54258e+20,sim07086.iv
sim07087,39.4063,3.87743,5.99054,9.49749e+20,2.37712e+19,287.15,3.65753,5.47204,6.61853e+16,4.93331e+16,27.8661,3.01213,5.05351,3.7581e+19,8.89522e+20,sim07087.iv
sim07088,34.6352,3.88043,5.93435,6.96466e+20,4.97025e+19,325.903,3.70234,5.49817,5.64308e+16,5.60274e+16,22.9571,2.96194,5.05098,2.64162e+19,6.48243e+20,sim07088.iv
sim07089,47.4188,3.82928,5.97206,7.61691e+20,3.93831e+19,329.291,3.66209,5.43226,9.10422e+16,3.17452e+16,27.2801,2.9838,5.02627,2.3622e+19,7.68178e+20,sim07089.iv
sim07090,45.7607,3.81375,5.98257,7.37525e+20,4.2988e+19,332.242,3.70401,5.57522,2.39207e+16,8.90746e+16,45.6161,3.02447,5.12818,3.96784e+19,9.97052e+20,sim07090.iv
sim07091,32.5342,3.89247,5.86662,5.97235e+20,2.11114e+19,304.565,3.60801,5.54118,9.53129e+16,3.18113e+16,28.0652,3.15906,5.19205,3.98856e+19,6.10868e+20,sim07091.iv
sim07092,35.0162,3.9683,5.92008,6.11404e+20,1.13766e+19,265.33,3.75983,5.4063,4.24867e+16,8.15397e+16,41.6113,2.80613,5.13106,1.15381e+19,9.11666e+20,sim07092.iv
sim07093,20.1804,3.81436,5.88869,5.39467e+20,3.99463e+19,314.452,3.60373,5.49584,3.19665e+16,6.52055e+16,23.1624,3.15611,5.12327,4.95884e+19,5.64832e+20,sim07093.iv
sim07094,21.827,3.84127,5.99355,8.31853e+20,1.08683e+19,333.247,3.71874,5.4377,4.52143e+16,7.52993e+16,37.8457,2.86845,5.00942,1.99953e+19,8.33133e+20,sim07094.iv
sim07095,26.9582,3.85585,5.95842,9.90089e+20,1.3345e+19,322.398,3.70778,5.4964,3.15246e+16,9.99749e+16,26.6771,3.19477,5.14154,4.37454e+19,6.70712e+20,sim07095.iv
sim07096,33.6107,3.96733,5.98267,6.63216e+20,2.63807e+19,218.805,3.74516,5.54994,7.63487e+16,1.98794e+16,20.7375,3.08747,5.03691,3.16955e+19,7.08078e+20,sim07096.iv
sim07097,34.1804,3.93907,5.97903,7.9232e+20,3.9482e+19,347.714,3.68026,5.53948,6.25596e+16,1.51835e+16,25.6522,2.98507,5.07986,1.23928e+19,9.10183e+20,sim07097.iv
sim07098,26.014,3.85972,5.90505,5.13365e+20,1.31225e+19,310.233,3.67677,5.51959,5.31104e+16,6.52922e+16,41.8441,2.80836,5.15271,4.48293e+19,8.69459e+20,sim07098.iv
sim07099,31.3734,3.83426,5.98431,6.88683e+20,3.50548e+19,334.759,3.63447,5.43177,1.17197e+16,9.75299e+16,39.9596,3.14304,5.12254,3.9998e+19,8.73267e+20,sim07099.iv
sim07100,23.2108,3.82472,5.8388,5.56886e+20,1.65257e+19,323.865,3.69938,5.43444,9.25055e+16,5.14071e+16,47.9044,2.85712,5.00454,4.46148e+19,6.50599e+20,sim07100.iv
sim07101,36.268,3.87348,5.98969,5.27203e+20,2.38466e+19,286.697,3.79731,5.41866,1.1982e+16,7.9667e+16,29.0062,2.94666,5.16441,2.50953e+19,8.39721e+20,sim07101.iv
sim07102,27.0402,3.94408,5.9294,8.15726e+20,3.90628e+19,277.457,3.64001,5.50146,1.46096e+16,8.28401e+16,45.7814,2.8361,5.11265,2.26032e+19,6.71133e+20,sim07102.iv
sim07103,26.5351,3.87931,5.97357,8.12579e+20,4.99067e+19,265.641,3.74901,5.42752,4.09348e+16,6.14463e+16,36.5272,2.99448,5.18123,3.15255e+19,9.51331e+20,sim07103.iv
sim07104,20.0718,3.9709,5.82758,7.95296e+20,3.64095e+19,337.223,3.66079,5.44916,8.96248e+16,4.17659e+16,42.1064,2.82336,5.00904,4.1305e+19,5.10296e+20,sim07104.iv
sim07105,29.9382,3.836,5.92712,6.53654e+20,2.09269e+19,330.872,3.60412,5.44148,6.5067e+16,1.76958e+16,42.0825,3.12713,5.19026,4.31113e+19,8.90723e+20,sim07105.iv
sim07106,24.5345,3.80611,5.89835,8.72851e+20,1.32832e+19,339.951,3.71172,5.44986,8.1369e+16,2.33126e+16,20.51,2.91524,5.12558,3.81495e+19,6.53106e+20,sim07106.iv
sim07107,20.0083,3.91881,5.90093,7.31247e+20,3.32793e+19,261.954,3.78303,5.57769,5.98155e+16,3.80142e+16,26.2131,3.01536,5.14555,3.01933e+19,9.72133e+20,sim07107.iv
sim07108,28.9955,3.83948,5.92734,6.71047e+20,2.70538e+19,323.809,3.64863,5.51554,9.09243e+16,3.01944e+16,41.263,2.9874,5.07552,2.19256e+19,6.57306e+20,sim07108.iv
sim07109,41.0859,3.92661,5.80172,7.92486e+20,3.62701e+19,297.909,3.70793,5.43254,5.08651e+16,3.32465e+16,27.2776,3.03725,5.03297,2.46126e+19,8.65343e+20,sim07109.iv
sim07110,42.9821,3.97729,5.96208,5.75998e+20,2.03759e+19,270.134,3.76871,5.40248,7.98872e+16,8.61988e+16,37.0345,2.82085,5.11126,2.22634e+19,6.56066e+20,sim07110.iv
sim07111,31.2296,3.81043,5.84569,7.55516e+20,2.37201e+19,323.162,3.77139,5.4194,8.4544e+16,9.45634e+16,30.1117,2.94654,5.11591,2.35228e+19,9.90737e+20,sim07111.iv
sim07112,41.2098,3.80457,5.90324,5.88552e+20,3.24587e+19,316.325,3.68498,5.40774,4.62582e+16,3.82745e+16,27.3293,2.91157,5.03353,4.90725e+19,8.13779e+20,sim07112.iv
sim07113,22.1731,3.94898,5.85949,7.78095e+20,4.27556e+19,288.139,3.63546,5.58803,6.54023e+16,9.08142e+16,29.9778,2.97196,5.10761,1.12153e+19,7.75783e+20,sim07113.iv
sim07114,40.2112,3.87602,5.90449,8.7374e+20,4.89953e+19,228.532,3.78738,5.48441,3.6652e+16,6.54875e+16,32.3064,3.16493,5.16131,4.92788e+19,6.19974e+20,sim07114.iv
sim07115,22.4396,3.96734,5.97212,8.92373e+20,1.13071e+19,255.251,3.60409,5.48196,1.90517e+16,9.93806e+16,31.3393,2.95264,5.13434,4.63674e+19,5.06336e+20,sim07115.iv
sim07116,40.4673,3.8796,5.83571,5.35943e+20,4.21001e+19,330.661,3.73033,5.56299,4.64295e+16,1.21351e+16,46.5963,3.14169,5.08696,1.82461e+19,6.53714e+20,sim07116.iv
sim07117,31.9789,3.9763,5.81748,9.87934e+20,4.53934e+19,321.575,3.7727,5.49091,7.05729e+16,2.59674e+16,27.5876,3.04375,5.0867,4.68269e+19,6.47954e+20,sim07117.iv
sim07118,23.503,3.94446,5.83667,6.33224e+20,3.91655e+19,238.18,3.70325,5.4781,6.61857e+16,9.06308e+16,23.52,3.11027,5.19152,1.69629e+19,6.64429e+20,sim07118.iv
sim07119,41.3098,3.93882,5.97805,9.41219e+20,4.95233e+19,262.371,3.79028,5.40915,5.01977e+16,3.81845e+16,21.3347,3.13074,5.05081,3.91013e+19,5.54351e+20,sim07119.iv
sim07120,48.1284,3.97089,5.98132,8.50541e+20,1.76951e+19,278.94,3.67107,5.431,4.05507e+16,9.26277e+16,42.8767,3.0124,5.06666,3.11059e+19,9.95784e+20,sim07120.iv
sim07121,25.8376,3.84431,5.9635,7.59647e+20,3.50339e+19,271.979,3.60567,5.43318,6.72722e+16,4.67246e+16,21.8421,3.15631,5.13542,4.5181e+19,7.93662e+20,sim07121.iv
sim07122,41.6481,3.92471,5.82046,6.05043e+20,1.26027e+19,287.877,3.68165,5.4492,5.29135e+16,4.12223e+16,49.704,3.1222,5.19407,4.75563e+19,8.93786e+20,sim07122.iv
sim07123,28.1077,3.96836,5.9276,7.63531e+20,3.98468e+19,296.662,3.7173,5.52101,7.91235e+16,6.74634e+16,42.0886,3.06595,5.02811,3.68353e+19,9.99854e+20,sim07123.iv
sim07124,26.5634,3.90422,5.88813,7.25822e+20,4.00572e+19,240.793,3.78876,5.49558,7.85157e+16,2.87465e+16,45.6648,2.9732,5.08401,1.79817e+19,9.29711e+20,sim07124.iv
sim07125,46.5939,3.93416,5.93514,7.8955e+20,2.73524e+19,312.305,3.62544,5.49259,8.34283e+16,5.28168e+16,47.2868,3.08027,5.0652,3.09105e+19,7.67777e+20,sim07125.iv
sim07126,29.4942,3.94574,5.94448,8.5281e+20,3.2436e+19,324.733,3.67565,5.54427,7.39088e+16,3.58339e+16,40.1208,2.87394,5.06542,3.32101e+19,7.28446e+20,sim07126.iv
sim07127,38.6529,3.95761,5.93953,6.13563e+20,2.22521e+19,287.694,3.78635,5.40692,5.04159e+16,2.00393e+16,25.1933,3.07638,5.10961,3.40334e+19,5.69227e+20,sim07127.iv
sim07128,21.035,3.87073,5.94469,5.28172e+20,1.93706e+19,233.532,3.71563,5.57557,5.57117e+16,7.43519e+16,31.2943,3.19476,5.07569,1.08997e+19,9.28163e+20,sim07128.iv
sim07129,47.5412,3.90315,5.80696,6.51112e+20,3.0095e+19,237.3,3.7057,5.50418,1.33753e+16,2.01808e+16,32.2387,3.12235,5.10829,3.6747e+19,5.81644e+20,sim07129.iv
sim07130,29.5791,3.98588,5.94802,9.47395e+20,3.47327e+19,240.964,3.75583,5.50465,4.31764e+16,8.02103e+16,37.3432,2.95969,5.0702,1.80844e+19,6.33641e+20,sim07130.iv
sim07131,31.2142,3.96996,5.95356,6.48597e+20,4.97306e+19,324.624,3.76011,5.46067,4.19952e+16,8.37582e+16,24.4089,3.06297,5.09237,4.55355e+19,8.71353e+20,sim07131.iv
sim07132,38.7551,3.97759,5.97498,9.72285e+20,1.54423e+19,280.265,3.74205,5.49481,7.71408e+16,4.8958e+16,23.8006,3.01076,5.01222,4.33797e+19,5.25016e+20,sim07132.iv
sim07133,47.8665,3.84275,5.93032,9.20315e+20,4.60675e+19,275.752,3.61618,5.51972,5.83458e+16,2.43552e+16,27.6763,3.14186,5.10738,2.58909e+19,8.89593e+20,sim07133.iv
sim07134,39.0003,3.85309,5.92446,6.82303e+20,4.14012e+19,290.343,3.60402,5.45753,7.47545e+16,3.92705e+16,26.5663,3.1201,5.19577,1.20697e+19,5.54987e+20,sim07134.iv
sim07135,24.8357,3.82181,5.8279,5.06655e+20,2.02915e+19,252.017,3.69257,5.4495,3.63899e+16,1.5012e+16,47.5307,2.84672,5.045,2.05679e+19,9.24288e+20,sim07135.iv
sim07136,34.0058,3.86791,5.86237,7.57797e+20,1.41449e+19,338.608,3.67968,5.47091,6.7961e+16,3.12802e+16,38.1189,3.11315,5.14671,2.96632e+19,6.80539e+20,sim07136.iv
sim07137,37.6826,3.95134,5.85557,5.66606e+20,3.61363e+19,233.462,3.67363,5.44055,5.11753e+16,6.48515e+16,33.216,2.85316,5.01097,2.04308e+19,6.03636e+20,sim07137.iv
sim07138,42.583,3.85721,5.87191,6.97126e+20,3.81001e+19,278.447,3.64,5.43561,3.81205e+16,4.86584e+16,30.9366,3.03485,5.14374,4.0021e+19,6.98333e+20,sim07138.iv
sim07139,33.7616,3.99054,5.92411,8.01094e+20,3.31909e+19,217.504,3.62027,5.45522,8.4991e+16,5.13845e+16,40.2238,2.86873,5.09774,4.26807e+19,9.82306e+20,sim07139.iv
sim07140,21.0903,3.86775,5.86178,7.14884e+20,4.03454e+19,217.385,3.78665,5.57085,1.65128e+16,4.03226e+16,35.2223,3.02887,5.12823,3.01226e+19,8.98498e+20,sim07140.iv
sim07141,48.2778,3.8799,5.91408,9.33144e+20,4.16473e+19,246.47,3.60695,5.525,4.70713e+16,1.18752e+16,20.4175,3.16312,5.01821,4.27234e+19,8.7023e+20,sim07141.iv
sim07142,36.9408,3.95984,5.92336,7.62544e+20,1.23475e+19,230.529,3.74099,5.53774,7.15167e+16,7.18276e+16,36.8056,3.08221,5.09373,2.635e+19,5.18096e+20,sim07142.iv
sim07143,42.7977,3.87426,5.97911,6.6783e+20,3.02586e+19,324.801,3.78558,5.567,8.15992e+16,3.15848e+16,21.7798,2.93284,5.04143,4.31173e+19,9.85909e+20,sim07143.iv
sim07144,22.175,3.9417,5.94327,5.3387e+20,3.97048e+19,347.784,3.64839,5.48794,3.66517e+16,7.64456e+16,40.6968,2.99105,5.07573,4.2434e+19,5.51191e+20,sim07144.iv
sim07145,47.1261,3.88288,5.91445,7.97874e+20,4.21686e+19,227.885,3.63859,5.50446,6.9441e+16,2.4859e+16,28.0587,2.93628,5.16002,2.53337e+19,9.66545e+20,sim07145.iv
sim07146,29.8313,3.82793,5.82015,8.51436e+20,3.76431e+19,311.296,3.67802,5.47347,1.05697e+16,4.34678e+16,22.2119,3.03532,5.01536,4.53891e+19,7.6208e+20,sim07146.iv
sim07147,44.7416,3.91608,5.92293,8.79479e+20,1.42715e+19,229.408,3.7817,5.43018,9.38058e+16,1.98577e+16,38.9628,3.12392,5.14666,4.12894e+19,6.81331e+20,sim07147.iv
sim07148,47.7238,3.90705,5.84006,9.53313e+20,4.33512e+19,296.586,3.68349,5.56605,8.03239e+16,5.72139e+16,27.3337,3.08966,5.16614,1.72752e+19,5.69388e+20,sim07148.iv
sim07149,42.9074,3.97227,5.86112,7.96056e+20,1.46566e+19,319.031,3.76176,5.4336,7.73508e+16,4.47979e+16,35.6231,3.16334,5.17221,2.71857e+19,9.18972e+20,sim07149.iv
sim07150,27.8722,3.8285,5.87629,7.46833e+20,3.21565e+19,235.379,3.6949,5.43723,4.30089e+16,6.30432e+16,30.8087,2.80318,5.13565,3.01193e+19,5.67633e+20,sim07150.iv
sim07151,22.5155,3.87725,5.98789,6.83239e+20,4.9122e+19,311.248,3.79484,5.57141,8.33042e+16,2.58381e+16,29.3944,3.07194,5.06609,3.33052e+19,5.47586e+20,sim07151.iv
sim07152,34.7257,3.94879,5.954,6.92993e+20,3.90424e+19,288.33,3.6684,5.41274,1.47404e+16,2.38801e+16,43.8522,2.84388,5.094,1.39127e+19,8.51981e+20,sim07152.iv
sim07153,22.3148,3.9246,5.93383,5.88753e+20,1.88307e+19,345.232,3.62356,5.56196,7.34557e+16,2.90583e+16,46.2589,2.82811,5.11078,1.6306e+19,7.77578e+20,sim07153.iv
sim07154,37.1899,3.80018,5.95897,5.91527e+20,1.43029e+19,318.273,3.63318,5.59484,9.13694e+16,1.79152e+16,36.5108,3.04034,5.01663,4.70066e+19,6.5615e+20,sim07154.iv
sim07155,22.1202,3.99184,5.84152,6.83047e+20,3.03188e+19,247.257,3.77181,5.50515,6.26913e+16,7.22405e+16,48.4247,3.10143,5.03767,4.02474e+19,7.8033e+20,sim07155.iv
sim07156,46.9076,3.99011,5.98829,8.18335e+20,3.90508e+19,266.29,3.76615,5.40493,5.37919e+16,8.85445e+16,48.3975,3.14174,5.00318,3.70528e+19,7.99677e+20,sim07156.iv
sim07157,20.2316,3.85844,5.81206,7.67426e+20,3.65892e+19,309.441,3.62071,5.50172,4.53124e+16,5.64459e+16,45.1991,3.17837,5.01064,2.08787e+19,9.61312e+20,sim07157.iv
sim07158,38.9234,3.94264,5.88349,5.61115e+20,2.53414e+19,217.404,3.62701,5.5119,5.39752e+16,4.24267e+16,38.3462,3.04375,5.14044,2.49236e+19,8.52006e+20,sim07158.iv
sim07159,44.1199,3.98943,5.82138,8.65135e+20,1.47918e+19,267.038,3.69137,5.41289,4.90536e+16,3.43467e+16,29.5736,3.02108,5.13531,4.51294e+19,8.64915e+20,sim07159.iv
sim07160,43.2989,3.95183,5.81865,6.81403e+20,3.24568e+19,266.447,3.76518,5.50459,1.53491e+16,2.51707e+16,43.8717,3.14732,5.19931,4.07783e+19,8.86757e+20,sim07160.iv
sim07161,30.2913,3.93793,5.89116,8.90707e+20,1.11087e+19,296.223,3.65896,5.5219,9.00344e+16,6.67219e+16,35.7145,2.9261,5.18585,1.4151e+19,5.95203e+20,sim07161.iv
sim07162,47.3147,3.94916,5.80093,7.11469e+20,4.12436e+19,345.216,3.75908,5.47805,8.45172e+16,8.59456e+16,26.8479,3.17181,5.07253,2.00195e+19,9.68655e+20,sim07162.iv
sim07163,40.923,3.96968,5.88908,7.92577e+20,4.89369e+19,304.745,3.77508,5.58406,6.35554e+16,9.86013e+16,44.2241,2.92048,5.10969,3.00558e+19,6.87517e+20,sim07163.iv
sim07164,35.8576,3.95966,5.91988,9.54962e+20,3.39217e+19,265.624,3.75068,5.44245,5.93093e+16,8.41391e+16,46.7632,2.87243,5.17645,3.49701e+19,6.00358e+20,sim07164.iv
sim07165,20.3854,3.87367,5.8855,6.26516e+20,1.01968e+19,274.275,3.78599,5.58854,5.40556e+16,9.12409e+16,22.7403,3.13945,5.11165,1.27799e+19,5.32097e+20,sim07165.iv
sim07166,20.7802,3.86513,5.90845,8.89225e+20,3.39693e+19,279.665,3.64808,5.52131,9.77535e+16,9.44936e+16,31.8038,2.99493,5.08345,3.2648e+19,7.05406e+20,sim07166.iv
sim07167,26.6697,3.84061,5.96586,7.50353e+20,1.51226e+19,286.71,3.7367,5.43496,9.8947e+16,2.44876e+16,35.5789,2.81232,5.16406,1.46465e+19,8.55641e+20,sim07167.iv
sim07168,29.0273,3.90182,5.95405,9.77907e+20,1.67586e+19,327.598,3.64375,5.41183,8.59526e+16,3.78963e+16,44.632,3.15644,5.1244,2.40079e+19,5.71315e+20,sim07168.iv
sim07169,25.2465,3.92554,5.8983,8.35476e+20,1.28804e+19,246.482,3.63772,5.58485,3.23507e+16,1.44891e+16,23.0822,3.01011,5.00446,2.08902e+19,7.91537e+20,sim07169.iv
sim07170,22.7756,3.89905,5.95765,8.85262e+20,1.80105e+19,236.223,3.77119,5.54583,4.4551e+16,8.32103e+16,21.89,2.87581,5.12365,3.38353e+19,8.18271e+20,sim07170.iv
sim07171,41.236,3.87404,5.85108,8.11659e+20,4.86419e+19,270.463,3.61294,5.55431,4.73709e+16,2.87456e+16,22.5286,3.15126,5.18917,3.96521e+19,6.60729e+20,sim07171.iv
sim07172,40.2981,3.87024,5.83632,9.06995e+20,3.98186e+19,331.679,3.77568,5.55456,7.10299e+16,1.43542e+16,24.297,2.90471,5.0153,1.82914e+19,5.81558e+20,sim07172.iv
sim07173,49.707,3.95995,5.81145,5.28272e+20,3.91799e+19,243.819,3.78105,5.59208,7.40085e+16,3.81641e+16,45.1512,2.92283,5.10572,1.24484e+19,7.50596e+20,sim07173.iv
sim07174,28.3837,3.9547,5.92326,7.40394e+20,3.60539e+19,253.335,3.62098,5.47287,6.41685e+16,2.36257e+16,35.0871,3.11154,5.1859,2.34973e+19,7.70028e+20,sim07174.iv
sim07175,30.3865,3.92067,5.81382,5.27605e+20,3.29688e+19,258.7,3.68439,5.49713,4.9576e+16,2.32447e+16,47.8596,2.87197,5.07055,2.76755e+19,8.49846e+20,sim07175.iv
sim07176,23.1465,3.84939,5.96901,8.28001e+20,1.09975e+19,312.273,3.67181,5.55748,1.94867e+16,4.43131e+16,34.3516,3.16016,5.1899,2.71174e+19,7.66465e+20,sim07176.iv
sim07177,32.4975,3.85021,5.87026,9.17618e+20,4.46267e+19,325.185,3.60036,5.4709,7.11282e+16,9.81988e+16,20.9909,2.8142,5.03221,4.7703e+19,7.05626e+20,sim07177.iv
sim07178,30.3802,3.88726,5.82309,9.22302e+20,2.93607e+19,278.382,3.76054,5.43613,3.39242e+16,3.67151e+16,28.0539,2.93809,5.15218,4.37106e+19,5.4911e+20,sim07178.iv
sim07179,21.1959,3.84264,5.97877,6.18254e+20,4.26294e+19,223.204,3.63714,5.4839,6.63224e+16,5.25275e+16,26.2391,2.85762,5.06261,3.71475e+19,5.28668e+20,sim07179.iv
sim07180,49.8149,3.83808,5.93206,8.36247e+20,3.42992e+19,269.435,3.67142,5.40916,4.66262e+16,3.61748e+16,32.5805,3.06883,5.0697,3.11784e+19,9.75557e+20,sim07180.iv
sim07181,24.2396,3.97015,5.85446,7.36204e+20,1.728e+19,239.624,3.62399,5.47241,2.27295e+16,5.41319e+16,45.8641,3.14811,5.18197,2.89145e+19,5.21793e+20,sim07181.iv
sim07182,35.2943,3.88944,5.99761,7.34155e+20,3.90817e+19,347.595,3.73775,5.57252,9.70883e+16,8.59936e+16,41.961,2.94964,5.1295,4.97024e+19,6.6659e+20,sim07182.iv
sim07183,27.2294,3.95391,5.81329,8.52173e+20,3.46015e+19,293.846,3.67717,5.41012,6.5073e+16,3.46814e+16,34.9981,3.06207,5.04418,1.53915e+19,6.39434e+20,sim07183.iv
sim07184,38.9948,3.94554,5.81262,6.39846e+20,4.76567e+19,232.262,3.78177,5.40163,5.95445e+16,8.67059e+16,48.3224,2.97775,5.19302,4.90081e+19,6.16083e+20,sim07184.iv
sim07185,21.5155,3.94074,5.88414,8.35856e+20,1.10248e+19,225.775,3.71291,5.45613,4.78344e+16,5.06905e+16,39.0087,2.99453,5.15996,1.31811e+19,5.45977e+20,sim07185.iv
sim07186,36.3645,3.96893,5.96695,6.27683e+20,4.0696e+19,258.622,3.71244,5.41751,4.16319e+16,9.30303e+16,38.9703,2.93283,5.07336,1.18009e+19,6.18834e+20,sim07186.iv
sim07187,40.2485,3.83507,5.81926,7.76827e+20,2.94837e+19,216.327,3.79247,5.5532,6.80394e+16,5.49332e+16,38.8279,2.97514,5.04736,3.81488e+19,9.87578e+20,sim07187.iv
sim07188,34.228,3.99113,5.87171,6.41257e+20,4.66039e+19,298.052,3.69128,5.40753,5.9521e+16,4.21571e+16,43.5929,2.94263,5.18649,4.56419e+19,8.44706e+20,sim07188.iv
sim07189,36.2364,3.93076,5.92518,9.47846e+20,1.92931e+19,238.946,3.73505,5.59889,2.53707e+16,8.60708e+16,46.9624,3.05028,5.13043,3.80302e+19,8.55095e+20,sim07189.iv
sim07190,21.9279,3.99244,5.91016,6.54673e+20,2.72775e+19,260.099,3.68475,5.56421,5.73206e+16,2.18046e+16,33.7558,2.85832,5.00835,2.44015e+19,9.81394e+20,sim07190.iv
sim07191,26.2865,3.90308,5.84136,5.99445e+20,1.68172e+19,323.075,3.72867,5.48121,1.30919e+16,2.74192e+16,24.4137,3.19525,5.10268,1.13895e+19,9.41988e+20,sim07191.iv
sim07192,39.1422,3.98138,5.82752,6.23512e+20,4.59248e+19,268.257,3.72269,5.41672,9.60684e+16,9.0912e+16,38.2725,3.05587,5.09048,2.49214e+19,6.51565e+20,sim07192.iv
sim07193,27.2687,3.864,5.8836,9.13934e+20,1.2053e+19,281.748,3.65266,5.5142,6.51015e+16,5.20268e+16,23.7707,2.95764,5.03334,4.06761e+19,8.47609e+20,sim07193.iv
sim07194,42.3974,3.85058,5.96294,6.20327e+20,4.2286e+19,242.47,3.65309,5.51408,4.51848e+16,8.20669e+16,30.1378,3.12452,5.18044,3.4144e+19,7.8009e+20,sim07194.iv
sim07195,44.5556,3.91548,5.92005,8.14896e+20,1.98881e+19,227.968,3.63654,5.51815,3.08683e+16,9.9826e+16,24.3752,3.12014,5.14499,4.80815e+19,6.27573e+20,sim07195.iv
sim07196,44.4536,3.90495,5.8632,7.62435e+20,3.24571e+19,227.599,3.7391,5.43772,5.37809e+16,5.828e+16,21.6344,2.95419,5.12716,1.36453e+19,5.84548e+20,sim07196.iv
sim07197,48.8122,3.92393,5.96749,7.30257e+20,1.55054e+19,294.159,3.61455,5.42758,3.69101e+16,6.05486e+16,21.0488,2.95433,5.11765,2.99583e+19,7.74503e+20,sim07197.iv
sim07198,48.0892,3.99667,5.96811,8.00973e+20,2.32652e+19,291.657,3.74513,5.47911,5.634e+16,5.48757e+16,43.1745,2.84448,5.16771,2.59943e+19,7.92709e+20,sim07198.iv
sim07199,20.6914,3.88763,5.90878,8.63429e+20,2.91105e+19,289.168,3.73233,5.51637,7.81022e+16,7.91254e+16,34.3098,3.11374,5.07543,4.60302e+19,6.35912e+20,sim07199.iv
sim07200,24.6032,3.88913,5.81531,8.98068e+20,3.70197e+19,343.385,3.67304,5.45355,2.48667e+16,4.35005e+16,20.9095,3.18449,5.10908,2.19334e+19,7.56985e+20,sim07200.iv
sim07201,39.486,3.94655,5.86861,8.87136e+20,4.78115e+19,349.423,3.73285,5.43855,3.64369e+16,7.60884e+16,22.3861,3.13994,5.11657,4.19888e+19,8.29273e+20,sim07201.iv
sim07202,20.1325,3.90703,5.8397,5.5761e+20,3.28133e+19,288.801,3.6675,5.46727,1.86671e+16,9.56775e+16,45.308,2.92141,5.16908,3.73989e+19,5.83314e+20,sim07202.iv
sim07203,26.5832,3.87673,5.93037,7.61598e+20,4.18586e+19,216.525,3.62808,5.52885,7.4161e+16,2.86903e+16,46.5862,3.08277,5.03442,3.83973e+19,6.14615e+20,sim07203.iv
sim07204,24.9371,3.98705,5.81494,6.39667e+20,2.35802e+19,298.114,3.78432,5.47995,7.22205e+16,4.45103e+16,45.294,3.13447,5.1362,2.26897e+19,5.8002e+20,sim07204.iv
sim07205,31.607,3.90623,5.86966,6.4058e+20,2.05993e+19,304.123,3.7676,5.50204,7.44583e+16,2.88713e+16,23.1555,2.91968,5.03198,1.4156e+19,7.86674e+20,sim07205.iv
sim07206,25.5515,3.9243,5.92322,5.00549e+20,4.63844e+19,223.769,3.60948,5.57814,2.99114e+16,5.61627e+16,37.059,2.8352,5.03213,2.49101e+19,7.29447e+20,sim07206.iv
sim07207,38.907,3.95759,5.9033,5.82956e+20,3.62584e+19,283.891,3.70741,5.55169,9.11317e+16,4.18052e+16,39.9962,3.11187,5.04909,3.30387e+19,9.69293e+20,sim07207.iv
sim07208,42.6295,3.80606,5.8842,6.69805e+20,4.53756e+19,271.104,3.62123,5.53249,9.63004e+16,6.22074e+16,24.0009,3.1449,5.05366,1.81906e+19,9.23583e+20,sim07208.iv
sim07209,42.3388,3.97362,5.93415,8.56007e+20,2.46676e+19,232.191,3.61923,5.44561,1.95071e+16,8.38929e+16,36.1811,2.98819,5.0757,3.97898e+19,5.28023e+20,sim07209.iv
sim07210,23.3118,3.98865,5.82504,6.033e+20,1.5425e+19,228.104,3.74351,5.56015,6.45152e+16,4.66487e+16,27.1203,2.84791,5.12589,3.82406e+19,9.50482e+20,sim07210.iv
sim07211,36.2212,3.85993,5.84751,8.26523e+20,1.06084e+19,300.501,3.78932,5.58894,6.08255e+16,5.18969e+16,28.0157,2.92211,5.06457,3.54478e+19,5.78619e+20,sim07211.iv
sim07212,23.2828,3.98349,5.84986,7.76134e+20,1.40178e+19,246.144,3.69674,5.47045,2.74921e+16,5.26037e+16,25.0232,2.87024,5.10075,2.33664e+19,8.06338e+20,sim07212.iv
sim07213,29.6316,3.87262,5.86286,8.11912e+20,2.24901e+19,323.233,3.70076,5.48187,1.56604e+16,7.07345e+16,43.8751,3.16146,5.06129,2.92672e+19,7.58987e+20,sim07213.iv
sim07214,32.8548,3.83273,5.96058,7.15611e+20,4.81027e+19,321.493,3.62006,5.55178,1.75949e+16,3.923e+16,35.0145,2.85609,5.19007,1.13999e+19,9.73855e+20,sim07214.iv
sim07215,22.2689,3.88093,5.84983,8.95359e+20,4.81497e+19,274.21,3.71177,5.57983,3.67961e+16,7.90695e+16,20.4343,2.85371,5.1259,2.75725e+19,6.01457e+20,sim07215.iv
sim07216,26.7174,3.8133,5.82786,8.95436e+20,4.88692e+19,229.337,3.67108,5.45702,8.10696e+16,8.94872e+16,24.5619,2.91857,5.15918,4.31566e+19,8.4692e+20,sim07216.iv
sim07217,35.1316,3.81659,5.96545,6.55554e+20,3.98953e+19,303.739,3.79149,5.45007,4.50232e+16,6.02147e+16,27.7412,3.19977,5.06607,3.76024e+19,5.0107e+20,sim07217.iv
sim07218,35.2862,3.80269,5.96238,7.11687e+20,3.13246e+19,284.995,3.62682,5.41744,6.55332e+16,4.44729e+16,29.523,3.17691,5.02123,2.06643e+19,7.31703e+20,sim07218.iv
sim07219,21.3057,3.90266,5.95279,8.67262e+20,3.15155e+19,345.434,3.60858,5.57831,4.27918e+16,5.9948e+16,24.3965,2.92944,5.0997,1.93088e+19,6.57969e+20,sim07219.iv
sim07220,24.7856,3.81598,5.90079,9.76179e+20,3.41319e+19,219.923,3.72225,5.43892,6.49038e+16,2.20755e+16,31.0914,3.03103,5.02032,3.76637e+19,6.47026e+20,sim07220.iv
sim07221,30.5719,3.94407,5.86295,5.0872e+20,1.33366e+19,334.735,3.731,5.51879,8.51046e+16,9.8211e+16,34.688,3.11513,5.02997,2.49455e+19,7.17309e+20,sim07221.iv
sim07222,30.6031,3.87435,5.87962,8.20073e+20,1.01073e+19,257.704,3.73619,5.51817,4.98529e+16,2.45314e+16,33.0341,3.07715,5.11412,1.94144e+19,7.2509e+20,sim07222.iv
sim07223,32.2942,3.81675,5.82323,5.97491e+20,4.67132e+19,309.719,3.64505,5.58681,7.50034e+16,7.17615e+16,49.2607,2.9774,5.10475,3.71862e+19,9.65635e+20,sim07223.iv
sim07224,46.2106,3.93514,5.97449,6.72906e+20,3.11931e+19,316.902,3.60539,5.55348,6.28847e+16,7.2689e+16,46.213,2.97991,5.05267,4.85442e+19,9.6101e+20,sim07224.iv
sim07225,31.0868,3.80803,5.87462,5.56054e+20,1.047e+19,276.229,3.6537,5.49498,5.73703e+16,6.37369e+16,25.2829,3.05307,5.15717,3.18977e+19,9.74708e+20,sim07225.iv
sim07226,35.1173,3.99899,5.90718,9.05747e+20,4.71113e+19,233.62,3.75571,5.56462,2.67201e+16,5.10831e+16,42.8932,2.84209,5.05498,1.65839e+19,6.37571e+20,sim07226.iv
sim07227,35.2648,3.83409,5.84512,6.01296e+20,4.62366e+19,263.873,3.68966,5.42325,6.18351e+16,2.69518e+16,36.7007,3.01716,5.10475,2.75145e+19,5.7569e+20,sim07227.iv
sim07228,30.5237,3.8747,5.94648,9.93911e+20,3.85878e+19,272.989,3.65778,5.43478,2.30236e+16,2.36359e+16,37.0311,3.00451,5.16701,2.7031e+19,6.66782e+20,sim07228.iv
sim07229,20.3647,3.84672,5.98035,5.80522e+20,1.5942e+19,278.244,3.69194,5.4417,3.10431e+16,8.85414e+16,48.794,2.90182,5.03113,1.13948e+19,9.85496e+20,sim07229.iv
sim07230,31.8161,3.9544,5.90074,7.21811e+20,4.97309e+19,247.702,3.75955,5.55369,5.06388e+16,7.88394e+16,43.5865,2.87243,5.0114,2.56513e+19,6.66105e+20,sim07230.iv
sim07231,34.2232,3.83777,5.85527,8.61029e+20,2.72926e+19,327.739,3.76265,5.40312,5.69357e+16,1.81364e+16,46.6475,2.85913,5.00348,1.81354e+19,7.58765e+20,sim07231.iv
sim07232,31.8855,3.86207,5.94446,7.59149e+20,1.29442e+19,313.084,3.67181,5.55485,8.76903e+16,4.15382e+16,42.1216,2.94162,5.05725,3.52305e+19,6.7499e+20,sim07232.iv
sim07233,26.5499,3.91643,5.82881,5.02943e+20,1.82415e+19,275.419,3.686,5.53573,9.6851e+16,2.96257e+16,20.5863,2.90582,5.07757,3.26971e+19,9.25045e+20,sim07233.iv
sim07234,31.3262,3.88059,5.84044,8.97069e+20,4.89409e+19,260.535,3.67987,5.41429,5.14263e+16,4.26547e+16,43.6929,2.89961,5.17561,4.75423e+19,6.3647e+20,sim07234.iv
sim07235,43.3572,3.83414,5.90413,9.92525e+20,3.18191e+19,265.78,3.6551,5.43517,9.54152e+16,4.82217e+16,40.9752,2.92264,5.19049,2.20797e+19,8.1722e+20,sim07235.iv
sim07236,26.9605,3.98488,5.87231,5.99551e+20,1.7573e+19,303.638,3.75268,5.45854,9.74361e+16,8.96149e+16,30.1773,2.84956,5.03432,4.4076e+19,6.26891e+20,sim07236.iv
sim07237,29.2344,3.87292,5.90935,8.70837e+20,1.95951e+19,274.662,3.68755,5.42293,6.13168e+16,2.30792e+16,23.1524,3.18616,5.06757,4.57862e+19,7.87466e+20,sim07237.iv
sim07238,43.5111,3.99517,5.96701,7.60553e+20,4.23736e+19,326.344,3.7067,5.4667,3.18949e+16,7.91036e+16,48.1691,2.90554,5.18619,3.581e+19,7.22361e+20,sim07238.iv
sim07239,21.4967,3.8153,5.94081,6.36305e+20,4.43702e+19,272.17,3.68155,5.49579,5.57534e+16,9.75484e+16,21.1251,3.13543,5.15553,2.82408e+19,8.96488e+20,sim07239.iv
sim07240,31.3305,3.83691,5.8018,7.7594e+20,3.51479e+19,232.65,3.61804,5.59711,2.13414e+16,2.22002e+16,28.1044,3.00107,5.00144,1.32964e+19,9.04882e+20,sim07240.iv
sim07241,47.7524,3.99515,5.88084,8.14677e+20,1.19268e+19,301.551,3.73952,5.51267,3.69947e+16,7.95937e+16,47.0646,2.89173,5.12751,2.02158e+19,6.57448e+20,sim07241.iv
sim07242,28.8289,3.88135,5.86403,6.46551e+20,3.42995e+19,331.026,3.61357,5.45857,4.09e+16,6.3567e+16,22.7856,2.82042,5.03176,2.1425e+19,6.48026e+20,sim07242.iv
sim07243,30.3425,3.99328,5.84493,7.11396e+20,3.46109e+19,265.275,3.68446,5.48393,9.5958e+16,1.98679e+16,30.7104,3.10425,5.19252,2.06214e+19,7.7553e+20,sim07243.iv
sim07244,22.9908,3.97251,5.86364,6.96012e+20,1.1785e+19,299.884,3.61368,5.49195,7.00553e+16,8.62284e+16,41.2657,2.87797,5.09317,1.8462e+19,7.28671e+20,sim07244.iv
sim07245,22.6924,3.98228,5.96675,7.56876e+20,3.20083e+19,284.275,3.73321,5.54829,8.21558e+16,3.63246e+16,30.8912,3.13583,5.02402,2.88032e+19,6.17251e+20,sim07245.iv
sim07246,30.3444,3.88225,5.94279,5.60541e+20,2.45833e+19,289.514,3.76186,5.52996,5.93243e+16,3.51362e+16,49.2763,3.09332,5.02143,1.87713e+19,8.18635e+20,sim07246.iv
sim07247,36.5395,3.91529,5.87687,9.72793e+20,1.69634e+19,238.253,3.66566,5.56442,9.35675e+16,3.95446e+16,26.3616,3.08542,5.15825,3.73245e+19,5.47188e+20,sim07247.iv
sim07248,32.2301,3.92911,5.80221,5.03569e+20,2.80498e+19,219.171,3.77664,5.48547,7.09091e+16,9.92199e+16,23.4314,3.13201,5.02793,4.77586e+19,8.56574e+20,sim07248.iv
sim07249,27.367,3.83342,5.91531,6.46215e+20,4.9318e+19,316.186,3.7748,5.41284,7.95659e+16,1.72961e+16,32.9491,2.94757,5.16585,4.82665e+19,7.34355e+20,sim07249.iv
sim07250,27.5788,3.93137,5.91246,8.98304e+20,1.97421e+19,285.435,3.69657,5.4458,5.79126e+16,8.71977e+16,40.4721,3.12096,5.1109,4.63546e+19,6.95358e+20,sim07250.iv
sim07251,37.8327,3.9168,5.83118,9.12543e+20,4.61801e+19,281.883,3.69532,5.51199,8.77111e+16,2.18131e+16,24.4774,2.92459,5.19951,2.45978e+19,8.13365e+20,sim07251.iv
sim07252,45.2002,3.91162,5.81728,8.36924e+20,2.7693e+19,291.728,3.73802,5.44496,1.5781e+16,9.31372e+16,42.3707,3.08121,5.11235,3.07536e+19,8.82202e+20,sim07252.iv
sim07253,21.072,3.94775,5.98672,8.97979e+20,4.86976e+19,276.418,3.77509,5.53833,8.62291e+16,1.47866e+16,20.0396,3.11066,5.10857,1.39655e+19,5.91585e+20,sim07253.iv
sim07254,24.6095,3.84309,5.99877,7.68266e+20,4.91239e+19,237.665,3.69415,5.50445,8.38114e+16,1.20767e+16,33.3354,2.89005,5.15895,2.77925e+19,5.00942e+20,sim07254.iv
sim07255,22.6025,3.83395,5.80406,6.61791e+20,4.62356e+19,299.793,3.64782,5.41925,3.40819e+16,8.14351e+16,25.412,3.09693,5.16405,3.81227e+19,7.63509e+20,sim07255.iv
sim07256,27.5113,3.92981,5.90785,5.05883e+20,4.91425e+19,315.969,3.6065,5.48102,6.45597e+16,8.82577e+16,38.6569,2.8789,5.13042,3.03358e+19,7.19284e+20,sim07256.iv
sim07257,38.5955,3.979,5.81338,6.98258e+20,3.21389e+19,285.691,3.76378,5.52162,1.62503e+16,4.68504e+16,36.0538,3.03198,5.06825,4.17337e+19,9.1125e+20,sim07257.iv
sim07258,43.4059,3.92637,5.88019,8.90459e+20,2.17064e+19,253.5,3.64182,5.59003,6.53654e+16,1.94105e+16,49.8233,3.17519,5.07131,2.49826e+19,5.4511e+20,sim07258.iv
sim07259,44.2292,3.8913,5.91392,7.99266e+20,4.5422e+19,342.544,3.72407,5.40153,6.34839e+16,5.64019e+16,22.49,2.89337,5.14193,1.85282e+19,8.88495e+20,sim07259.iv
sim07260,26.0877,3.9297,5.90357,9.24947e+20,4.13603e+19,215.624,3.63612,5.52979,9.6159e+16,2.26049e+16,30.9288,3.02305,5.19474,2.98459e+19,8.8192e+20,sim07260.iv
sim07261,33.6492,3.88255,5.93443,8.15432e+20,1.64336e+19,228.934,3.78762,5.52253,2.83529e+16,1.30269e+16,45.9729,3.12149,5.09572,4.65341e+19,6.129e+20,sim07261.iv
sim07262,49.2384,3.91281,5.8738,5.26201e+20,1.35984e+19,239.102,3.69374,5.40479,5.38334e+16,9.3914e+16,43.3273,3.1985,5.15388,2.76827e+19,6.38621e+20,sim07262.iv
sim07263,49.4886,3.91226,5.87355,9.11001e+20,4.38746e+19,279.869,3.68997,5.58062,3.92984e+16,8.97277e+16,44.7524,2.86983,5.02825,1.43343e+19,9.48478e+20,sim07263.iv
sim07264,40.2379,3.85442,5.9023,6.67245e+20,4.75009e+19,251.786,3.64001,5.49286,1.0086e+16,8.66407e+16,39.3425,3.07458,5.06403,3.12743e+19,6.21115e+20,sim07264.iv
sim07265,47.2969,3.92798,5.97369,5.08357e+20,2.86331e+19,291.022,3.68079,5.46883,7.08112e+16,9.9194e+16,25.5172,2.99035,5.0391,1.01958e+19,5.84847e+20,sim07265.iv
sim07266,23.2713,3.85307,5.88467,9.45762e+20,4.63231e+19,238.081,3.6165,5.58754,4.97557e+16,5.85259e+16,30.5198,3.18301,5.19019,4.76684e+19,8.47778e+20,sim07266.iv
sim07267,41.4914,3.84009,5.866,6.29924e+20,2.99207e+19,215.621,3.77404,5.59867,5.92021e+16,4.67597e+16,42.3273,2.99156,5.09533,4.07336e+19,5.08972e+20,sim07267.iv
sim07268,41.757,3.8314,5.8836,6.87648e+20,4.94912e+19,323.541,3.63495,5.42946,3.20786e+16,7.1358e+16,45.2396,2.9918,5.15421,1.90159e+19,9.14877e+20,sim07268.iv
sim07269,41.853,3.95323,5.82631,5.48173e+20,2.97116e+19,316.447,3.65839,5.43082,2.40296e+16,3.7268e+16,46.3848,2.95498,5.03074,2.4445e+19,6.73099e+20,sim07269.iv
sim07270,21.0915,3.85503,5.80847,6.125e+20,1.67567e+19,320.477,3.68722,5.44517,5.41788e+16,9.5442e+16,20.6058,2.96119,5.0795,2.28945e+19,7.58408e+20,sim07270.iv
sim07271,43.8076,3.96987,5.87431,8.20496e+20,1.72278e+19,307.807,3.76351,5.42184,6.47649e+16,2.60741e+16,44.8419,2.92074,5.02279,4.76203e+19,6.20882e+20,sim07271.iv
sim07272,34.8718,3.8228,5.99078,8.90807e+20,1.557e+19,316.469,3.60963,5.46631,8.39274e+16,4.33722e+16,26.5448,2.9632,5.12863,4.21539e+19,6.77948e+20,sim07272.iv
sim07273,22.8947,3.97833,5.92263,8.33646e+20,2.97004e+19,271.719,3.7067,5.43306,6.69549e+16,6.26125e+16,42.6673,3.18753,5.029,4.05209e+19,7.25383e+20,sim07273.iv
sim07274,37.1513,3.8287,5.95005,8.30294e+20,3.88301e+19,333.513,3.62015,5.50428,4.95799e+16,8.12582e+16,23.4302,3.13491,5.18648,3.69868e+19,5.57437e+20,sim07274.iv
sim07275,49.6345,3.88524,5.91162,5.92421e+20,3.81133e+19,262.028,3.65954,5.52969,3.63426e+16,6.5363e+16,37.4914,3.10009,5.09022,4.16424e+19,7.12531e+20,sim07275.iv
sim07276,31.7142,3.81015,5.90716,5.74548e+20,3.87728e+19,287.666,3.62913,5.47594,6.12787e+16,1.47428e+16,36.4272,3.18142,5.08562,4.95675e+19,8.37274e+20,sim07276.iv
sim07277,27.8735,3.86578,5.83971,5.25611e+20,2.17788e+19,222.809,3.67573,5.55787,2.20508e+16,9.1008e+16,36.2918,3.16431,5.06861,2.07368e+19,8.88332e+20,sim07277.iv
sim07278,45.9674,3.98098,5.99143,6.63432e+20,2.577e+19,335.245,3.79723,5.4824,5.6758e+16,5.24204e+16,43.8499,3.07945,5.01919,2.35346e+19,7.6179e+20,sim07278.iv
sim07279,41.9248,3.99097,5.82795,6.08209e+20,1.03846e+19,224.078,3.65969,5.43847,8.41715e+16,8.36509e+16,35.6077,2.86767,5.07473,1.40042e+19,6.32734e+20,sim07279.iv
sim07280,49.8443,3.91281,5.93678,8.77719e+20,1.66028e+19,334.88,3.79403,5.51886,4.35541e+16,9.08852e+16,37.5478,3.1773,5.10463,2.11718e+19,5.3334e+20,sim07280.iv
sim07281,24.63,3.8655,5.95409,7.15192e+20,3.70012e+19,310.577,3.6056,5.40619,8.26012e+16,7.73139e+16,40.238,2.90146,5.04815,1.06842e+19,6.32038e+20,sim07281.iv
sim07282,49.4788,3.8896,5.82405,7.76065e+20,3.45944e+19,253.119,3.62628,5.50155,8.28043e+16,5.00938e+16,39.2627,2.86961,5.04101,1.27177e+19,8.81379e+20,sim07282.iv
sim07283,33.4459,3.94578,5.98286,5.25789e+20,2.83856e+19,254.5,3.66,5.45878,6.21209e+16,7.58098e+16,46.2526,2.89609,5.17474,3.23557e+19,5.63173e+20,sim07283.iv
sim07284,26.0195,3.98651,5.91297,6.95317e+20,2.4632e+19,324.834,3.75517,5.40506,7.83225e+16,3.64195e+16,22.5609,3.06612,5.15637,4.64009e+19,9.13387e+20,sim07284.iv
sim07285,26.7055,3.86706,5.9678,7.59234e+20,2.59424e+19,233.811,3.61516,5.55747,3.2747e+16,7.30779e+16,34.3188,2.87091,5.02917,2.15627e+19,5.00739e+20,sim07285.iv
sim07286,44.7742,3.8452,5.98145,6.99158e+20,3.19351e+19,263.386,3.63689,5.45417,6.96786e+16,6.8544e+16,36.6253,2.87899,5.0443,1.00014e+19,9.74017e+20,sim07286.iv
sim07287,35.0507,3.88246,5.83919,8.5033e+20,1.30648e+19,250.192,3.65488,5.59602,6.23247e+16,7.26834e+16,43.7232,3.05268,5.05755,3.34853e+19,5.12434e+20,sim07287.iv
sim07288,31.7933,3.82487,5.80754,8.12158e+20,3.7149e+19,309.325,3.66373,5.44177,9.0194e+16,9.82747e+16,44.9466,3.18559,5.03746,4.18108e+19,5.66854e+20,sim07288.iv
sim07289,26.8682,3.81691,5.97191,5.14571e+20,1.38607e+19,258.818,3.78861,5.54315,3.13106e+16,3.89881e+16,27.9571,3.07237,5.19354,2.24374e+19,5.6477e+20,sim07289.iv
sim07290,40.9699,3.8954,5.93917,9.26513e+20,4.02565e+19,284.088,3.78318,5.45315,7.16427e+16,4.96871e+16,32.2734,3.03939,5.02856,1.38294e+19,6.78267e+20,sim07290.iv
sim07291,44.3158,3.91406,5.98323,6.89938e+20,2.41763e+19,304.205,3.75981,5.43924,3.33329e+16,2.77302e+16,29.2196,2.85123,5.18944,4.88406e+19,8.72712e+20,sim07291.iv
sim07292,40.6801,3.83904,5.83111,5.41386e+20,1.37727e+19,293.539,3.62797,5.58174,4.49543e+16,1.27475e+16,46.9462,3.15609,5.03148,4.17736e+19,6.02885e+20,sim07292.iv
sim07293,27.2601,3.85893,5.93566,6.51501e+20,1.52912e+19,241.823,3.60457,5.40838,9.86165e+16,4.1401e+16,41.3861,3.09959,5.0985,4.44505e+19,8.08373e+20,sim07293.iv
sim07294,47.1481,3.91999,5.8133,5.91148e+20,2.54729e+19,336.481,3.7795,5.47853,3.01752e+16,3.90742e+16,35.4577,2.9263,5.01369,4.6472e+19,8.30498e+20,sim07294.iv
sim07295,45.0946,3.8269,5.92511,7.29441e+20,4.04097e+19,331.023,3.62484,5.52722,5.13408e+16,5.23711e+16,32.1109,2.81479,5.06058,4.44081e+19,8.34888e+20,sim07295.iv
sim07296,44.2843,3.88477,5.97564,8.29008e+20,4.54489e+19,275.554,3.7364,5.4381,4.25835e+16,2.35428e+16,26.0231,2.96301,5.0806,4.40021e+19,7.38751e+20,sim07296.iv
sim07297,24.2326,3.99129,5.85942,6.08605e+20,4.98016e+19,290.159,3.63882,5.4803,3.35395e+16,4.69986e+16,35.2711,3.04038,5.05296,1.63105e+19,7.6542e+20,sim07297.iv
sim07298,38.4987,3.82789,5.90306,9.7757e+20,2.2451e+19,229.445,3.69255,5.48949,5.49068e+16,3.32298e+16,40.7411,2.87934,5.16191,1.39962e+19,9.99894e+20,sim07298.iv
sim07299,25.4564,3.98804,5.87838,7.01337e+20,4.47463e+19,213.261,3.65029,5.41652,9.74857e+16,6.60489e+16,34.357,2.95563,5.17375,1.08967e+19,7.11034e+20,sim07299.iv
sim07300,33.1258,3.81658,5.90489,8.48634e+20,3.68349e+19,322.273,3.66789,5.58513,9.89463e+16,3.54616e+16,46.7581,3.02058,5.12921,4.95833e+19,6.081e+20,sim07300.iv
sim07301,46.3464,3.91779,5.96842,9.27757e+20,1.35943e+19,268.285,3.72077,5.40763,2.27768e+16,5.41168e+16,33.9402,3.07125,5.13216,4.58849e+19,8.78372e+20,sim07301.iv
sim07302,29.7513,3.81965,5.88455,5.35014e+20,4.49063e+19,308.607,3.77229,5.40851,1.38077e+16,4.81673e+16,41.2446,3.02299,5.01064,2.71584e+19,7.37899e+20,sim07302.iv
sim07303,44.6514,3.92763,5.90618,8.44553e+20,3.33139e+19,283.093,3.79901,5.41735,8.77193e+16,5.14369e+16,36.2131,3.0827,5.09436,2.74779e+19,9.03266e+20,sim07303.iv
sim07304,36.2916,3.99621,5.98116,7.78746e+20,4.35665e+19,297.774,3.68765,5.45117,9.0274e+16,4.97804e+16,34.9486,2.85932,5.00239,2.34285e+19,6.57545e+20,sim07304.iv
sim07305,37.1306,3.93154,5.82061,8.26907e+20,2.91789e+19,241.192,3.74421,5.58793,5.1511e+16,7.82646e+16,49.9945,3.18508,5.08626,1.02235e+19,6.98855e+20,sim07305.iv
sim07306,37.0102,3.97892,5.969,9.21872e+20,1.42729e+19,309.412,3.73737,5.54267,3.22119e+16,8.43345e+16,28.3396,2.8721,5.19652,4.37957e+19,7.2764e+20,sim07306.iv
sim07307,33.8454,3.82503,5.97098,7.80223e+20,2.83115e+19,287.831,3.65988,5.50142,3.00512e+16,8.6807e+16,24.8942,3.05076,5.12396,2.1532e+19,9.8286e+20,sim07307.iv
sim07308,40.1642,3.91847,5.94995,8.86136e+20,1.01275e+19,282.686,3.76437,5.41624,5.77126e+16,8.61041e+16,42.1964,2.97965,5.04728,1.25705e+19,9.09858e+20,sim07308.iv
sim07309,49.2013,3.91568,5.98214,7.46589e+20,1.8618e+19,215.578,3.74184,5.49967,8.97627e+16,2.75729e+16,46.3427,3.11623,5.18945,4.30111e+19,7.00925e+20,sim07309.iv
sim07310,43.6608,3.92875,5.98485,8.8666e+20,2.83423e+19,340.467,3.70532,5.4522,1.28543e+16,4.37463e+16,48.1333,3.13394,5.1039,1.23224e+19,8.19748e+20,sim07310.iv
sim07311,46.0532,3.83752,5.88181,9.77063e+20,2.72872e+19,320.49,3.63639,5.50173,3.56013e+16,2.99759e+16,44.5556,3.19978,5.10372,2.51057e+19,9.16343e+20,sim07311.iv
sim07312,36.4516,3.90073,5.83205,7.22959e+20,4.29204e+19,268.217,3.63534,5.41224,7.81694e+16,6.45838e+16,29.1677,2.9557,5.06616,2.19919e+19,5.17297e+20,sim07312.iv
sim07313,33.4209,3.97197,5.99571,5.53075e+20,1.69669e+19,269.385,3.62708,5.52441,7.26198e+16,7.29309e+16,47.9713,2.86295,5.1568,3.47646e+19,8.74257e+20,sim07313.iv
sim07314,28.2475,3.83767,5.92703,6.39182e+20,4.45612e+19,349.926,3.76997,5.54633,9.13297e+16,8.90775e+16,42.655,3.02314,5.18449,2.07448e+19,7.48212e+20,sim07314.iv
sim07315,27.5712,3.88052,5.95213,7.16148e+20,1.36131e+19,228.46,3.63652,5.46627,2.93795e+16,5.68467e+16,28.2412,2.96649,5.11024,4.72977e+19,7.70207e+20,sim07315.iv
sim07316,37.2995,3.90649,5.95333,5.68715e+20,4.66531e+19,224.213,3.69047,5.53864,5.32265e+16,1.24606e+16,36.2037,3.00779,5.10019,1.29166e+19,7.04716e+20,sim07316.iv
sim07317,20.4856,3.83705,5.91905,6.28314e+20,1.37339e+19,282.755,3.65314,5.4666,1.56304e+16,5.35553e+16,40.1927,2.92681,5.09137,1.97666e+19,7.68724e+20,sim07317.iv
sim07318,29.0373,3.96311,5.84459,7.82964e+20,1.8673e+19,215.161,3.7729,5.54205,1.50044e+16,1.5935e+16,49.552,3.0887,5.01646,1.69055e+19,7.42571e+20,sim07318.iv
sim07319,32.091,3.97483,5.93113,9.91154e+20,2.11371e+19,250.009,3.73234,5.57849,8.83698e+16,5.60549e+16,30.7952,2.85341,5.14336,3.60914e+19,8.35033e+20,sim07319.iv
sim07320,24.4411,3.90771,5.96918,8.60621e+20,2.90045e+19,321.415,3.68434,5.52535,7.3776e+16,8.99254e+16,28.6617,3.08276,5.0435,3.02546e+19,7.52604e+20,sim07320.iv
sim07321,49.5353,3.8532,5.862,7.98206e+20,1.22109e+19,222.52,3.79481,5.43911,6.44929e+16,6.12594e+16,39.0203,2.9827,5.16256,1.36131e+19,8.9063e+20,sim07321.iv
sim07322,27.3692,3.91484,5.82691,5.48841e+20,3.39061e+19,225.718,3.64274,5.43505,7.31265e+16,8.13936e+16,26.347,3.08495,5.11901,1.89495e+19,9.27931e+20,sim07322.iv
sim07323,35.208,3.86936,5.91236,8.87957e+20,1.65191e+19,223.405,3.61163,5.4204,9.94024e+16,7.3237e+16,40.0305,3.02644,5.07182,1.75793e+19,5.23754e+20,sim07323.iv
sim07324,38.3906,3.86522,5.94239,8.45858e+20,4.81542e+19,237.26,3.79064,5.49932,7.89168e+16,1.0973e+16,41.383,2.9361,5.03265,2.97229e+19,6.85049e+20,sim07324.iv
sim07325,40.8763,3.84322,5.92323,7.64447e+20,3.07438e+19,299.585,3.76691,5.53773,3.69255e+16,1.82791e+16,39.3965,2.94999,5.12108,1.27868e+19,5.80486e+20,sim07325.iv
sim07326,23.4516,3.91422,5.99148,6.59338e+20,2.54723e+19,302.672,3.78581,5.42361,2.90347e+16,2.71653e+16,43.9123,3.18266,5.02327,4.15311e+19,6.37148e+20,sim07326.iv
sim07327,46.5043,3.91645,5.96945,8.86725e+20,2.11587e+19,293.698,3.72993,5.48215,1.36647e+16,6.36605e+16,30.9244,2.88783,5.01021,1.41599e+19,5.88273e+20,sim07327.iv
sim07328,21.1262,3.83304,5.86099,5.82327e+20,1.73793e+19,258.82,3.66225,5.55018,2.57774e+16,4.94932e+16,27.4088,3.0769,5.03976,3.00025e+19,9.93805e+20,sim07328.iv
sim07329,43.5428,3.82562,5.8789,8.13493e+20,4.26924e+19,254.735,3.78194,5.42198,2.76841e+16,5.32945e+16,49.5204,3.14724,5.15631,2.26104e+19,8.67649e+20,sim07329.iv
sim07330,22.5893,3.95078,5.94274,7.45797e+20,2.15781e+19,273.944,3.75656,5.59734,8.5396e+16,6.49066e+16,31.8665,3.0957,5.01304,4.01476e+19,6.67456e+20,sim07330.iv
sim07331,39.4765,3.95631,5.80057,9.65257e+20,2.39145e+19,263.433,3.62025,5.52947,4.79041e+16,9.50241e+16,29.4924,2.80024,5.097,4.19911e+19,6.00951e+20,sim07331.iv
sim07332,29.9089,3.9851,5.8352,9.75941e+20,3.40533e+19,311.029,3.78806,5.57125,2.10175e+16,2.08119e+16,43.1485,2.96817,5.10139,3.78235e+19,8.83952e+20,sim07332.iv
sim07333,48.9216,3.94658,5.99541,5.10936e+20,3.38692e+19,219.868,3.79424,5.48459,4.5516e+16,7.17904e+16,44.2443,2.83516,5.11544,4.63382e+19,8.32371e+20,sim07333.iv
sim07334,25.056,3.86398,5.81976,6.73367e+20,3.34581e+19,285.601,3.7075,5.57744,1.9081e+16,5.75669e+16,23.8684,2.84988,5.12718,1.24936e+19,6.26875e+20,sim07334.iv
sim07335,48.131,3.94638,5.97667,6.62597e+20,4.66303e+19,309.049,3.61138,5.52445,1.29488e+16,5.47743e+16,22.4958,2.80605,5.17776,3.9739e+19,6.19475e+20,sim07335.iv
sim07336,42.3509,3.80171,5.99316,6.79079e+20,3.77996e+19,262.511,3.7084,5.44398,9.25873e+16,7.19866e+16,22.1185,2.88817,5.01647,1.57333e+19,5.27789e+20,sim07336.iv
sim07337,49.253,3.932,5.91266,8.30884e+20,3.79849e+19,289.247,3.7585,5.5161,2.28933e+16,2.27992e+16,22.5774,2.87886,5.00834,2.72663e+19,5.99706e+20,sim07337.iv
sim07338,38.5915,3.99387,5.85655,5.39273e+20,3.40454e+19,252.813,3.67039,5.5982,4.1527e+16,3.97045e+16,26.1568,3.10401,5.11943,1.44785e+19,8.97258e+20,sim07338.iv
sim07339,45.2793,3.89906,5.82926,8.29048e+20,3.98859e+19,339.421,3.68128,5.47586,5.35042e+16,6.48525e+16,34.6117,3.08495,5.116,4.76395e+19,5.71137e+20,sim07339.iv
sim07340,31.9276,3.80125,5.96394,8.64139e+20,4.56703e+19,310.764,3.711,5.55082,4.48038e+16,3.91552e+16,48.3676,2.88982,5.03204,2.74074e+19,5.34137e+20,sim07340.iv
sim07341,32.9669,3.95254,5.86868,6.56628e+20,2.51027e+19,287.365,3.79372,5.4449,6.64549e+16,6.6672e+16,39.2862,3.12804,5.06128,1.57194e+19,7.34e+20,sim07341.iv
sim07342,47.3535,3.8903,5.89926,6.64356e+20,4.81209e+19,279.399,3.79595,5.50583,9.56368e+16,5.16316e+16,20.4932,2.94244,5.07005,4.32262e+19,9.2327e+20,sim07342.iv
sim07343,46.9267,3.84418,5.9449,7.373e+20,1.44131e+19,286.071,3.60393,5.53713,8.08689e+16,7.44291e+16,30.9663,2.96906,5.13926,1.58163e+19,5.97523e+20,sim07343.iv
sim07344,41.5952,3.83121,5.91556,5.66491e+20,2.55985e+19,274.22,3.77061,5.48206,6.23101e+16,2.77661e+16,36.4068,2.99274,5.09737,4.49683e+19,9.09346e+20,sim07344.iv
sim07345,39.8193,3.99229,5.94068,9.92239e+20,4.17298e+19,339.775,3.66434,5.4497,8.33005e+16,4.34785e+16,29.5806,3.04448,5.0127,3.99449e+19,5.42195e+20,sim07345.iv
sim07346,23.4659,3.82879,5.99373,5.09676e+20,1.42402e+19,246.197,3.78082,5.47168,9.45707e+16,2.5361e+16,25.6695,2.82066,5.03375,4.54093e+19,7.16296e+20,sim07346.iv
sim07347,38.5537,3.85586,5.8371,7.49981e+20,1.24348e+19,339.201,3.70221,5.4575,1.08577e+16,1.60485e+16,28.3073,2.86915,5.09805,3.01276e+19,5.65492e+20,sim07347.iv
sim07348,39.4938,3.9852,5.92863,7.40457e+20,1.7339e+19,283.941,3.77741,5.55544,5.27088e+16,5.44678e+16,46.3193,2.84896,5.05041,1.48886e+19,8.74464e+20,sim07348.iv
sim07349,40.2478,3.94933,5.92066,8.93611e+20,4.15602e+19,330.596,3.61577,5.41234,5.40501e+16,1.76526e+16,25.563,2.98322,5.18165,2.20541e+19,9.85128e+20,sim07349.iv
sim07350,46.4654,3.90755,5.9008,9.00038e+20,1.17039e+19,249.27,3.65507,5.42105,1.41189e+16,8.0524e+16,22.554,2.99282,5.12388,3.01509e+19,8.7742e+20,sim07350.iv
sim07351,26.2066,3.99225,5.82551,9.31153e+20,2.83415e+19,233.754,3.74753,5.47699,2.68772e+16,8.74961e+16,24.1022,3.19175,5.18186,1.2453e+19,7.48127e+20,sim07351.iv
sim07352,40.0312,3.9603,5.96381,5.16449e+20,3.9225e+19,211.386,3.77916,5.56816,5.00355e+16,8.91283e+16,36.6929,3.14752,5.10823,1.0582e+19,7.48855e+20,sim07352.iv
sim07353,29.5923,3.81548,5.99003,9.87084e+20,2.85927e+19,258.312,3.78536,5.44842,9.90698e+16,5.3463e+16,30.9256,3.1059,5.1863,4.24155e+19,8.58586e+20,sim07353.iv
sim07354,23.2045,3.82586,5.97219,8.1744e+20,3.74769e+19,311.55,3.62172,5.45751,7.74482e+16,9.72538e+16,48.533,2.85268,5.10952,1.43989e+19,7.94252e+20,sim07354.iv
sim07355,37.9412,3.83899,5.99663,6.27719e+20,4.49467e+19,346.562,3.79479,5.54516,7.91545e+16,4.02353e+16,31.6641,3.18643,5.01533,3.00108e+19,6.2227e+20,sim07355.iv
sim07356,25.1904,3.85862,5.9577,8.40193e+20,2.87795e+19,271.075,3.66528,5.55198,2.2997e+16,3.04975e+16,33.178,2.86873,5.11219,2.21882e+19,8.44489e+20,sim07356.iv
sim07357,20.3162,3.90324,5.99704,9.03842e+20,1.48716e+19,255.781,3.7735,5.41395,7.35949e+16,1.67869e+16,27.5155,3.19341,5.17707,2.57713e+19,8.37736e+20,sim07357.iv
sim07358,33.8585,3.80836,5.9676,8.94409e+20,4.8393e+19,221.59,3.64055,5.45788,6.54875e+16,9.64131e+16,44.8429,3.15199,5.19652,3.96273e+19,7.52439e+20,sim07358.iv
sim07359,26.3798,3.86281,5.92364,9.69777e+20,2.88351e+19,279.914,3.70543,5.56493,6.85939e+16,5.50328e+16,38.2687,2.86151,5.00524,2.34014e+19,9.89251e+20,sim07359.iv
sim07360,39.7161,3.81671,5.90447,5.69571e+20,3.81748e+19,290.891,3.73561,5.55141,4.6978e+16,3.2609e+16,22.4514,3.17387,5.00284,3.95505e+19,9.51897e+20,sim07360.iv
sim07361,34.5671,3.80205,5.93562,6.15434e+20,2.1852e+19,287.455,3.63199,5.46762,6.97371e+16,7.2358e+16,47.0696,3.06532,5.01484,1.44183e+19,8.95458e+20,sim07361.iv
sim07362,36.463,3.82929,5.92059,6.15579e+20,1.23639e+19,247.963,3.66123,5.49034,9.61939e+16,5.7982e+16,49.305,2.99265,5.12342,3.89302e+19,6.16891e+20,sim07362.iv
sim07363,45.7392,3.80064,5.94292,7.88159e+20,4.15347e+19,343.737,3.74577,5.46425,9.46859e+16,2.47317e+16,34.0055,2.81593,5.10125,3.49282e+19,8.81396e+20,sim07363.iv
sim07364,25.8185,3.99926,5.86402,7.70312e+20,4.71716e+19,288.421,3.65925,5.48343,3.28078e+16,1.13713e+16,27.3276,3.09191,5.01164,4.04014e+19,8.30297e+20,sim07364.iv
sim07365,42.9704,3.87333,5.91699,9.34869e+20,2.77586e+19,319.524,3.7683,5.53769,6.3278e+16,1.83199e+16,40.5145,3.02583,5.05125,3.08662e+19,7.93204e+20,sim07365.iv
sim07366,30.5973,3.84924,5.9729,6.56914e+20,3.91808e+19,299.314,3.61699,5.59976,4.23072e+16,5.69965e+16,29.4853,2.99649,5.15979,4.55441e+19,7.34594e+20,sim07366.iv
sim07367,45.0226,3.90315,5.9014,6.7405e+20,3.30762e+19,333.013,3.60405,5.41386,1.71905e+16,9.96354e+16,26.4913,3.18915,5.19005,4.40156e+19,7.29787e+20,sim07367.iv
sim07368,38.6624,3.83828,5.87363,6.89464e+20,1.98028e+19,277.915,3.68123,5.5433,9.57004e+16,5.71384e+16,24.8214,2.87785,5.16595,1.04874e+19,5.53347e+20,sim07368.iv
sim07369,38.2849,3.9697,5.94267,5.81516e+20,4.71746e+19,287.763,3.7184,5.54865,6.05164e+16,8.58107e+16,28.2733,2.83933,5.04687,3.12017e+19,8.58843e+20,sim07369.iv
sim07370,48.5272,3.83591,5.89691,9.34121e+20,4.13147e+19,302.189,3.62879,5.512,3.34563e+16,4.8741e+16,24.6976,3.01417,5.1008,1.67559e+19,5.10159e+20,sim07370.iv
sim07371,32.8029,3.85399,5.86643,8.88483e+20,1.72732e+19,234.233,3.697,5.54969,6.16737e+16,9.14288e+16,42.4648,2.9724,5.07035,4.53724e+19,9.93417e+20,sim07371.iv
sim07372,38.9793,3.94058,5.88742,7.96711e+20,3.62495e+19,349.249,3.67265,5.51757,1.17512e+16,9.12781e+16,49.4008,3.03538,5.08004,4.24794e+19,5.31982e+20,sim07372.iv
sim07373,38.0231,3.87119,5.83888,5.67802e+20,3.99765e+19,284.777,3.78436,5.51217,2.07289e+16,4.26239e+16,30.1782,2.98366,5.08513,1.3701e+19,7.41797e+20,sim07373.iv
sim07374,39.8763,3.80363,5.80556,8.08541e+20,3.301e+19,303.03,3.73795,5.56859,4.94198e+16,7.698e+16,24.9566,2.80103,5.03509,3.90501e+19,9.48939e+20,sim07374.iv
sim07375,23.0326,3.8891,5.9145,9.44744e+20,1.86971e+19,301.812,3.76707,5.41325,2.95174e+16,2.21761e+16,41.2925,2.91588,5.01382,1.3732e+19,8.42612e+20,sim07375.iv
sim07376,37.4212,3.86655,5.98285,5.13047e+20,1.93169e+19,286.887,3.78999,5.57686,7.55739e+16,5.3182e+16,33.0789,3.08379,5.13559,2.58103e+19,9.39282e+20,sim07376.iv
sim07377,44.3231,3.99702,5.87907,6.05813e+20,1.80914e+19,299.902,3.64007,5.54789,9.52898e+16,1.24655e+16,46.2898,2.89171,5.11034,2.06744e+19,6.5248e+20,sim07377.iv
sim07378,44.7195,3.85822,5.96711,6.59101e+20,1.92579e+19,316.256,3.65963,5.40494,3.14479e+16,8.31176e+16,38.5897,2.96088,5.10496,1.75351e+19,6.31935e+20,sim07378.iv
sim07379,22.5326,3.85586,5.85205,7.18361e+20,3.57908e+19,289.272,3.75177,5.45367,2.58406e+16,7.22692e+16,22.2503,2.83991,5.14818,4.3962e+19,5.22317e+20,sim07379.iv
sim07380,28.8058,3.87879,5.87705,9.51149e+20,2.03013e+19,348.355,3.66177,5.41019,4.04364e+16,5.36822e+16,39.314,3.05694,5.05713,4.84003e+19,5.27768e+20,sim07380.iv
sim07381,37.7782,3.92256,5.8665,8.81684e+20,2.08332e+19,242.776,3.73212,5.51532,7.65855e+16,5.54394e+16,21.2157,2.95049,5.10372,4.67425e+19,7.04152e+20,sim07381.iv
sim07382,20.8652,3.98418,5.97407,7.94877e+20,3.34255e+19,344.926,3.63006,5.54279,2.6307e+16,1.28025e+16,23.9397,2.85031,5.0023,3.36096e+19,8.51406e+20,sim07382.iv
sim07383,43.8685,3.84413,5.88065,6.64029e+20,2.61484e+19,345.182,3.6821,5.48894,8.67855e+16,5.66832e+16,32.8924,2.86326,5.14318,3.74983e+19,9.47986e+20,sim07383.iv
sim07384,36.9282,3.82693,5.96711,5.44004e+20,2.26258e+19,293.315,3.70414,5.53673,6.21091e+16,6.12103e+16,37.4094,2.93093,5.1821,2.18926e+19,7.27767e+20,sim07384.iv
sim07385,47.2078,3.81955,5.90334,6.03871e+20,4.07649e+19,270.769,3.78257,5.47513,9.42948e+16,4.80329e+16,49.9523,2.9075,5.10236,3.35967e+19,8.93053e+20,sim07385.iv
sim07386,23.0076,3.94233,5.87423,6.92812e+20,1.52305e+19,236.561,3.72632,5.40643,1.04748e+16,9.21471e+16,20.0192,2.85433,5.09972,1.8812e+19,7.02439e+20,sim07386.iv
sim07387,38.9822,3.85485,5.82193,5.82776e+20,1.4756e+19,281.086,3.62,5.47838,2.41253e+16,9.92323e+16,45.5678,3.11608,5.14313,4.78135e+19,6.25072e+20,sim07387.iv
sim07388,47.5864,3.89183,5.8233,7.82878e+20,4.04937e+19,312.932,3.68284,5.4886,7.03379e+16,4.2254e+16,44.62,2.96258,5.042,1.311e+19,5.8027e+20,sim07388.iv
sim07389,37.0096,3.82514,5.87747,7.2423e+20,1.47882e+19,279.937,3.74966,5.53832,2.04622e+16,4.55361e+16,26.3738,2.80956,5.15057,4.30882e+19,6.35098e+20,sim07389.iv
sim07390,27.2977,3.86215,5.93215,9.82684e+20,3.4369e+19,349.282,3.6764,5.418,6.53005e+16,3.78724e+16,42.9067,2.92852,5.09879,2.68279e+19,8.73818e+20,sim07390.iv
sim07391,46.4596,3.83276,5.99896,8.24225e+20,4.14822e+19,230.768,3.65864,5.59867,4.86639e+16,2.19386e+16,29.0235,3.18059,5.03601,3.53279e+19,8.21658e+20,sim07391.iv
sim07392,31.8065,3.923,5.90112,9.82854e+20,4.05712e+19,328.267,3.61352,5.48252,5.87832e+16,5.28614e+16,32.702,3.17913,5.13662,4.04784e+19,7.70975e+20,sim07392.iv
sim07393,38.3488,3.98111,5.97105,5.82954e+20,3.56943e+19,305.966,3.60686,5.52084,8.44341e+16,3.1618e+16,29.0097,3.14522,5.12465,4.85677e+19,9.59612e+20,sim07393.iv
sim07394,20.9794,3.85563,5.83776,6.00474e+20,3.90571e+19,297.754,3.7326,5.56188,2.18232e+16,4.0921e+16,30.8572,2.84832,5.16705,4.35985e+19,8.927e+20,sim07394.iv
sim07395,24.1734,3.86211,5.8457,9.50335e+20,3.11774e+19,234.209,3.63972,5.45347,7.37132e+16,5.78554e+16,44.1554,3.03542,5.09434,3.29482e+19,9.16357e+20,sim07395.iv
sim07396,41.2299,3.8983,5.9573,5.63509e+20,1.00693e+19,301.239,3.78247,5.44526,3.2195e+16,9.02492e+16,38.3238,3.08891,5.09731,4.82293e+19,8.09925e+20,sim07396.iv
sim07397,22.1638,3.81309,5.92592,6.82322e+20,1.69763e+19,255.408,3.79374,5.45375,8.41132e+16,4.06969e+16,23.2629,2.90625,5.05232,4.74846e+19,5.68889e+20,sim07397.iv
sim07398,28.38,3.90482,5.84075,6.95332e+20,1.61352e+19,292.647,3.6667,5.51554,2.47628e+16,8.4405e+16,37.9072,2.84362,5.09038,4.75023e+19,6.96908e+20,sim07398.iv
sim07399,44.4644,3.86275,5.82322,9.19808e+20,1.14245e+19,341.484,3.77887,5.56116,2.22589e+16,8.32209e+16,47.6719,2.82111,5.17295,4.52927e+19,5.4773e+20,sim07399.iv
sim07400,38.5546,3.96336,5.8027,6.52418e+20,4.94737e+19,240.366,3.63267,5.59708,3.19255e+16,6.93989e+16,43.0689,2.80272,5.10657,1.22629e+19,9.45563e+20,sim07400.iv
sim07401,25.9298,3.96158,5.80241,6.94824e+20,4.51663e+19,340.985,3.76845,5.57825,4.32002e+16,7.36531e+16,27.6831,3.16129,5.01093,3.55874e+19,6.66794e+20,sim07401.iv
sim07402,30.2139,3.94138,5.83546,6.91111e+20,1.20837e+19,346.127,3.71964,5.42992,9.30088e+16,4.78122e+16,42.49,2.89272,5.12906,4.75335e+19,6.14152e+20,sim07402.iv
sim07403,20.6945,3.95213,5.91664,8.36836e+20,3.08853e+19,280.198,3.75685,5.4861,5.90022e+16,3.93916e+16,42.5432,3.02011,5.15403,1.22356e+19,6.49165e+20,sim07403.iv
sim07404,43.0789,3.8457,5.83509,9.59778e+20,3.89258e+19,274.803,3.72291,5.57196,3.45947e+16,2.88398e+16,37.534,2.89902,5.05379,4.50237e+19,5.43759e+20,sim07404.iv
sim07405,35.8017,3.87513,5.92254,5.82353e+20,3.33913e+19,313.412,3.67942,5.44479,6.55345e+16,9.6008e+16,49.9843,2.84865,5.00281,3.34002e+19,6.47942e+20,sim07405.iv
sim07406,43.5859,3.9698,5.86832,9.83551e+20,2.26453e+19,229.532,3.67237,5.55803,9.17812e+16,8.22113e+16,46.394,2.93189,5.17175,4.33392e+19,8.50852e+20,sim07406.iv
sim07407,46.8036,3.86451,5.88902,6.22154e+20,3.23331e+19,217.639,3.60571,5.41715,3.07413e+16,2.46302e+16,45.8644,3.15312,5.11213,2.28053e+19,6.28707e+20,sim07407.iv
sim07408,33.8527,3.98473,5.93164,9.46666e+20,3.54491e+19,241.295,3.63907,5.53504,6.07996e+16,4.0732e+16,28.0887,3.15655,5.12097,4.9204e+19,7.50242e+20,sim07408.iv
sim07409,35.7754,3.93273,5.95099,9.7229e+20,1.02956e+19,239.061,3.67594,5.52096,1.14528e+16,8.78578e+16,40.1343,3.06217,5.14986,2.3716e+19,8.59521e+20,sim07409.iv
sim07410,27.2719,3.84676,5.97261,5.9994e+20,4.40087e+19,278.704,3.61519,5.42933,3.67345e+16,6.68121e+16,35.9419,3.19628,5.19779,2.2155e+19,6.89938e+20,sim07410.iv
sim07411,20.4723,3.90896,5.83036,7.00867e+20,2.14582e+19,293.862,3.64821,5.48726,5.36642e+16,5.13982e+16,33.5903,2.9415,5.06597,2.21238e+19,8.00773e+20,sim07411.iv
sim07412,33.5113,3.91372,5.96546,6.79369e+20,1.24503e+19,312.378,3.67139,5.48449,1.39587e+16,1.31496e+16,26.4536,2.92923,5.14202,1.35693e+19,6.86128e+20,sim07412.iv
sim07413,38.3134,3.97024,5.87125,6.09083e+20,4.99208e+19,313.504,3.67235,5.51039,8.35108e+16,4.03466e+16,28.2521,2.80933,5.05636,4.39687e+19,9.48606e+20,sim07413.iv
sim07414,28.9077,3.99532,5.99879,6.55578e+20,1.09238e+19,312.785,3.61413,5.41019,6.69489e+16,9.03878e+16,21.3135,3.08909,5.14918,1.91732e+19,5.90486e+20,sim07414.iv
sim07415,49.3741,3.83724,5.86184,6.13887e+20,2.12102e+19,276.499,3.65701,5.44333,8.87933e+16,4.56804e+16,32.189,2.9265,5.00533,2.64561e+19,8.01193e+20,sim07415.iv
sim07416,25.1078,3.99764,5.99638,8.86578e+20,3.51239e+19,234.116,3.70593,5.49753,2.79379e+16,7.89582e+16,26.7296,2.84414,5.17914,4.44258e+19,8.40488e+20,sim07416.iv
sim07417,24.3284,3.80578,5.82765,8.41639e+20,1.48484e+19,275.662,3.65697,5.41144,7.60378e+16,9.23766e+16,30.7318,3.0593,5.01225,1.68721e+19,5.08696e+20,sim07417.iv
sim07418,46.5757,3.81939,5.94079,5.38401e+20,4.15542e+19,348.762,3.74194,5.42072,5.05531e+16,4.08989e+16,35.0425,2.82851,5.18376,1.9699e+19,8.50921e+20,sim07418.iv
sim07419,34.2927,3.97322,5.94367,9.96078e+20,4.38611e+19,247.37,3.60075,5.4879,4.00729e+16,1.59176e+16,38.5362,3.19602,5.07269,1.61533e+19,7.38711e+20,sim07419.iv
sim07420,38.3714,3.98817,5.81877,5.40179e+20,4.27507e+19,331.425,3.73243,5.56166,1.2743e+16,9.29501e+16,39.8309,3.16735,5.09513,4.33341e+19,9.54353e+20,sim07420.iv
sim07421,24.3652,3.80052,5.86796,6.36661e+20,1.1221e+19,345.782,3.7442,5.43748,9.82818e+16,2.96912e+16,44.7568,2.91887,5.09059,2.70164e+19,7.31689e+20,sim07421.iv
sim07422,36.0326,3.80513,5.99172,7.8044e+20,2.95217e+19,238.186,3.6546,5.59292,1.62275e+16,7.96212e+16,49.2906,3.03059,5.12365,3.23323e+19,7.27677e+20,sim07422.iv
sim07423,31.8121,3.86822,5.80128,5.56417e+20,4.14413e+19,319.814,3.64363,5.53378,8.22459e+16,3.65709e+16,45.4822,2.88114,5.10279,1.72752e+19,5.38793e+20,sim07423.iv
sim07424,20.6019,3.84783,5.89959,8.92085e+20,1.54646e+19,313.888,3.62245,5.46126,6.2597e+16,3.99312e+16,30.7205,3.17415,5.08722,3.06838e+19,8.602e+20,sim07424.iv
sim07425,27.7209,3.99953,5.80731,5.05846e+20,1.96127e+19,313.686,3.735,5.43951,5.46676e+16,3.8698e+16,31.663,3.01578,5.13043,2.55625e+19,8.98118e+20,sim07425.iv
sim07426,22.078,3.94335,5.91649,8.52513e+20,4.50322e+19,300.984,3.66029,5.45128,3.91942e+16,2.08687e+16,45.1325,2.86067,5.02719,1.43266e+19,7.27185e+20,sim07426.iv
sim07427,47.2538,3.81339,5.99868,9.40954e+20,2.98917e+19,306.965,3.62599,5.54386,8.57762e+16,1.18602e+16,39.4619,2.83741,5.02454,1.76387e+19,5.66482e+20,sim07427.iv
sim07428,44.5226,3.80484,5.80898,8.63754e+20,1.79208e+19,341.331,3.66576,5.57977,4.50732e+16,1.28355e+16,49.615,3.16909,5.07466,1.71145e+19,7.72671e+20,sim07428.iv
sim07429,44.0767,3.86932,5.89893,6.80745e+20,2.87141e+19,330.983,3.61016,5.40628,7.06084e+16,7.33947e+16,29.4748,3.00637,5.06595,1.14385e+19,9.63615e+20,sim07429.iv
sim07430,26.7701,3.92242,5.84105,5.12985e+20,4.3981e+19,245.162,3.78154,5.46561,1.39535e+16,8.96068e+16,35.4566,3.05809,5.16128,2.95273e+19,6.3522e+20,sim07430.iv
sim07431,44.7124,3.91858,5.93831,6.38103e+20,4.49313e+19,279.649,3.7365,5.50705,1.63186e+16,5.01181e+16,43.621,3.15016,5.18068,2.45008e+19,6.15389e+20,sim07431.iv
sim07432,23.0742,3.99666,5.92639,7.32083e+20,3.86489e+19,233.897,3.71972,5.5336,3.06713e+16,4.13963e+16,20.4275,3.15035,5.07594,2.46749e+19,6.9297e+20,sim07432.iv
sim07433,49.9803,3.90562,5.90502,7.57788e+20,1.50035e+19,282.167,3.63523,5.50006,6.90673e+16,7.33262e+16,28.0848,2.81586,5.08892,1.5127e+19,5.82185e+20,sim07433.iv
sim07434,48.3029,3.94492,5.81109,6.82007e+20,1.24808e+19,312.917,3.78272,5.59584,2.30575e+16,7.5642e+16,22.8964,3.16187,5.02525,1.0565e+19,5.97786e+20,sim07434.iv
sim07435,23.9562,3.82645,5.95249,8.2301e+20,1.10484e+19,264.417,3.699,5.47968,2.47673e+16,7.80347e+16,31.3037,2.81956,5.18065,2.7713e+19,6.95017e+20,sim07435.iv
sim07436,38.6109,3.84784,5.88628,7.63227e+20,2.33382e+19,316.766,3.60878,5.49137,4.18618e+16,9.98915e+16,45.2218,3.14269,5.08177,1.60785e+19,9.17165e+20,sim07436.iv
sim07437,37.702,3.91174,5.99578,6.14998e+20,4.1566e+19,211.153,3.61345,5.57951,5.85278e+16,5.36267e+16,40.8284,3.1978,5.10892,2.0516e+19,7.36573e+20,sim07437.iv
sim07438,25.0204,3.87011,5.85742,8.08228e+20,3.44583e+19,319.832,3.73894,5.57247,1.21175e+16,5.08136e+16,22.9106,2.8766,5.12264,4.34284e+19,6.5034e+20,sim07438.iv
sim07439,21.0827,3.85745,5.84019,7.25253e+20,1.11469e+19,239.337,3.67136,5.53522,1.50886e+16,1.66349e+16,22.2883,2.91615,5.00333,4.99697e+19,6.50668e+20,sim07439.iv
sim07440,28.8386,3.91209,5.89908,8.55473e+20,2.81896e+19,228.92,3.70959,5.5801,1.03851e+16,1.64858e+16,48.915,3.07035,5.13373,1.02993e+19,6.69375e+20,sim07440.iv
sim07441,36.3913,3.83434,5.82089,8.64554e+20,1.73083e+19,334.56,3.70253,5.42318,6.06299e+16,4.28353e+16,44.7644,3.14717,5.03412,2.50742e+19,5.57973e+20,sim07441.iv
sim07442,36.3526,3.94974,5.98914,9.24045e+20,2.60755e+19,315.589,3.76461,5.51496,5.02709e+16,7.10256e+16,25.538,2.91859,5.00651,4.86554e+19,6.70907e+20,sim07442.iv
sim07443,27.9038,3.95338,5.80257,5.73958e+20,1.44605e+19,298.428,3.70764,5.59727,1.49476e+16,9.14143e+16,30.4382,2.97566,5.06177,4.50688e+19,7.87997e+20,sim07443.iv
sim07444,26.2974,3.83254,5.97295,8.29964e+20,2.95228e+19,288.128,3.77192,5.45215,3.70318e+16,3.40642e+16,33.1319,3.18596,5.19922,3.08867e+19,9.14459e+20,sim07444.iv
sim07445,35.3995,3.82361,5.8265,7.08239e+20,2.55944e+19,222.263,3.64715,5.50048,3.47121e+16,1.51787e+16,28.9594,2.81931,5.10138,3.57193e+19,5.49318e+20,sim07445.iv
sim07446,41.7173,3.96092,5.85531,6.63471e+20,4.72351e+19,327.474,3.72299,5.42962,4.29124e+16,1.48325e+16,31.5235,2.81989,5.16881,2.76252e+19,8.9631e+20,sim07446.iv
sim07447,24.7923,3.89727,5.92422,9.28968e+20,1.35902e+19,237.324,3.73191,5.50885,7.22534e+16,3.77312e+16,37.9,2.83583,5.07624,3.54409e+19,5.60219e+20,sim07447.iv
sim07448,30.2467,3.80527,5.90725,8.78656e+20,3.04876e+19,296.45,3.68332,5.43995,7.96708e+16,4.24108e+16,28.1833,2.99366,5.0826,1.63434e+19,8.0726e+20,sim07448.iv
sim07449,28.6371,3.81288,5.9973,9.44866e+20,4.5691e+19,269.961,3.69836,5.45704,7.60135e+16,3.60292e+16,30.884,3.14184,5.02723,1.38021e+19,6.91394e+20,sim07449.iv
sim07450,36.0236,3.8955,5.85094,5.94714e+20,2.46922e+19,227.497,3.70777,5.54771,1.54422e+16,8.58446e+16,27.9858,3.111,5.03462,1.24905e+19,6.162e+20,sim07450.iv
sim07451,46.0597,3.9067,5.96149,7.83376e+20,4.75424e+19,245.319,3.61408,5.46154,5.00114e+16,3.98709e+16,36.4784,3.02612,5.06373,4.64084e+19,6.86217e+20,sim07451.iv
sim07452,35.5171,3.90209,5.97488,8.62431e+20,2.07515e+19,307.238,3.64062,5.59691,8.09855e+16,1.80122e+16,45.5957,3.03123,5.0392,1.2319e+19,6.86466e+20,sim07452.iv
sim07453,37.7807,3.97786,5.99169,6.67032e+20,1.19773e+19,342.331,3.73814,5.46196,9.20231e+16,9.32306e+16,31.678,2.805,5.03382,4.63628e+19,5.13655e+20,sim07453.iv
sim07454,45.3804,3.86176,5.83797,9.56072e+20,3.83423e+19,215.653,3.76805,5.5743,1.63877e+16,3.47064e+16,49.794,2.99033,5.04944,1.29339e+19,5.07138e+20,sim07454.iv
sim07455,28.3406,3.91591,5.90831,6.28231e+20,1.31231e+19,239.445,3.71342,5.40392,2.23711e+16,7.95618e+16,20.7383,3.02261,5.16601,3.54415e+19,8.46174e+20,sim07455.iv
sim07456,23.9611,3.80997,5.90967,8.96228e+20,4.13844e+19,218.719,3.60199,5.42209,9.80123e+16,2.4506e+16,22.4898,3.01303,5.18975,2.34226e+19,6.67586e+20,sim07456.iv
sim07457,48.3994,3.9346,5.81145,7.72972e+20,1.41854e+19,325.422,3.73741,5.50786,8.35222e+16,2.86158e+16,37.8291,2.90388,5.03358,1.25029e+19,9.94748e+20,sim07457.iv
sim07458,23.5383,3.95519,5.93879,8.56826e+20,2.60536e+19,268.012,3.67198,5.4186,1.31137e+16,4.76869e+16,34.5095,2.85722,5.1081,1.51147e+19,6.55806e+20,sim07458.iv
sim07459,27.8861,3.90953,5.94149,6.23892e+20,1.70348e+19,212.629,3.63445,5.55994,8.6826e+16,8.61519e+16,35.4822,3.05318,5.07636,3.8033e+19,9.90431e+20,sim07459.iv
sim07460,28.9512,3.82709,5.90755,5.77002e+20,4.89933e+19,315.354,3.70235,5.53567,4.01077e+16,7.45123e+16,30.2239,3.12312,5.0174,3.47099e+19,7.96393e+20,sim07460.iv
sim07461,21.1096,3.85106,5.9059,5.74927e+20,2.27006e+19,251.537,3.62298,5.46153,2.64994e+16,8.23146e+16,29.4145,3.14636,5.14025,4.93826e+19,9.66112e+20,sim07461.iv
sim07462,43.8124,3.95144,5.93047,5.6067e+20,4.88084e+19,228.802,3.73416,5.42861,2.08783e+16,7.28056e+16,35.451,3.06777,5.16199,1.35119e+19,9.29308e+20,sim07462.iv
sim07463,22.4001,3.98008,5.93192,7.42274e+20,2.85323e+19,212.868,3.67621,5.42221,6.60477e+16,7.38287e+16,48.4098,3.1058,5.19415,1.91069e+19,8.44472e+20,sim07463.iv
sim07464,27.7267,3.83364,5.90181,7.52962e+20,4.76179e+19,296.682,3.67926,5.52785,1.87082e+16,9.19981e+16,28.8992,2.8844,5.09046,3.14774e+19,8.23596e+20,sim07464.iv
sim07465,40.4999,3.86666,5.92624,6.15152e+20,4.07467e+19,278.63,3.6353,5.44322,8.71182e+16,9.76083e+16,45.5502,3.03412,5.00466,1.15643e+19,7.48621e+20,sim07465.iv
sim07466,34.6517,3.98249,5.86539,6.7214e+20,2.55038e+19,285.066,3.68978,5.55963,4.56513e+16,9.54868e+16,27.6532,3.01305,5.08609,1.56172e+19,9.90216e+20,sim07466.iv
sim07467,41.2292,3.89225,5.83333,9.38158e+20,2.43787e+19,253.736,3.60332,5.57841,5.05395e+16,7.01071e+16,31.8772,3.19075,5.0358,4.47633e+19,8.12949e+20,sim07467.iv
sim07468,44.3848,3.88782,5.82681,7.59747e+20,3.99991e+19,268.487,3.76137,5.57094,8.30139e+16,5.04445e+16,31.1825,2.9906,5.06984,1.80888e+19,6.59145e+20,sim07468.iv
sim07469,34.763,3.91803,5.99683,8.40935e+20,2.45225e+19,229.919,3.77094,5.46449,9.47847e+16,2.7449e+16,35.7832,3.08274,5.0356,1.48539e+19,6.61962e+20,sim07469.iv
sim07470,49.4667,3.88345,5.86649,6.84575e+20,4.98262e+19,222.74,3.60335,5.50997,7.19962e+16,2.04054e+16,22.9612,3.04274,5.17562,2.31514e+19,7.08979e+20,sim07470.iv
sim07471,22.1383,3.97466,5.82113,6.81045e+20,1.67583e+19,262.544,3.78669,5.53525,3.19861e+16,9.17287e+16,37.0025,3.03136,5.07113,1.79177e+19,9.01475e+20,sim07471.iv
sim07472,46.5966,3.83954,5.80728,7.75215e+20,4.73779e+19,256.937,3.72522,5.42976,8.24135e+16,6.17377e+16,36.9383,2.99507,5.13816,2.04147e+19,9.36197e+20,sim07472.iv
sim07473,40.0765,3.90727,5.9917,8.02751e+20,4.75946e+19,234.041,3.62645,5.43694,8.54802e+16,6.43514e+16,49.8254,2.86702,5.11248,1.47594e+19,9.37356e+20,sim07473.iv
sim07474,45.3961,3.95883,5.84734,7.23354e+20,4.45681e+19,298.951,3.61867,5.56144,4.43799e+16,1.98973e+16,33.5052,2.82207,5.01418,2.54953e+19,9.10006e+20,sim07474.iv
sim07475,21.9606,3.88457,5.91478,9.385e+20,3.31563e+19,283.767,3.69035,5.50929,6.27739e+16,9.70822e+16,34.0707,2.86899,5.08237,3.59847e+19,6.50128e+20,sim07475.iv
sim07476,43.5482,3.97859,5.92,9.69845e+20,1.42168e+19,263.743,3.61741,5.51719,7.46702e+16,2.25316e+16,21.1412,3.18635,5.17109,1.75771e+19,7.0897e+20,sim07476.iv
sim07477,21.7,3.86113,5.8435,7.26816e+20,1.60948e+19,348.942,3.62224,5.54534,3.78295e+16,8.98607e+16,21.6449,3.12889,5.04945,4.46349e+19,7.68094e+20,sim07477.iv
sim07478,21.8455,3.82669,5.94673,7.49327e+20,4.54342e+19,267.564,3.78964,5.45315,3.87512e+16,5.56702e+16,27.0985,2.92809,5.05755,4.87622e+19,8.80365e+20,sim07478.iv
sim07479,23.3429,3.8246,5.96138,7.80107e+20,1.81884e+19,274.722,3.79249,5.54942,6.82731e+16,7.85061e+16,48.4544,3.03659,5.14618,2.90844e+19,8.94706e+20,sim07479.iv
sim07480,39.6097,3.88834,5.99013,6.51604e+20,4.6863e+19,237.947,3.76128,5.5073,6.22171e+16,3.16979e+16,33.9442,2.97772,5.16882,3.9181e+19,7.6204e+20,sim07480.iv
sim07481,45.1364,3.94213,5.99624,6.05605e+20,2.42866e+19,297.307,3.78157,5.5398,6.10761e+16,3.62756e+16,41.0957,3.07277,5.17129,2.77809e+19,5.60714e+20,sim07481.iv
sim07482,24.0113,3.96153,5.82226,7.79436e+20,2.72315e+19,252.997,3.76452,5.41898,6.12833e+16,4.36939e+16,22.5497,3.1036,5.07816,2.07269e+19,8.85995e+20,sim07482.iv
sim07483,25.0478,3.98728,5.84858,7.35611e+20,2.2341e+19,297.465,3.78216,5.45996,3.35167e+16,5.92114e+16,26.8578,2.81015,5.15767,3.9469e+19,8.64908e+20,sim07483.iv
sim07484,39.179,3.97738,5.91669,8.052e+20,4.20757e+19,331.037,3.76753,5.53502,2.17258e+16,4.67391e+16,33.5101,3.06211,5.14173,3.25925e+19,5.33962e+20,sim07484.iv
sim07485,24.4755,3.80917,5.98253,5.63238e+20,2.68607e+19,227.976,3.68435,5.40436,5.87346e+16,6.58326e+16,42.1472,2.80188,5.1881,2.29995e+19,5.04611e+20,sim07485.iv
sim07486,40.3441,3.96149,5.89267,8.98365e+20,1.10378e+19,237.04,3.69179,5.49222,7.22849e+16,5.18944e+16,49.3046,2.93527,5.01068,4.09155e+19,7.55103e+20,sim07486.iv
sim07487,30.7032,3.94961,5.80746,9.00871e+20,1.32548e+19,246.38,3.70963,5.41338,5.97612e+16,1.56734e+16,22.7061,2.80579,5.04146,3.74262e+19,5.83676e+20,sim07487.iv
sim07488,22.3849,3.99663,5.99304,6.18257e+20,1.44461e+19,328.077,3.72647,5.40397,7.97399e+16,8.16268e+16,20.1009,2.93913,5.0729,1.29795e+19,7.45609e+20,sim07488.iv
sim07489,24.5145,3.8029,5.80667,8.24525e+20,4.30601e+19,227.376,3.63524,5.51317,4.44679e+16,4.12763e+16,33.6759,3.01203,5.15975,4.21273e+19,8.13255e+20,sim07489.iv
sim07490,25.1146,3.83218,5.91962,7.68911e+20,2.0643e+19,299.405,3.69537,5.46364,7.67347e+16,7.13406e+16,36.1929,3.18042,5.13161,4.912e+19,7.6045e+20,sim07490.iv
sim07491,36.3917,3.87473,5.81209,9.83255e+20,3.30998e+19,254.713,3.61368,5.42795,9.74136e+16,4.33791e+16,44.7245,2.88406,5.01851,4.29724e+19,8.41698e+20,sim07491.iv
sim07492,48.113,3.95757,5.90389,8.34024e+20,4.28549e+19,344.385,3.66991,5.56561,3.62454e+16,6.26011e+16,38.6103,2.80083,5.13197,3.01089e+19,6.78609e+20,sim07492.iv
sim07493,41.6037,3.93373,5.92826,7.18636e+20,1.66631e+19,307.547,3.79246,5.55489,3.55879e+16,4.39371e+16,36.0911,3.16687,5.16995,2.01575e+19,6.40087e+20,sim07493.iv
sim07494,45.7666,3.93924,5.96127,5.25565e+20,3.73323e+19,334.97,3.70867,5.55141,2.00501e+16,8.37437e+16,21.5873,3.0084,5.03989,4.99533e+19,8.16226e+20,sim07494.iv
sim07495,49.9041,3.95003,5.89732,9.55228e+20,2.04237e+19,346.612,3.62993,5.50201,8.86106e+16,6.56539e+16,44.2775,3.03515,5.09697,4.20231e+19,6.86099e+20,sim07495.iv
sim07496,40.8814,3.81169,5.85558,9.72997e+20,2.75428e+19,300.156,3.62694,5.40559,4.55914e+16,2.66893e+16,32.622,2.95212,5.11834,3.9757e+19,6.91847e+20,sim07496.iv
sim07497,38.4248,3.81722,5.84744,9.10612e+20,4.21278e+19,247.348,3.79093,5.58461,8.27302e+16,3.57095e+16,28.891,3.01958,5.04943,3.42617e+19,7.16188e+20,sim07497.iv
sim07498,31.5552,3.94499,5.9101,5.98703e+20,2.11692e+19,301.498,3.60407,5.59511,5.0709e+16,8.81457e+16,45.2594,3.07788,5.17045,1.74032e+19,8.68914e+20,sim07498.iv
sim07499,32.7157,3.95316,5.97553,6.64636e+20,2.46654e+19,296.336,3.65969,5.53539,3.56323e+16,5.31241e+16,49.5625,3.0283,5.10856,3.20353e+19,8.02051e+20,sim07499.iv
sim07500,36.3575,3.85932,5.85896,9.46796e+20,1.99279e+19,242.808,3.62224,5.55588,6.28832e+16,2.17488e+16,39.0621,2.99546,5.09449,2.61831e+19,9.67708e+20,sim07500.iv
sim07501,23.1323,3.84313,5.80686,9.71234e+20,1.97745e+19,218.091,3.78026,5.59175,7.90466e+16,6.76702e+16,27.8581,2.91254,5.07995,3.25044e+19,7.29911e+20,sim07501.iv
sim07502,44.9692,3.89768,5.93921,6.72569e+20,2.47893e+19,323.311,3.71824,5.49399,1.63447e+16,9.28739e+16,37.3199,3.03476,5.07353,3.8811e+19,7.14942e+20,sim07502.iv
sim07503,27.3448,3.92766,5.92322,5.75789e+20,3.22342e+19,337.643,3.68063,5.50517,2.67547e+16,7.45459e+16,26.2222,3.04949,5.17125,2.86627e+19,6.45576e+20,sim07503.iv
sim07504,45.7064,3.83323,5.86546,5.23812e+20,2.74103e+19,220.363,3.66924,5.52809,6.95342e+16,8.98654e+16,46.2896,3.11069,5.06926,1.1292e+19,7.14267e+20,sim07504.iv
sim07505,32.7839,3.81735,5.80246,7.30629e+20,4.62229e+19,286.242,3.66189,5.47138,9.64489e+16,9.95949e+16,48.7602,3.17996,5.12359,2.49133e+19,6.01751e+20,sim07505.iv
sim07506,47.118,3.9052,5.943,7.2315e+20,1.15141e+19,312.708,3.74848,5.57286,8.97398e+16,2.58999e+16,47.5898,3.16045,5.12144,1.21998e+19,9.79527e+20,sim07506.iv
sim07507,41.3976,3.82372,5.95627,7.54862e+20,4.53641e+19,231.556,3.70266,5.57588,6.76527e+16,4.55274e+16,27.7184,3.0918,5.0786,3.64615e+19,7.00452e+20,sim07507.iv
sim07508,34.483,3.82072,5.97357,8.87161e+20,4.8889e+19,286.721,3.74746,5.42037,4.1099e+16,2.78896e+16,27.2163,2.86838,5.07829,2.1589e+19,7.4333e+20,sim07508.iv
sim07509,46.3272,3.82556,5.84606,8.45782e+20,1.63392e+19,254.663,3.66232,5.5943,4.42323e+16,9.37046e+16,28.2349,2.85407,5.1175,4.21862e+19,8.02947e+20,sim07509.iv
sim07510,28.9315,3.96352,5.96901,7.35285e+20,4.67279e+19,339.175,3.72893,5.44925,8.03935e+16,8.91658e+16,29.718,2.85361,5.08866,3.29535e+19,7.43898e+20,sim07510.iv
sim07511,49.7902,3.96322,5.99354,5.91294e+20,1.94822e+19,212.493,3.75263,5.5408,4.44633e+16,4.75196e+16,32.1522,2.8549,5.09279,4.21171e+19,7.14616e+20,sim07511.iv
sim07512,28.6693,3.90882,5.84874,5.77947e+20,3.13576e+19,296.504,3.61815,5.47551,7.78961e+16,8.34798e+16,28.9492,3.07774,5.16402,3.29013e+19,8.78644e+20,sim07512.iv
sim07513,24.2366,3.94739,5.94978,8.18604e+20,2.30781e+19,286.453,3.63685,5.50695,8.47719e+16,6.2726e+16,28.1373,2.97001,5.11138,3.41861e+19,7.76483e+20,sim07513.iv
sim07514,45.1093,3.81193,5.92132,7.29813e+20,1.60148e+19,217.721,3.76788,5.58579,6.22306e+16,9.95741e+16,27.6548,2.82955,5.16788,2.07819e+19,7.76527e+20,sim07514.iv
sim07515,29.5495,3.86817,5.97859,7.46856e+20,1.23259e+19,297.449,3.79484,5.4467,7.21435e+16,4.87104e+16,28.4365,3.16722,5.00801,4.73774e+19,5.42103e+20,sim07515.iv
sim07516,41.2476,3.80033,5.9759,8.67625e+20,1.16898e+19,308.291,3.73747,5.4917,9.10553e+16,9.22817e+16,34.7357,2.8002,5.14302,3.39958e+19,7.68727e+20,sim07516.iv
sim07517,34.2023,3.88244,5.88641,5.44308e+20,1.36742e+19,220.61,3.64788,5.41007,9.9548e+16,7.45325e+16,35.1273,2.92012,5.17751,2.24294e+19,9.88198e+20,sim07517.iv
sim07518,37.71,3.86079,5.81747,8.51918e+20,1.5641e+19,258.237,3.79718,5.41159,2.21869e+16,4.88772e+16,22.1559,3.05022,5.16857,2.88584e+19,7.80061e+20,sim07518.iv
sim07519,35.6191,3.87929,5.98621,5.36347e+20,4.23376e+19,316.798,3.6958,5.56041,1.2786e+16,3.84941e+16,47.5259,3.12915,5.19023,3.70854e+19,5.66563e+20,sim07519.iv
sim07520,48.8104,3.89376,5.99877,8.1847e+20,4.16268e+19,245.818,3.67359,5.40044,7.98137e+16,4.30936e+16,21.9396,2.82947,5.0608,4.93159e+19,5.0651e+20,sim07520.iv
sim07521,33.8909,3.94856,5.86172,6.96683e+20,2.36135e+19,216.806,3.60888,5.55638,8.34595e+16,3.67468e+16,49.5279,2.83083,5.13281,2.31374e+19,7.31826e+20,sim07521.iv
sim07522,31.2004,3.80791,5.97042,8.97911e+20,1.24119e+19,304.697,3.66937,5.43683,3.13944e+16,1.83081e+16,24.4508,2.98795,5.16441,3.17398e+19,7.71609e+20,sim07522.iv
sim07523,44.2656,3.97309,5.92524,7.30006e+20,1.93065e+19,227.631,3.72505,5.57465,8.90587e+16,4.81117e+16,24.9033,3.16318,5.11629,2.47102e+19,5.60425e+20,sim07523.iv
sim07524,38.5959,3.85291,5.93493,8.7806e+20,1.94769e+19,254.372,3.69461,5.50699,7.38038e+16,1.63306e+16,42.2974,3.16738,5.12902,2.21927e+19,8.66325e+20,sim07524.iv
sim07525,29.5643,3.8151,5.84696,8.69687e+20,2.47542e+19,342.769,3.7605,5.43493,8.3825e+16,9.76143e+16,44.3896,3.09818,5.03559,1.56265e+19,7.3806e+20,sim07525.iv
sim07526,28.0193,3.8589,5.81735,6.95092e+20,2.12199e+19,336.507,3.7773,5.56981,6.20964e+16,5.7923e+16,25.105,2.84794,5.07709,2.14348e+19,7.55515e+20,sim07526.iv
sim07527,25.3289,3.94905,5.98981,5.70475e+20,3.51924e+19,313.961,3.69698,5.53935,2.80803e+16,6.80931e+16,41.4457,3.09104,5.08918,2.41739e+19,5.57837e+20,sim07527.iv
sim07528,24.2465,3.95838,5.96354,9.67896e+20,4.11973e+19,333.728,3.62996,5.42462,5.75092e+16,9.49614e+16,46.1395,2.80923,5.17673,1.61179e+19,9.58981e+20,sim07528.iv
sim07529,37.9603,3.91,5.86133,9.05467e+20,1.8238e+19,293.936,3.72982,5.43783,6.4285e+16,6.71048e+16,31.667,3.09675,5.12364,3.55627e+19,6.85978e+20,sim07529.iv
sim07530,48.4163,3.82367,5.97831,9.15796e+20,1.93299e+19,210.729,3.77311,5.44305,2.15307e+16,7.96985e+16,38.7603,3.05022,5.04996,4.83482e+19,9.40895e+20,sim07530.iv
sim07531,22.6812,3.99144,5.86677,9.82029e+20,2.72383e+19,271.996,3.63873,5.44503,3.09911e+16,6.80038e+16,39.5561,2.98495,5.07734,3.09178e+19,7.12499e+20,sim07531.iv
sim07532,24.2995,3.99455,5.92864,5.96955e+20,1.95363e+19,334.946,3.63813,5.52785,6.44363e+16,5.59299e+16,23.0833,3.1795,5.01554,4.03573e+19,8.37992e+20,sim07532.iv
sim07533,30.8257,3.98698,5.83923,8.87664e+20,4.54097e+19,244.188,3.76114,5.45634,3.54176e+16,8.14083e+16,31.6314,3.00681,5.10358,4.74752e+19,9.17845e+20,sim07533.iv
sim07534,27.6782,3.83114,5.81,7.14842e+20,4.76229e+19,289.82,3.68147,5.52935,5.02165e+16,5.61606e+16,40.7634,3.15504,5.09381,2.39227e+19,9.64184e+20,sim07534.iv
sim07535,46.018,3.96603,5.83698,9.00017e+20,3.04204e+19,233.573,3.7838,5.41028,4.16845e+16,8.90791e+16,48.3828,3.189,5.06577,3.6673e+19,6.48247e+20,sim07535.iv
sim07536,42.18,3.92308,5.95723,8.16115e+20,1.6903e+19,225.552,3.68737,5.5607,2.5093e+16,6.29183e+16,37.446,2.88722,5.05584,3.81332e+19,9.82245e+20,sim07536.iv
sim07537,44.5111,3.94375,5.91264,5.39473e+20,3.16177e+19,310.267,3.64881,5.44437,6.12508e+16,8.65447e+16,48.928,2.88834,5.01019,2.77516e+19,8.95228e+20,sim07537.iv
sim07538,39.6861,3.83602,5.80883,8.22874e+20,2.8623e+19,227.685,3.68041,5.4455,8.1079e+16,1.05269e+16,25.4229,2.83524,5.0564,4.20583e+19,9.60918e+20,sim07538.iv
sim07539,34.0947,3.98682,5.84451,9.32458e+20,3.32984e+19,219.525,3.77557,5.40535,4.15102e+16,6.67487e+16,43.235,2.83205,5.05275,4.07344e+19,7.88313e+20,sim07539.iv
sim07540,36.7826,3.91993,5.8334,7.45362e+20,1.43146e+19,339.998,3.7675,5.40882,6.62307e+16,1.91773e+16,47.7427,3.02281,5.06621,2.64473e+19,5.84371e+20,sim07540.iv
sim07541,34.388,3.99547,5.98184,8.38434e+20,4.07988e+19,279.291,3.60377,5.42556,7.78818e+16,7.64991e+16,30.1712,3.05434,5.05169,1.11145e+19,8.37271e+20,sim07541.iv
sim07542,36.5102,3.95433,5.80388,8.65778e+20,4.41315e+19,240.581,3.64622,5.48786,4.50708e+16,6.10558e+16,21.3949,3.07837,5.09689,4.86395e+19,6.82407e+20,sim07542.iv
sim07543,48.9457,3.89394,5.89138,8.27461e+20,2.21266e+19,281.588,3.70281,5.57349,8.60304e+16,4.13661e+16,26.6848,3.05396,5.11715,4.79066e+19,6.68629e+20,sim07543.iv
sim07544,48.0258,3.87777,5.80639,6.58395e+20,3.50363e+19,241.155,3.62574,5.58197,4.64476e+16,3.79488e+16,30.479,2.98917,5.13279,2.53642e+19,5.23306e+20,sim07544.iv
sim07545,29.6801,3.918,5.83623,9.32217e+20,2.45295e+19,275.181,3.74704,5.45418,9.14991e+16,7.30415e+16,44.249,3.0001,5.07582,1.52106e+19,5.17895e+20,sim07545.iv
sim07546,22.8233,3.89586,5.94193,9.6038e+20,4.98778e+19,279.079,3.65079,5.49566,9.58067e+16,6.10859e+16,41.6786,2.81163,5.00731,4.45038e+19,7.78671e+20,sim07546.iv
sim07547,25.0457,3.86546,5.93866,5.21309e+20,2.49999e+19,233.322,3.60298,5.47038,2.07001e+16,3.78815e+16,23.5591,2.97453,5.03745,2.34568e+19,9.17628e+20,sim07547.iv
sim07548,28.0538,3.89381,5.89563,7.28601e+20,2.1393e+19,340.386,3.68013,5.45993,1.16278e+16,7.09928e+16,24.2478,2.96988,5.05907,1.56496e+19,7.0261e+20,sim07548.iv
sim07549,42.0528,3.84963,5.94154,6.01219e+20,1.86136e+19,349.023,3.69312,5.56347,2.48217e+16,5.92287e+16,37.4357,3.08559,5.15617,2.08234e+19,8.15019e+20,sim07549.iv
sim07550,40.7971,3.93772,5.84424,8.95209e+20,3.65475e+19,215.791,3.71645,5.40578,1.36644e+16,2.00476e+16,41.3767,2.97293,5.13266,4.97029e+19,9.67879e+20,sim07550.iv
sim07551,44.0293,3.85975,5.95452,6.84714e+20,1.7184e+19,312.325,3.76672,5.54957,4.35882e+16,7.32446e+16,24.4096,3.06371,5.02902,1.2156e+19,5.11801e+20,sim07551.iv
sim07552,49.1029,3.80365,5.88219,8.81335e+20,3.19192e+19,223.027,3.62136,5.42993,2.83743e+16,8.68219e+16,36.8581,2.92566,5.07672,3.48583e+19,9.32753e+20,sim07552.iv
sim07553,33.6212,3.94314,5.97045,6.77011e+20,2.87617e+19,311.519,3.76386,5.47066,8.18542e+16,8.05006e+16,25.0422,3.05666,5.19388,2.20558e+19,7.37334e+20,sim07553.iv
sim07554,29,3.94183,5.80791,9.50417e+20,3.23496e+19,264.438,3.65041,5.52371,4.12656e+16,8.977e+16,41.3543,2.93107,5.19743,4.68899e+19,6.31969e+20,sim07554.iv
sim07555,24.9474,3.90544,5.92056,6.96991e+20,3.11226e+19,255.106,3.70497,5.5619,1.54319e+16,5.48895e+16,23.2258,3.02335,5.05126,4.58982e+19,9.55129e+20,sim07555.iv
sim07556,30.2035,3.89326,5.85941,5.62718e+20,1.93938e+19,337.232,3.7124,5.56072,1.97385e+16,7.64262e+16,31.7744,2.99884,5.16857,1.21486e+19,7.48669e+20,sim07556.iv
sim07557,44.1088,3.82624,5.9321,9.61004e+20,2.20834e+19,215.421,3.79288,5.43485,7.07724e+16,7.10484e+16,45.2976,3.05874,5.06905,1.57481e+19,8.41123e+20,sim07557.iv
sim07558,39.0493,3.85192,5.84914,8.88595e+20,4.97165e+19,341.359,3.76936,5.42724,7.76441e+16,5.86547e+16,35.9472,2.84669,5.02955,1.94429e+19,5.60966e+20,sim07558.iv
sim07559,31.9282,3.99427,5.99838,9.34235e+20,3.39862e+19,300.713,3.79671,5.5139,1.03294e+16,6.3659e+16,20.163,3.12263,5.16541,3.07351e+19,5.90138e+20,sim07559.iv
sim07560,34.5012,3.96469,5.94471,6.18922e+20,1.37471e+19,316.684,3.7022,5.45098,7.16698e+16,4.98213e+16,44.8706,2.95274,5.18164,3.99368e+19,9.45535e+20,sim07560.iv
sim07561,39.0295,3.98697,5.97402,5.04027e+20,4.93876e+19,258.345,3.73061,5.50826,5.82205e+16,4.19914e+16,29.7775,2.94139,5.13474,4.56004e+19,7.25299e+20,sim07561.iv
sim07562,45.6044,3.82657,5.97364,5.85798e+20,4.07107e+19,284.803,3.61271,5.54905,9.54084e+16,8.17735e+16,28.2705,3.13144,5.19292,3.39076e+19,8.96822e+20,sim07562.iv
sim07563,40.8373,3.816,5.82227,7.30443e+20,2.21065e+19,348.901,3.62105,5.58691,6.82288e+16,8.93916e+16,21.4468,2.92824,5.0519,4.72404e+19,9.96091e+20,sim07563.iv
sim07564,42.1279,3.91147,5.82893,8.46471e+20,3.62588e+19,343.696,3.64159,5.54569,3.12573e+16,9.8575e+16,48.2781,2.94124,5.08503,3.01989e+19,5.78322e+20,sim07564.iv
sim07565,28.975,3.93513,5.88428,8.25586e+20,4.09872e+19,250.2,3.7505,5.55074,2.81409e+16,1.21124e+16,45.8397,3.13766,5.00921,1.92942e+19,6.86545e+20,sim07565.iv
sim07566,47.9174,3.80815,5.99472,6.36808e+20,2.74119e+19,210.41,3.62583,5.44193,9.83849e+16,9.85171e+16,27.6911,3.15145,5.02156,2.67741e+19,7.60076e+20,sim07566.iv
sim07567,24.5399,3.92206,5.897,9.97449e+20,1.96948e+19,342.973,3.67808,5.5886,5.81753e+16,5.16838e+16,21.6738,3.09158,5.03275,4.01153e+19,8.10146e+20,sim07567.iv
sim07568,45.5932,3.89372,5.92248,7.14681e+20,3.17815e+19,265.662,3.74497,5.51236,2.93352e+16,9.495e+16,30.1464,3.06589,5.08669,4.90821e+19,8.11511e+20,sim07568.iv
sim07569,31.6313,3.90972,5.99196,8.40394e+20,2.63356e+19,261.345,3.64216,5.47918,9.73241e+16,7.55001e+16,40.6802,3.02352,5.1644,4.97216e+19,9.58027e+20,sim07569.iv
sim07570,25.4723,3.94697,5.90742,7.95839e+20,3.18626e+19,337.982,3.70825,5.41874,8.27029e+16,4.12016e+16,21.584,2.96915,5.16348,3.03727e+19,5.25827e+20,sim07570.iv
sim07571,48.4178,3.96252,5.8544,8.59304e+20,4.86709e+19,236.56,3.78473,5.43767,3.1454e+16,5.07e+16,20.3902,2.99788,5.06233,1.26575e+19,7.41984e+20,sim07571.iv
sim07572,35.6759,3.96418,5.9993,9.54052e+20,1.72389e+19,330.466,3.74871,5.56443,3.32017e+16,7.58148e+16,40.5106,3.0016,5.16658,2.11028e+19,7.00614e+20,sim07572.iv
sim07573,32.0083,3.91405,5.80601,7.35737e+20,1.37442e+19,224.474,3.75314,5.46556,2.56381e+16,8.0851e+16,24.9848,2.95371,5.1488,4.92291e+19,8.54793e+20,sim07573.iv
sim07574,40.628,3.84695,5.93548,9.79048e+20,1.21609e+19,259.798,3.64742,5.42485,3.8618e+16,6.3141e+16,31.0719,3.07953,5.12052,1.47001e+19,5.82882e+20,sim07574.iv
sim07575,24.8647,3.91632,5.99054,7.71742e+20,4.19712e+19,283.81,3.6994,5.56627,3.26742e+16,2.34011e+16,23.1763,3.04739,5.04403,1.3899e+19,9.52356e+20,sim07575.iv
sim07576,20.2097,3.93625,5.95393,7.85858e+20,4.82525e+19,333.127,3.77315,5.57634,6.93479e+16,1.94216e+16,28.6979,3.12789,5.11775,1.83037e+19,9.32193e+20,sim07576.iv
sim07577,39.1208,3.83982,5.9532,5.75446e+20,2.51382e+19,284.134,3.684,5.58303,2.36767e+16,6.0395e+16,27.1635,2.90217,5.17774,3.20301e+19,6.64407e+20,sim07577.iv
sim07578,42.4249,3.97242,5.93214,5.13257e+20,2.77013e+19,305.189,3.74799,5.59927,1.8141e+16,7.61297e+16,37.1862,2.81859,5.02759,4.16118e+19,5.45398e+20,sim07578.iv
sim07579,39.231,3.87874,5.9858,7.74195e+20,4.22135e+19,250.663,3.62237,5.55712,9.23156e+16,4.43139e+16,44.5972,2.82327,5.069,1.2012e+19,5.71225e+20,sim07579.iv
sim07580,39.8633,3.91462,5.9911,7.14232e+20,3.47112e+19,331.722,3.65594,5.56232,7.09977e+16,9.093e+16,44.7591,3.04394,5.16905,2.75036e+19,6.02709e+20,sim07580.iv
sim07581,26.0326,3.88656,5.89826,9.48113e+20,4.4772e+19,275.986,3.61349,5.51667,6.87694e+16,6.82728e+16,28.8406,3.03031,5.18213,3.1423e+19,8.26179e+20,sim07581.iv
sim07582,22.2765,3.89546,5.90213,5.90124e+20,4.68659e+19,235.784,3.74423,5.53937,6.64913e+16,1.90257e+16,36.2355,3.07063,5.19255,3.46521e+19,6.17073e+20,sim07582.iv
sim07583,46.527,3.92711,5.99709,8.05549e+20,4.84193e+19,253.797,3.71186,5.46367,1.92704e+16,9.00871e+16,46.665,2.82325,5.14022,3.01068e+19,6.17294e+20,sim07583.iv
sim07584,41.6952,3.90688,5.80317,7.43482e+20,2.64698e+19,309.825,3.65869,5.5453,1.94309e+16,9.76076e+16,26.1092,3.10118,5.08275,2.7235e+19,9.85639e+20,sim07584.iv
sim07585,36.9999,3.95368,5.95888,8.9029e+20,1.37357e+19,286.143,3.77525,5.53233,3.35966e+16,4.86055e+16,29.1198,2.93404,5.08871,1.8427e+19,8.1513e+20,sim07585.iv
sim07586,30.5387,3.80367,5.83949,9.9336e+20,4.25353e+19,278.856,3.76734,5.46278,4.20445e+16,5.68813e+16,26.4363,3.12746,5.09387,1.39114e+19,6.16031e+20,sim07586.iv
sim07587,37.0059,3.92082,5.95289,7.01103e+20,3.71964e+19,241.975,3.72249,5.47733,8.03404e+16,9.07253e+16,42.2406,3.05034,5.02552,3.60055e+19,7.70647e+20,sim07587.iv
sim07588,20.874,3.82498,5.86877,7.41072e+20,4.68576e+19,237.52,3.60987,5.54709,7.54373e+16,8.02302e+16,43.013,3.04188,5.10042,1.49906e+19,9.28005e+20,sim07588.iv
sim07589,41.9752,3.96336,5.99991,9.86362e+20,2.02379e+19,329.786,3.74204,5.57975,9.7109e+16,4.32009e+16,34.409,2.8579,5.00145,4.3355e+19,9.45216e+20,sim07589.iv
sim07590,23.7483,3.8288,5.82885,6.62603e+20,4.70619e+19,270.132,3.72566,5.4579,1.53188e+16,5.01533e+16,33.8323,2.97148,5.04618,2.53688e+19,5.15677e+20,sim07590.iv
sim07591,44.4441,3.90754,5.96957,9.20111e+20,3.74895e+19,269.68,3.63984,5.4893,6.15677e+16,4.97164e+16,43.1797,3.15941,5.17563,2.82747e+19,9.39807e+20,sim07591.iv
sim07592,34.5658,3.86949,5.96878,8.45074e+20,2.72105e+19,254.576,3.62423,5.45209,1.6052e+16,4.59197e+16,31.208,2.97802,5.12011,3.71413e+19,7.30633e+20,sim07592.iv
sim07593,44.5363,3.85129,5.80412,6.2548e+20,1.23053e+19,312.273,3.68744,5.49852,1.18736e+16,3.0866e+16,28.5284,3.00746,5.08243,2.78386e+19,6.0572e+20,sim07593.iv
sim07594,29.9597,3.8667,5.88746,9.46603e+20,4.50393e+19,346.034,3.77948,5.51477,4.91255e+16,2.90621e+16,41.8847,3.07747,5.08103,4.97137e+19,5.14444e+20,sim07594.iv
sim07595,40.141,3.84378,5.96673,8.15572e+20,3.9767e+19,246.537,3.71623,5.52808,7.46646e+16,7.06868e+16,27.8064,3.06851,5.17758,4.87856e+19,6.81932e+20,sim07595.iv
sim07596,32.2825,3.86541,5.95568,7.18185e+20,1.18246e+19,313.42,3.77659,5.53825,1.37587e+16,2.31398e+16,27.7237,2.96355,5.17246,4.04673e+19,7.244e+20,sim07596.iv
sim07597,38.4939,3.96168,5.95019,8.6589e+20,1.39419e+19,313.617,3.77897,5.40753,3.59461e+16,9.30227e+16,31.515,2.94911,5.11881,3.08832e+19,9.1379e+20,sim07597.iv
sim07598,20.8492,3.93769,5.88004,7.27437e+20,2.9726e+19,322.049,3.71257,5.44939,3.89133e+16,8.55803e+16,31.8715,3.09251,5.12521,2.14824e+19,5.93763e+20,sim07598.iv
sim07599,40.6686,3.9038,5.94847,8.62169e+20,2.40765e+19,349.664,3.78493,5.48973,4.17271e+16,4.93122e+16,24.1815,3.03987,5.18635,1.77738e+19,8.57003e+20,sim07599.iv
sim07600,38.1853,3.83376,5.90038,9.91025e+20,2.21609e+19,343.573,3.70001,5.58272,9.59268e+16,4.23962e+16,41.8819,3.0623,5.1138,1.93473e+19,7.86561e+20,sim07600.iv
sim07601,23.0669,3.94759,5.98714,6.48385e+20,2.6952e+19,250.004,3.68127,5.47393,9.8169e+16,1.18908e+16,40.4126,3.1077,5.0323,3.11816e+19,6.63411e+20,sim07601.iv
sim07602,26.3555,3.87549,5.82963,8.86196e+20,1.06057e+19,316.81,3.61572,5.48855,3.35445e+16,6.74277e+16,48.9323,2.88118,5.12986,2.97414e+19,8.8988e+20,sim07602.iv
sim07603,36.5246,3.89419,5.9629,9.77877e+20,4.79918e+19,225.13,3.78225,5.52734,9.43515e+16,7.41807e+16,25.9112,3.0978,5.02858,2.91497e+19,5.81376e+20,sim07603.iv
sim07604,41.3326,3.87675,5.99876,8.57699e+20,4.78119e+19,347.668,3.76761,5.53078,6.46753e+16,5.70388e+16,28.0015,3.10491,5.05963,2.2624e+19,8.47619e+20,sim07604.iv
sim07605,36.5041,3.96191,5.88073,8.07047e+20,2.02424e+19,310.415,3.69992,5.40396,8.08315e+16,2.48e+16,27.5432,3.10865,5.0449,2.32532e+19,6.46304e+20,sim07605.iv
sim07606,25.2845,3.85616,5.8538,9.52719e+20,3.25244e+19,229.215,3.76473,5.49835,6.56406e+16,3.6114e+16,36.8346,3.05914,5.06898,4.44059e+19,9.03792e+20,sim07606.iv
sim07607,42.3557,3.83087,5.87218,5.09828e+20,2.58107e+19,264.995,3.63486,5.51591,3.57022e+16,9.87008e+16,28.7871,2.93295,5.02556,3.94893e+19,7.9803e+20,sim07607.iv
sim07608,27.8917,3.86305,5.84042,5.96e+20,2.01661e+19,332.518,3.60342,5.4262,2.22558e+16,6.70144e+16,46.478,2.91885,5.08152,1.67465e+19,6.1195e+20,sim07608.iv
sim07609,33.9897,3.9751,5.9611,8.05994e+20,3.21499e+19,300.757,3.6819,5.4766,6.05521e+16,1.50864e+16,47.166,3.03048,5.11321,2.69075e+19,9.36366e+20,sim07609.iv
sim07610,22.6994,3.90624,5.86464,6.12527e+20,4.30421e+19,315.368,3.73581,5.43371,7.41719e+16,4.04755e+16,38.9194,3.01203,5.0569,2.6439e+19,7.02347e+20,sim07610.iv
sim07611,35.3736,3.96291,5.89749,9.71215e+20,2.78974e+19,323.99,3.68551,5.51599,3.73064e+16,9.53879e+16,33.1503,2.89819,5.11452,3.6905e+19,8.74531e+20,sim07611.iv
sim07612,23.2319,3.82913,5.85334,7.64743e+20,2.56913e+19,348.202,3.78568,5.42539,1.32051e+16,8.13303e+16,42.6895,3.09422,5.15916,4.2277e+19,7.14301e+20,sim07612.iv
sim07613,30.0117,3.98552,5.96616,5.43813e+20,2.41863e+19,210.516,3.66415,5.54081,3.28132e+16,2.04489e+16,24.5371,2.8511,5.06247,3.43664e+19,5.02829e+20,sim07613.iv
sim07614,43.7584,3.80766,5.97695,9.45636e+20,2.64689e+19,266.876,3.67363,5.48355,3.28266e+16,6.55881e+16,44.1784,2.88688,5.09581,4.30206e+19,6.9318e+20,sim07614.iv
sim07615,31.9817,3.927,5.87912,8.80266e+20,4.19777e+19,244.122,3.7592,5.45349,5.77244e+16,8.30696e+16,47.1482,3.032,5.02086,3.47266e+19,8.45157e+20,sim07615.iv
sim07616,45.079,3.80248,5.90613,7.18625e+20,4.05611e+19,246.489,3.79046,5.50398,3.29987e+16,3.08414e+16,37.1035,2.91745,5.06171,4.47722e+19,6.25464e+20,sim07616.iv
sim07617,22.9618,3.83252,5.9626,8.09077e+20,4.54227e+19,348.809,3.75114,5.48121,4.78515e+16,2.80436e+16,41.8252,2.80345,5.19728,4.94978e+19,8.14214e+20,sim07617.iv
sim07618,37.2961,3.85661,5.90811,7.14894e+20,1.11554e+19,314.765,3.61799,5.43372,4.53035e+16,8.28078e+16,49.3068,3.05964,5.13917,2.217e+19,5.11694e+20,sim07618.iv
sim07619,31.1391,3.98992,5.8575,9.76911e+20,3.82384e+19,215.261,3.75477,5.48565,1.71423e+16,9.42978e+16,46.132,3.14961,5.15483,3.62926e+19,8.3903e+20,sim07619.iv
sim07620,42.1273,3.89466,5.93319,6.17774e+20,1.08056e+19,304.697,3.72364,5.49125,9.38158e+16,7.0769e+16,26.1004,2.84728,5.09886,2.87732e+19,5.9207e+20,sim07620.iv
sim07621,27.3541,3.99799,5.82287,9.83614e+20,1.57351e+19,306.346,3.71694,5.40356,6.25837e+16,5.6037e+16,46.0618,3.00412,5.08414,2.00475e+19,5.18367e+20,sim07621.iv
sim07622,31.1129,3.86978,5.93923,6.70734e+20,1.01698e+19,277.457,3.70816,5.5085,2.28733e+16,5.38008e+16,21.4647,3.04974,5.12039,3.59462e+19,6.43917e+20,sim07622.iv
sim07623,29.01,3.82399,5.90505,5.7283e+20,3.7214e+19,235.154,3.78706,5.4019,1.91739e+16,1.90373e+16,37.3188,2.84203,5.16336,2.57533e+19,7.50609e+20,sim07623.iv
sim07624,26.2495,3.99127,5.97048,5.33647e+20,2.40653e+19,216.264,3.73803,5.41528,1.09555e+16,4.66628e+16,21.7105,3.00775,5.09092,2.586e+19,9.27989e+20,sim07624.iv
sim07625,27.5941,3.92843,5.84687,6.82724e+20,3.19958e+19,288.505,3.70088,5.57,5.69116e+16,5.78105e+16,40.5145,3.03686,5.18446,4.65452e+19,9.18631e+20,sim07625.iv
sim07626,48.1107,3.82232,5.83073,6.38485e+20,4.11746e+19,321.36,3.66827,5.48565,3.55894e+16,5.44583e+16,21.2009,2.94106,5.17605,2.53431e+19,7.08284e+20,sim07626.iv
sim07627,38.9846,3.9769,5.98424,6.30307e+20,1.32413e+19,316.316,3.67063,5.41902,8.7661e+16,7.83763e+16,22.1483,3.11161,5.13866,1.6515e+19,7.36153e+20,sim07627.iv
sim07628,35.0385,3.85841,5.91103,8.89562e+20,2.91378e+19,267.127,3.74637,5.55816,1.32675e+16,4.81831e+16,32.0065,3.11531,5.1922,2.76857e+19,5.11326e+20,sim07628.iv
sim07629,31.8144,3.92947,5.92051,7.49015e+20,4.06391e+19,281.87,3.74775,5.4085,1.86303e+16,5.10546e+16,46.3803,3.19208,5.12284,4.04275e+19,6.83118e+20,sim07629.iv
sim07630,43.4814,3.96673,5.88423,6.4951e+20,4.18364e+19,213.015,3.72111,5.56216,9.64245e+16,6.9233e+16,26.6804,3.14467,5.1064,4.56983e+19,5.06519e+20,sim07630.iv
sim07631,39.8803,3.92369,5.82891,9.34727e+20,2.38052e+19,223.503,3.78234,5.55393,2.19326e+16,6.92016e+16,27.2932,2.92887,5.0722,3.48687e+19,8.63719e+20,sim07631.iv
sim07632,47.9253,3.97496,5.9779,9.44689e+20,2.41955e+19,271.965,3.635,5.51265,4.56455e+16,9.742e+16,21.2636,2.99415,5.16438,3.62479e+19,9.32143e+20,sim07632.iv
sim07633,48.8717,3.95415,5.88406,5.95114e+20,2.20394e+19,210.812,3.60534,5.53155,8.91533e+16,4.18321e+16,36.0687,3.1937,5.16749,4.5021e+19,5.95304e+20,sim07633.iv
sim07634,40.1118,3.89012,5.81002,8.61226e+20,2.0205e+19,296.07,3.68535,5.42727,6.43391e+16,8.025e+16,28.6233,3.03678,5.13548,2.97914e+19,9.15748e+20,sim07634.iv
sim07635,43.8557,3.8411,5.85407,8.54897e+20,2.0791e+19,313.708,3.71299,5.41095,1.63253e+16,1.33434e+16,31.7981,2.98637,5.15465,4.5132e+19,9.76027e+20,sim07635.iv
sim07636,34.9884,3.94922,5.94132,6.50724e+20,2.72442e+19,324.177,3.6694,5.43281,2.45237e+16,6.97835e+16,37.9502,2.86503,5.09118,4.12267e+19,8.83392e+20,sim07636.iv
sim07637,32.0001,3.95016,5.9411,9.40537e+20,3.52663e+19,270.432,3.65056,5.57891,5.71642e+16,7.72222e+16,25.8233,3.01688,5.04357,2.92964e+19,5.52858e+20,sim07637.iv
sim07638,35.6018,3.8859,5.93236,6.07134e+20,3.80134e+19,339.902,3.73635,5.51577,5.3698e+16,7.28654e+16,49.6652,3.07128,5.02538,1.19561e+19,5.44862e+20,sim07638.iv
sim07639,20.1041,3.95037,5.87868,6.16655e+20,3.49205e+19,334.49,3.60832,5.443,2.82489e+16,1.48322e+16,23.6829,2.93153,5.10155,2.09296e+19,9.76958e+20,sim07639.iv
sim07640,23.7736,3.95794,5.92063,5.20902e+20,1.50303e+19,266.87,3.74231,5.57723,1.64237e+16,7.05202e+16,32.0581,3.16044,5.11357,3.37283e+19,9.30844e+20,sim07640.iv
sim07641,27.9675,3.92036,5.84454,9.19241e+20,4.60658e+19,265.012,3.78691,5.59438,2.87406e+16,6.47905e+16,28.0475,2.8977,5.08149,2.37621e+19,7.34901e+20,sim07641.iv
sim07642,23.4774,3.8808,5.81055,8.70102e+20,2.34369e+19,264.686,3.6559,5.44302,4.13328e+16,1.33408e+16,39.8377,3.01923,5.071,2.1584e+19,9.02611e+20,sim07642.iv
sim07643,26.0622,3.80281,5.83058,7.64256e+20,4.50483e+19,300.85,3.61433,5.55535,3.35e+16,5.30944e+16,38.9349,3.00119,5.06711,1.33749e+19,5.38423e+20,sim07643.iv
sim07644,42.6963,3.83537,5.98091,5.44313e+20,2.08826e+19,284.434,3.69398,5.53225,8.14543e+16,6.79173e+16,26.2039,2.84122,5.18013,2.73687e+19,8.50768e+20,sim07644.iv
sim07645,39.6834,3.89308,5.87695,8.28513e+20,1.59112e+19,303.275,3.73995,5.49938,7.62959e+16,3.53151e+16,44.5242,2.87286,5.1128,3.85415e+19,7.94998e+20,sim07645.iv
sim07646,20.1755,3.84085,5.82894,5.61286e+20,3.95719e+19,322.323,3.69969,5.55815,5.33223e+16,1.33793e+16,45.7961,3.07837,5.014,4.28265e+19,9.68196e+20,sim07646.iv
sim07647,37.6038,3.92388,5.94656,6.80125e+20,2.18559e+19,237.203,3.60277,5.44635,5.1042e+16,5.26127e+16,49.0417,3.0811,5.10719,1.86568e+19,6.3159e+20,sim07647.iv
sim07648,24.8394,3.8412,5.86351,8.16398e+20,3.12546e+19,259.431,3.76345,5.53053,2.88254e+16,3.95706e+16,37.5294,3.14269,5.01368,4.06106e+19,6.22023e+20,sim07648.iv
sim07649,36.9891,3.85546,5.81437,5.17246e+20,3.07043e+19,326.684,3.73986,5.58963,5.6713e+16,5.41409e+16,22.5384,3.06632,5.13906,2.35898e+19,5.51382e+20,sim07649.iv
sim07650,34.1102,3.80901,5.99673,9.19741e+20,4.12665e+19,288.028,3.61497,5.5543,1.81019e+16,6.66802e+16,39.5903,2.95195,5.04449,2.86798e+19,9.34138e+20,sim07650.iv
sim07651,26.5403,3.82423,5.99392,5.86944e+20,2.02108e+19,330.525,3.70346,5.51954,6.97895e+16,3.69154e+16,24.8919,2.97069,5.19686,1.81767e+19,9.91633e+20,sim07651.iv
sim07652,32.0842,3.87017,5.82159,5.30582e+20,1.26188e+19,320.579,3.78064,5.54633,7.53635e+16,4.49187e+16,27.8044,2.96851,5.07507,1.22612e+19,6.10187e+20,sim07652.iv
sim07653,22.1978,3.90784,5.9524,7.53392e+20,3.30004e+19,330.189,3.74945,5.54866,6.50962e+16,4.78738e+16,21.555,3.18025,5.10982,1.42485e+19,5.55212e+20,sim07653.iv
sim07654,41.182,3.81443,5.81052,8.16238e+20,3.60025e+19,284.121,3.71734,5.57087,3.63014e+16,2.35522e+16,44.0642,2.93478,5.02852,4.10764e+19,8.1508e+20,sim07654.iv
sim07655,44.9588,3.89633,5.9082,7.68207e+20,4.88974e+19,258.576,3.6142,5.42693,2.5629e+16,1.20952e+16,21.1853,2.84252,5.16937,1.949e+19,9.29954e+20,sim07655.iv
sim07656,24.6958,3.98636,5.98104,9.50321e+20,3.37754e+19,256.902,3.72966,5.44586,2.0061e+16,8.72835e+16,24.3284,2.90996,5.17338,4.25848e+19,8.10872e+20,sim07656.iv
sim07657,30.5805,3.81043,5.96038,5.50562e+20,2.78737e+19,347.668,3.72309,5.40658,1.06559e+16,7.94613e+16,32.2735,2.92253,5.10287,2.35253e+19,8.76618e+20,sim07657.iv
sim07658,40.4648,3.85876,5.98803,9.87981e+20,3.28285e+19,247.93,3.70797,5.54708,8.18241e+16,8.62693e+16,42.9937,3.11564,5.07339,2.43252e+19,7.57102e+20,sim07658.iv
sim07659,45.4179,3.89467,5.91391,6.63342e+20,1.6876e+19,335.368,3.65082,5.50566,9.8003e+16,5.59605e+16,32.514,2.91548,5.05824,4.32314e+19,7.33004e+20,sim07659.iv
sim07660,28.0687,3.95659,5.9269,7.78159e+20,2.20488e+19,214.506,3.69856,5.52953,3.81088e+16,5.75522e+16,41.766,2.88813,5.0628,4.29617e+19,7.02831e+20,sim07660.iv
sim07661,42.6464,3.96207,5.81671,8.37034e+20,2.34374e+19,327.259,3.63595,5.57684,2.05111e+16,8.51915e+16,28.1895,2.8239,5.04493,1.97783e+19,6.9625e+20,sim07661.iv
sim07662,31.1734,3.85992,5.98257,8.65022e+20,2.08061e+19,252.72,3.76037,5.40089,7.68965e+16,5.57365e+16,46.0492,3.1877,5.01437,2.48661e+19,6.73249e+20,sim07662.iv
sim07663,45.3327,3.93458,5.97485,6.55407e+20,1.56144e+19,305.118,3.65057,5.56774,7.6533e+16,4.73069e+16,25.5594,2.93494,5.11173,2.87152e+19,7.94952e+20,sim07663.iv
sim07664,48.2995,3.98666,5.9144,6.39391e+20,1.52753e+19,217.142,3.63456,5.50086,1.73779e+16,1.74312e+16,38.7596,2.87463,5.08092,2.08042e+19,7.26627e+20,sim07664.iv
sim07665,44.4954,3.96616,5.80168,6.32211e+20,3.49341e+19,279.143,3.79279,5.474,6.58476e+16,4.84671e+16,36.4781,2.84757,5.09885,2.38928e+19,6.03857e+20,sim07665.iv
sim07666,32.8794,3.94853,5.99973,9.27788e+20,4.89292e+19,251.162,3.73913,5.55828,3.18405e+16,6.67646e+16,24.3416,3.1789,5.18956,1.62551e+19,8.46645e+20,sim07666.iv
sim07667,49.2814,3.81466,5.95778,7.52211e+20,2.34943e+19,259.306,3.67239,5.43776,1.25228e+16,5.9455e+16,34.9381,3.08367,5.0799,4.53409e+19,8.66431e+20,sim07667.iv
sim07668,39.3063,3.89597,5.8307,5.25777e+20,3.82224e+19,224.003,3.62167,5.45993,9.26357e+16,7.18667e+16,41.0722,3.10448,5.158,4.98078e+19,5.42288e+20,sim07668.iv
sim07669,23.2151,3.99414,5.89398,9.49897e+20,3.16432e+19,307.149,3.70677,5.58757,2.01742e+16,1.77297e+16,46.5046,2.87081,5.18082,1.00925e+19,9.82039e+20,sim07669.iv
sim07670,24.2313,3.83323,5.84192,9.01124e+20,2.46613e+19,272.628,3.66932,5.47625,4.64407e+16,7.89531e+16,37.0105,3.11525,5.11433,1.21735e+19,9.32761e+20,sim07670.iv
sim07671,26.3471,3.85279,5.88268,9.07869e+20,2.15948e+19,214.496,3.76474,5.50774,2.51892e+16,8.60598e+16,46.4877,2.99126,5.16972,2.50746e+19,9.44109e+20,sim07671.iv
sim07672,29.5046,3.991,5.94899,8.95582e+20,4.86761e+19,310.791,3.63675,5.57669,6.17375e+16,8.94694e+16,27.8192,2.87115,5.00336,3.23702e+19,5.41068e+20,sim07672.iv
sim07673,38.4195,3.88587,5.99169,5.88548e+20,2.7991e+19,345.246,3.76747,5.45501,9.48436e+16,8.36857e+16,21.5062,2.84469,5.15822,4.50272e+19,9.50164e+20,sim07673.iv
sim07674,40.497,3.91822,5.92261,6.85097e+20,4.91609e+19,311.546,3.65,5.56675,3.48306e+16,9.46943e+16,39.6329,2.93231,5.09621,2.71413e+19,8.93852e+20,sim07674.iv
sim07675,32.1611,3.95608,5.90447,9.66317e+20,3.63032e+19,266.025,3.6926,5.53668,8.29485e+16,3.70391e+16,25.6402,2.90607,5.08221,1.40817e+19,9.95167e+20,sim07675.iv
sim07676,30.191,3.99752,5.95092,5.6776e+20,1.84622e+19,275.543,3.74141,5.52248,6.4365e+16,7.36852e+16,31.0354,3.04834,5.18691,1.0335e+19,8.53192e+20,sim07676.iv
sim07677,29.253,3.9784,5.97989,5.06115e+20,4.89341e+19,211.207,3.69333,5.43219,6.16079e+16,5.20276e+16,31.4499,3.16097,5.0962,1.68931e+19,8.30413e+20,sim07677.iv
sim07678,34.4894,3.84275,5.8442,8.94054e+20,4.72712e+19,282.996,3.73632,5.42509,5.05984e+16,5.12102e+16,24.6014,2.8109,5.1346,2.47681e+19,6.90438e+20,sim07678.iv
sim07679,48.5926,3.83426,5.96003,9.4931e+20,3.95872e+19,257.797,3.67348,5.42749,1.41206e+16,3.52538e+16,29.8332,2.87217,5.15779,3.21522e+19,5.78989e+20,sim07679.iv
sim07680,21.6673,3.99542,5.92458,5.03659e+20,2.0739e+19,302.391,3.77321,5.58154,6.73291e+16,1.38446e+16,22.7307,2.86727,5.0653,4.44217e+19,9.4417e+20,sim07680.iv
sim07681,30.7495,3.86177,5.89555,6.42955e+20,4.74327e+19,268.085,3.77622,5.40436,3.28924e+16,6.58204e+16,44.0483,2.94213,5.07624,3.92105e+19,5.96329e+20,sim07681.iv
sim07682,21.268,3.82828,5.94604,8.58575e+20,1.54687e+19,233.39,3.77782,5.55279,4.93684e+16,5.89716e+16,47.3412,2.89683,5.05263,3.57375e+19,6.98102e+20,sim07682.iv
sim07683,29.715,3.95236,5.80109,7.17966e+20,2.15869e+19,342.462,3.70068,5.55849,7.84365e+16,8.60414e+16,23.5151,3.1721,5.08631,1.75809e+19,7.28365e+20,sim07683.iv
sim07684,43.9102,3.91416,5.92425,6.465e+20,4.43683e+19,291.313,3.70225,5.56164,5.59045e+16,4.15021e+16,48.9601,2.90312,5.04503,3.7411e+19,7.00347e+20,sim07684.iv
sim07685,24.2388,3.83489,5.90908,9.28032e+20,4.98842e+19,320.391,3.63983,5.53564,2.78957e+16,2.43152e+16,25.0688,2.86396,5.01274,2.55628e+19,6.50537e+20,sim07685.iv
sim07686,47.5236,3.9719,5.84632,7.56618e+20,3.09736e+19,266.048,3.68632,5.41632,6.47722e+16,5.57545e+16,34.5903,3.17094,5.17054,2.53409e+19,7.58536e+20,sim07686.iv
sim07687,31.496,3.91177,5.97879,7.78823e+20,4.77755e+19,327.542,3.65988,5.4987,4.9045e+16,1.90764e+16,28.6239,2.98037,5.167,4.68612e+19,7.00279e+20,sim07687.iv
sim07688,22.0046,3.97732,5.9207,9.33584e+20,1.37851e+19,324.499,3.60417,5.57624,9.67369e+16,6.80647e+16,35.8819,3.0426,5.15248,4.20791e+19,6.35198e+20,sim07688.iv
sim07689,27.4812,3.87994,5.892,6.47495e+20,2.48037e+19,349.183,3.71964,5.49977,5.36203e+16,5.02592e+16,20.1818,2.85354,5.14172,4.40161e+19,7.4399e+20,sim07689.iv
sim07690,48.0531,3.82835,5.80089,7.76103e+20,1.74117e+19,247.43,3.69381,5.43907,2.00019e+16,1.37702e+16,34.2938,3.16584,5.14366,3.38271e+19,5.47083e+20,sim07690.iv
sim07691,38.3894,3.92526,5.81491,8.53242e+20,3.06505e+19,348.975,3.62847,5.42299,7.03355e+16,6.49481e+16,28.1295,3.02704,5.19672,1.6864e+19,8.06464e+20,sim07691.iv
sim07692,23.3142,3.95837,5.90322,5.76332e+20,2.20965e+19,322.642,3.6853,5.59051,5.53428e+16,5.775e+16,25.1973,3.15441,5.15013,1.47128e+19,5.82956e+20,sim07692.iv
sim07693,35.685,3.95573,5.94831,5.37982e+20,3.76094e+19,346.056,3.72081,5.51063,6.66304e+16,5.90914e+16,26.6669,3.02357,5.14651,3.35387e+19,7.37974e+20,sim07693.iv
sim07694,40.6261,3.9719,5.80087,9.41516e+20,3.09091e+19,266.245,3.74108,5.59858,3.64194e+16,8.16928e+16,47.0849,2.88182,5.1745,4.71919e+19,8.00579e+20,sim07694.iv
sim07695,25.8989,3.81824,5.92049,5.99279e+20,1.77549e+19,279.91,3.67725,5.45341,7.40197e+16,4.96279e+16,35.7891,2.85578,5.17725,1.19725e+19,9.03691e+20,sim07695.iv
sim07696,24.2215,3.93376,5.80854,5.08585e+20,1.76005e+19,293.339,3.60609,5.45809,9.42248e+16,6.14894e+16,31.4716,2.8216,5.00929,3.26383e+19,9.98599e+20,sim07696.iv
sim07697,24.0826,3.8464,5.993,9.8117e+20,3.11471e+19,289.022,3.72379,5.42388,4.03608e+16,1.06565e+16,28.671,2.98423,5.00821,2.29396e+19,6.31121e+20,sim07697.iv
sim07698,46.5696,3.8172,5.86071,9.3462e+20,3.0808e+19,246.997,3.73997,5.4918,1.15507e+16,5.90818e+16,21.9344,2.84601,5.14473,3.85569e+19,6.94869e+20,sim07698.iv
sim07699,26.8332,3.80579,5.94727,8.48379e+20,4.05284e+19,225.125,3.61019,5.44064,8.17007e+16,2.41457e+16,38.0869,3.05675,5.15604,1.01704e+19,8.15563e+20,sim07699.iv
sim07700,47.7406,3.89124,5.94909,6.9511e+20,1.5228e+19,258.427,3.73902,5.41845,4.89207e+16,1.53362e+16,46.2327,3.15988,5.08513,2.48572e+19,9.04618e+20,sim07700.iv
sim07701,46.2766,3.92641,5.97757,7.5514e+20,1.58557e+19,349.425,3.77902,5.56285,9.0875e+16,1.02195e+16,49.8455,2.97428,5.00589,3.58728e+19,5.50106e+20,sim07701.iv
sim07702,28.607,3.86503,5.97779,8.4021e+20,4.85076e+19,213.29,3.7683,5.43463,3.86133e+16,8.696e+16,21.6198,3.19647,5.12888,2.9046e+19,9.88081e+20,sim07702.iv
sim07703,38.3851,3.84755,5.93016,5.40609e+20,4.61051e+19,300.612,3.72933,5.49057,8.31194e+16,7.90467e+16,37.3828,2.99689,5.08522,4.43549e+19,9.65433e+20,sim07703.iv
sim07704,40.3942,3.99632,5.99218,7.98127e+20,2.9384e+19,282.936,3.68426,5.56675,7.38777e+16,6.36868e+16,44.3054,3.04062,5.18194,1.05733e+19,7.70492e+20,sim07704.iv
sim07705,42.8975,3.9664,5.89374,6.3664e+20,1.89214e+19,262.04,3.78267,5.50979,7.55353e+16,4.84812e+16,41.0082,3.1883,5.11548,4.82762e+19,9.10122e+20,sim07705.iv
sim07706,27.1462,3.84584,5.97641,6.23757e+20,1.9263e+19,264.124,3.73495,5.4575,7.51742e+16,2.57524e+16,47.3899,2.89969,5.04909,2.15078e+19,9.23919e+20,sim07706.iv
sim07707,22.9942,3.8853,5.9576,5.18031e+20,3.09458e+19,212.797,3.70435,5.55502,7.15209e+16,1.41082e+16,25.5817,2.84459,5.08343,3.14149e+19,6.52734e+20,sim07707.iv
sim07708,39.9953,3.80635,5.82243,5.43258e+20,3.37598e+19,215.257,3.65,5.59723,3.71864e+16,3.23729e+16,36.5981,2.80246,5.02902,4.23722e+19,6.1327e+20,sim07708.iv
sim07709,24.4886,3.81691,5.88946,9.50506e+20,2.06781e+19,284.626,3.75274,5.42001,6.76368e+16,1.65301e+16,27.536,3.10702,5.03669,4.99981e+19,7.20166e+20,sim07709.iv
sim07710,29.8119,3.88404,5.81648,5.61256e+20,2.51032e+19,317.159,3.60038,5.43066,2.0835e+16,5.11211e+16,32.552,3.04884,5.06534,1.70556e+19,8.22455e+20,sim07710.iv
sim07711,40.3998,3.91623,5.92583,6.95887e+20,1.57644e+19,341.28,3.61917,5.55938,5.2126e+16,5.71835e+16,27.6123,3.13191,5.16484,3.71819e+19,6.49363e+20,sim07711.iv
sim07712,29.2759,3.93881,5.80432,9.98457e+20,1.19501e+19,276.335,3.76738,5.51793,5.00018e+16,4.2303e+16,26.3271,3.1076,5.13913,4.32849e+19,8.82863e+20,sim07712.iv
sim07713,23.716,3.80278,5.83839,5.10044e+20,4.51178e+19,258.718,3.78881,5.42594,6.98088e+16,1.76323e+16,41.0694,2.80711,5.01708,2.04703e+19,7.80975e+20,sim07713.iv
sim07714,35.2649,3.9274,5.96225,5.40486e+20,3.15317e+19,247.426,3.69946,5.41595,4.84943e+16,4.22123e+16,47.6218,2.83574,5.02021,2.81567e+19,9.75966e+20,sim07714.iv
sim07715,43.4511,3.8642,5.94294,5.39682e+20,4.93072e+19,235.284,3.63297,5.40223,3.64602e+16,1.59428e+16,47.8974,2.9426,5.10602,2.02321e+19,5.75077e+20,sim07715.iv
sim07716,21.9817,3.89302,5.86759,7.77634e+20,4.6305e+19,346.238,3.78504,5.46056,1.54458e+16,5.77321e+16,39.0256,2.84866,5.14259,1.21046e+19,6.16682e+20,sim07716.iv
sim07717,48.3756,3.9507,5.95683,9.46678e+20,2.32485e+19,295.844,3.73444,5.53009,2.81451e+16,1.52016e+16,30.9361,3.1656,5.12719,2.48317e+19,6.85761e+20,sim07717.iv
sim07718,37.9561,3.99033,5.85863,7.10494e+20,4.98531e+19,286.081,3.69977,5.53177,7.82622e+16,4.4038e+16,45.1872,2.89498,5.01553,3.17121e+19,7.98005e+20,sim07718.iv
sim07719,29.2632,3.8569,5.89378,7.43878e+20,4.1596e+19,298.971,3.76749,5.5377,3.03971e+16,8.46306e+16,26.95,3.02921,5.04807,3.06425e+19,6.92713e+20,sim07719.iv
sim07720,35.5483,3.89978,5.88434,8.92014e+20,4.14183e+19,268.858,3.77033,5.47293,6.19375e+16,2.00998e+16,45.2073,2.86887,5.12527,4.77032e+19,6.70376e+20,sim07720.iv
sim07721,26.3428,3.90851,5.97014,9.4469e+20,1.9025e+19,346.243,3.71702,5.52855,3.24042e+16,4.21321e+16,23.2941,3.09905,5.07076,3.44352e+19,8.86632e+20,sim07721.iv
sim07722,38.125,3.83319,5.82512,7.22178e+20,2.73174e+19,256.352,3.6115,5.43653,5.81845e+16,9.51059e+16,26.7792,2.81486,5.03312,3.37391e+19,5.91353e+20,sim07722.iv
sim07723,24.3448,3.96853,5.9164,9.6973e+20,4.02907e+19,253.558,3.71564,5.46655,1.17284e+16,4.92277e+16,49.076,3.11901,5.00157,2.41997e+19,8.43569e+20,sim07723.iv
sim07724,40.3564,3.84867,5.88053,8.67714e+20,4.80346e+19,255.317,3.61887,5.52585,4.76024e+16,6.15508e+16,28.8106,3.03775,5.03096,1.23459e+19,9.30441e+20,sim07724.iv
sim07725,20.9062,3.87853,5.88261,7.34645e+20,4.76042e+19,263.91,3.7267,5.49494,6.87559e+16,9.77659e+16,47.35,3.16803,5.16009,3.54726e+19,8.10369e+20,sim07725.iv
sim07726,37.6688,3.84173,5.96045,8.46272e+20,3.69477e+19,307.928,3.74242,5.43255,9.03584e+16,2.78414e+16,38.9973,2.99992,5.04304,4.64266e+19,6.96126e+20,sim07726.iv
sim07727,44.5694,3.88039,5.9854,5.14708e+20,4.58267e+19,340.836,3.76918,5.51433,9.88353e+16,3.95511e+16,40.6487,3.02751,5.03382,3.33919e+19,6.9785e+20,sim07727.iv
sim07728,24.0876,3.86074,5.80058,9.91573e+20,1.084e+19,274.196,3.60609,5.48736,7.14592e+16,6.29244e+16,35.7318,2.85303,5.09795,1.70618e+19,7.63499e+20,sim07728.iv
sim07729,29.4733,3.89433,5.83489,6.39038e+20,3.3793e+19,242.683,3.70132,5.58078,1.00509e+16,7.40307e+16,38.2204,3.18366,5.19574,4.26093e+19,9.2715e+20,sim07729.iv
sim07730,37.5796,3.88208,5.94106,5.81473e+20,3.76954e+19,291.794,3.63652,5.46503,2.74701e+16,2.38099e+16,31.7957,3.16687,5.03865,1.41838e+19,9.82131e+20,sim07730.iv
sim07731,33.6918,3.86082,5.92468,9.49024e+20,4.25716e+19,240.676,3.71994,5.48523,6.71311e+16,2.10497e+16,45.1061,3.12514,5.12243,1.37905e+19,9.51693e+20,sim07731.iv
sim07732,40.779,3.86071,5.92701,7.32561e+20,3.59591e+19,290.663,3.64304,5.49206,5.85411e+16,5.23269e+16,36.2601,2.81734,5.178,2.55504e+19,8.31933e+20,sim07732.iv
sim07733,37.5285,3.98256,5.9698,8.85338e+20,3.262e+19,282.03,3.6695,5.46888,2.49457e+16,4.16742e+16,43.3866,3.02502,5.09567,4.32755e+19,8.33231e+20,sim07733.iv
sim07734,32.7217,3.83228,5.99209,6.15191e+20,3.97542e+19,212.94,3.75595,5.54209,6.74801e+16,3.06975e+16,46.8859,2.94186,5.05421,1.5729e+19,7.76223e+20,sim07734.iv
sim07735,43.4273,3.83714,5.89801,9.47067e+20,3.90713e+19,244.719,3.68062,5.42192,1.65266e+16,7.3723e+16,23.2785,3.06181,5.17532,1.35537e+19,6.08844e+20,sim07735.iv
sim07736,21.3128,3.92466,5.85351,7.92301e+20,4.03339e+19,261.481,3.63166,5.41486,6.31226e+16,1.58483e+16,40.7361,2.82338,5.05634,4.20861e+19,9.00906e+20,sim07736.iv
sim07737,28.534,3.8973,5.92252,7.85975e+20,4.53991e+19,284.375,3.7231,5.53373,4.46414e+16,8.55952e+16,24.9317,3.0842,5.03186,1.89432e+19,8.97873e+20,sim07737.iv
sim07738,39.1469,3.92519,5.87213,9.73428e+20,2.29188e+19,231.976,3.66728,5.42962,9.81554e+16,9.3241e+16,43.1879,3.092,5.0169,2.53739e+19,6.46262e+20,sim07738.iv
sim07739,22.5873,3.96829,5.986,8.43426e+20,1.72753e+19,331.034,3.7463,5.41684,7.22322e+16,1.75389e+16,30.3799,2.81636,5.15195,3.31369e+19,7.26107e+20,sim07739.iv
sim07740,44.0325,3.95881,5.91959,5.01059e+20,4.98163e+19,337.51,3.69512,5.57427,4.14127e+16,2.72711e+16,30.3777,3.11874,5.00866,4.62115e+19,9.47485e+20,sim07740.iv
sim07741,23.2158,3.87774,5.95856,9.85238e+20,4.2642e+19,232.274,3.6611,5.47252,3.43222e+16,5.44004e+16,37.0919,3.05218,5.02583,1.45014e+19,8.70756e+20,sim07741.iv
sim07742,48.9041,3.89603,5.9617,5.53415e+20,1.87032e+19,339.961,3.77078,5.48955,9.86427e+16,8.27639e+16,34.2494,2.88783,5.0797,3.23645e+19,5.86516e+20,sim07742.iv
sim07743,26.4144,3.88319,5.85279,6.79564e+20,4.65042e+19,303.061,3.73051,5.56096,5.95036e+16,5.47987e+16,26.7571,3.19977,5.14447,3.72814e+19,6.68548e+20,sim07743.iv
sim07744,25.9532,3.93937,5.88601,8.06549e+20,1.4704e+19,328.782,3.75399,5.55685,7.81054e+16,3.0554e+16,20.5819,3.03761,5.10816,3.00689e+19,7.08868e+20,sim07744.iv
sim07745,38.3081,3.9079,5.95104,9.32905e+20,1.69719e+19,289.663,3.70502,5.5198,2.60701e+16,2.72401e+16,29.4875,2.99159,5.0637,2.56576e+19,5.48799e+20,sim07745.iv
sim07746,35.9608,3.83806,5.96442,7.65329e+20,2.26125e+19,254.903,3.64372,5.48181,8.72901e+16,5.17815e+16,38.9629,3.14193,5.1319,1.26492e+19,7.05695e+20,sim07746.iv
sim07747,25.5278,3.8706,5.92354,5.8168e+20,2.64002e+19,302.957,3.69262,5.53192,9.93608e+16,3.64312e+16,45.7988,2.95627,5.18868,4.42004e+19,8.63873e+20,sim07747.iv
sim07748,37.5445,3.87579,5.8753,8.86014e+20,2.42318e+19,340.319,3.60082,5.56304,7.8453e+16,5.61349e+16,46.417,2.81703,5.09495,1.04002e+19,6.19626e+20,sim07748.iv
sim07749,43.2021,3.87695,5.87615,7.15243e+20,3.75248e+19,297.786,3.76882,5.52631,9.34309e+16,8.45226e+16,25.2661,2.88204,5.00967,4.12889e+19,6.86711e+20,sim07749.iv
sim07750,43.9203,3.94257,5.9686,7.46208e+20,4.2638e+19,340.003,3.75794,5.43409,3.01015e+16,5.67538e+16,34.5699,3.07267,5.05753,3.89218e+19,8.83529e+20,sim07750.iv
sim07751,42.3923,3.923,5.95624,9.19673e+20,1.3031e+19,276.684,3.63271,5.59421,3.55304e+16,1.75423e+16,40.5912,2.93322,5.02499,3.2781e+19,5.7694e+20,sim07751.iv
sim07752,24.6109,3.85626,5.87514,9.94213e+20,1.41411e+19,213.923,3.745,5.53864,1.28383e+16,6.57762e+16,45.7161,2.81998,5.14527,4.77935e+19,9.34659e+20,sim07752.iv
sim07753,28.3335,3.93169,5.84907,9.10031e+20,3.1155e+19,297.148,3.66321,5.55696,2.37592e+16,7.44869e+16,41.3461,2.86235,5.08008,4.2119e+19,8.976e+20,sim07753.iv
sim07754,47.5944,3.98795,5.98327,8.46372e+20,1.8092e+19,210.164,3.74784,5.40562,2.39132e+16,6.88265e+16,37.1528,3.05908,5.13942,4.51578e+19,7.44048e+20,sim07754.iv
sim07755,30.5949,3.93891,5.89036,5.04136e+20,1.87513e+19,292.187,3.74445,5.5059,1.92267e+16,6.9237e+16,32.1448,2.89112,5.07473,3.73627e+19,7.83764e+20,sim07755.iv
sim07756,28.9199,3.97205,5.96407,5.21202e+20,4.12558e+19,289.527,3.61298,5.49294,1.03367e+16,9.70868e+16,41.6219,3.15315,5.10316,4.65244e+19,6.09175e+20,sim07756.iv
sim07757,38.8059,3.82296,5.97781,5.46631e+20,3.30274e+19,288.176,3.63366,5.50938,4.76105e+16,1.38235e+16,42.0988,2.9332,5.03221,1.34656e+19,8.44005e+20,sim07757.iv
sim07758,32.588,3.9923,5.99124,5.96746e+20,1.39822e+19,280.043,3.63699,5.49098,2.10731e+16,5.00234e+16,23.5544,3.19547,5.02753,1.60285e+19,5.78762e+20,sim07758.iv
sim07759,30.7842,3.83416,5.8893,7.06463e+20,4.01512e+19,308.846,3.78164,5.58618,3.51313e+16,3.05175e+16,44.4472,2.93865,5.16579,4.90039e+19,7.20639e+20,sim07759.iv
sim07760,46.1905,3.88107,5.90069,8.9484e+20,4.38734e+19,211.092,3.61284,5.54193,4.56185e+16,6.69621e+16,30.8009,3.16605,5.11133,2.80658e+19,9.44618e+20,sim07760.iv
sim07761,22.2495,3.93769,5.8487,6.01296e+20,2.85261e+19,328.109,3.6844,5.408,5.35853e+16,4.44205e+16,38.0588,2.98418,5.07151,4.69396e+19,8.15362e+20,sim07761.iv
sim07762,41.1068,3.84909,5.89911,6.25617e+20,3.20054e+19,224.967,3.78817,5.42714,3.83398e+16,2.27407e+16,28.9666,2.83705,5.18202,2.38197e+19,7.73453e+20,sim07762.iv
sim07763,37.6901,3.83931,5.99573,9.45209e+20,1.81685e+19,342.758,3.79078,5.51861,1.75375e+16,1.26495e+16,36.502,3.02789,5.1779,3.89014e+19,6.98188e+20,sim07763.iv
sim07764,42.2222,3.94587,5.87448,7.59428e+20,3.49513e+19,243.607,3.65055,5.4997,8.75959e+16,7.38381e+16,26.1479,2.8164,5.18727,2.28568e+19,7.54459e+20,sim07764.iv
sim07765,21.1756,3.87963,5.85215,9.83587e+20,2.37844e+19,233.669,3.74115,5.47694,8.05994e+16,1.23146e+16,31.3978,2.80779,5.00809,2.28595e+19,5.64768e+20,sim07765.iv
sim07766,36.0512,3.9963,5.98085,7.47729e+20,2.75844e+19,335.95,3.72458,5.55085,5.85144e+16,3.01006e+16,30.3336,3.17546,5.10726,2.38467e+19,5.04711e+20,sim07766.iv
sim07767,31.7028,3.86026,5.8833,7.43133e+20,3.55607e+19,338.575,3.71345,5.57676,9.84926e+16,1.37805e+16,21.7135,3.17136,5.01399,1.75941e+19,5.72803e+20,sim07767.iv
sim07768,36.7942,3.90274,5.82246,8.08485e+20,1.06139e+19,328.845,3.64224,5.44452,7.2007e+16,5.8685e+16,39.8911,2.86241,5.07103,2.3255e+19,9.85012e+20,sim07768.iv
sim07769,42.9556,3.99095,5.91833,8.44598e+20,1.99165e+19,225.816,3.7095,5.54456,6.83809e+16,9.23537e+16,30.9878,2.87068,5.02953,1.1512e+19,7.76022e+20,sim07769.iv
sim07770,29.871,3.88762,5.87999,7.68542e+20,2.70088e+19,318.519,3.68075,5.59607,5.33082e+16,3.42121e+16,44.0178,2.93704,5.0926,2.08685e+19,8.99846e+20,sim07770.iv
sim07771,36.9496,3.863,5.94515,5.95669e+20,2.54532e+19,254.839,3.75589,5.54754,7.75912e+16,1.53698e+16,39.4251,2.89376,5.19271,3.15516e+19,9.44968e+20,sim07771.iv
sim07772,37.4696,3.86243,5.98018,7.37859e+20,1.02214e+19,263.523,3.79004,5.40595,2.46645e+16,2.15387e+16,38.3518,3.12239,5.00157,4.30701e+19,5.71307e+20,sim07772.iv
sim07773,31.0142,3.94796,5.98621,9.82165e+20,1.95049e+19,348.654,3.76229,5.49846,6.67696e+16,6.60237e+16,46.6737,2.95887,5.16948,4.1469e+19,5.73715e+20,sim07773.iv
sim07774,34.3884,3.96644,5.99395,5.41442e+20,4.90243e+19,332.482,3.73667,5.47455,9.01264e+16,3.43847e+16,23.2524,2.80222,5.08137,3.4182e+19,6.10598e+20,sim07774.iv
sim07775,21.5135,3.80578,5.94558,6.93081e+20,3.53973e+19,254.608,3.63057,5.41708,1.00937e+16,5.08365e+16,23.1713,3.18082,5.07473,4.54379e+19,5.4025e+20,sim07775.iv
sim07776,23.4806,3.89928,5.96158,8.72265e+20,1.9094e+19,265.216,3.71944,5.46048,2.45112e+16,5.00142e+16,34.0376,2.88815,5.074,1.66344e+19,7.57531e+20,sim07776.iv
sim07777,44.512,3.84613,5.98293,5.59707e+20,4.84998e+19,344.393,3.71187,5.53575,8.04161e+16,2.77123e+16,29.955,2.93111,5.06058,2.18555e+19,8.33442e+20,sim07777.iv
sim07778,31.4494,3.85896,5.94579,9.03337e+20,1.55279e+19,276.788,3.66072,5.51634,4.89666e+16,6.23605e+16,43.5005,2.96382,5.09964,2.22822e+19,5.44721e+20,sim07778.iv
sim07779,27.1891,3.8464,5.89776,8.3101e+20,2.6441e+19,273.393,3.70701,5.45944,8.23434e+16,5.25215e+16,33.7456,3.02114,5.07309,1.39857e+19,7.19059e+20,sim07779.iv
sim07780,44.166,3.99765,5.96518,6.30032e+20,1.88471e+19,330.174,3.73397,5.54164,3.08757e+16,3.28653e+16,35.0085,2.9312,5.07414,4.97112e+19,6.88595e+20,sim07780.iv
sim07781,45.7714,3.96225,5.90032,9.72924e+20,2.56967e+19,270.236,3.63675,5.52499,3.56705e+16,5.00145e+16,45.706,3.11507,5.02137,4.01083e+19,8.20146e+20,sim07781.iv
sim07782,42.3601,3.80689,5.91748,5.54047e+20,3.77591e+19,219.677,3.62224,5.43178,6.38941e+16,5.34089e+16,38.3549,2.94957,5.13153,2.59468e+19,7.4167e+20,sim07782.iv
sim07783,46.8103,3.85909,5.93414,5.80718e+20,4.08639e+19,231.426,3.76638,5.4085,3.60373e+16,7.05405e+16,22.8429,3.16701,5.10026,2.68287e+19,7.80837e+20,sim07783.iv
sim07784,46.3926,3.85004,5.88955,5.81826e+20,4.66076e+19,348.451,3.6711,5.53328,7.36157e+16,4.17627e+16,47.0904,2.99907,5.16866,3.1297e+19,8.56129e+20,sim07784.iv
sim07785,30.83,3.92116,5.98793,8.01588e+20,2.22673e+19,308.376,3.75261,5.57536,6.51605e+16,3.78282e+16,37.8854,2.93555,5.09994,1.95854e+19,6.69124e+20,sim07785.iv
sim07786,43.9362,3.91091,5.92605,8.51975e+20,2.29706e+19,242.872,3.63021,5.43328,2.99157e+16,3.24538e+16,42.5772,2.9104,5.18126,2.52497e+19,7.80656e+20,sim07786.iv
sim07787,28.0837,3.90106,5.8093,5.60431e+20,2.59556e+19,299.188,3.78002,5.55543,7.87673e+16,6.27345e+16,32.6975,3.16926,5.0076,1.13239e+19,9.30923e+20,sim07787.iv
sim07788,46.4404,3.84826,5.89628,6.46303e+20,2.69792e+19,284.524,3.76414,5.40981,7.23969e+16,1.75374e+16,49.9729,2.99811,5.11265,3.51631e+19,9.6044e+20,sim07788.iv
sim07789,24.9585,3.89959,5.88409,9.31223e+20,2.80414e+19,287.513,3.71646,5.43638,9.21228e+16,5.10949e+16,34.0801,3.16805,5.03588,2.79207e+19,6.46839e+20,sim07789.iv
sim07790,46.8252,3.87252,5.94236,6.88964e+20,4.42944e+19,295.085,3.60541,5.50563,2.10144e+16,4.96498e+16,28.4419,3.18902,5.17707,1.7777e+19,8.78766e+20,sim07790.iv
sim07791,24.2859,3.92876,5.88338,7.51133e+20,4.54736e+19,272.748,3.64094,5.50258,6.34491e+16,2.96576e+16,24.1685,3.0917,5.06172,3.61209e+19,6.53111e+20,sim07791.iv
sim07792,26.4127,3.82138,5.98781,8.53865e+20,1.37836e+19,223.14,3.63062,5.49863,5.05845e+16,7.20734e+16,39.0058,3.12792,5.06593,4.4698e+19,8.16744e+20,sim07792.iv
sim07793,26.7431,3.98605,5.96569,5.35018e+20,3.58712e+19,281.471,3.78113,5.47581,3.93537e+16,1.06316e+16,27.5506,3.08261,5.07112,4.99004e+19,9.80546e+20,sim07793.iv
sim07794,41.5556,3.90175,5.88652,7.19112e+20,3.99794e+19,261.272,3.79767,5.52587,7.40408e+16,9.03944e+16,45.8574,3.05304,5.06315,3.93191e+19,7.45442e+20,sim07794.iv
sim07795,21.8216,3.90462,5.86011,5.66865e+20,3.91509e+19,212.989,3.6825,5.41901,3.09099e+16,1.35004e+16,37.8006,3.11129,5.05544,3.07198e+19,6.28348e+20,sim07795.iv
sim07796,40.2859,3.92883,5.90981,5.72151e+20,1.59626e+19,261.148,3.75274,5.4584,6.71403e+16,9.67373e+16,47.8444,2.92999,5.07052,4.90098e+19,7.84538e+20,sim07796.iv
sim07797,37.6494,3.88965,5.82042,5.12895e+20,3.26054e+19,259.267,3.7081,5.58504,9.3497e+16,3.13828e+16,47.7606,2.81039,5.13906,1.98277e+19,6.06516e+20,sim07797.iv
sim07798,33.0085,3.83675,5.96142,6.05295e+20,4.96919e+19,311.395,3.71204,5.43574,8.07154e+16,6.31011e+16,26.7486,2.84827,5.19776,3.30886e+19,7.98634e+20,sim07798.iv
sim07799,29.4703,3.85236,5.86889,5.82394e+20,3.79891e+19,321.867,3.70368,5.59543,6.09233e+16,3.5602e+16,30.1585,3.00068,5.16476,4.96021e+19,5.21716e+20,sim07799.iv
sim07800,34.9922,3.81809,5.84016,8.03647e+20,1.26823e+19,295.745,3.76329,5.40832,3.81088e+16,4.21949e+16,26.5935,3.07446,5.12008,2.6411e+19,6.29921e+20,sim07800.iv
sim07801,31.4437,3.94949,5.96983,6.38803e+20,4.71802e+19,229.833,3.62709,5.53665,4.2816e+16,3.48802e+16,34.8249,3.14261,5.15673,4.06909e+19,8.10085e+20,sim07801.iv
sim07802,33.2448,3.86213,5.91436,9.00024e+20,3.35712e+19,215.927,3.73529,5.49107,6.86039e+16,9.40936e+16,43.76,2.87532,5.06755,4.97644e+19,5.29411e+20,sim07802.iv
sim07803,20.9951,3.81205,5.95405,7.94935e+20,1.79307e+19,309.204,3.75446,5.54498,3.67419e+16,3.34545e+16,26.7412,2.95334,5.01576,3.30403e+19,6.2095e+20,sim07803.iv
sim07804,36.2545,3.80471,5.85371,5.1174e+20,2.21471e+19,258.255,3.68959,5.43627,8.76918e+16,8.02501e+16,44.9324,3.01869,5.12549,2.14468e+19,6.68611e+20,sim07804.iv
sim07805,43.7933,3.91166,5.95074,7.13266e+20,4.93581e+19,266.809,3.76644,5.43394,2.0526e+16,8.11523e+16,34.8648,2.83389,5.01891,2.94361e+19,8.76943e+20,sim07805.iv
sim07806,20.3359,3.87702,5.8536,7.47461e+20,4.9353e+19,261.039,3.71191,5.57534,7.47093e+16,7.93756e+16,25.9744,3.00462,5.18795,2.23405e+19,6.50383e+20,sim07806.iv
sim07807,22.3858,3.91632,5.90163,9.38047e+20,2.89481e+19,293.121,3.73593,5.53965,9.97741e+16,2.752e+16,29.1217,3.08811,5.10926,2.49984e+19,5.95383e+20,sim07807.iv
sim07808,29.7778,3.98841,5.9115,8.78629e+20,2.11006e+19,281.671,3.63682,5.51257,2.3304e+16,8.51886e+16,23.8596,3.12305,5.01399,4.68481e+19,9.21606e+20,sim07808.iv
sim07809,40.8968,3.9338,5.87834,9.97952e+20,1.01704e+19,216.643,3.74365,5.51937,3.33387e+16,4.48183e+16,37.9643,2.96496,5.01246,1.14242e+19,7.21855e+20,sim07809.iv
sim07810,34.232,3.93367,5.99686,5.39146e+20,2.11994e+19,291.492,3.66957,5.45909,3.76517e+16,2.93559e+16,38.4974,3.05359,5.14139,1.53059e+19,5.89934e+20,sim07810.iv
sim07811,49.9065,3.84921,5.92254,5.43609e+20,3.95936e+19,229.44,3.67995,5.44409,4.84095e+16,9.36696e+16,27.7659,2.87058,5.01534,1.77256e+19,8.91456e+20,sim07811.iv
sim07812,26.2853,3.99038,5.85742,6.24837e+20,4.29033e+19,294.128,3.69136,5.43484,7.38656e+16,6.64344e+16,48.416,3.18529,5.1202,2.12012e+19,9.48669e+20,sim07812.iv
sim07813,25.2483,3.92029,5.83568,7.30872e+20,1.61571e+19,348.679,3.63389,5.52015,3.64433e+16,9.32926e+16,47.3586,3.14467,5.12123,2.50504e+19,8.26202e+20,sim07813.iv
sim07814,22.5568,3.80214,5.89724,6.91978e+20,4.46206e+19,310.256,3.78273,5.41624,7.42721e+16,5.80859e+16,20.008,2.82189,5.19588,1.97981e+19,5.61115e+20,sim07814.iv
sim07815,37.3702,3.82546,5.92986,6.8579e+20,4.00735e+19,273.519,3.7547,5.52337,7.67498e+16,9.09548e+16,37.5072,2.92762,5.12883,2.17961e+19,7.09084e+20,sim07815.iv
sim07816,27.4908,3.91798,5.86894,5.69622e+20,3.50099e+19,340.172,3.61902,5.59967,7.8971e+16,4.61369e+16,42.2771,3.19856,5.09308,1.75341e+19,5.57277e+20,sim07816.iv
sim07817,47.1549,3.98056,5.93492,9.44668e+20,4.77695e+19,304.719,3.60081,5.46372,2.81939e+16,6.08986e+16,38.4827,3.18074,5.18756,1.26285e+19,8.7564e+20,sim07817.iv
sim07818,33.9503,3.97362,5.80166,7.42626e+20,2.41351e+19,279.676,3.74961,5.54317,3.06358e+16,2.38924e+16,36.2774,3.10758,5.19982,1.00108e+19,6.46653e+20,sim07818.iv
sim07819,44.8526,3.90389,5.8207,6.09241e+20,2.45746e+19,349.714,3.71298,5.48228,7.24024e+16,3.99399e+16,29.6455,2.85247,5.10948,4.27675e+19,7.55134e+20,sim07819.iv
sim07820,49.6961,3.92738,5.90818,7.53098e+20,1.3144e+19,347.394,3.77259,5.4308,9.82504e+16,2.50375e+16,22.1347,2.98814,5.04471,1.33798e+19,6.30358e+20,sim07820.iv
sim07821,31.1077,3.90683,5.98278,7.53308e+20,4.99291e+19,292.992,3.76906,5.50599,3.70678e+16,9.99632e+16,40.0042,3.18214,5.12784,1.08047e+19,8.59863e+20,sim07821.iv
sim07822,49.7247,3.9225,5.93067,6.06566e+20,4.34996e+19,210.485,3.75172,5.45416,3.06932e+16,8.27005e+16,30.0155,2.95859,5.07714,3.51357e+19,9.47869e+20,sim07822.iv
sim07823,44.6762,3.93647,5.95396,5.4872e+20,4.86595e+19,253.004,3.62313,5.58331,3.34701e+16,2.31934e+16,49.7178,2.80773,5.13846,2.55995e+19,9.09009e+20,sim07823.iv
sim07824,21.9861,3.86343,5.84833,5.63148e+20,3.32176e+19,254.389,3.67899,5.53119,1.66982e+16,8.17342e+16,31.962,2.90519,5.16288,1.97313e+19,8.16856e+20,sim07824.iv
sim07825,25.8275,3.91174,5.8801,9.30995e+20,2.59542e+19,305.934,3.79656,5.40047,1.80184e+16,6.14127e+16,27.4418,2.80244,5.18883,2.1403e+19,9.98355e+20,sim07825.iv
sim07826,26.2869,3.98507,5.80075,8.01779e+20,3.977e+19,307.14,3.75714,5.57325,4.05618e+16,6.40768e+16,41.3895,3.14306,5.0046,1.09907e+19,9.96882e+20,sim07826.iv
sim07827,23.7323,3.85152,5.85613,7.05628e+20,3.97109e+19,341.274,3.70893,5.5147,4.5771e+16,6.37854e+16,21.2403,3.01497,5.1856,4.11213e+19,6.93367e+20,sim07827.iv
sim07828,43.6442,3.84905,5.94227,6.26277e+20,3.94447e+19,243.27,3.66817,5.4568,8.84157e+16,8.33451e+16,41.4181,2.88891,5.10514,4.22512e+19,7.91646e+20,sim07828.iv
sim07829,27.3973,3.84683,5.94035,8.33384e+20,1.22738e+19,229.849,3.65494,5.49031,1.49167e+16,4.80941e+16,45.1537,3.15223,5.05725,4.06397e+19,8.68071e+20,sim07829.iv
sim07830,41.0662,3.96446,5.97102,8.01856e+20,3.89758e+19,212.189,3.62886,5.41415,3.64973e+16,3.0857e+16,47.2853,2.91299,5.02078,2.54554e+19,7.30676e+20,sim07830.iv
sim07831,45.368,3.9029,5.8209,6.76173e+20,4.74759e+19,346.734,3.71006,5.50281,2.65042e+16,3.95707e+16,31.6782,2.94665,5.09089,1.75028e+19,8.91683e+20,sim07831.iv
sim07832,38.9714,3.91138,5.83683,5.2287e+20,2.8931e+19,280.476,3.71232,5.4219,1.06346e+16,6.50177e+16,47.2748,2.90243,5.11856,1.58194e+19,6.65442e+20,sim07832.iv
sim07833,23.5163,3.85296,5.93198,5.8821e+20,3.84153e+19,255.317,3.76556,5.47974,7.1773e+16,5.45212e+16,32.0304,2.83324,5.04983,3.68453e+19,7.41035e+20,sim07833.iv
sim07834,46.8733,3.94968,5.80352,8.08154e+20,1.05208e+19,343.56,3.69919,5.50994,3.95857e+16,3.92235e+16,41.7526,2.97473,5.01601,3.19393e+19,5.35126e+20,sim07834.iv
sim07835,40.1045,3.87472,5.80044,6.75375e+20,4.7458e+19,295.192,3.71896,5.56409,6.54265e+16,5.73654e+16,46.6996,2.81374,5.15412,4.60387e+19,5.14944e+20,sim07835.iv
sim07836,46.7538,3.80698,5.84335,9.56197e+20,1.3824e+19,223.95,3.75764,5.59569,9.75329e+16,1.25788e+16,41.2973,2.80124,5.14128,4.62162e+19,6.19237e+20,sim07836.iv
sim07837,32.0974,3.84019,5.83751,9.57088e+20,1.63316e+19,291.541,3.61394,5.49181,8.21501e+16,1.76736e+16,29.9547,2.84895,5.11185,4.92032e+19,6.32448e+20,sim07837.iv
sim07838,23.474,3.83851,5.8107,6.06478e+20,2.68134e+19,231.458,3.60139,5.50661,3.62384e+16,8.46422e+16,35.6132,2.98753,5.17645,2.17204e+19,7.70579e+20,sim07838.iv
sim07839,34.6008,3.81452,5.86964,8.42299e+20,4.88697e+19,294.378,3.60746,5.49351,2.74377e+16,4.89712e+16,48.0913,3.16162,5.07084,4.6212e+19,5.25936e+20,sim07839.iv
sim07840,46.7347,3.94022,5.98509,6.8693e+20,3.30001e+19,329.174,3.71803,5.44556,7.15666e+16,2.6823e+16,26.5,2.85817,5.02332,2.36104e+19,8.68188e+20,sim07840.iv
sim07841,41.7756,3.90861,5.98165,6.3958e+20,2.06431e+19,315.528,3.74309,5.46598,9.24596e+16,8.33476e+16,27.9748,2.98262,5.05232,1.97663e+19,9.55863e+20,sim07841.iv
sim07842,38.5335,3.82848,5.82194,6.92514e+20,2.39365e+19,343.075,3.76279,5.59702,9.38992e+16,7.90625e+16,37.7833,2.95645,5.16337,1.82979e+19,8.98048e+20,sim07842.iv
sim07843,31.5925,3.95195,5.89471,7.25833e+20,4.61837e+19,235.324,3.61585,5.49806,2.10529e+16,4.88108e+16,20.3762,3.03109,5.1109,1.27029e+19,7.35476e+20,sim07843.iv
sim07844,29.9449,3.9678,5.88251,6.23056e+20,1.64517e+19,326.743,3.6353,5.57943,4.3014e+16,4.35326e+16,40.3924,2.80793,5.06003,3.87718e+19,9.43061e+20,sim07844.iv
sim07845,37.9119,3.81608,5.97711,9.40518e+20,4.19625e+19,267.437,3.7006,5.46602,3.27722e+16,6.45505e+16,30.3701,2.8434,5.00352,3.40376e+19,7.98067e+20,sim07845.iv
sim07846,23.595,3.97752,5.83719,7.06062e+20,4.94573e+19,250.793,3.64279,5.55709,8.17158e+16,4.54904e+16,44.3959,3.13582,5.00851,3.92782e+19,8.76078e+20,sim07846.iv
sim07847,45.4218,3.96245,5.82578,5.72823e+20,2.02202e+19,303.074,3.7582,5.51323,3.93002e+16,9.71203e+16,47.796,2.8629,5.07685,2.83061e+19,6.14497e+20,sim07847.iv
sim07848,39.1698,3.82949,5.98799,8.83899e+20,3.05298e+19,300.939,3.62958,5.59185,8.43726e+16,6.25642e+16,21.6175,3.16749,5.14708,1.32874e+19,7.93711e+20,sim07848.iv
sim07849,24.2282,3.82417,5.90361,9.09221e+20,3.44261e+19,240.83,3.64111,5.47353,4.90808e+16,8.75866e+16,43.8946,2.95789,5.15432,4.44952e+19,7.49181e+20,sim07849.iv
sim07850,42.8987,3.86135,5.82512,8.84503e+20,4.47836e+19,215.698,3.72948,5.49927,7.17913e+16,3.42802e+16,47.1235,2.97355,5.01058,1.42083e+19,9.95767e+20,sim07850.iv
sim07851,42.2607,3.8015,5.88381,9.63233e+20,2.65557e+19,275.189,3.60205,5.56781,4.76862e+16,9.15899e+16,20.2316,2.80494,5.10147,1.50813e+19,8.51783e+20,sim07851.iv
sim07852,23.1197,3.80387,5.93253,5.30016e+20,2.02039e+19,291.817,3.67396,5.4558,8.31603e+16,5.55924e+16,38.2762,2.87498,5.10395,4.94226e+19,9.95392e+20,sim07852.iv
sim07853,27.0368,3.83283,5.95414,8.35874e+20,1.66428e+19,338.825,3.77584,5.50406,8.13288e+16,3.15102e+16,37.7165,2.98549,5.16605,4.60484e+19,8.84484e+20,sim07853.iv
sim07854,28.2003,3.80408,5.99061,7.30749e+20,1.65901e+19,319.746,3.76323,5.48893,8.66341e+16,7.82729e+16,32.4697,2.83887,5.07437,4.79769e+19,7.79107e+20,sim07854.iv
sim07855,33.7356,3.84011,5.8643,7.11344e+20,4.17928e+19,213.963,3.7772,5.55362,2.31427e+16,6.38142e+16,49.6954,3.18981,5.14632,4.90136e+19,7.41693e+20,sim07855.iv
sim07856,38.9676,3.89861,5.97008,6.56583e+20,1.58322e+19,282.139,3.67272,5.56436,5.60866e+16,1.75164e+16,41.4038,2.86319,5.08248,2.06937e+19,7.21199e+20,sim07856.iv
sim07857,48.3421,3.90031,5.85508,8.09665e+20,3.86791e+19,347.917,3.63189,5.47247,6.7487e+16,7.93305e+16,41.0738,3.0364,5.07695,4.70741e+19,9.02477e+20,sim07857.iv
sim07858,37.5222,3.80394,5.98142,5.17406e+20,4.47301e+19,305.98,3.61285,5.42521,9.89191e+16,5.46165e+16,33.1639,2.88426,5.03652,1.03905e+19,6.43136e+20,sim07858.iv
sim07859,40.1948,3.93185,5.94464,8.51174e+20,2.86193e+19,341.612,3.6104,5.51051,8.64247e+16,4.21593e+16,35.3228,3.08111,5.16613,1.92614e+19,6.53835e+20,sim07859.iv
sim07860,20.3588,3.9567,5.84832,6.61877e+20,1.16888e+19,274.385,3.77958,5.43599,8.38379e+16,3.97555e+16,23.0054,3.1671,5.16949,2.89536e+19,8.83587e+20,sim07860.iv
sim07861,26.6196,3.8567,5.95663,5.10163e+20,1.07694e+19,290.657,3.76711,5.44384,1.69669e+16,2.04886e+16,35.1805,2.80097,5.18534,1.934e+19,9.59787e+20,sim07861.iv
sim07862,31.0779,3.8398,5.8312,9.7085e+20,3.77454e+19,309.368,3.64123,5.52621,1.75822e+16,2.19783e+16,20.9197,3.04256,5.17873,3.94762e+19,5.50863e+20,sim07862.iv
sim07863,22.1815,3.85671,5.88878,5.9888e+20,1.13272e+19,317.595,3.75982,5.4826,6.64773e+16,1.56778e+16,28.5257,2.89979,5.01044,4.06146e+19,7.54623e+20,sim07863.iv
sim07864,33.1613,3.81499,5.91927,7.64883e+20,3.31929e+19,266.454,3.67093,5.41321,7.90331e+16,5.21979e+16,26.7582,2.87044,5.06225,4.80115e+19,7.28535e+20,sim07864.iv
sim07865,33.7224,3.83061,5.97389,7.00536e+20,1.36305e+19,224.425,3.66411,5.43776,5.30838e+16,5.9575e+16,45.1634,2.92577,5.0787,2.19545e+19,9.77458e+20,sim07865.iv
sim07866,47.0974,3.84334,5.93131,5.6518e+20,3.97076e+19,325.094,3.64873,5.59451,8.47539e+16,5.47265e+16,22.9084,2.95825,5.09535,4.35521e+19,7.17207e+20,sim07866.iv
sim07867,20.4196,3.87288,5.87169,8.33354e+20,1.97764e+19,231.48,3.68245,5.5212,3.49366e+16,4.97148e+16,41.0007,3.04925,5.0005,1.25208e+19,7.368e+20,sim07867.iv
sim07868,22.4868,3.96291,5.92148,5.21105e+20,3.15246e+19,261.179,3.60747,5.57275,1.88938e+16,9.46487e+16,40.3814,3.03833,5.12422,4.2343e+19,7.02347e+20,sim07868.iv
sim07869,20.7613,3.9554,5.80249,5.50555e+20,2.22069e+19,335.563,3.60089,5.41942,6.38856e+16,3.04253e+16,28.4481,3.03962,5.03569,3.75291e+19,7.91307e+20,sim07869.iv
sim07870,34.6286,3.89514,5.9655,6.8022e+20,2.80973e+19,245.893,3.66186,5.56399,6.98871e+16,9.47063e+16,20.8568,3.09972,5.18372,3.2498e+19,6.56781e+20,sim07870.iv
sim07871,38.9768,3.82142,5.81805,9.85639e+20,4.16543e+19,279.563,3.78022,5.46516,9.80708e+16,1.64981e+16,38.9449,2.80741,5.12787,4.37831e+19,9.5658e+20,sim07871.iv
sim07872,46.0609,3.97062,5.9586,6.39042e+20,3.51099e+19,341.262,3.67155,5.42915,7.81487e+16,9.96908e+16,20.3355,2.99778,5.00073,3.35815e+19,5.3207e+20,sim07872.iv
sim07873,40.8245,3.84565,5.95646,8.96521e+20,4.77973e+19,309.795,3.64896,5.46613,8.00059e+16,5.41752e+16,42.7426,3.1607,5.13761,1.34104e+19,8.17377e+20,sim07873.iv
sim07874,38.2771,3.82873,5.89258,6.45833e+20,3.97786e+19,220.4,3.62067,5.51275,7.77296e+16,7.10565e+16,44.0602,2.90102,5.10821,3.93555e+19,5.93052e+20,sim07874.iv
sim07875,31.9917,3.90796,5.993,9.59715e+20,1.11508e+19,261.198,3.72451,5.56568,9.33442e+16,1.42771e+16,49.4846,3.03521,5.04642,4.21064e+19,5.38588e+20,sim07875.iv
sim07876,41.3596,3.99688,5.99226,5.11168e+20,2.78305e+19,246.173,3.76418,5.58596,6.06905e+16,1.75293e+16,43.7854,2.92724,5.15728,1.2596e+19,6.65636e+20,sim07876.iv
sim07877,47.1863,3.8281,5.98106,9.40231e+20,1.85273e+19,259.243,3.64727,5.58136,9.41974e+16,1.15376e+16,44.6864,3.12909,5.06806,4.66205e+19,7.78561e+20,sim07877.iv
sim07878,33.1909,3.83398,5.8207,9.993e+20,2.18741e+19,288.853,3.64266,5.40441,3.16566e+16,8.03778e+16,36.0184,3.16145,5.1218,4.2514e+19,8.68682e+20,sim07878.iv
sim07879,22.3351,3.88203,5.90053,8.11409e+20,4.22813e+19,279.017,3.71949,5.572,1.92361e+16,2.92429e+16,37.7685,2.97434,5.15995,2.83272e+19,9.95164e+20,sim07879.iv
sim07880,33.3417,3.81911,5.89426,8.94571e+20,1.21125e+19,265.631,3.68684,5.59043,1.83103e+16,2.37014e+16,34.5985,3.15882,5.08837,4.31278e+19,6.27563e+20,sim07880.iv
sim07881,25.2926,3.97181,5.88233,9.00401e+20,4.44019e+19,260.809,3.60377,5.55925,4.17353e+16,7.69769e+16,36.1644,3.08109,5.10198,2.67667e+19,7.46879e+20,sim07881.iv
sim07882,42.46,3.8661,5.9737,6.88129e+20,4.2101e+19,240.116,3.61129,5.41004,4.85728e+16,9.93561e+16,48.1061,3.09441,5.00751,4.98791e+19,7.98551e+20,sim07882.iv
sim07883,32.3513,3.92271,5.87405,8.02318e+20,1.34528e+19,271.423,3.75878,5.44751,3.19195e+16,2.89427e+16,31.5425,3.09054,5.05515,2.76658e+19,7.26019e+20,sim07883.iv
sim07884,34.2158,3.8877,5.81134,7.78975e+20,2.25307e+19,325.468,3.60731,5.47617,2.88702e+16,5.37615e+16,28.2592,2.94169,5.01592,1.50136e+19,6.29788e+20,sim07884.iv
sim07885,40.3708,3.87085,5.90148,5.22285e+20,3.89307e+19,292.715,3.75632,5.40276,7.13039e+16,7.376e+16,31.0803,3.09069,5.18382,2.07214e+19,6.68994e+20,sim07885.iv
sim07886,22.0006,3.95651,5.94458,5.72437e+20,4.25196e+19,319.865,3.71181,5.58551,4.8726e+16,4.83879e+16,34.4243,3.00213,5.04843,4.18069e+19,6.44138e+20,sim07886.iv
sim07887,20.6339,3.92972,5.97927,9.40078e+20,1.30997e+19,322.308,3.66036,5.43418,8.35995e+16,2.10385e+16,34.4842,2.8227,5.11716,1.39376e+19,5.2054e+20,sim07887.iv
sim07888,43.4498,3.96723,5.9257,6.91645e+20,4.84697e+19,283.236,3.67987,5.56093,6.89314e+16,9.17257e+16,45.13,3.11484,5.13493,4.42064e+19,9.19219e+20,sim07888.iv
sim07889,34.0449,3.89286,5.93253,6.39435e+20,4.65392e+19,300.07,3.6256,5.57748,3.85073e+16,8.29629e+16,25.7092,3.15856,5.01128,1.87775e+19,6.74989e+20,sim07889.iv
sim07890,47.4564,3.93986,5.83583,9.92091e+20,2.09736e+19,293.28,3.61143,5.56794,8.66413e+16,5.36287e+16,33.561,3.12347,5.02969,4.08034e+19,9.37127e+20,sim07890.iv
sim07891,38.8768,3.85136,5.85689,7.39911e+20,4.21255e+19,234.958,3.60373,5.59484,4.67942e+16,7.55038e+16,37.9936,3.10494,5.01681,4.09323e+19,9.38976e+20,sim07891.iv
sim07892,21.888,3.89742,5.96938,8.05775e+20,1.87432e+19,237.176,3.65489,5.517,7.64024e+16,6.31553e+16,35.3608,2.94963,5.01579,4.48027e+19,5.82605e+20,sim07892.iv
sim07893,36.1421,3.98134,5.82138,7.01648e+20,1.47118e+19,311.579,3.72959,5.47778,8.09662e+16,9.7458e+16,41.2698,3.18941,5.08774,2.37747e+19,5.99444e+20,sim07893.iv
sim07894,41.7152,3.99186,5.87318,6.74801e+20,1.33424e+19,328.911,3.65586,5.4087,4.86431e+16,5.28937e+16,43.8553,3.08942,5.16665,3.94167e+19,5.25519e+20,sim07894.iv
sim07895,43.8968,3.9352,5.92469,8.14761e+20,2.92855e+19,318.72,3.65705,5.46009,1.35034e+16,9.03543e+16,27.463,3.19905,5.15974,4.285e+19,5.66179e+20,sim07895.iv
sim07896,38.3028,3.82013,5.8396,9.94767e+20,2.07779e+19,309.059,3.70979,5.46818,8.90594e+16,8.57897e+16,44.5241,3.18501,5.08286,2.42446e+19,9.10967e+20,sim07896.iv
sim07897,33.9427,3.9882,5.80323,7.6439e+20,1.33655e+19,342.626,3.68138,5.57501,5.19353e+16,8.07159e+16,29.2678,2.9236,5.16028,1.14891e+19,6.03038e+20,sim07897.iv
sim07898,24.4081,3.93584,5.88855,9.3344e+20,2.62638e+19,325.977,3.65669,5.49671,5.32233e+16,7.43875e+16,41.7237,2.94142,5.13257,2.8509e+19,8.85968e+20,sim07898.iv
sim07899,48.5817,3.84288,5.91744,9.51161e+20,3.66921e+19,215.869,3.68154,5.46363,9.14269e+16,5.88203e+16,25.7126,2.99675,5.12984,2.51645e+19,5.72822e+20,sim07899.iv
sim07900,32.3123,3.82327,5.97541,7.94321e+20,1.29111e+19,301.212,3.68859,5.44709,2.78004e+16,1.01123e+16,30.2948,3.1611,5.07222,3.90242e+19,5.14453e+20,sim07900.iv
sim07901,36.7159,3.94883,5.97231,6.76188e+20,1.95152e+19,262.914,3.63171,5.50645,1.82038e+16,5.83019e+16,31.7166,3.16085,5.15281,1.5301e+19,9.69307e+20,sim07901.iv
sim07902,44.4189,3.95304,5.86049,8.251e+20,3.24017e+19,217.28,3.754,5.5973,3.62544e+16,5.64262e+16,43.4947,3.16236,5.00077,3.42474e+19,8.46121e+20,sim07902.iv
sim07903,37.2417,3.87198,5.90471,6.78601e+20,4.70772e+19,320.792,3.72116,5.4749,3.01234e+16,3.48427e+16,32.2207,2.96931,5.05475,2.09251e+19,7.72465e+20,sim07903.iv
sim07904,42.9898,3.85653,5.96682,8.02456e+20,2.71832e+19,312.451,3.64298,5.52103,7.27504e+16,9.73939e+16,35.1492,3.04034,5.13241,1.46939e+19,9.60304e+20,sim07904.iv
sim07905,41.0053,3.88565,5.81684,7.3493e+20,3.76236e+19,256.443,3.72075,5.44688,2.07276e+16,9.03423e+16,26.2197,3.05272,5.12955,4.37933e+19,6.90362e+20,sim07905.iv
sim07906,28.1765,3.81818,5.95814,9.60424e+20,2.59651e+19,250.779,3.65276,5.58218,4.54018e+16,7.58532e+16,38.6279,2.99558,5.05639,3.91181e+19,7.18715e+20,sim07906.iv
sim07907,24.0385,3.8895,5.97935,7.45736e+20,4.36757e+19,270.155,3.60484,5.49578,1.23831e+16,2.93041e+16,25.535,2.89515,5.04748,4.44271e+19,6.89718e+20,sim07907.iv
sim07908,43.7303,3.81074,5.82025,5.8588e+20,2.22178e+19,213.711,3.60487,5.53081,9.8906e+16,6.33743e+16,37.3945,2.81831,5.14129,3.88135e+19,7.06433e+20,sim07908.iv
sim07909,43.4565,3.9042,5.80673,5.028e+20,1.30303e+19,227.215,3.75774,5.58847,1.62288e+16,7.13299e+16,37.6457,2.83959,5.07794,3.37036e+19,5.47955e+20,sim07909.iv
sim07910,25.773,3.87228,5.80292,8.27503e+20,2.14647e+19,219.997,3.61996,5.44509,4.3622e+16,6.59271e+16,46.3822,3.17824,5.13782,3.39762e+19,5.15845e+20,sim07910.iv
sim07911,20.484,3.82879,5.81814,7.32327e+20,2.84715e+19,349.346,3.78484,5.42871,9.32326e+16,8.57668e+16,41.6981,2.99298,5.18697,1.77096e+19,5.30928e+20,sim07911.iv
sim07912,43.241,3.8967,5.89374,6.93077e+20,4.98551e+19,267.789,3.64494,5.48774,6.34886e+16,1.40567e+16,31.2331,2.93589,5.11571,3.40388e+19,7.01515e+20,sim07912.iv
sim07913,43.6837,3.93992,5.98926,8.509e+20,4.565e+19,254.27,3.78559,5.54634,3.86033e+16,6.31328e+16,48.0335,3.0986,5.13314,4.35408e+19,6.25669e+20,sim07913.iv
sim07914,49.8763,3.8025,5.98702,7.49445e+20,4.8411e+19,227.477,3.77837,5.52756,9.50373e+16,1.0938e+16,38.1284,3.08869,5.14082,4.7884e+19,5.90184e+20,sim07914.iv
sim07915,35.4712,3.93735,5.88861,6.49287e+20,2.92444e+19,292.526,3.76519,5.46494,5.07185e+16,2.79676e+16,38.1927,3.03019,5.11679,1.55264e+19,7.78088e+20,sim07915.iv
sim07916,43.0535,3.84225,5.8407,8.68212e+20,4.44308e+19,320.214,3.67112,5.48594,5.66905e+16,4.78011e+16,20.553,2.93099,5.16059,2.02056e+19,8.92826e+20,sim07916.iv
sim07917,45.4402,3.93908,5.91376,7.82184e+20,2.47244e+19,283.832,3.65893,5.53526,5.58511e+16,7.27388e+16,43.476,3.04769,5.03128,3.12536e+19,8.61455e+20,sim07917.iv
sim07918,36.3087,3.80126,5.875,8.60415e+20,1.40092e+19,291.804,3.62897,5.54151,6.02822e+16,9.53505e+16,20.2651,2.93553,5.07595,3.32786e+19,9.74481e+20,sim07918.iv
sim07919,43.025,3.95847,5.84607,5.96807e+20,2.63117e+19,252.519,3.75072,5.49254,7.86004e+16,2.01157e+16,46.7613,3.0041,5.19825,2.93869e+19,6.18615e+20,sim07919.iv
sim07920,24.9707,3.92672,5.95938,9.59624e+20,1.67957e+19,236.621,3.68965,5.44773,8.27378e+16,3.93835e+16,32.5029,2.80382,5.00979,3.32678e+19,9.28833e+20,sim07920.iv
sim07921,33.4492,3.97802,5.80887,9.46245e+20,3.34236e+19,257.526,3.62008,5.44734,8.44936e+16,9.85972e+16,22.1388,2.86258,5.07373,4.91069e+19,5.65791e+20,sim07921.iv
sim07922,48.1313,3.86055,5.89376,6.47915e+20,3.84004e+19,220.496,3.76867,5.49893,2.07592e+16,3.36609e+16,23.2384,3.02622,5.18555,1.98209e+19,9.63774e+20,sim07922.iv
sim07923,27.5983,3.83236,5.97223,7.71664e+20,2.39998e+19,307.607,3.69166,5.41359,6.97542e+16,7.10876e+16,34.9827,3.02336,5.00474,2.09319e+19,5.97134e+20,sim07923.iv
sim07924,44.4381,3.83731,5.95244,7.87765e+20,2.55622e+19,314.187,3.68993,5.54674,8.42229e+16,3.48097e+16,44.7076,2.99487,5.14383,4.85435e+19,5.99234e+20,sim07924.iv
sim07925,40.6325,3.99306,5.81983,7.01792e+20,1.84102e+19,306.352,3.60714,5.59145,2.74336e+16,7.81407e+16,49.3044,2.96049,5.1199,4.42187e+19,6.10951e+20,sim07925.iv
sim07926,40.3799,3.98146,5.82984,7.92393e+20,4.62609e+19,349.395,3.71144,5.49872,3.01489e+16,4.44382e+16,42.2475,3.03438,5.16784,2.51839e+19,8.26549e+20,sim07926.iv
sim07927,25.9241,3.81682,5.82535,8.93341e+20,4.94944e+19,348.847,3.76615,5.58018,7.11453e+16,5.0637e+16,45.7149,2.8458,5.03452,2.72332e+19,8.40237e+20,sim07927.iv
sim07928,42.1877,3.91968,5.91485,7.15415e+20,2.80397e+19,247.382,3.74703,5.41114,9.95949e+16,3.97538e+16,34.3152,3.00747,5.05545,3.33511e+19,9.70487e+20,sim07928.iv
sim07929,26.7699,3.99905,5.89813,5.01767e+20,1.83626e+19,284.688,3.65738,5.52685,8.52362e+16,2.70996e+16,49.145,2.9187,5.17481,2.93832e+19,6.1272e+20,sim07929.iv
sim07930,26.819,3.82308,5.97541,6.43014e+20,2.63996e+19,223.836,3.62996,5.46507,6.70054e+16,7.56941e+16,25.893,3.15508,5.07122,3.96301e+19,5.59501e+20,sim07930.iv
sim07931,36.1603,3.97507,5.90377,7.29233e+20,3.0698e+19,254.541,3.63164,5.51865,6.57068e+16,1.7581e+16,34.195,2.85264,5.15213,3.57622e+19,9.42e+20,sim07931.iv
sim07932,42.2538,3.9327,5.92539,7.54181e+20,4.39424e+19,271.482,3.71201,5.55928,8.47948e+16,5.31505e+16,45.6659,3.02284,5.08101,4.84945e+19,8.49463e+20,sim07932.iv
sim07933,30.1322,3.86848,5.98542,6.65901e+20,3.25803e+19,248.396,3.73765,5.50672,4.79235e+16,7.76781e+16,26.3204,3.14172,5.01372,1.56427e+19,7.76941e+20,sim07933.iv
sim07934,34.2212,3.88814,5.99651,6.32849e+20,3.54414e+19,291.309,3.6472,5.51297,9.92409e+16,2.53566e+16,25.3783,2.91112,5.10803,2.88846e+19,8.81649e+20,sim07934.iv
sim07935,47.5769,3.94109,5.91174,5.59036e+20,1.84092e+19,315.505,3.72108,5.40291,6.64627e+16,4.85925e+16,44.9952,2.95825,5.10079,3.48561e+19,8.1172e+20,sim07935.iv
sim07936,48.5185,3.89369,5.96483,9.0295e+20,4.18569e+19,216.333,3.69152,5.54825,5.02843e+16,6.06782e+16,48.2771,3.06486,5.17599,3.17228e+19,5.47327e+20,sim07936.iv
sim07937,40.4262,3.90233,5.93492,8.48575e+20,3.74758e+19,320.374,3.78248,5.53512,5.37009e+16,6.47143e+16,39.1201,2.9015,5.11049,4.33245e+19,5.84139e+20,sim07937.iv
sim07938,24.5166,3.95155,5.99432,7.89025e+20,2.22311e+19,313.687,3.76502,5.4263,4.91318e+16,7.92287e+16,37.8972,3.14658,5.04317,4.78346e+19,7.93085e+20,sim07938.iv
sim07939,28.0852,3.94363,5.9502,6.85557e+20,2.99817e+19,295.253,3.78984,5.51957,2.99587e+16,9.92448e+16,46.1631,2.92601,5.02819,4.38335e+19,5.69369e+20,sim07939.iv
sim07940,30.8035,3.99198,5.83313,8.22937e+20,2.43136e+19,301.161,3.68341,5.58247,8.90179e+16,2.96556e+16,49.6147,3.06422,5.08942,1.55304e+19,8.14583e+20,sim07940.iv
sim07941,34.1976,3.97135,5.91994,7.22818e+20,4.48757e+19,227.557,3.66557,5.4919,4.3038e+16,5.27139e+16,32.7036,2.96633,5.13462,3.21271e+19,5.96456e+20,sim07941.iv
sim07942,43.5258,3.97654,5.81547,9.95934e+20,4.09326e+19,271.697,3.75748,5.45471,2.87934e+16,1.64562e+16,42.0862,3.08869,5.02504,2.32442e+19,8.60749e+20,sim07942.iv
sim07943,27.7072,3.89792,5.81299,6.46765e+20,1.79804e+19,346.68,3.74907,5.51423,2.18974e+16,6.09438e+16,40.847,2.84434,5.12695,4.04041e+19,7.68417e+20,sim07943.iv
sim07944,35.0052,3.86468,5.8757,8.91755e+20,2.09244e+19,319.858,3.65729,5.55862,7.50891e+16,9.5182e+16,30.2246,2.82631,5.05821,1.85934e+19,6.11785e+20,sim07944.iv
sim07945,41.1027,3.80317,5.88083,5.87902e+20,4.82423e+19,211.948,3.77793,5.53385,7.23305e+16,1.67492e+16,40.1027,2.96533,5.1226,1.94018e+19,6.27319e+20,sim07945.iv
sim07946,25.8511,3.90844,5.85604,5.75546e+20,2.95992e+19,340.78,3.77764,5.59408,6.53081e+16,5.14926e+16,41.8844,2.99178,5.14913,2.46054e+19,9.56134e+20,sim07946.iv
sim07947,20.5486,3.9284,5.91279,9.94905e+20,2.42052e+19,221.58,3.61608,5.545,1.27073e+16,7.50299e+16,38.176,2.92091,5.03818,3.84308e+19,9.85709e+20,sim07947.iv
sim07948,47.5377,3.96391,5.81842,6.78515e+20,4.7213e+19,323.721,3.66512,5.50137,3.3794e+16,6.98453e+16,40.5924,3.18079,5.00237,2.04247e+19,7.32832e+20,sim07948.iv
sim07949,39.7681,3.96096,5.81924,7.61745e+20,4.21825e+19,227.74,3.68647,5.45866,3.44662e+16,3.51309e+16,22.8744,2.84849,5.1854,4.12072e+19,5.8472e+20,sim07949.iv
sim07950,36.1243,3.9526,5.86114,5.35556e+20,2.90842e+19,331.977,3.65752,5.51278,2.38771e+16,2.40194e+16,42.5246,2.89757,5.068,4.60708e+19,8.22682e+20,sim07950.iv
sim07951,34.629,3.9026,5.84607,7.34268e+20,3.89605e+19,289.761,3.7424,5.54825,3.82232e+16,6.85252e+16,36.4972,2.93932,5.07294,4.90939e+19,9.11516e+20,sim07951.iv
sim07952,40.259,3.93498,5.99021,5.63888e+20,1.83722e+19,325.522,3.75965,5.57728,8.73937e+16,2.33292e+16,24.8868,2.90542,5.06424,1.61879e+19,6.95384e+20,sim07952.iv
sim07953,41.8678,3.92719,5.96032,5.29714e+20,1.03383e+19,338.299,3.66877,5.43696,2.8808e+16,4.74965e+16,40.6616,2.96199,5.12904,1.20761e+19,8.32921e+20,sim07953.iv
sim07954,30.1618,3.87502,5.92605,7.42921e+20,4.07702e+19,275.356,3.75846,5.47468,9.5003e+16,1.95725e+16,22.4706,3.17812,5.16703,4.06609e+19,8.14587e+20,sim07954.iv
sim07955,30.7469,3.83494,5.9376,9.94585e+20,2.6304e+19,328.695,3.77604,5.48445,4.95205e+16,3.30808e+16,21.1685,3.0803,5.17806,1.34546e+19,6.17662e+20,sim07955.iv
sim07956,47.3379,3.90163,5.80796,7.12509e+20,4.02159e+19,258.055,3.72992,5.48523,2.25204e+16,4.80468e+16,21.6816,2.83528,5.12621,4.29645e+19,5.13548e+20,sim07956.iv
sim07957,32.2823,3.87258,5.8633,5.90325e+20,4.57669e+19,282.384,3.72972,5.40828,7.32365e+16,1.70525e+16,42.1017,3.06016,5.02018,1.59274e+19,7.74365e+20,sim07957.iv
sim07958,38.1227,3.84844,5.85036,9.94204e+20,3.52663e+19,262.04,3.61525,5.5178,6.86554e+16,7.14917e+16,26.292,2.94633,5.09166,1.85821e+19,8.39406e+20,sim07958.iv
sim07959,30.5056,3.86041,5.91519,5.91827e+20,4.01709e+19,324.573,3.76622,5.44735,2.94553e+16,1.62641e+16,21.6088,2.98992,5.18301,3.42583e+19,8.31891e+20,sim07959.iv
sim07960,20.9306,3.86674,5.96339,7.53321e+20,2.63422e+19,256.696,3.61676,5.41674,4.46126e+16,4.16e+16,31.216,3.13913,5.19376,1.97528e+19,6.82027e+20,sim07960.iv
sim07961,27.1924,3.8843,5.88544,9.7901e+20,1.48927e+19,247.014,3.63604,5.58319,7.86433e+16,6.03626e+16,21.2977,3.16771,5.11885,4.92273e+19,8.45972e+20,sim07961.iv
sim07962,47.6699,3.84044,5.98913,6.96286e+20,1.84245e+19,268.254,3.74302,5.49901,1.32287e+16,2.30929e+16,37.9042,2.97181,5.05061,1.15734e+19,5.49436e+20,sim07962.iv
sim07963,36.4702,3.90301,5.88506,6.5475e+20,1.47908e+19,310.726,3.71484,5.40044,9.38643e+16,1.11155e+16,47.4566,3.1003,5.1311,3.7897e+19,7.86926e+20,sim07963.iv
sim07964,49.373,3.82372,5.93089,6.50191e+20,4.76706e+19,257.899,3.6221,5.53857,9.52128e+16,5.58615e+16,24.6632,2.88569,5.19646,3.03871e+19,5.78934e+20,sim07964.iv
sim07965,49.8748,3.89941,5.89861,6.89867e+20,3.01108e+19,336.759,3.77371,5.48186,5.42007e+16,4.57374e+16,35.9363,3.02334,5.02719,4.97166e+19,9.19715e+20,sim07965.iv
sim07966,31.2689,3.85971,5.84719,6.28295e+20,2.21024e+19,318.912,3.66228,5.42061,7.25134e+16,8.76356e+16,28.3655,3.1102,5.06513,2.74871e+19,6.95893e+20,sim07966.iv
sim07967,28.1792,3.81122,5.95766,8.82223e+20,1.89447e+19,305.033,3.63019,5.40468,4.96972e+16,6.79955e+16,28.5064,3.11163,5.08339,3.86898e+19,9.30465e+20,sim07967.iv
sim07968,28.1006,3.86178,5.94745,7.03084e+20,4.17199e+19,265.621,3.60456,5.44796,1.18228e+16,4.51231e+16,47.8665,2.98046,5.10646,4.93589e+19,5.3933e+20,sim07968.iv
sim07969,31.8922,3.8117,5.82121,6.86854e+20,3.91648e+19,220.183,3.60624,5.51455,5.87783e+16,7.32389e+16,20.9358,3.01059,5.11669,4.47014e+19,6.1709e+20,sim07969.iv
sim07970,37.9735,3.9203,5.8138,9.18815e+20,4.11133e+19,322.82,3.60288,5.41377,1.26734e+16,7.80314e+16,33.5841,2.93507,5.12182,1.22374e+19,8.62641e+20,sim07970.iv
sim07971,46.7429,3.87352,5.92764,5.49733e+20,3.5058e+19,289.394,3.74014,5.5122,7.96149e+16,1.96806e+16,49.3392,2.92006,5.12889,1.9417e+19,7.94748e+20,sim07971.iv
sim07972,38.4405,3.93721,5.92217,7.45174e+20,2.71264e+19,305.461,3.73266,5.47395,7.4288e+16,6.37365e+16,41.9625,3.06557,5.09282,3.84064e+19,8.80529e+20,sim07972.iv
sim07973,49.5721,3.9214,5.92646,6.04589e+20,3.25922e+19,308.774,3.68694,5.5292,2.1608e+16,3.73769e+16,41.4974,3.17124,5.10161,1.45852e+19,6.94446e+20,sim07973.iv
sim07974,49.9347,3.84857,5.9603,7.85842e+20,4.7175e+19,286.155,3.762,5.52398,2.15154e+16,5.69005e+16,34.7103,3.13864,5.18845,3.85037e+19,7.10837e+20,sim07974.iv
sim07975,27.406,3.85923,5.84087,5.77498e+20,1.34354e+19,291.295,3.79865,5.5325,9.51684e+16,5.54851e+16,39.5554,2.87585,5.00224,1.37138e+19,6.80657e+20,sim07975.iv
sim07976,49.2577,3.87974,5.81293,5.99182e+20,3.0349e+19,295.954,3.78108,5.56141,4.66621e+16,7.27924e+16,32.9159,3.0375,5.14519,1.50705e+19,6.58467e+20,sim07976.iv
sim07977,30.4817,3.86464,5.9691,9.91228e+20,2.19561e+19,214.011,3.75086,5.48576,5.62591e+16,5.07213e+16,23.5274,3.1061,5.17974,3.04514e+19,7.52816e+20,sim07977.iv
sim07978,25.793,3.97557,5.93889,8.62387e+20,2.7359e+19,342.434,3.7687,5.44256,7.15276e+16,6.94873e+16,43.3975,2.8626,5.10725,2.93986e+19,5.71535e+20,sim07978.iv
sim07979,43.2362,3.80613,5.81607,8.56329e+20,4.67248e+19,220.535,3.70852,5.5223,5.00145e+16,5.28681e+16,33.5792,3.13414,5.18208,1.29498e+19,5.53397e+20,sim07979.iv
sim07980,33.8179,3.92984,5.92939,9.14528e+20,4.60086e+19,276.577,3.76523,5.49612,9.82391e+16,4.60074e+16,29.1228,3.10495,5.0246,4.50756e+19,9.01692e+20,sim07980.iv
sim07981,43.2261,3.87338,5.91494,9.87469e+20,1.53806e+19,252.379,3.77539,5.53557,2.0361e+16,6.4589e+16,27.7553,3.15748,5.1389,3.0599e+19,7.23582e+20,sim07981.iv
sim07982,39.1929,3.98812,5.84312,7.32772e+20,2.76147e+19,345.941,3.6473,5.45718,9.83317e+16,6.25054e+16,45.6526,3.17181,5.02565,4.60948e+19,9.06648e+20,sim07982.iv
sim07983,20.5684,3.91945,5.91035,6.13235e+20,2.84921e+19,243.664,3.76911,5.40803,7.94998e+16,3.0759e+16,43.0908,3.15164,5.17952,2.61221e+19,5.50884e+20,sim07983.iv
sim07984,44.5378,3.86053,5.98214,5.95773e+20,2.20068e+19,291.995,3.70583,5.52488,7.47015e+16,5.38265e+16,47.7002,3.0628,5.0112,4.77552e+19,5.4555e+20,sim07984.iv
sim07985,48.2385,3.80831,5.89114,7.50446e+20,2.40374e+19,241.465,3.66976,5.47523,3.09803e+16,4.78189e+16,38.8551,2.91742,5.18258,4.37464e+19,9.60584e+20,sim07985.iv
sim07986,26.0871,3.9827,5.86851,6.73275e+20,2.61481e+19,289.945,3.61529,5.58981,1.62827e+16,1.83871e+16,36.9676,2.90839,5.08494,2.97007e+19,7.08843e+20,sim07986.iv
sim07987,20.5229,3.81205,5.88269,8.19073e+20,3.82924e+19,278.464,3.685,5.5014,9.71576e+16,5.24593e+16,45.7125,3.18661,5.05952,2.4324e+19,8.70716e+20,sim07987.iv
sim07988,41.2246,3.84614,5.92504,7.4265e+20,4.64225e+19,348.506,3.62908,5.43721,4.24159e+16,8.67834e+16,49.8153,3.0631,5.17419,2.56961e+19,6.4013e+20,sim07988.iv
sim07989,24.1628,3.82987,5.87896,5.53167e+20,1.76344e+19,337.546,3.747,5.4441,1.84803e+16,4.2902e+16,23.5683,2.81001,5.16305,4.77777e+19,7.5238e+20,sim07989.iv
sim07990,45.5994,3.88318,5.99142,8.92906e+20,4.34974e+19,237.703,3.73441,5.59915,9.18296e+16,9.54964e+16,49.4688,2.96179,5.03772,2.00634e+19,7.71862e+20,sim07990.iv
sim07991,42.7998,3.87345,5.84242,5.07158e+20,2.28475e+19,241.801,3.78773,5.58203,3.58289e+16,4.20597e+16,28.1179,2.93671,5.07876,1.89796e+19,5.24981e+20,sim07991.iv
sim07992,43.3476,3.8408,5.97028,9.68936e+20,3.25774e+19,286.399,3.64086,5.48697,5.0749e+16,8.27397e+16,30.6263,2.93058,5.19721,3.18344e+19,8.66762e+20,sim07992.iv
sim07993,39.2768,3.92462,5.90671,6.05634e+20,2.05973e+19,334.032,3.72543,5.54807,9.4924e+16,3.07494e+16,49.7723,2.91635,5.04692,1.63891e+19,8.60466e+20,sim07993.iv
sim07994,37.3934,3.99051,5.84323,6.68015e+20,1.77493e+19,258.922,3.67719,5.40484,3.60804e+16,8.65326e+16,23.4726,3.09995,5.02804,3.74795e+19,5.84055e+20,sim07994.iv
sim07995,41.4458,3.84519,5.80488,7.05472e+20,1.51057e+19,220.759,3.73276,5.51573,7.64863e+16,1.74649e+16,27.358,3.04146,5.16538,2.606e+19,7.36444e+20,sim07995.iv
sim07996,30.2776,3.94763,5.81536,9.40437e+20,4.67975e+19,250.961,3.75054,5.49517,4.54682e+16,2.57852e+16,49.4636,3.09877,5.16864,3.16069e+19,7.66575e+20,sim07996.iv
sim07997,45.5591,3.88494,5.99626,8.43577e+20,3.18037e+19,332.785,3.6439,5.40881,4.60852e+16,2.46662e+16,23.821,2.817,5.17307,2.77779e+19,6.52152e+20,sim07997.iv
sim07998,47.2427,3.85585,5.8048,8.49451e+20,1.68045e+19,333.613,3.75473,5.41931,8.96095e+16,3.04454e+16,20.3671,2.87417,5.04699,2.5156e+19,6.27847e+20,sim07998.iv
sim07999,39.0826,3.87736,5.89003,8.40209e+20,3.21075e+19,242.532,3.77572,5.41115,6.02047e+16,4.57514e+16,43.7478,3.19779,5.11806,2.67741e+19,7.51626e+20,sim07999.iv
sim08000,34.5882,3.94674,5.80109,9.12843e+20,2.94802e+19,281.63,3.76673,5.40591,9.31016e+16,1.53903e+16,32.1495,3.16657,5.18091,2.26483e+19,5.3339e+20,sim08000.iv
