sim_id,L1_L,L1_E_c,L1_E_v,L1_N_D,L1_N_A,L2_L,L2_E_c,L2_E_v,L2_N_D,L2_N_A,L3_L,L3_E_c,L3_E_v,L3_N_D,L3_N_A,iv_file
sim01001,30.4266,3.82056,5.86041,9.03353e+20,2.97392e+19,234.02,3.66253,5.59072,4.88762e+16,4.97439e+16,24.5921,2.92182,5.16294,4.1448e+19,7.17749e+20,sim01001.iv
sim01002,46.8096,3.87605,5.97287,5.15783e+20,2.38892e+19,329.71,3.78026,5.55128,7.02879e+16,8.33954e+16,41.2267,2.90169,5.09325,3.64282e+19,7.93901e+20,sim01002.iv
sim01003,46.5529,3.89477,5.8356,6.07291e+20,4.38423e+19,211.221,3.77383,5.41112,4.52493e+16,8.20159e+16,32.2285,3.12894,5.02006,3.04617e+19,7.91237e+20,sim01003.iv
sim01004,46.7261,3.81872,5.86772,8.29674e+20,4.91972e+19,328.758,3.7693,5.50344,6.07869e+16,8.72722e+16,46.0888,3.12091,5.16371,4.51852e+19,5.56891e+20,sim01004.iv
sim01005,28.7792,3.99522,5.90896,5.88232e+20,3.01222e+19,300.41,3.76564,5.56244,1.44317e+16,5.08172e+16,20.6171,3.15526,5.03478,3.4995e+19,7.85309e+20,sim01005.iv
sim01006,38.7659,3.91268,5.94312,8.13055e+20,1.3612e+19,261.348,3.70932,5.46504,7.84298e+16,3.86108e+16,44.8605,2.85869,5.15388,1.73386e+19,7.64008e+20,sim01006.iv
sim01007,29.6157,3.92747,5.84255,8.97705e+20,3.29434e+19,344.018,3.74235,5.52148,8.46243e+16,2.97714e+16,38.9823,2.95616,5.14876,1.09788e+19,7.13856e+20,sim01007.iv
sim01008,39.5511,3.89213,5.84759,7.32175e+20,4.39898e+19,238.957,3.67343,5.59807,9.21535e+16,1.30572e+16,35.91,2.82617,5.18478,2.76618e+19,7.09219e+20,sim01008.iv
sim01009,28.1884,3.91376,5.829,8.99478e+20,2.96484e+19,289.305,3.76816,5.43703,2.57665e+16,4.78722e+16,43.5838,2.82342,5.15903,3.00303e+19,7.80882e+20,sim01009.iv
sim01010,36.9316,3.81123,5.84995,8.77649e+20,2.64907e+19,288.472,3.78897,5.40925,5.04712e+16,4.25147e+16,23.1935,3.18032,5.19229,2.24595e+19,9.73358e+20,sim01010.iv
sim01011,21.0552,3.99618,5.96719,6.07165e+20,3.39819e+19,321.762,3.66386,5.47075,6.66075e+16,2.32385e+16,23.5463,2.89992,5.14825,2.4664e+19,7.53679e+20,sim01011.iv
sim01012,25.8635,3.83882,5.93009,5.54188e+20,3.67136e+19,266.098,3.73425,5.47635,8.61447e+16,1.50001e+16,46.7989,2.90746,5.00851,3.24962e+19,6.12177e+20,sim01012.iv
sim01013,33.7761,3.96046,5.95831,8.00193e+20,4.91149e+19,274.925,3.60788,5.56389,2.99164e+16,2.58615e+16,22.1003,2.93116,5.06523,2.21109e+19,7.96596e+20,sim01013.iv
sim01014,42.5463,3.98755,5.81881,5.75191e+20,3.35937e+19,223.739,3.67415,5.52491,8.02491e+16,2.95839e+16,40.0396,3.05835,5.17192,2.25499e+19,8.75046e+20,sim01014.iv
sim01015,42.56,3.84784,5.92423,8.37581e+20,2.09771e+19,273.252,3.68716,5.5547,1.00622e+16,5.50924e+16,25.5302,3.05874,5.13607,3.00451e+19,7.71015e+20,sim01015.iv
sim01016,29.4517,3.86266,5.94902,5.65866e+20,4.08601e+19,301.702,3.77689,5.45203,5.55561e+16,1.35091e+16,47.3752,3.07016,5.12458,3.93076e+19,6.42164e+20,sim01016.iv
sim01017,38.1158,3.96018,5.81806,9.79408e+20,4.56755e+19,344.823,3.76167,5.45886,6.234e+16,2.08146e+16,42.625,2.86146,5.17336,1.96223e+19,5.80206e+20,sim01017.iv
sim01018,22.1271,3.94227,5.83724,5.98834e+20,1.67879e+19,252.811,3.78824,5.49732,3.3479e+16,2.53352e+16,20.567,2.946,5.02201,1.10805e+19,5.5149e+20,sim01018.iv
sim01019,29.5556,3.95017,5.8134,8.39337e+20,3.48217e+19,333.479,3.6368,5.55885,8.78379e+16,9.78836e+16,44.2565,2.84951,5.18943,4.25997e+19,6.06163e+20,sim01019.iv
sim01020,24.9559,3.98728,5.83114,8.88552e+20,2.62104e+19,311.333,3.61837,5.54501,5.6072e+16,9.10341e+16,25.652,2.84374,5.03924,1.3143e+19,9.90075e+20,sim01020.iv
sim01021,23.6857,3.84017,5.96194,6.23377e+20,1.88917e+19,304.123,3.67975,5.5671,6.74442e+16,3.59393e+16,37.9377,3.14658,5.0729,3.94588e+19,7.07916e+20,sim01021.iv
sim01022,36.2922,3.94674,5.81211,7.27475e+20,1.38085e+19,311.501,3.72156,5.46539,1.68653e+16,9.33222e+16,29.4501,2.91015,5.0202,3.30941e+19,6.32827e+20,sim01022.iv
sim01023,45.2856,3.93655,5.80078,7.82837e+20,1.92734e+19,212.151,3.72387,5.44098,9.09672e+16,6.16043e+16,26.2756,3.19165,5.10929,1.66189e+19,7.58621e+20,sim01023.iv
sim01024,48.7805,3.88484,5.88507,7.30563e+20,2.12041e+19,232.65,3.71579,5.57884,7.62157e+16,1.86569e+16,32.0255,2.80212,5.06159,3.67751e+19,6.45117e+20,sim01024.iv
sim01025,45.2167,3.89548,5.93383,9.41933e+20,3.73124e+19,335.626,3.76161,5.51341,3.6751e+16,3.68328e+16,46.2599,2.82155,5.18829,2.30824e+19,8.69436e+20,sim01025.iv
sim01026,29.9009,3.99066,5.80729,6.76659e+20,4.46984e+19,248.368,3.65512,5.57975,8.47524e+16,1.95194e+16,37.4054,2.88936,5.04303,3.46162e+19,5.61933e+20,sim01026.iv
sim01027,34.0934,3.85116,5.97078,7.77247e+20,1.86044e+19,339.705,3.76458,5.45306,9.64946e+16,3.40965e+16,28.7793,2.95439,5.03296,3.74806e+19,7.78669e+20,sim01027.iv
sim01028,46.8339,3.84818,5.83405,6.79312e+20,1.58443e+19,342.461,3.74349,5.55924,7.73239e+16,3.18537e+16,24.2197,2.97177,5.1658,2.32206e+19,5.04781e+20,sim01028.iv
sim01029,39.8018,3.84001,5.90857,5.0744e+20,3.0354e+19,265.105,3.77608,5.54436,1.32425e+16,8.1057e+16,43.7368,3.06536,5.18586,4.21301e+19,6.09449e+20,sim01029.iv
sim01030,31.4464,3.86998,5.90098,9.76857e+20,3.46239e+19,253.811,3.7883,5.54005,3.39472e+16,9.15861e+16,30.3264,3.00648,5.09584,4.69452e+19,6.32832e+20,sim01030.iv
sim01031,29.9992,3.93203,5.97732,5.57442e+20,1.83953e+19,342.725,3.75546,5.46921,4.21871e+16,5.2258e+16,40.214,3.02442,5.15522,1.21667e+19,9.0952e+20,sim01031.iv
sim01032,21.7415,3.97619,5.80865,5.63916e+20,1.72074e+19,241.227,3.68035,5.5311,9.03343e+16,5.72053e+16,35.9747,2.92772,5.16014,1.44194e+19,6.50552e+20,sim01032.iv
sim01033,22.9094,3.84284,5.91732,5.6298e+20,1.40247e+19,325.628,3.62366,5.52161,4.1681e+16,9.0673e+16,41.2265,2.82377,5.17909,2.6556e+19,6.49114e+20,sim01033.iv
sim01034,40.1835,3.94359,5.86065,6.75828e+20,1.62532e+19,293.082,3.79138,5.48332,9.96586e+16,2.58773e+16,43.883,3.17124,5.13761,1.43731e+19,6.63271e+20,sim01034.iv
sim01035,22.57,3.92035,5.99963,6.87377e+20,1.65178e+19,247.61,3.71416,5.51379,3.06839e+16,7.75634e+16,22.6404,3.04922,5.08514,1.5087e+19,8.17192e+20,sim01035.iv
sim01036,40.1915,3.888,5.9596,7.54658e+20,2.14302e+19,343.504,3.78881,5.41912,9.51473e+16,7.97934e+16,23.1993,3.00773,5.00699,3.35543e+19,9.66594e+20,sim01036.iv
sim01037,31.0463,3.90173,5.84551,7.70473e+20,4.2103e+19,240.136,3.7107,5.47093,7.73085e+16,7.31835e+16,40.9637,2.95112,5.11986,3.60434e+19,8.40407e+20,sim01037.iv
sim01038,37.2577,3.97336,5.84976,5.27903e+20,4.85001e+19,218.503,3.78059,5.52246,9.26866e+16,6.08459e+16,44.6303,3.08852,5.10502,2.45329e+19,5.0143e+20,sim01038.iv
sim01039,27.5272,3.99035,5.85509,8.75926e+20,3.03399e+19,253.192,3.79822,5.40939,6.23869e+16,5.15366e+16,22.2958,2.88564,5.13885,1.43331e+19,9.00513e+20,sim01039.iv
sim01040,38.7518,3.82017,5.85736,5.68589e+20,4.19041e+19,284.614,3.60057,5.50858,5.34523e+16,6.78769e+16,21.0453,2.81417,5.06987,3.75415e+19,8.33279e+20,sim01040.iv
sim01041,28.3479,3.84321,5.93663,5.13556e+20,3.22713e+19,269.374,3.64782,5.50406,2.95451e+16,6.07889e+16,24.4692,2.96228,5.10209,1.1268e+19,8.05359e+20,sim01041.iv
sim01042,42.5095,3.99121,5.84063,6.04348e+20,2.21932e+19,334.707,3.68137,5.46036,7.67063e+16,1.34191e+16,36.4644,2.98008,5.12497,3.9244e+19,6.62494e+20,sim01042.iv
sim01043,39.0925,3.90487,5.82679,9.40863e+20,4.01836e+19,339.032,3.74408,5.44896,4.87474e+16,4.48182e+16,21.0747,2.96422,5.06911,1.0157e+19,9.23562e+20,sim01043.iv
sim01044,24.3162,3.90019,5.95694,8.02241e+20,1.6774e+19,296.55,3.75152,5.57095,3.86788e+16,1.30529e+16,38.2384,2.89031,5.15618,3.71953e+19,8.86593e+20,sim01044.iv
sim01045,49.0259,3.91691,5.98086,8.20947e+20,1.72698e+19,321.903,3.73874,5.59559,3.19089e+16,3.99813e+16,44.6447,2.82516,5.12664,3.1419e+19,5.84411e+20,sim01045.iv
sim01046,24.9537,3.96204,5.80309,8.73421e+20,3.93067e+19,300.955,3.6819,5.40566,8.21599e+16,2.13136e+16,28.4236,3.17871,5.06037,2.02056e+19,9.86685e+20,sim01046.iv
sim01047,22.578,3.83214,5.88766,8.93837e+20,4.53744e+19,315.789,3.79524,5.40337,6.57556e+16,2.04712e+16,47.3109,3.17412,5.06061,4.31083e+19,8.15138e+20,sim01047.iv
sim01048,23.0147,3.92055,5.99521,6.54047e+20,1.00456e+19,346.751,3.6828,5.48619,7.41351e+16,6.43947e+16,29.0596,2.83999,5.16547,2.93351e+19,8.36237e+20,sim01048.iv
sim01049,45.8151,3.80354,5.97188,8.75898e+20,4.78729e+19,242.703,3.66448,5.5323,9.33214e+16,9.93402e+16,32.5021,3.01569,5.03411,3.7759e+19,9.18685e+20,sim01049.iv
sim01050,43.9595,3.86917,5.99265,5.60173e+20,2.97588e+19,287.644,3.7073,5.55158,6.48647e+16,1.69416e+16,25.3955,3.0129,5.13891,3.0567e+19,6.77754e+20,sim01050.iv
sim01051,21.534,3.95718,5.89944,7.69395e+20,2.87583e+19,247.148,3.65527,5.4127,7.36839e+16,3.44686e+16,28.9568,3.1974,5.07716,3.04279e+19,6.93237e+20,sim01051.iv
sim01052,28.7057,3.80117,5.97098,7.36577e+20,3.87956e+19,344.212,3.60057,5.53501,2.06777e+16,5.12169e+16,45.4035,2.8286,5.19792,3.32334e+19,6.97497e+20,sim01052.iv
sim01053,20.5853,3.91736,5.89898,6.07659e+20,2.96179e+19,211.79,3.7999,5.46642,5.322e+16,8.063e+16,41.3834,3.15542,5.18827,1.75671e+19,6.952e+20,sim01053.iv
sim01054,40.6045,3.809,5.94339,5.02442e+20,4.65635e+19,310.544,3.7131,5.48578,9.89222e+16,7.62861e+16,44.2188,3.13015,5.00437,1.21874e+19,5.99182e+20,sim01054.iv
sim01055,39.6565,3.92479,5.86503,9.86499e+20,1.37243e+19,318.741,3.69618,5.48377,1.23008e+16,7.5502e+16,43.1473,2.92758,5.10339,3.42577e+19,6.83823e+20,sim01055.iv
sim01056,38.4675,3.88683,5.97561,8.59257e+20,1.442e+19,321.944,3.6675,5.58711,6.43034e+16,1.2482e+16,42.0309,2.85229,5.17545,4.79332e+19,8.47628e+20,sim01056.iv
sim01057,35.9862,3.92041,5.88577,5.41791e+20,4.71537e+19,256.086,3.66257,5.43826,9.93167e+16,9.48308e+16,30.483,2.904,5.16107,2.69044e+19,9.83894e+20,sim01057.iv
sim01058,47.0365,3.95189,5.81798,8.51064e+20,4.94902e+19,262.261,3.77631,5.48163,9.74192e+16,6.88232e+16,22.895,2.99162,5.00995,2.5803e+19,9.57691e+20,sim01058.iv
sim01059,26.9661,3.99011,5.81998,8.32406e+20,4.86274e+19,301.582,3.7798,5.59821,6.77659e+16,8.04037e+16,20.9596,2.97092,5.05765,4.29674e+19,8.38789e+20,sim01059.iv
sim01060,38.4324,3.98631,5.81777,9.76921e+20,1.40306e+19,258.582,3.72605,5.4683,7.14283e+16,7.97877e+16,44.8552,2.87174,5.03642,1.20926e+19,7.45426e+20,sim01060.iv
sim01061,24.126,3.86372,5.96809,9.74329e+20,4.2883e+19,210.091,3.7136,5.43333,4.38172e+16,4.85127e+16,48.2882,3.0535,5.05353,3.57118e+19,9.75933e+20,sim01061.iv
sim01062,21.7748,3.9632,5.84338,5.76554e+20,4.59547e+19,210.259,3.74822,5.41745,6.56196e+16,6.58807e+16,45.8833,3.12904,5.13703,2.52219e+19,5.83203e+20,sim01062.iv
sim01063,39.0705,3.89939,5.81559,9.77781e+20,2.25768e+19,210.3,3.78034,5.51541,7.59755e+16,2.374e+16,32.1382,3.05802,5.05019,3.806e+19,6.16807e+20,sim01063.iv
sim01064,26.2738,3.80232,5.85638,6.23368e+20,4.05743e+19,289.759,3.63556,5.51363,3.02899e+16,4.82952e+16,46.6462,3.0877,5.13022,2.12593e+19,5.62291e+20,sim01064.iv
sim01065,42.5885,3.91358,5.92455,9.87557e+20,2.39328e+19,322.105,3.71179,5.44705,1.47599e+16,6.5441e+16,28.9285,3.07819,5.14015,2.82184e+19,7.68199e+20,sim01065.iv
sim01066,38.7964,3.89372,5.97547,5.37967e+20,4.91927e+19,214.683,3.64162,5.54166,1.76464e+16,3.35955e+16,24.6193,3.08943,5.11579,1.25791e+19,7.30067e+20,sim01066.iv
sim01067,26.2551,3.99354,5.82158,7.99028e+20,2.92739e+19,290.932,3.7913,5.46826,7.7389e+16,5.0272e+16,39.8228,2.94626,5.04542,1.33447e+19,5.50876e+20,sim01067.iv
sim01068,48.7829,3.95769,5.84899,7.64574e+20,3.85693e+19,259.355,3.688,5.54368,3.04709e+16,5.7371e+16,26.3026,2.80123,5.13805,3.82906e+19,9.97861e+20,sim01068.iv
sim01069,25.4305,3.94792,5.98959,8.2229e+20,4.85256e+19,349.222,3.76032,5.59986,6.63242e+16,5.4735e+16,47.5291,3.13238,5.02202,2.21089e+19,6.30323e+20,sim01069.iv
sim01070,45.6578,3.84665,5.86081,7.59394e+20,1.30448e+19,344.572,3.69821,5.43809,3.43739e+16,8.18275e+16,39.0202,2.98585,5.06632,4.60274e+19,8.86282e+20,sim01070.iv
sim01071,41.5434,3.8892,5.99623,8.55035e+20,2.6945e+19,344.477,3.77914,5.54799,7.90297e+16,4.81265e+16,35.2205,2.87662,5.11908,2.47967e+19,6.73719e+20,sim01071.iv
sim01072,48.4468,3.83296,5.96599,6.40734e+20,1.11462e+19,215.665,3.68584,5.49089,3.88226e+16,7.01902e+16,34.5603,2.82965,5.06961,1.40785e+19,5.31458e+20,sim01072.iv
sim01073,26.2492,3.94012,5.9392,9.30695e+20,4.02568e+19,284.969,3.66252,5.40116,6.82424e+16,3.60742e+16,27.503,3.18993,5.03485,1.12974e+19,9.74695e+20,sim01073.iv
sim01074,29.1802,3.87868,5.81619,7.02033e+20,4.88889e+19,307.163,3.69476,5.46149,4.2944e+16,6.50105e+16,27.6335,2.86078,5.13925,4.47788e+19,9.50769e+20,sim01074.iv
sim01075,45.2426,3.90612,5.95777,9.63178e+20,1.09345e+19,267.694,3.64083,5.59935,9.36609e+16,8.21967e+16,28.8764,3.18084,5.00585,1.75216e+19,8.08437e+20,sim01075.iv
sim01076,43.7902,3.97673,5.8601,6.95402e+20,2.81931e+19,213.776,3.77279,5.46759,2.79351e+16,4.68277e+16,41.3169,3.14837,5.04308,1.69045e+19,9.71891e+20,sim01076.iv
sim01077,36.5268,3.87315,5.83986,9.97624e+20,3.87674e+19,240.504,3.61825,5.43986,3.22968e+16,1.99977e+16,26.8895,2.84671,5.07555,2.94478e+19,7.27642e+20,sim01077.iv
sim01078,44.8763,3.8508,5.97742,9.54061e+20,4.8392e+19,235.338,3.64915,5.52477,2.26802e+16,1.77059e+16,22.2109,3.04246,5.16094,2.03554e+19,9.66767e+20,sim01078.iv
sim01079,43.7581,3.81549,5.88146,5.34007e+20,4.66078e+19,313.992,3.73731,5.53654,3.56664e+16,9.40185e+16,47.6833,3.0958,5.09379,1.18846e+19,5.14156e+20,sim01079.iv
sim01080,24.144,3.91915,5.95962,9.74233e+20,1.70145e+19,248.574,3.61082,5.59781,8.02824e+16,5.32643e+16,37.267,3.02487,5.05087,1.74156e+19,6.48488e+20,sim01080.iv
sim01081,27.4146,3.91151,5.86164,8.64472e+20,3.27176e+19,284.517,3.79026,5.46448,6.71743e+16,1.00046e+16,42.1077,3.00102,5.04168,1.00604e+19,8.53472e+20,sim01081.iv
sim01082,39.881,3.93308,5.88749,8.19649e+20,3.28534e+19,243.445,3.70375,5.50292,8.41261e+16,4.9014e+16,33.0826,3.19376,5.17889,1.96914e+19,9.55147e+20,sim01082.iv
sim01083,24.139,3.97068,5.83666,7.12802e+20,4.93569e+19,223.587,3.76796,5.49895,1.99892e+16,9.57242e+16,36.4769,3.15226,5.17382,1.05854e+19,6.3242e+20,sim01083.iv
sim01084,30.1076,3.90697,5.81437,6.94483e+20,4.25855e+19,234.247,3.74026,5.49207,1.63635e+16,2.59637e+16,24.2309,3.04789,5.01746,4.29219e+19,9.0333e+20,sim01084.iv
sim01085,22.4019,3.97764,5.99183,5.21734e+20,4.80132e+19,249.125,3.73295,5.43496,8.3571e+16,8.57722e+16,49.3502,3.19701,5.01517,3.63185e+19,6.36523e+20,sim01085.iv
sim01086,23.7673,3.82976,5.98729,8.41825e+20,1.20184e+19,347.792,3.76156,5.46184,5.2378e+16,7.53918e+16,40.281,2.98523,5.10248,1.17283e+19,7.50317e+20,sim01086.iv
sim01087,30.2074,3.85701,5.85392,8.24473e+20,2.71703e+19,269.612,3.63184,5.59237,3.01534e+16,4.65498e+16,25.7061,3.08126,5.08723,2.6546e+19,9.37547e+20,sim01087.iv
sim01088,42.7844,3.90398,5.89372,9.79951e+20,4.82585e+19,308.668,3.75203,5.57982,9.67878e+16,1.74047e+16,49.9202,3.08121,5.11855,2.65267e+19,6.68195e+20,sim01088.iv
sim01089,44.1263,3.93089,5.84014,8.04956e+20,1.56466e+19,279.562,3.71669,5.52714,2.30736e+16,1.86039e+16,27.7612,3.04281,5.18634,4.11649e+19,8.72855e+20,sim01089.iv
sim01090,29.907,3.82234,5.97839,7.50427e+20,1.40204e+19,284.896,3.73508,5.46398,1.08324e+16,6.59446e+16,21.2029,2.97312,5.16496,4.99539e+19,6.85151e+20,sim01090.iv
sim01091,20.6038,3.89858,5.85526,9.46388e+20,3.84601e+19,266.605,3.75241,5.46824,5.69587e+16,9.30507e+16,26.0047,2.92522,5.17712,2.84751e+19,6.58944e+20,sim01091.iv
sim01092,21.119,3.88379,5.90012,7.03166e+20,2.10984e+19,261.678,3.72849,5.57826,6.84708e+16,6.81546e+16,44.5062,2.86606,5.06022,1.20236e+19,6.74819e+20,sim01092.iv
sim01093,49.9647,3.86586,5.97195,5.42889e+20,2.83885e+19,259.205,3.64032,5.4745,6.8615e+16,5.41277e+16,45.33,3.16198,5.09638,4.92691e+19,5.3601e+20,sim01093.iv
sim01094,28.2902,3.88334,5.91654,7.72965e+20,3.27191e+19,335.475,3.65551,5.56337,6.022e+16,5.41441e+16,28.9824,2.92163,5.0777,4.05404e+19,7.38366e+20,sim01094.iv
sim01095,24.615,3.95197,5.93268,9.74619e+20,3.11766e+19,301.619,3.69587,5.53616,4.92505e+16,2.24071e+16,49.6005,3.08815,5.12173,2.92568e+19,8.55715e+20,sim01095.iv
sim01096,23.8032,3.86522,5.82494,5.63013e+20,1.08539e+19,315.825,3.64546,5.5664,9.13991e+16,2.51709e+16,41.2659,2.98412,5.18379,2.93767e+19,6.89437e+20,sim01096.iv
sim01097,28.837,3.98072,5.84524,9.13857e+20,1.77675e+19,300.076,3.69021,5.42092,2.1334e+16,3.53358e+16,42.9996,3.09158,5.04102,2.90481e+19,5.48493e+20,sim01097.iv
sim01098,41.4784,3.95866,5.9787,9.42873e+20,2.35157e+19,245.635,3.77932,5.4292,1.5341e+16,3.82819e+16,42.809,3.07768,5.19741,2.43813e+19,6.37924e+20,sim01098.iv
sim01099,31.3462,3.95645,5.84286,9.73874e+20,3.0502e+19,319.64,3.76545,5.49576,7.67234e+16,4.28225e+16,44.3278,3.12956,5.11324,1.87259e+19,9.85112e+20,sim01099.iv
sim01100,48.4094,3.92396,5.99678,7.51398e+20,2.50194e+19,274.47,3.60918,5.50982,6.99609e+16,1.98568e+16,27.6679,3.08847,5.15872,4.94347e+19,6.26612e+20,sim01100.iv
sim01101,45.2432,3.83442,5.82618,8.64602e+20,2.78349e+19,321.149,3.65651,5.44264,5.93919e+16,2.03779e+16,28.3625,2.86649,5.06401,4.06199e+19,5.60371e+20,sim01101.iv
sim01102,38.3561,3.91695,5.90763,7.42124e+20,3.65544e+19,329.253,3.63241,5.56283,1.55328e+16,5.33912e+16,35.344,2.87903,5.01793,1.29964e+19,5.18617e+20,sim01102.iv
sim01103,37.2078,3.83109,5.96174,9.49476e+20,2.16963e+19,233.025,3.68192,5.57631,4.59837e+16,1.97503e+16,49.54,2.99987,5.06847,4.57448e+19,9.63702e+20,sim01103.iv
sim01104,34.9041,3.86134,5.89653,6.09641e+20,2.91295e+19,242.12,3.72444,5.55198,9.72485e+16,8.58313e+16,22.584,2.88461,5.10634,2.03036e+19,5.07183e+20,sim01104.iv
sim01105,42.6437,3.87155,5.81322,7.54418e+20,4.90883e+19,304.995,3.63175,5.50286,9.1155e+16,1.48819e+16,39.1368,3.08851,5.1408,1.60068e+19,9.53639e+20,sim01105.iv
sim01106,29.6681,3.81035,5.81664,7.28789e+20,1.15993e+19,319.137,3.77316,5.40267,8.29012e+16,9.83086e+16,20.911,3.08999,5.19982,4.18847e+19,7.52679e+20,sim01106.iv
sim01107,46.5447,3.94159,5.85849,6.1216e+20,3.05018e+19,262.219,3.66589,5.43558,8.60757e+16,7.34513e+16,29.9396,2.89507,5.02563,1.45005e+19,8.12739e+20,sim01107.iv
sim01108,23.2645,3.99204,5.85583,5.12902e+20,4.42132e+19,261.462,3.66859,5.42372,6.9438e+16,4.22914e+16,44.6898,3.05225,5.17598,3.49024e+19,8.89639e+20,sim01108.iv
sim01109,40.8962,3.89252,5.93773,8.31809e+20,1.02681e+19,307.809,3.65243,5.50836,2.00199e+16,1.2072e+16,20.4536,2.86328,5.00398,1.52959e+19,7.79587e+20,sim01109.iv
sim01110,32.0082,3.99615,5.96174,5.73388e+20,2.66716e+19,270.336,3.67242,5.49912,7.02887e+16,6.76801e+16,30.713,3.08202,5.0579,4.34187e+19,9.82186e+20,sim01110.iv
sim01111,28.8421,3.95694,5.96269,7.45382e+20,1.35099e+19,320.065,3.6815,5.44161,6.63985e+16,4.93244e+16,22.6272,3.19347,5.04893,3.04386e+19,8.33644e+20,sim01111.iv
sim01112,23.4527,3.94788,5.92966,7.46876e+20,3.11332e+19,343.671,3.78218,5.4224,4.31877e+16,5.65094e+16,47.5993,3.12663,5.0773,4.54484e+19,6.89079e+20,sim01112.iv
sim01113,28.1358,3.92198,5.87118,8.11204e+20,2.63874e+19,321.408,3.79086,5.45406,5.59009e+16,7.51989e+16,24.7556,3.11836,5.11659,1.59896e+19,9.34115e+20,sim01113.iv
sim01114,32.801,3.83532,5.83908,8.92753e+20,4.74286e+19,262.955,3.61577,5.42016,6.89031e+16,4.33677e+16,32.7839,2.93482,5.09311,3.5742e+19,7.7057e+20,sim01114.iv
sim01115,24.9272,3.89826,5.89212,7.72869e+20,1.44268e+19,231.494,3.70605,5.45509,6.66129e+16,4.35476e+16,26.622,3.06256,5.07878,1.63045e+19,9.04404e+20,sim01115.iv
sim01116,32.9528,3.98301,5.83868,9.38175e+20,4.26364e+19,224.548,3.70634,5.53074,5.45934e+16,4.51237e+16,48.3153,3.08033,5.19317,4.38492e+19,9.08566e+20,sim01116.iv
sim01117,41.769,3.92922,5.97737,8.06705e+20,1.30115e+19,291.559,3.62057,5.58986,6.82002e+16,6.00082e+16,25.9346,3.00631,5.06851,3.70154e+19,8.02205e+20,sim01117.iv
sim01118,34.9792,3.85055,5.90515,7.30848e+20,4.40506e+19,335.207,3.75185,5.46393,1.34281e+16,9.32802e+16,49.7604,2.85081,5.13712,2.70059e+19,5.7426e+20,sim01118.iv
sim01119,49.943,3.98665,5.99652,5.71948e+20,2.9677e+19,335.408,3.73503,5.48692,5.65025e+16,1.34741e+16,38.3455,3.14389,5.00056,1.63986e+19,7.58995e+20,sim01119.iv
sim01120,36.8289,3.86867,5.80559,8.718e+20,1.9717e+19,300.241,3.71183,5.48617,6.31261e+16,7.25535e+16,37.1673,3.02301,5.08722,2.72014e+19,7.45483e+20,sim01120.iv
sim01121,33.5623,3.8878,5.84207,8.62419e+20,1.53181e+19,337.219,3.72497,5.40978,6.93099e+16,4.25363e+16,47.8929,3.17443,5.16919,3.2714e+19,9.59589e+20,sim01121.iv
sim01122,39.4942,3.97503,5.83201,9.5209e+20,3.64636e+19,252.458,3.79956,5.53738,9.17574e+16,1.05027e+16,36.5702,3.08501,5.00275,4.05024e+19,8.25724e+20,sim01122.iv
sim01123,28.2428,3.93779,5.82618,9.12019e+20,4.4649e+19,277.967,3.70149,5.48041,4.10801e+16,8.85608e+16,29.1462,2.96114,5.05998,3.62685e+19,9.07109e+20,sim01123.iv
sim01124,24.9301,3.85095,5.82082,5.80092e+20,2.62753e+19,318.623,3.70832,5.41066,6.62578e+16,8.15774e+16,31.804,2.89801,5.15279,1.09562e+19,9.07796e+20,sim01124.iv
sim01125,44.1278,3.9776,5.8179,5.53879e+20,4.49101e+19,276.537,3.67847,5.51466,1.52725e+16,6.79345e+16,48.3525,3.07029,5.09291,4.84352e+19,8.44258e+20,sim01125.iv
sim01126,21.7088,3.93401,5.81194,6.53615e+20,3.46273e+19,240.186,3.60764,5.52359,3.57272e+16,5.79668e+16,27.8344,3.07457,5.17914,1.34626e+19,8.93159e+20,sim01126.iv
sim01127,24.6829,3.86588,5.87147,6.03155e+20,1.30094e+19,317.588,3.75873,5.59937,9.41144e+16,4.91178e+16,24.0016,2.80428,5.1063,4.44227e+19,6.33952e+20,sim01127.iv
sim01128,25.9682,3.88779,5.97871,7.25837e+20,3.89085e+19,274.754,3.67459,5.48818,7.9156e+16,7.78965e+16,32.9527,2.90705,5.02783,1.00548e+19,5.56629e+20,sim01128.iv
sim01129,24.9397,3.93799,5.96358,8.68473e+20,3.89293e+19,349.205,3.79252,5.45377,2.30591e+16,2.37968e+16,46.8682,2.84094,5.06803,3.12139e+19,8.06725e+20,sim01129.iv
sim01130,37.872,3.95728,5.91434,9.25523e+20,1.33852e+19,330.255,3.718,5.44459,9.79969e+16,9.45761e+16,45.3718,3.16464,5.07643,1.91122e+19,5.91452e+20,sim01130.iv
sim01131,46.2128,3.96533,5.99619,9.24126e+20,3.52946e+19,229.919,3.63297,5.49474,7.91016e+16,2.55948e+16,47.4655,3.07352,5.06246,4.54304e+19,7.99315e+20,sim01131.iv
sim01132,41.9948,3.87709,5.87871,5.06309e+20,3.15161e+19,316.512,3.79376,5.57845,1.78292e+16,9.82468e+16,24.4844,2.81645,5.14979,4.62355e+19,9.74891e+20,sim01132.iv
sim01133,44.7493,3.84098,5.8308,5.29484e+20,3.32788e+19,278.211,3.62186,5.49297,6.10591e+16,7.50659e+16,32.4259,2.92734,5.13314,3.73689e+19,6.35214e+20,sim01133.iv
sim01134,20.5947,3.98914,5.95106,6.00552e+20,3.26266e+19,293.293,3.6252,5.43833,9.61036e+16,5.5721e+16,25.7433,3.11903,5.09411,3.55365e+19,6.48751e+20,sim01134.iv
sim01135,21.7371,3.83299,5.99461,8.11794e+20,4.32434e+19,213.013,3.75309,5.49699,6.98777e+16,4.22385e+16,38.6261,2.81425,5.00912,4.19535e+19,5.62233e+20,sim01135.iv
sim01136,20.4195,3.98249,5.85311,7.91191e+20,4.35567e+19,314.427,3.60933,5.51219,5.87618e+16,4.15072e+16,42.6069,3.1856,5.02944,1.5809e+19,8.67368e+20,sim01136.iv
sim01137,33.6325,3.95904,5.82822,5.19929e+20,3.79174e+19,349.26,3.61896,5.57287,4.46761e+16,1.15111e+16,35.3007,2.91154,5.13868,2.15132e+19,7.4085e+20,sim01137.iv
sim01138,26.017,3.96562,5.98509,7.01668e+20,2.79552e+19,347.576,3.62842,5.56172,6.10551e+16,8.92661e+16,28.7729,2.91846,5.06516,1.06652e+19,5.84946e+20,sim01138.iv
sim01139,49.8376,3.84979,5.80398,6.3927e+20,2.63356e+19,286.69,3.61371,5.55809,8.42951e+16,2.91845e+16,43.9525,2.94457,5.08462,4.74555e+19,9.45952e+20,sim01139.iv
sim01140,31.2533,3.89762,5.8573,7.57717e+20,3.72763e+19,222.973,3.78397,5.54377,1.87077e+16,8.8209e+16,42.3105,2.92525,5.10429,4.44052e+19,9.84063e+20,sim01140.iv
sim01141,28.4323,3.93011,5.97205,9.94083e+20,1.28287e+19,280.507,3.77473,5.40063,4.93512e+16,6.25779e+16,35.7947,3.09311,5.0131,4.14167e+19,6.41585e+20,sim01141.iv
sim01142,44.7269,3.8839,5.80858,9.81957e+20,4.1222e+19,258.694,3.65401,5.51779,9.88565e+16,3.6115e+16,48.4481,2.93215,5.14082,2.52694e+19,5.42526e+20,sim01142.iv
sim01143,48.0857,3.83279,5.98894,5.51653e+20,2.06779e+19,338.929,3.73171,5.4379,6.32884e+16,2.62352e+16,46.2333,2.81993,5.10596,1.25389e+19,8.47511e+20,sim01143.iv
sim01144,48.0739,3.96621,5.87435,6.18452e+20,1.48411e+19,332.307,3.61622,5.52577,4.30541e+16,9.962e+16,35.2647,3.01952,5.18358,4.87855e+19,7.91818e+20,sim01144.iv
sim01145,43.8855,3.92695,5.88548,5.28658e+20,3.87098e+19,308.037,3.62334,5.44601,7.58915e+16,2.34741e+16,40.7281,3.08719,5.07067,2.03273e+19,6.8652e+20,sim01145.iv
sim01146,30.7759,3.9214,5.94877,9.30876e+20,1.11997e+19,311.717,3.66284,5.56773,1.68145e+16,5.96057e+16,36.4602,2.9306,5.19406,1.42769e+19,5.68199e+20,sim01146.iv
sim01147,39.3278,3.90286,5.85289,6.52136e+20,1.62809e+19,331.487,3.7139,5.44897,4.54079e+16,9.16017e+16,46.6052,2.82764,5.13082,1.61188e+19,6.05442e+20,sim01147.iv
sim01148,45.9262,3.97904,5.81654,9.36962e+20,3.91397e+19,318.599,3.75836,5.50145,9.52217e+16,2.80324e+16,35.149,2.92742,5.16449,1.3308e+19,7.16839e+20,sim01148.iv
sim01149,43.2043,3.86247,5.8481,6.31275e+20,3.85436e+19,250.15,3.68054,5.50913,9.46684e+16,8.14913e+16,25.5584,3.15323,5.16895,3.9809e+19,7.58453e+20,sim01149.iv
sim01150,22.0944,3.9423,5.90367,6.54887e+20,1.03975e+19,242.347,3.72114,5.42246,6.89877e+16,8.37705e+16,29.5454,2.83279,5.02794,2.43164e+19,9.06717e+20,sim01150.iv
sim01151,39.0284,3.97358,5.99889,6.01283e+20,3.77929e+19,275.312,3.6987,5.46512,4.08261e+16,7.08654e+16,38.6241,2.9274,5.02372,3.31297e+19,8.69698e+20,sim01151.iv
sim01152,36.7587,3.80073,5.85646,8.8929e+20,3.97019e+19,211.457,3.69406,5.48746,6.87053e+16,2.12482e+16,38.6425,3.17877,5.07435,2.34943e+19,5.14137e+20,sim01152.iv
sim01153,21.7219,3.98631,5.9951,5.02821e+20,4.60272e+19,234.354,3.71227,5.53563,4.23153e+16,5.76089e+16,38.8263,2.87757,5.19885,1.81553e+19,5.05169e+20,sim01153.iv
sim01154,48.3285,3.88583,5.87972,6.37836e+20,1.10333e+19,247.04,3.67866,5.50407,5.1188e+16,8.91133e+16,47.3399,2.92686,5.19191,4.45974e+19,9.63817e+20,sim01154.iv
sim01155,41.1899,3.83965,5.83905,9.54326e+20,3.02818e+19,334.665,3.74411,5.4425,4.46284e+16,9.71043e+16,20.5875,3.08583,5.19576,1.41659e+19,6.35996e+20,sim01155.iv
sim01156,36.4104,3.96875,5.9013,5.29798e+20,1.50874e+19,262.632,3.66451,5.44394,8.56116e+16,1.24194e+16,44.8803,3.16867,5.12602,3.5014e+19,5.74509e+20,sim01156.iv
sim01157,37.0495,3.87503,5.84581,7.91665e+20,1.00476e+19,248.698,3.73121,5.49101,2.31076e+16,1.01186e+16,28.1132,3.01962,5.10691,1.52429e+19,8.06849e+20,sim01157.iv
sim01158,49.9677,3.91697,5.90553,8.11317e+20,4.51868e+19,342.44,3.60821,5.441,2.04188e+16,7.95118e+16,21.3669,3.16105,5.00411,3.41019e+19,6.37788e+20,sim01158.iv
sim01159,34.1169,3.88838,5.94978,7.48321e+20,2.68488e+19,312.239,3.78516,5.55878,7.63045e+16,5.3895e+16,47.0065,2.99453,5.18606,4.21169e+19,5.7513e+20,sim01159.iv
sim01160,21.4098,3.94817,5.93717,8.01044e+20,4.90496e+19,286.356,3.66958,5.51299,1.25571e+16,6.21338e+16,47.0729,2.80173,5.16906,4.20772e+19,5.53052e+20,sim01160.iv
sim01161,45.4049,3.95271,5.89821,6.22607e+20,2.1524e+19,295.718,3.64926,5.46507,9.37755e+16,7.56396e+16,42.0822,3.18237,5.00116,1.97794e+19,8.28987e+20,sim01161.iv
sim01162,33.1481,3.82256,5.95625,5.23536e+20,3.1754e+19,288.745,3.72719,5.46313,1.21241e+16,9.00085e+16,47.8761,2.9928,5.00413,3.32348e+19,6.57965e+20,sim01162.iv
sim01163,25.4746,3.83379,5.83585,6.65421e+20,2.12248e+19,327.099,3.69906,5.48553,2.3125e+16,8.88302e+16,21.6447,2.89581,5.12429,3.80925e+19,9.00578e+20,sim01163.iv
sim01164,32.3087,3.86935,5.85771,7.84047e+20,2.39454e+19,255.933,3.60338,5.58966,1.54535e+16,3.43784e+16,47.6426,3.09414,5.11563,3.64326e+19,5.4853e+20,sim01164.iv
sim01165,44.2594,3.85002,5.99124,6.15687e+20,3.50146e+19,286.345,3.62862,5.47259,8.03163e+16,2.91329e+16,48.8857,2.91819,5.12534,3.47547e+19,7.35389e+20,sim01165.iv
sim01166,39.6608,3.94872,5.9238,7.79997e+20,3.42651e+19,266.274,3.61417,5.43194,6.46034e+16,9.34457e+16,20.7722,3.01761,5.05041,3.24696e+19,8.74829e+20,sim01166.iv
sim01167,42.0636,3.94498,5.95578,5.36305e+20,3.03831e+19,246.649,3.78425,5.55658,1.9679e+16,3.18922e+16,33.6566,3.18516,5.02193,3.27189e+19,6.70644e+20,sim01167.iv
sim01168,39.3902,3.92974,5.84812,8.92905e+20,1.36505e+19,324.539,3.64239,5.51792,4.12579e+16,6.48802e+16,28.0225,3.02759,5.00164,2.49782e+19,9.13195e+20,sim01168.iv
sim01169,33.8902,3.89985,5.92432,7.17105e+20,4.46831e+19,266.465,3.78851,5.57539,4.78979e+16,4.29221e+16,40.2988,3.10212,5.03717,1.96418e+19,5.73126e+20,sim01169.iv
sim01170,42.8208,3.94288,5.83781,7.68437e+20,4.05696e+19,342.584,3.6357,5.46087,4.13506e+16,6.6248e+16,24.0926,2.87737,5.15609,3.16821e+19,5.80193e+20,sim01170.iv
sim01171,31.653,3.8269,5.87254,7.001e+20,1.44844e+19,218.377,3.77632,5.57753,1.02321e+16,6.77084e+16,22.8104,3.12406,5.17591,3.46646e+19,8.06578e+20,sim01171.iv
sim01172,31.1444,3.84989,5.89985,5.66859e+20,3.6889e+19,275.812,3.63552,5.51766,8.15795e+16,6.2992e+16,35.8898,3.13909,5.00215,3.46699e+19,7.04846e+20,sim01172.iv
sim01173,25.807,3.99592,5.88076,6.67631e+20,1.67603e+19,349.687,3.77121,5.41399,6.09178e+16,2.32661e+16,41.4734,2.99363,5.02208,3.22816e+19,9.55338e+20,sim01173.iv
sim01174,30.2358,3.81016,5.98904,5.709e+20,2.90021e+19,286.255,3.64742,5.43548,2.01825e+16,1.6296e+16,35.2438,3.13681,5.02535,3.80248e+19,7.0631e+20,sim01174.iv
sim01175,21.0567,3.90719,5.8504,8.02627e+20,2.39729e+19,303.303,3.7837,5.44891,9.45856e+16,2.83878e+16,22.1208,2.87708,5.16298,3.71022e+19,9.85417e+20,sim01175.iv
sim01176,41.2948,3.88253,5.97849,9.79064e+20,4.16662e+19,287.93,3.76515,5.43581,9.10315e+16,9.99603e+16,39.9542,2.87836,5.02889,4.83766e+19,9.35676e+20,sim01176.iv
sim01177,42.4604,3.98982,5.90068,9.43873e+20,1.65128e+19,235.593,3.70247,5.4665,4.89267e+16,8.18377e+16,21.6022,3.08834,5.01765,4.39e+19,6.0095e+20,sim01177.iv
sim01178,42.0482,3.91838,5.87712,6.33768e+20,1.22984e+19,259.473,3.64011,5.42718,7.64648e+16,2.91263e+16,26.6947,2.93619,5.09253,3.05485e+19,8.32273e+20,sim01178.iv
sim01179,37.6557,3.89634,5.87879,6.32893e+20,3.83977e+19,254.45,3.76992,5.51723,6.7055e+16,5.57911e+16,47.8567,2.96864,5.08539,4.57206e+19,8.02453e+20,sim01179.iv
sim01180,33.4745,3.85243,5.84901,9.00717e+20,2.11786e+19,210.803,3.60389,5.59568,6.03854e+16,5.40122e+16,47.5363,2.94067,5.159,3.88724e+19,7.38548e+20,sim01180.iv
sim01181,43.239,3.99316,5.84012,5.08755e+20,4.28582e+19,266.502,3.70888,5.44449,8.5761e+16,7.49086e+16,48.601,2.9901,5.19531,3.04342e+19,8.10711e+20,sim01181.iv
sim01182,40.2238,3.89795,5.91256,6.11654e+20,2.44945e+19,308.279,3.6078,5.54008,3.73398e+16,3.44652e+16,40.8047,2.88598,5.19234,4.96272e+19,7.2905e+20,sim01182.iv
sim01183,32.0426,3.81581,5.95564,5.81362e+20,4.73219e+19,348.683,3.62448,5.5366,5.19393e+16,5.87031e+16,25.3872,3.08941,5.03332,4.5412e+19,7.26987e+20,sim01183.iv
sim01184,39.046,3.98436,5.94759,7.70424e+20,2.61071e+19,274.699,3.66833,5.58924,3.27572e+16,4.68412e+16,43.3467,2.94574,5.17732,1.97229e+19,5.15672e+20,sim01184.iv
sim01185,38.8625,3.90165,5.98661,7.11566e+20,1.54236e+19,256.164,3.67864,5.51663,3.4705e+16,5.95282e+16,47.2414,2.96949,5.13031,1.91559e+19,9.00664e+20,sim01185.iv
sim01186,28.0901,3.91596,5.86005,5.33701e+20,2.27865e+19,239.684,3.77853,5.45323,9.76981e+16,5.43111e+16,26.6319,2.95654,5.03669,4.33473e+19,5.59985e+20,sim01186.iv
sim01187,46.2058,3.80918,5.85992,5.69943e+20,3.74106e+19,281.725,3.78787,5.47324,1.36674e+16,7.85493e+16,37.385,3.13097,5.08523,3.95272e+19,5.85533e+20,sim01187.iv
sim01188,49.9858,3.83473,5.96596,6.06219e+20,4.13003e+19,330.575,3.77533,5.49514,4.85932e+16,8.50412e+16,37.3847,3.04851,5.04721,2.78463e+19,6.84724e+20,sim01188.iv
sim01189,39.9596,3.8393,5.88115,9.24366e+20,3.18578e+19,335.446,3.64651,5.48798,5.50375e+16,4.60511e+16,40.5348,2.85949,5.10388,1.55509e+19,8.14599e+20,sim01189.iv
sim01190,44.9074,3.804,5.89139,7.46352e+20,3.88102e+19,220.461,3.6812,5.5571,5.7893e+16,7.74862e+16,30.9203,3.16804,5.01547,1.36466e+19,7.64243e+20,sim01190.iv
sim01191,34.1247,3.92769,5.84581,6.13014e+20,3.99644e+19,250.847,3.74546,5.52814,1.74994e+16,7.40017e+16,46.3855,3.12666,5.00177,3.15886e+19,9.56669e+20,sim01191.iv
sim01192,37.9618,3.85807,5.83891,8.42474e+20,4.08502e+19,337.762,3.78114,5.46786,6.43489e+16,1.91367e+16,22.8339,2.82859,5.18543,1.60973e+19,7.41163e+20,sim01192.iv
sim01193,32.9922,3.86495,5.90755,5.01395e+20,2.5206e+19,277.108,3.76066,5.54019,8.64786e+16,4.38668e+16,24.2272,2.96042,5.19261,1.85731e+19,5.87378e+20,sim01193.iv
sim01194,48.3301,3.98998,5.82985,8.84726e+20,2.71897e+19,278.91,3.69974,5.59367,2.66195e+16,7.95757e+16,20.1702,3.05144,5.13054,4.01482e+19,9.62981e+20,sim01194.iv
sim01195,42.6151,3.94643,5.85076,9.9642e+20,2.87364e+19,268.443,3.70038,5.47881,6.34274e+16,4.14662e+16,27.1983,3.1712,5.18557,2.98498e+19,9.81074e+20,sim01195.iv
sim01196,32.4715,3.87748,5.98338,8.16459e+20,4.05007e+19,267.784,3.6814,5.41666,9.70069e+16,3.05163e+16,34.828,2.84584,5.12939,2.5635e+19,8.83831e+20,sim01196.iv
sim01197,35.8514,3.8259,5.80215,6.06224e+20,3.89739e+19,325.992,3.66827,5.50719,3.16012e+16,8.92399e+16,48.9562,3.10118,5.01778,2.74847e+19,9.95253e+20,sim01197.iv
sim01198,26.8815,3.93409,5.98771,8.86602e+20,3.43544e+19,280.939,3.78576,5.47895,9.11142e+16,4.87948e+16,42.6964,3.16629,5.11013,2.23952e+19,5.25493e+20,sim01198.iv
sim01199,44.2778,3.9244,5.85261,9.38706e+20,4.68121e+19,334.203,3.7203,5.59532,8.87325e+16,1.93834e+16,49.4332,3.01952,5.18401,4.04137e+19,8.23783e+20,sim01199.iv
sim01200,29.8002,3.80541,5.85535,8.4291e+20,4.45246e+19,210.329,3.64159,5.53461,3.55272e+16,2.27533e+16,22.4581,3.05515,5.11897,4.43445e+19,6.57419e+20,sim01200.iv
sim01201,24.1016,3.95983,5.99764,6.80195e+20,4.4614e+19,316.756,3.78232,5.48487,1.91171e+16,2.06521e+16,42.896,3.14533,5.0914,1.23828e+19,5.33353e+20,sim01201.iv
sim01202,37.958,3.98372,5.87992,8.2531e+20,3.16803e+19,334.566,3.76648,5.43987,7.09789e+16,8.62753e+16,47.9075,3.03597,5.03518,3.23293e+19,8.3291e+20,sim01202.iv
sim01203,28.1747,3.9946,5.84587,9.55676e+20,2.70072e+19,210.078,3.70866,5.52566,8.82427e+16,5.86507e+16,22.8239,3.17073,5.11307,2.08612e+19,9.49429e+20,sim01203.iv
sim01204,23.6274,3.8195,5.907,8.12442e+20,3.04384e+19,340.059,3.65256,5.59805,1.17414e+16,2.06681e+16,25.5703,2.83183,5.08764,4.46149e+19,9.1038e+20,sim01204.iv
sim01205,42.3427,3.80148,5.97314,6.9825e+20,3.92655e+19,311.769,3.6355,5.50308,9.33563e+16,3.36744e+16,41.4508,3.18322,5.07213,2.55053e+19,7.26281e+20,sim01205.iv
sim01206,44.2712,3.88786,5.89725,6.11159e+20,4.95338e+19,334.93,3.72005,5.59211,7.18298e+16,9.63195e+16,24.8461,2.89018,5.17704,2.6795e+19,6.85579e+20,sim01206.iv
sim01207,42.6301,3.92607,5.86881,6.9893e+20,2.63354e+19,227.686,3.64591,5.50751,8.03644e+16,4.77143e+16,31.5006,3.06021,5.03145,2.523e+19,6.04068e+20,sim01207.iv
sim01208,39.5494,3.82247,5.88956,7.98091e+20,4.3347e+19,311.437,3.78857,5.53598,4.14271e+16,3.08551e+16,21.6975,2.91104,5.02737,2.4769e+19,8.51289e+20,sim01208.iv
sim01209,40.761,3.86363,5.90171,6.08386e+20,3.01191e+19,281.411,3.66026,5.45189,9.81617e+16,5.83411e+16,36.8623,2.80312,5.03637,2.42649e+19,9.8299e+20,sim01209.iv
sim01210,25.2573,3.86066,5.99803,7.40554e+20,2.27363e+19,298.81,3.69926,5.59149,1.74876e+16,8.11493e+16,28.3726,3.12267,5.16954,4.39689e+19,9.33348e+20,sim01210.iv
sim01211,41.5438,3.82848,5.81038,6.70383e+20,2.98028e+19,252.367,3.74844,5.54449,9.74732e+16,4.60516e+16,43.5718,3.09648,5.19775,4.09446e+19,6.41787e+20,sim01211.iv
sim01212,20.4582,3.99363,5.94321,9.06303e+20,4.17298e+19,313.007,3.75029,5.58589,9.227e+16,4.41304e+16,20.9288,2.81547,5.08933,4.33992e+19,9.23806e+20,sim01212.iv
sim01213,32.1317,3.86032,5.90132,9.16272e+20,3.54598e+19,229.573,3.67245,5.51109,5.84436e+16,8.47571e+16,47.9652,2.84019,5.04488,2.56863e+19,6.48199e+20,sim01213.iv
sim01214,32.2487,3.80814,5.8132,9.19181e+20,1.41033e+19,325.371,3.6613,5.46184,1.90672e+16,1.11937e+16,30.6587,3.13414,5.18399,1.24634e+19,5.15454e+20,sim01214.iv
sim01215,24.764,3.95326,5.84098,6.15405e+20,4.55577e+19,332.493,3.73406,5.4328,4.43034e+16,3.1256e+16,40.1554,3.11197,5.02843,4.59182e+19,7.31413e+20,sim01215.iv
sim01216,43.8502,3.81033,5.87212,5.0739e+20,3.87394e+19,221.123,3.66766,5.55635,7.7407e+16,6.76261e+16,40.8206,3.06049,5.12826,2.39862e+19,5.14083e+20,sim01216.iv
sim01217,33.2548,3.80909,5.89377,7.32039e+20,1.71489e+19,319.797,3.74084,5.51191,9.33318e+16,3.58468e+16,27.861,2.87337,5.10889,1.82143e+19,9.34448e+20,sim01217.iv
sim01218,29.1293,3.89819,5.9059,6.53823e+20,3.95368e+19,306.89,3.75216,5.52118,5.14164e+16,5.04025e+16,41.496,2.95081,5.08745,1.65468e+19,8.39815e+20,sim01218.iv
sim01219,22.3077,3.9981,5.82875,6.91489e+20,1.95112e+19,250.692,3.66449,5.54367,2.59074e+16,3.37471e+16,23.0362,2.93258,5.18825,2.52044e+19,8.88669e+20,sim01219.iv
sim01220,33.8511,3.88992,5.96479,5.1341e+20,4.45955e+19,277.929,3.67023,5.58137,4.05873e+16,9.79928e+16,48.0907,2.90717,5.06812,4.24867e+19,5.97805e+20,sim01220.iv
sim01221,41.9585,3.82583,5.84112,7.50253e+20,3.98353e+19,313.52,3.72178,5.45442,4.7384e+16,3.21593e+16,28.3105,2.92929,5.11977,1.83038e+19,5.21285e+20,sim01221.iv
sim01222,40.7736,3.80436,5.99416,6.75143e+20,1.02633e+19,333.842,3.71996,5.56348,4.91522e+16,4.18764e+16,39.6557,2.9624,5.11124,2.11129e+19,6.66323e+20,sim01222.iv
sim01223,22.4657,3.95627,5.86977,9.875e+20,2.03904e+19,276.507,3.66111,5.53879,8.27529e+16,5.3831e+16,31.0078,3.0979,5.03829,3.39787e+19,8.66812e+20,sim01223.iv
sim01224,28.0781,3.93114,5.94705,5.58708e+20,2.29563e+19,266.883,3.75519,5.5135,5.04605e+16,3.86895e+16,20.1218,2.80809,5.04809,1.46676e+19,5.59793e+20,sim01224.iv
sim01225,38.0822,3.92109,5.80895,7.96968e+20,1.58327e+19,262.812,3.79794,5.5044,1.30769e+16,4.12892e+16,40.1269,2.88984,5.19289,2.70117e+19,5.10544e+20,sim01225.iv
sim01226,36.217,3.93524,5.8912,9.64085e+20,4.60773e+19,229.454,3.61599,5.46246,6.47319e+16,6.41436e+16,28.1493,3.18044,5.06147,4.2168e+19,9.1599e+20,sim01226.iv
sim01227,22.9531,3.84651,5.84304,9.59826e+20,2.40442e+19,327.106,3.6956,5.49144,9.13079e+16,4.96811e+16,42.3456,2.96975,5.02037,1.21238e+19,6.0412e+20,sim01227.iv
sim01228,41.668,3.87473,5.89082,5.50938e+20,3.49215e+19,322.483,3.72494,5.59692,1.14707e+16,1.14103e+16,35.0002,2.90656,5.1373,4.17284e+19,5.51218e+20,sim01228.iv
sim01229,47.5201,3.80598,5.93768,6.9225e+20,3.66976e+19,223.669,3.78742,5.58748,5.67461e+16,5.58626e+16,39.0442,3.03203,5.10871,3.35676e+19,9.29315e+20,sim01229.iv
sim01230,38.332,3.83917,5.98278,6.0798e+20,1.66065e+19,349.588,3.64268,5.42002,6.05806e+16,8.44474e+16,21.8225,2.99604,5.0137,2.71476e+19,6.7198e+20,sim01230.iv
sim01231,24.1139,3.9862,5.92698,9.21528e+20,4.62378e+19,340.226,3.74962,5.46139,8.46039e+16,5.68165e+16,28.1496,2.95431,5.06024,2.86482e+19,8.90668e+20,sim01231.iv
sim01232,34.546,3.85357,5.81748,9.27878e+20,2.66947e+19,271.869,3.75274,5.56995,5.6003e+16,6.69131e+16,27.1747,3.17403,5.11358,3.87842e+19,5.57107e+20,sim01232.iv
sim01233,39.1076,3.87379,5.89001,8.41081e+20,4.18531e+19,258.911,3.77465,5.4438,6.06608e+16,2.36139e+16,28.6775,3.15816,5.00231,4.66244e+19,6.64201e+20,sim01233.iv
sim01234,40.8739,3.81834,5.92825,9.54731e+20,3.22081e+19,260.697,3.75872,5.54255,2.05923e+16,6.99131e+16,39.9397,3.10077,5.06326,2.60511e+19,9.80019e+20,sim01234.iv
sim01235,37.2037,3.9017,5.99737,6.14779e+20,2.59175e+19,316.384,3.74262,5.59334,6.8887e+16,3.81785e+16,31.9296,2.83589,5.18474,1.51467e+19,7.72852e+20,sim01235.iv
sim01236,32.0419,3.82684,5.8586,8.16785e+20,1.12501e+19,345.239,3.78182,5.41692,8.81518e+16,3.95714e+16,22.0251,2.92245,5.16178,3.66333e+19,6.1928e+20,sim01236.iv
sim01237,41.5753,3.94156,5.94857,7.70328e+20,4.27578e+19,299.791,3.62508,5.56205,3.91391e+16,7.34531e+16,40.254,2.93437,5.03234,3.77983e+19,9.24512e+20,sim01237.iv
sim01238,45.1469,3.9253,5.84548,6.58105e+20,4.01851e+19,267.52,3.7465,5.46189,1.05686e+16,6.43141e+16,38.0275,3.05102,5.05364,4.24428e+19,7.43733e+20,sim01238.iv
sim01239,42.8716,3.92222,5.88321,8.39813e+20,3.29991e+19,281.5,3.72971,5.41719,9.19235e+16,4.01574e+16,26.7408,3.10872,5.04624,4.98308e+19,7.10246e+20,sim01239.iv
sim01240,28.8987,3.81241,5.80836,5.4757e+20,1.02013e+19,255.793,3.66209,5.48602,3.09631e+16,1.56467e+16,22.1349,2.87286,5.06332,1.59197e+19,6.82559e+20,sim01240.iv
sim01241,47.6666,3.85232,5.83368,8.32388e+20,2.96352e+19,216.616,3.75756,5.54307,9.79569e+16,9.44476e+16,37.5274,3.07441,5.0819,4.55387e+19,7.76404e+20,sim01241.iv
sim01242,29.7665,3.8019,5.91729,7.62717e+20,4.24751e+19,236.181,3.76308,5.40306,6.28582e+16,4.57167e+16,29.9456,2.97332,5.04472,1.7337e+19,9.02553e+20,sim01242.iv
sim01243,26.8327,3.94739,5.94227,5.167e+20,4.52429e+19,320.51,3.75921,5.56184,6.24298e+16,9.94043e+16,25.3746,2.82893,5.14083,2.17575e+19,8.04117e+20,sim01243.iv
sim01244,31.751,3.8667,5.97865,5.71022e+20,1.75594e+19,303.498,3.75652,5.56644,3.08035e+16,8.93902e+16,38.2865,3.12929,5.0137,2.42758e+19,7.62432e+20,sim01244.iv
sim01245,37.3087,3.81981,5.90773,8.32743e+20,2.44638e+19,280.103,3.65851,5.5741,6.39286e+16,5.96147e+16,48.3307,3.06597,5.05596,3.56701e+19,9.80812e+20,sim01245.iv
sim01246,20.7067,3.92532,5.83137,9.0823e+20,3.56274e+19,341.179,3.73392,5.40344,5.59318e+16,9.13301e+16,26.9691,2.83316,5.14398,3.01003e+19,5.23798e+20,sim01246.iv
sim01247,28.3975,3.86535,5.93357,7.358e+20,2.94876e+19,322.925,3.65568,5.53451,4.30802e+16,4.76533e+16,36.6771,3.07826,5.18904,2.07604e+19,5.51873e+20,sim01247.iv
sim01248,32.8638,3.90934,5.8456,9.45248e+20,4.19539e+19,279.113,3.69001,5.40815,5.83201e+16,6.36172e+16,46.749,3.00044,5.03148,1.72023e+19,5.79934e+20,sim01248.iv
sim01249,48.156,3.95868,5.96495,9.20217e+20,1.38254e+19,308.305,3.74087,5.44496,5.41599e+16,6.96188e+16,46.9201,2.84417,5.17844,4.68966e+19,9.61805e+20,sim01249.iv
sim01250,20.145,3.8442,5.93825,6.6087e+20,1.24433e+19,316.812,3.60572,5.4892,9.52818e+16,4.9621e+16,47.3566,2.9636,5.06934,1.42953e+19,6.79045e+20,sim01250.iv
sim01251,30.1096,3.96931,5.98398,5.10965e+20,1.39303e+19,300.052,3.69695,5.45938,3.33916e+16,3.02207e+16,35.7635,2.80699,5.14778,2.20155e+19,7.13416e+20,sim01251.iv
sim01252,35.8116,3.84227,5.97674,8.41047e+20,4.48119e+19,276.563,3.68649,5.44743,5.90356e+16,6.33847e+16,32.5977,2.85815,5.05462,1.05701e+19,6.59569e+20,sim01252.iv
sim01253,37.4228,3.99114,5.83558,5.27732e+20,2.18525e+19,231.952,3.7391,5.40115,9.8278e+16,8.701e+16,34.7201,3.16838,5.12561,4.97506e+19,6.39153e+20,sim01253.iv
sim01254,49.9072,3.83605,5.87068,9.67662e+20,2.48217e+19,239.377,3.6119,5.42979,4.19701e+16,4.79109e+16,36.2735,3.12544,5.00268,4.36446e+19,7.88625e+20,sim01254.iv
sim01255,42.6943,3.9514,5.98064,5.4669e+20,3.28606e+19,337.264,3.74384,5.41932,6.52568e+16,8.19893e+16,28.2459,3.053,5.16808,3.09547e+19,5.97094e+20,sim01255.iv
sim01256,36.4905,3.9176,5.88057,8.39808e+20,2.73333e+19,332.837,3.75833,5.56095,5.73469e+16,2.76713e+16,41.7327,2.82757,5.10351,1.21192e+19,7.64209e+20,sim01256.iv
sim01257,40.5777,3.88384,5.88338,5.61397e+20,2.2074e+19,272.198,3.77271,5.5796,9.58222e+16,1.90237e+16,28.8863,2.98517,5.12835,3.81119e+19,8.93008e+20,sim01257.iv
sim01258,34.8762,3.91132,5.99211,6.20014e+20,4.21504e+19,309.655,3.62802,5.5853,8.69821e+16,8.01554e+16,23.8032,2.85587,5.13664,1.42908e+19,5.56658e+20,sim01258.iv
sim01259,32.0084,3.80108,5.9443,7.70103e+20,1.3127e+19,286.102,3.61082,5.41414,5.3692e+16,5.49841e+16,30.1698,3.04871,5.07747,3.34784e+19,6.74892e+20,sim01259.iv
sim01260,41.449,3.91586,5.83201,8.43134e+20,4.13574e+19,219.222,3.72199,5.55809,2.03188e+16,9.11487e+16,32.444,3.09514,5.17981,4.95855e+19,7.91963e+20,sim01260.iv
sim01261,41.1282,3.85034,5.85801,9.25385e+20,2.59298e+19,325.141,3.61012,5.44365,2.53085e+16,5.74361e+16,22.4159,2.93755,5.19725,4.17687e+19,8.80296e+20,sim01261.iv
sim01262,24.0534,3.87291,5.93612,5.10813e+20,2.73591e+19,340.003,3.61647,5.58125,2.75069e+16,2.70197e+16,25.8631,3.1725,5.12075,4.00316e+19,6.83204e+20,sim01262.iv
sim01263,46.1975,3.91639,5.91997,8.76161e+20,4.09457e+19,305.461,3.62378,5.57335,3.34809e+16,9.96575e+16,31.5652,2.848,5.06322,3.29414e+19,6.95723e+20,sim01263.iv
sim01264,44.8605,3.93644,5.84269,7.69427e+20,4.15013e+19,334.773,3.67899,5.58489,1.32373e+16,7.09022e+16,43.4595,2.97006,5.00219,3.74814e+19,6.71282e+20,sim01264.iv
sim01265,24.5544,3.83142,5.95383,5.93695e+20,2.93639e+19,345.855,3.75176,5.50944,5.75448e+16,2.50595e+16,33.3927,2.85796,5.01672,1.43655e+19,8.03306e+20,sim01265.iv
sim01266,25.8066,3.82987,5.97343,5.61006e+20,3.82254e+19,268.38,3.71582,5.40467,1.00017e+16,8.35524e+16,34.2632,2.82852,5.06869,3.02542e+19,5.67747e+20,sim01266.iv
sim01267,36.3901,3.90575,5.92057,9.05131e+20,2.65112e+19,334.398,3.69493,5.49143,6.90117e+16,6.55769e+16,20.343,3.19297,5.18854,2.12514e+19,7.79292e+20,sim01267.iv
sim01268,43.1146,3.98409,5.91718,5.0947e+20,3.72271e+19,223.031,3.73424,5.51749,6.76603e+16,2.70332e+16,34.8083,3.04718,5.06006,1.72649e+19,6.1134e+20,sim01268.iv
sim01269,45.7405,3.89291,5.93221,7.57444e+20,4.33651e+19,281.189,3.61867,5.4396,1.11939e+16,8.48372e+16,39.8982,3.10368,5.143,4.29792e+19,9.93485e+20,sim01269.iv
sim01270,39.6041,3.85045,5.82028,7.94874e+20,4.08303e+19,288.62,3.66071,5.54395,5.03175e+16,3.5793e+16,45.2325,3.03061,5.05669,2.31442e+19,7.85833e+20,sim01270.iv
sim01271,32.6877,3.8321,5.92209,8.44555e+20,1.00044e+19,285.162,3.71543,5.46641,4.04858e+16,3.85893e+16,33.3598,3.12478,5.09381,4.97459e+19,6.88079e+20,sim01271.iv
sim01272,40.9779,3.90979,5.95246,9.44182e+20,3.04673e+19,279.227,3.78854,5.58673,9.97297e+16,2.40828e+16,20.1071,2.97492,5.14667,1.29142e+19,6.86801e+20,sim01272.iv
sim01273,37.4438,3.84251,5.94623,6.14769e+20,4.36269e+19,258.758,3.71973,5.50883,3.66802e+16,4.95164e+16,45.3792,3.01934,5.01112,3.85213e+19,5.91226e+20,sim01273.iv
sim01274,34.5819,3.89371,5.8973,5.15507e+20,2.08955e+19,217.103,3.68299,5.52427,6.88667e+16,1.58093e+16,23.5667,3.0646,5.10624,4.33365e+19,6.02571e+20,sim01274.iv
sim01275,23.6103,3.8724,5.92741,7.42984e+20,1.39437e+19,219.981,3.73554,5.45939,7.02534e+16,3.65423e+16,29.4438,2.88393,5.19674,1.06428e+19,5.63626e+20,sim01275.iv
sim01276,45.0887,3.82763,5.85614,6.31392e+20,3.78794e+19,267.568,3.76812,5.54949,5.77991e+16,3.24156e+16,43.7726,3.1464,5.16726,1.20686e+19,8.48979e+20,sim01276.iv
sim01277,41.1182,3.98862,5.8527,8.93173e+20,3.75639e+19,333.022,3.73866,5.57049,4.23618e+16,2.41862e+16,30.9006,3.12602,5.02633,3.55178e+19,9.93778e+20,sim01277.iv
sim01278,46.8504,3.93424,5.95853,5.58238e+20,2.99534e+19,284.468,3.75654,5.45652,1.95837e+16,7.28302e+16,34.7778,3.13692,5.0963,4.38508e+19,7.53918e+20,sim01278.iv
sim01279,43.481,3.94415,5.85322,6.54699e+20,4.59678e+19,242.341,3.7395,5.42902,7.79643e+16,3.00961e+16,37.822,3.0257,5.0407,2.96561e+19,9.39624e+20,sim01279.iv
sim01280,40.4159,3.99853,5.95691,8.21728e+20,3.25281e+19,341.24,3.7054,5.48053,8.51044e+16,9.4622e+16,34.3675,2.8549,5.12167,3.96353e+19,6.86818e+20,sim01280.iv
sim01281,42.4364,3.90621,5.86027,8.14761e+20,2.55579e+19,320.156,3.60062,5.56364,3.75918e+16,9.63664e+16,42.7749,2.89642,5.19576,2.99832e+19,7.61462e+20,sim01281.iv
sim01282,47.2855,3.98368,5.93938,9.89225e+20,2.31548e+19,242.527,3.60585,5.46927,6.4237e+16,3.74841e+16,37.3886,2.81935,5.07082,3.99202e+19,5.52163e+20,sim01282.iv
sim01283,41.4451,3.95266,5.91375,9.43044e+20,4.81825e+19,214.855,3.73582,5.44743,4.67365e+16,6.60839e+16,41.3682,3.13608,5.14108,4.1096e+19,7.99536e+20,sim01283.iv
sim01284,23.5118,3.80429,5.90596,8.57771e+20,1.43546e+19,270.101,3.65124,5.51342,4.51452e+16,2.81321e+16,20.1318,2.92861,5.10323,4.71684e+19,6.13738e+20,sim01284.iv
sim01285,35.3677,3.9133,5.92985,6.64283e+20,1.39793e+19,338.99,3.79055,5.48765,6.22517e+16,1.26124e+16,21.4165,2.83067,5.14775,1.90894e+19,5.92224e+20,sim01285.iv
sim01286,20.2501,3.80458,5.88108,7.70839e+20,3.31624e+19,274.108,3.69191,5.55063,3.60613e+16,3.13946e+16,45.6297,3.07571,5.09537,2.10162e+19,5.68291e+20,sim01286.iv
sim01287,21.1226,3.97047,5.91868,5.22915e+20,1.63435e+19,249.139,3.65261,5.50968,4.59499e+16,8.93995e+16,41.5823,3.16429,5.17256,4.68548e+19,9.90006e+20,sim01287.iv
sim01288,29.3509,3.84194,5.83303,8.14044e+20,3.72387e+19,222.297,3.76421,5.55661,6.65627e+16,4.92051e+16,24.6097,3.00224,5.03183,3.41992e+19,6.54982e+20,sim01288.iv
sim01289,27.4192,3.88821,5.91614,6.83732e+20,4.85441e+19,210.826,3.78257,5.40014,2.95041e+16,9.96716e+16,41.8429,3.0578,5.14522,2.63318e+19,8.92105e+20,sim01289.iv
sim01290,24.646,3.95878,5.98791,9.28843e+20,3.95864e+19,301.193,3.70422,5.47904,8.79088e+16,6.82713e+16,33.047,3.11392,5.01082,4.25248e+19,9.05351e+20,sim01290.iv
sim01291,26.8559,3.80753,5.94274,5.99936e+20,4.98409e+19,211.286,3.64596,5.40841,8.0439e+16,6.20826e+16,45.453,3.18505,5.12202,1.92701e+19,5.46325e+20,sim01291.iv
sim01292,45.9878,3.84902,5.9787,9.39144e+20,3.51124e+19,294.559,3.79017,5.5512,7.14954e+16,4.92167e+16,34.52,2.95557,5.18926,3.55248e+19,8.90182e+20,sim01292.iv
sim01293,21.116,3.97049,5.88353,8.6858e+20,1.1601e+19,335.142,3.73197,5.4915,3.73202e+16,3.79922e+16,29.1019,2.85241,5.09276,2.81395e+19,7.05968e+20,sim01293.iv
sim01294,41.0928,3.88396,5.8178,9.2603e+20,2.7004e+19,301.74,3.78598,5.55348,5.84919e+16,5.9052e+16,45.4859,3.12945,5.03573,3.506e+19,9.32858e+20,sim01294.iv
sim01295,44.0992,3.82494,5.88714,7.59117e+20,2.03124e+19,305.13,3.69525,5.4595,4.03178e+16,8.71002e+16,45.986,3.12495,5.18277,4.80923e+19,7.45914e+20,sim01295.iv
sim01296,22.9011,3.96001,5.92669,6.90259e+20,4.90213e+19,257.416,3.78153,5.51852,1.32978e+16,8.74302e+16,42.8664,3.057,5.12292,1.87534e+19,6.07243e+20,sim01296.iv
sim01297,20.8752,3.83083,5.8673,7.70362e+20,1.52323e+19,288.06,3.65266,5.45079,9.5315e+16,9.9311e+16,44.3432,2.82176,5.14573,1.7137e+19,7.84611e+20,sim01297.iv
sim01298,46.8114,3.87604,5.98577,8.54186e+20,2.20405e+19,223.288,3.76307,5.49161,1.65424e+16,1.9281e+16,49.0088,2.8972,5.19332,3.72464e+19,6.50246e+20,sim01298.iv
sim01299,31.5118,3.95541,5.88708,5.37375e+20,1.91926e+19,330.448,3.73923,5.5002,3.20946e+16,5.27132e+16,43.6655,2.83262,5.19895,4.43905e+19,6.58983e+20,sim01299.iv
sim01300,46.1173,3.93634,5.93327,5.69855e+20,4.62358e+19,273.048,3.76065,5.4599,3.77203e+16,9.6822e+16,34.8998,2.82396,5.16714,1.90892e+19,9.39377e+20,sim01300.iv
sim01301,47.4932,3.81455,5.91649,9.90762e+20,4.72368e+19,283.534,3.7361,5.52085,2.82928e+16,6.87698e+16,29.9942,2.93519,5.084,4.40871e+19,6.19173e+20,sim01301.iv
sim01302,27.5238,3.80147,5.831,9.8934e+20,2.73548e+19,237.323,3.79314,5.40542,5.3575e+16,8.24142e+16,43.1848,2.87569,5.14156,3.48915e+19,8.37638e+20,sim01302.iv
sim01303,27.9831,3.96215,5.91185,8.62539e+20,4.75829e+19,329.77,3.75647,5.45793,1.48675e+16,6.1718e+16,21.0354,3.08568,5.14736,3.25165e+19,5.84076e+20,sim01303.iv
sim01304,46.2716,3.91918,5.90298,7.83796e+20,1.33155e+19,313.661,3.61216,5.51568,2.52331e+16,2.86932e+16,26.9976,2.80572,5.17837,4.21694e+19,5.15643e+20,sim01304.iv
sim01305,21.7096,3.95658,5.80136,7.34499e+20,1.42919e+19,292.829,3.79967,5.4344,9.61015e+16,8.78931e+16,49.5756,3.10648,5.1714,3.37839e+19,9.33642e+20,sim01305.iv
sim01306,23.3454,3.94833,5.92574,5.29923e+20,2.16636e+19,240.255,3.68104,5.43967,3.47347e+16,3.66427e+16,37.9943,2.85395,5.04822,2.26859e+19,7.24534e+20,sim01306.iv
sim01307,21.1427,3.99984,5.86008,6.43672e+20,3.21948e+19,329.565,3.69136,5.44977,6.09288e+16,5.34648e+16,32.6922,3.19355,5.19919,3.24778e+19,5.34002e+20,sim01307.iv
sim01308,37.0075,3.99049,5.98514,6.0775e+20,1.76048e+19,231.316,3.76396,5.49801,4.04242e+16,3.92326e+16,28.2624,3.15305,5.08194,1.97607e+19,8.55202e+20,sim01308.iv
sim01309,39.0636,3.94307,5.96439,5.50617e+20,1.00795e+19,217.079,3.74136,5.5869,3.97995e+16,8.03075e+16,41.8755,3.19122,5.09416,1.66429e+19,8.82616e+20,sim01309.iv
sim01310,44.5646,3.94146,5.97264,6.85591e+20,3.76126e+19,246.939,3.68929,5.4485,2.3908e+16,1.32358e+16,40.1427,3.15011,5.06288,2.71694e+19,5.01773e+20,sim01310.iv
sim01311,32.3856,3.85626,5.91484,9.54259e+20,3.02461e+19,304.575,3.7411,5.43049,4.11914e+16,2.01831e+16,33.2224,3.15491,5.09619,2.82461e+19,6.04662e+20,sim01311.iv
sim01312,29.3065,3.98732,5.8606,8.65693e+20,1.16857e+19,227.964,3.6623,5.58028,2.97362e+16,7.5407e+16,25.0257,3.04514,5.11737,3.48779e+19,6.43138e+20,sim01312.iv
sim01313,24.8631,3.9773,5.91389,6.06022e+20,2.65332e+19,219.393,3.69508,5.48478,2.19454e+16,4.99935e+16,39.186,3.1714,5.14064,3.00974e+19,8.85026e+20,sim01313.iv
sim01314,28.3981,3.93376,5.80101,5.36276e+20,3.49706e+19,236.957,3.73775,5.52735,1.573e+16,4.53247e+16,38.3901,3.08539,5.16322,2.32177e+19,9.18358e+20,sim01314.iv
sim01315,30.6276,3.8014,5.922,6.20834e+20,1.49753e+19,246.17,3.76558,5.5828,9.65527e+16,3.72547e+16,33.6779,3.12101,5.06358,2.54057e+19,6.18637e+20,sim01315.iv
sim01316,37.171,3.93185,5.86369,5.12115e+20,3.94363e+19,296.324,3.6438,5.46293,9.61402e+16,6.67183e+16,37.8643,3.05588,5.19089,2.35944e+19,6.40458e+20,sim01316.iv
sim01317,31.3023,3.96019,5.82419,6.03412e+20,1.91298e+19,299.093,3.72832,5.47438,3.48573e+16,7.79187e+16,20.9518,3.0955,5.04205,4.61111e+19,7.06847e+20,sim01317.iv
sim01318,39.2689,3.82419,5.85078,8.50304e+20,3.20142e+19,317.867,3.71268,5.51387,8.72433e+16,4.82221e+16,46.8513,2.94889,5.06572,4.11769e+19,5.05773e+20,sim01318.iv
sim01319,25.1658,3.81435,5.90242,8.14036e+20,1.0415e+19,232.605,3.66051,5.45885,1.87419e+16,2.55563e+16,45.4116,3.08023,5.05922,2.05363e+19,5.401e+20,sim01319.iv
sim01320,30.4672,3.87961,5.98084,8.71558e+20,2.91662e+19,228.88,3.73123,5.5872,1.7024e+16,8.63747e+16,25.4034,3.08051,5.03677,3.40005e+19,6.18812e+20,sim01320.iv
sim01321,36.2509,3.92003,5.9237,8.41399e+20,1.27612e+19,308.474,3.63092,5.53541,2.11634e+16,5.31473e+16,31.6031,3.18694,5.12616,1.35282e+19,8.50443e+20,sim01321.iv
sim01322,25.8242,3.85723,5.87569,8.88113e+20,4.77632e+19,339.407,3.63414,5.41208,8.4568e+16,3.59396e+16,37.4848,3.19145,5.03728,2.49942e+19,9.33799e+20,sim01322.iv
sim01323,39.4994,3.98751,5.92634,6.51785e+20,4.22043e+19,316.297,3.78672,5.49523,5.52555e+16,3.91441e+16,28.0628,3.19861,5.19545,3.11859e+19,9.77543e+20,sim01323.iv
sim01324,30.6847,3.97,5.92697,8.58533e+20,3.87281e+19,299.016,3.77047,5.4784,8.6427e+16,2.65074e+16,25.9988,3.08694,5.15003,4.6092e+19,6.37341e+20,sim01324.iv
sim01325,21.6821,3.90149,5.97507,9.85733e+20,4.43131e+19,278.594,3.77268,5.44279,9.29053e+16,6.10161e+16,31.6809,3.03266,5.1568,1.96049e+19,5.5094e+20,sim01325.iv
sim01326,41.9936,3.99049,5.9274,5.71292e+20,3.57354e+19,226.328,3.6607,5.40632,5.38751e+16,3.89219e+16,22.9257,2.92361,5.12951,2.15633e+19,5.71536e+20,sim01326.iv
sim01327,36.3439,3.95065,5.96603,7.36049e+20,3.84429e+19,326.666,3.73458,5.50545,1.53945e+16,3.61031e+16,29.5945,2.958,5.19018,1.8355e+19,7.70777e+20,sim01327.iv
sim01328,49.7365,3.92376,5.84178,9.80095e+20,2.34517e+19,216.702,3.68627,5.44813,8.36977e+16,2.9796e+16,44.5956,2.81447,5.18583,1.16877e+19,9.6927e+20,sim01328.iv
sim01329,22.2107,3.97452,5.96627,7.97212e+20,1.14394e+19,296.96,3.72357,5.51144,6.68373e+16,9.71297e+16,49.8652,3.0082,5.01836,1.53588e+19,8.60175e+20,sim01329.iv
sim01330,49.4589,3.88721,5.81961,6.76522e+20,2.54004e+19,349.523,3.73732,5.42357,4.03369e+16,1.43703e+16,39.5918,3.0691,5.0115,2.34208e+19,9.51419e+20,sim01330.iv
sim01331,44.8045,3.91484,5.89692,9.96426e+20,3.88878e+19,343.369,3.61432,5.44243,1.28e+16,8.81126e+16,40.8269,2.87106,5.19484,4.82319e+19,6.12299e+20,sim01331.iv
sim01332,39.4103,3.93362,5.8008,8.4439e+20,1.88536e+19,336.185,3.7677,5.58106,7.81799e+16,2.48415e+16,30.8166,3.08357,5.06467,3.84013e+19,6.68079e+20,sim01332.iv
sim01333,25.3319,3.90363,5.93725,7.58598e+20,3.56747e+19,271.327,3.75567,5.52999,6.17146e+16,4.91835e+16,36.0718,2.8204,5.13334,1.81765e+19,9.30074e+20,sim01333.iv
sim01334,44.3703,3.90559,5.96943,8.35402e+20,1.56504e+19,313.708,3.79916,5.4082,3.20427e+16,6.37967e+16,32.4558,3.05502,5.11728,4.15196e+19,5.35451e+20,sim01334.iv
sim01335,33.2185,3.97201,5.87255,7.51894e+20,1.08631e+19,241.384,3.69273,5.47979,7.43189e+16,6.50692e+16,46.4085,3.14191,5.04824,1.07055e+19,9.27235e+20,sim01335.iv
sim01336,29.8736,3.86942,5.83168,8.46504e+20,2.12044e+19,234.744,3.70068,5.55008,3.42639e+16,7.49835e+16,33.8593,2.96151,5.0719,1.58232e+19,6.66317e+20,sim01336.iv
sim01337,46.3775,3.82043,5.99166,5.53748e+20,2.44813e+19,294.883,3.76757,5.42872,2.26992e+16,6.6554e+16,28.7824,3.0578,5.16412,1.30748e+19,9.22247e+20,sim01337.iv
sim01338,21.1276,3.97977,5.99512,8.33728e+20,4.93702e+19,325.079,3.60887,5.40076,1.18719e+16,5.06716e+16,38.7015,2.99259,5.13543,2.79841e+19,5.21282e+20,sim01338.iv
sim01339,26.785,3.99852,5.86917,6.62383e+20,1.61117e+19,348.2,3.64609,5.52937,1.37843e+16,1.59825e+16,41.5026,3.05407,5.13603,1.92388e+19,9.92444e+20,sim01339.iv
sim01340,36.7513,3.99391,5.83283,7.0255e+20,2.34274e+19,315.71,3.74951,5.49731,1.14533e+16,2.57685e+16,21.508,3.13881,5.05795,1.47169e+19,6.77086e+20,sim01340.iv
sim01341,22.3187,3.99577,5.863,9.66533e+20,3.73091e+19,289.255,3.6951,5.53748,7.17648e+16,1.09469e+16,47.2335,2.94719,5.07065,2.62636e+19,8.42641e+20,sim01341.iv
sim01342,31.2805,3.87477,5.81269,7.08321e+20,1.59791e+19,329.782,3.6669,5.59217,7.16075e+16,7.80536e+16,48.4325,2.89557,5.11346,1.1629e+19,5.50379e+20,sim01342.iv
sim01343,30.9976,3.9365,5.96634,6.28202e+20,3.99631e+19,241.401,3.60121,5.41088,6.27003e+16,5.47433e+16,28.1128,2.80262,5.1136,4.27043e+19,5.34272e+20,sim01343.iv
sim01344,42.0942,3.92691,5.89587,5.24171e+20,4.69429e+19,276.842,3.67992,5.5723,8.6102e+16,7.54535e+16,44.8808,2.84973,5.15218,2.31214e+19,9.33747e+20,sim01344.iv
sim01345,31.1069,3.81086,5.88288,8.78389e+20,3.00373e+19,316.909,3.60705,5.43543,6.07247e+16,4.46782e+16,40.4053,3.18502,5.13197,2.66945e+19,7.71182e+20,sim01345.iv
sim01346,47.3848,3.9346,5.96064,6.50759e+20,3.97728e+19,229.52,3.74996,5.57631,9.10209e+16,2.04931e+16,44.8965,2.84397,5.09568,3.73009e+19,7.42125e+20,sim01346.iv
sim01347,30.1973,3.93676,5.93218,7.91446e+20,3.11371e+19,308.804,3.68061,5.41375,5.83709e+16,7.5111e+16,28.9748,2.8563,5.18237,4.455e+19,8.09217e+20,sim01347.iv
sim01348,43.5982,3.99376,5.91385,6.22091e+20,3.55525e+19,338.043,3.73803,5.40525,9.25419e+16,7.78308e+16,32.0549,3.195,5.14434,4.30176e+19,9.71583e+20,sim01348.iv
sim01349,21.1874,3.95488,5.87727,9.34538e+20,4.51558e+19,326.007,3.75584,5.55886,3.66897e+16,4.65875e+16,23.4516,3.13224,5.1292,3.45087e+19,6.23039e+20,sim01349.iv
sim01350,38.4511,3.89091,5.99905,9.31534e+20,3.10393e+19,323.184,3.6329,5.42028,6.67586e+16,7.54107e+16,21.5917,2.88039,5.10745,1.25127e+19,7.12026e+20,sim01350.iv
sim01351,34.4624,3.98436,5.86314,5.84334e+20,1.03003e+19,227.025,3.75017,5.48898,2.78853e+16,9.39725e+16,43.6261,2.84575,5.05379,4.39777e+19,8.46216e+20,sim01351.iv
sim01352,48.3664,3.81525,5.95508,5.38206e+20,2.34665e+19,315.094,3.7422,5.40042,2.81749e+16,8.00716e+16,23.7844,2.93055,5.03678,1.44582e+19,9.18313e+20,sim01352.iv
sim01353,21.8403,3.90721,5.93853,5.28795e+20,3.53371e+19,256.769,3.76671,5.55953,8.14515e+16,4.58797e+16,44.6764,3.05199,5.07574,1.32268e+19,5.33409e+20,sim01353.iv
sim01354,27.542,3.85992,5.98551,9.99969e+20,1.5747e+19,341.988,3.74131,5.49972,9.59218e+16,7.42324e+16,37.8096,2.88381,5.04889,4.64601e+19,6.07519e+20,sim01354.iv
sim01355,20.9692,3.85325,5.89611,6.90982e+20,4.74321e+19,268.6,3.77781,5.51893,5.71712e+16,2.44176e+16,28.131,3.14687,5.15599,2.78969e+19,9.54511e+20,sim01355.iv
sim01356,44.5754,3.82242,5.92119,8.99422e+20,4.23338e+19,222.788,3.64492,5.48261,3.26468e+16,1.98044e+16,38.864,3.00299,5.031,3.34553e+19,5.31007e+20,sim01356.iv
sim01357,31.4912,3.9585,5.97801,6.22617e+20,4.43804e+19,334.846,3.72138,5.59644,3.21558e+16,1.62077e+16,45.3033,2.99637,5.06929,1.22093e+19,5.32312e+20,sim01357.iv
sim01358,22.7215,3.83673,5.99408,6.40702e+20,4.26819e+19,212.718,3.66436,5.58124,2.66537e+16,3.55621e+16,44.7954,2.84856,5.01064,4.86391e+19,7.02396e+20,sim01358.iv
sim01359,39.7361,3.82542,5.84404,7.2999e+20,3.70061e+19,251.055,3.77693,5.55623,5.96402e+16,5.1329e+16,38.5863,3.09267,5.02699,4.41057e+19,7.44701e+20,sim01359.iv
sim01360,48.0603,3.99111,5.80614,6.9224e+20,3.10489e+19,285.543,3.76448,5.42822,6.60234e+16,9.48337e+16,49.9007,2.80403,5.19451,1.48884e+19,7.68475e+20,sim01360.iv
sim01361,27.3911,3.92128,5.80741,6.19166e+20,2.2023e+19,338.185,3.71673,5.54164,7.08414e+16,4.5306e+16,20.4206,2.84281,5.09176,4.76518e+19,6.24379e+20,sim01361.iv
sim01362,40.9496,3.96532,5.98136,6.46743e+20,4.72513e+19,295.118,3.70168,5.55568,3.14841e+16,8.31322e+16,39.4989,3.11975,5.17114,3.46939e+19,5.18368e+20,sim01362.iv
sim01363,28.9324,3.9756,5.92539,9.45028e+20,2.53811e+19,280.662,3.77252,5.55241,4.39751e+16,1.20367e+16,46.4102,3.11454,5.08983,3.18496e+19,6.02156e+20,sim01363.iv
sim01364,32.363,3.83264,5.84211,9.23185e+20,2.44989e+19,324.061,3.69478,5.41416,4.25374e+16,2.42446e+16,40.8073,3.16456,5.15262,4.11375e+19,9.30933e+20,sim01364.iv
sim01365,43.2999,3.91371,5.94286,7.07977e+20,1.28315e+19,308.781,3.74433,5.44474,9.58547e+16,1.4726e+16,42.0788,3.18739,5.06183,4.64986e+19,9.13218e+20,sim01365.iv
sim01366,42.3233,3.99076,5.93081,7.4744e+20,3.70272e+19,267.655,3.66498,5.41645,4.40208e+16,8.22876e+16,48.3631,3.19006,5.04131,3.28573e+19,7.87874e+20,sim01366.iv
sim01367,25.2814,3.91633,5.87255,9.71203e+20,2.02081e+19,326.895,3.77937,5.54717,2.9321e+16,3.34332e+16,49.1335,2.83033,5.02342,4.91428e+19,8.88447e+20,sim01367.iv
sim01368,42.3915,3.83204,5.89779,9.20381e+20,2.31548e+19,236.987,3.60219,5.52451,3.64429e+16,8.77305e+16,28.5055,2.86063,5.19209,4.85911e+19,8.42512e+20,sim01368.iv
sim01369,47.8516,3.83237,5.89207,6.02079e+20,2.91513e+19,320.765,3.76899,5.40083,4.50553e+16,9.94662e+16,37.6794,2.91848,5.0778,2.29025e+19,7.23799e+20,sim01369.iv
sim01370,33.3346,3.90137,5.8929,7.58057e+20,1.11196e+19,217.62,3.67423,5.57699,8.11749e+16,1.99138e+16,34.8449,3.04183,5.09624,3.79027e+19,9.98632e+20,sim01370.iv
sim01371,22.8942,3.90311,5.90247,7.81189e+20,1.66787e+19,299.37,3.60887,5.54822,6.96844e+16,3.97381e+16,49.6697,3.13151,5.10791,4.96204e+19,9.15045e+20,sim01371.iv
sim01372,24.1393,3.91821,5.91617,8.26473e+20,4.76303e+19,278.884,3.61548,5.49587,8.09015e+16,4.22748e+16,20.8131,2.9213,5.13643,1.34404e+19,6.87982e+20,sim01372.iv
sim01373,23.9939,3.89519,5.8283,5.54518e+20,3.7912e+19,232.12,3.63096,5.5185,1.39234e+16,1.29693e+16,32.9434,2.94604,5.10892,4.97394e+19,7.17353e+20,sim01373.iv
sim01374,37.2818,3.98385,5.89664,8.9056e+20,3.19461e+19,299.209,3.7865,5.40014,9.10846e+16,5.47923e+16,38.2029,2.98002,5.05218,1.26403e+19,9.72563e+20,sim01374.iv
sim01375,38.7163,3.97469,5.85816,6.38999e+20,2.34314e+19,242.345,3.69959,5.58725,8.88456e+16,5.4559e+16,30.4629,3.04468,5.12245,3.73506e+19,7.678e+20,sim01375.iv
sim01376,20.8027,3.81521,5.99475,8.73118e+20,4.79299e+19,257.534,3.70699,5.46439,9.18042e+16,3.5896e+16,40.8143,2.87002,5.02105,1.62254e+19,7.64728e+20,sim01376.iv
sim01377,45.3362,3.99986,5.92454,7.66802e+20,4.14753e+19,218.924,3.76188,5.55168,5.76587e+16,1.20688e+16,26.0659,2.94789,5.18824,3.55396e+19,7.55046e+20,sim01377.iv
sim01378,34.6528,3.956,5.86473,5.47262e+20,3.70817e+19,256.062,3.66512,5.49094,3.18461e+16,9.29532e+16,45.4091,3.19644,5.19291,2.25782e+19,6.90299e+20,sim01378.iv
sim01379,40.9477,3.80317,5.99878,5.05422e+20,3.12594e+19,303.618,3.78283,5.52883,6.37272e+16,3.70323e+16,37.7276,3.09988,5.10312,4.11854e+19,5.34807e+20,sim01379.iv
sim01380,30.0613,3.99196,5.86469,8.10928e+20,3.07954e+19,341.127,3.63255,5.45988,8.7614e+16,6.99582e+16,36.2915,2.95796,5.08226,4.73969e+19,8.35538e+20,sim01380.iv
sim01381,47.873,3.99444,5.9094,8.04944e+20,3.62546e+19,327.484,3.73181,5.42293,9.48187e+16,6.94841e+16,46.0975,2.9699,5.09494,3.75543e+19,8.88202e+20,sim01381.iv
sim01382,22.3538,3.88147,5.95397,9.96118e+20,1.04657e+19,247.073,3.69297,5.44459,1.2423e+16,5.85589e+16,39.482,2.96642,5.07398,4.94244e+19,7.38764e+20,sim01382.iv
sim01383,43.9421,3.85743,5.96604,9.1185e+20,2.07081e+19,301.82,3.7364,5.48852,7.96402e+16,3.76197e+16,34.5282,3.19606,5.03574,1.59113e+19,5.71099e+20,sim01383.iv
sim01384,49.9433,3.83198,5.83805,8.47393e+20,4.03799e+19,283.789,3.79653,5.40778,6.58739e+16,6.45822e+16,29.6373,3.15978,5.11058,1.98536e+19,5.44179e+20,sim01384.iv
sim01385,23.2136,3.97947,5.85006,9.53503e+20,1.48047e+19,347.751,3.76667,5.42325,1.77451e+16,8.23093e+16,22.342,2.90487,5.16025,4.63032e+19,8.83826e+20,sim01385.iv
sim01386,46.6968,3.91198,5.95592,6.72093e+20,4.14086e+19,305.164,3.71497,5.59846,5.22802e+16,6.57323e+16,35.2972,2.9042,5.06607,4.91514e+19,6.96055e+20,sim01386.iv
sim01387,40.3822,3.91342,5.97796,8.78845e+20,1.32261e+19,259.762,3.74238,5.43227,5.53095e+16,3.85992e+16,21.9426,3.19886,5.18587,3.9901e+19,6.00513e+20,sim01387.iv
sim01388,49.6558,3.92616,5.99322,5.21289e+20,1.69388e+19,304.815,3.78144,5.43516,3.85388e+16,6.2936e+16,49.9898,3.11987,5.18471,3.70005e+19,9.38686e+20,sim01388.iv
sim01389,35.2114,3.82483,5.94191,8.00737e+20,2.9414e+19,248.499,3.75684,5.56408,4.27767e+16,9.3499e+16,31.0923,2.84302,5.03331,2.97806e+19,5.39931e+20,sim01389.iv
sim01390,41.5524,3.95902,5.90989,9.46674e+20,4.81715e+19,272.661,3.61783,5.44625,6.91854e+16,4.65206e+16,40.5503,3.06669,5.12107,1.63133e+19,6.42958e+20,sim01390.iv
sim01391,31.3358,3.96488,5.93644,8.22467e+20,3.68855e+19,280.448,3.60793,5.44022,2.26272e+16,1.57597e+16,29.5843,3.11509,5.02303,1.44569e+19,5.62132e+20,sim01391.iv
sim01392,28.0947,3.84044,5.80279,6.38251e+20,4.98518e+19,257.108,3.64225,5.49914,3.06432e+16,6.03681e+16,32.0197,3.15874,5.18558,3.85225e+19,6.07847e+20,sim01392.iv
sim01393,34.217,3.86108,5.95966,5.14587e+20,3.64997e+19,255.252,3.6962,5.4646,4.28311e+16,7.06926e+16,37.8648,2.89764,5.00873,4.42409e+19,7.46153e+20,sim01393.iv
sim01394,38.5619,3.8977,5.92379,8.13486e+20,1.06016e+19,284.656,3.70042,5.41916,7.71294e+16,3.12273e+16,21.6358,3.12126,5.17303,1.96278e+19,8.43773e+20,sim01394.iv
sim01395,20.1485,3.94423,5.89296,8.96242e+20,2.57214e+19,259.151,3.76816,5.40773,2.68448e+16,4.70916e+16,37.8901,2.80205,5.11503,2.51397e+19,8.15001e+20,sim01395.iv
sim01396,47.2092,3.88817,5.91092,7.31395e+20,1.47409e+19,321.036,3.77704,5.56229,9.52837e+16,5.21226e+16,39.5697,2.86734,5.19536,3.32222e+19,6.30832e+20,sim01396.iv
sim01397,44.1612,3.9173,5.98993,8.84989e+20,4.50906e+19,286.531,3.70346,5.55147,1.94513e+16,1.48628e+16,49.5111,3.16652,5.19113,1.24946e+19,6.34651e+20,sim01397.iv
sim01398,47.0463,3.8179,5.89029,6.70646e+20,4.5194e+19,282.531,3.65807,5.50486,2.01202e+16,7.58082e+16,38.5501,3.04028,5.08757,2.17698e+19,5.3269e+20,sim01398.iv
sim01399,48.411,3.88331,5.89918,6.87883e+20,4.95151e+19,321.464,3.61915,5.52164,5.36171e+16,8.14017e+16,49.9195,3.09772,5.17299,3.01054e+19,6.86799e+20,sim01399.iv
sim01400,39.2984,3.94988,5.84551,7.51694e+20,1.45516e+19,240.289,3.77637,5.42895,8.30213e+16,4.35336e+16,39.9056,3.16413,5.15618,4.30376e+19,6.30575e+20,sim01400.iv
sim01401,30.8502,3.94656,5.95545,8.95026e+20,3.96043e+19,242.427,3.65782,5.58841,5.98474e+16,7.79005e+16,37.9759,3.1698,5.17376,2.0455e+19,9.42355e+20,sim01401.iv
sim01402,29.0012,3.8882,5.97025,6.6201e+20,2.16309e+19,303.612,3.79994,5.42621,7.30955e+16,5.7426e+16,32.3185,3.09994,5.11097,4.19124e+19,8.71927e+20,sim01402.iv
sim01403,49.5536,3.96217,5.81336,8.8979e+20,3.59881e+19,222.571,3.7211,5.55016,2.77475e+16,4.9142e+16,36.2746,2.96526,5.1752,1.67561e+19,8.85778e+20,sim01403.iv
sim01404,43.3427,3.88961,5.9079,5.76781e+20,1.78063e+19,284.433,3.64494,5.56129,6.54596e+16,1.50921e+16,30.7363,3.14337,5.05549,3.87887e+19,5.469e+20,sim01404.iv
sim01405,47.916,3.88987,5.89831,7.84915e+20,2.45373e+19,311.54,3.60292,5.43244,2.69939e+16,6.71806e+16,46.718,2.82546,5.17049,4.27805e+19,5.38313e+20,sim01405.iv
sim01406,24.2969,3.87001,5.82293,8.79143e+20,3.01628e+19,267.507,3.74499,5.45858,8.84378e+16,6.8857e+16,30.3952,3.01595,5.05189,4.93992e+19,7.17802e+20,sim01406.iv
sim01407,46.9032,3.9956,5.90716,8.64998e+20,3.28899e+19,222.819,3.79048,5.49133,9.04657e+16,6.90045e+16,23.1557,2.96682,5.03917,1.67944e+19,8.57544e+20,sim01407.iv
sim01408,20.9006,3.99323,5.88998,7.44879e+20,2.19772e+19,221.986,3.71765,5.46895,6.61665e+16,6.00193e+16,26.5073,2.98466,5.06161,1.9589e+19,8.84852e+20,sim01408.iv
sim01409,20.3572,3.85378,5.90622,7.38073e+20,4.76066e+19,328.112,3.75032,5.50282,4.86016e+16,1.32913e+16,44.65,2.97229,5.06419,3.42654e+19,8.77069e+20,sim01409.iv
sim01410,35.6915,3.82992,5.98433,5.56425e+20,4.87829e+19,271.947,3.78932,5.58293,4.65641e+16,8.20023e+16,22.6932,2.83309,5.07119,3.43914e+19,5.04661e+20,sim01410.iv
sim01411,35.4553,3.99513,5.97169,6.16235e+20,3.11228e+19,233.997,3.65265,5.5846,9.98e+16,3.18305e+16,26.362,2.95354,5.08917,1.35699e+19,5.73854e+20,sim01411.iv
sim01412,32.7448,3.84708,5.96899,8.75773e+20,3.14535e+19,270.568,3.7662,5.4332,8.98649e+16,1.4417e+16,47.7018,2.85552,5.16242,1.07218e+19,9.07539e+20,sim01412.iv
sim01413,37.5221,3.80381,5.95484,5.50779e+20,3.15962e+19,256.481,3.75183,5.57064,5.17849e+16,7.82146e+16,47.4987,3.07568,5.0644,2.85325e+19,6.14999e+20,sim01413.iv
sim01414,33.7523,3.84918,5.96145,8.04959e+20,3.53298e+19,225.437,3.60029,5.55784,5.88076e+16,9.38398e+16,36.1172,2.88587,5.1397,3.80393e+19,5.32766e+20,sim01414.iv
sim01415,40.8095,3.84251,5.8509,5.15707e+20,3.50949e+19,312.442,3.6461,5.55851,7.85828e+16,4.6879e+16,22.0468,2.91207,5.03309,4.83527e+19,9.08872e+20,sim01415.iv
sim01416,22.3513,3.90269,5.85338,5.16059e+20,2.28921e+19,227.862,3.64455,5.46531,4.68001e+16,5.21598e+16,35.6059,2.948,5.09967,2.67143e+19,9.82219e+20,sim01416.iv
sim01417,22.0292,3.91719,5.83873,6.87719e+20,3.18586e+19,316.373,3.79555,5.49872,3.31281e+16,8.12418e+16,26.6472,3.00314,5.16934,2.61519e+19,7.78489e+20,sim01417.iv
sim01418,23.5865,3.81119,5.99726,5.89448e+20,2.3422e+19,280.656,3.67489,5.41947,2.77223e+16,5.44103e+16,33.164,3.11928,5.06236,4.76126e+19,6.41405e+20,sim01418.iv
sim01419,29.939,3.98986,5.9681,6.58484e+20,2.58114e+19,327.916,3.61722,5.45894,5.784e+16,8.46014e+16,36.9385,2.99591,5.19242,1.46564e+19,8.90033e+20,sim01419.iv
sim01420,23.811,3.94657,5.90862,6.32323e+20,3.17335e+19,333.118,3.69444,5.40132,1.50945e+16,6.69373e+16,40.3379,2.96071,5.04856,3.86387e+19,6.52081e+20,sim01420.iv
sim01421,22.2203,3.88192,5.90783,9.82814e+20,3.36889e+19,239.165,3.76644,5.4583,9.6335e+16,3.92781e+16,47.2855,3.15158,5.1728,1.15754e+19,9.24935e+20,sim01421.iv
sim01422,41.639,3.86686,5.89802,8.19958e+20,4.77415e+19,319.212,3.6857,5.52908,2.67284e+16,4.81548e+16,43.739,3.04264,5.15665,3.03927e+19,6.90072e+20,sim01422.iv
sim01423,42.2762,3.81875,5.99572,9.74187e+20,4.52147e+19,333.799,3.70221,5.49959,8.38074e+16,3.54931e+16,45.4974,2.88035,5.17582,3.16434e+19,9.21606e+20,sim01423.iv
sim01424,34.7943,3.92169,5.98536,7.09106e+20,1.88115e+19,222.737,3.718,5.52222,6.58635e+16,1.3345e+16,20.8225,3.15817,5.1391,1.45327e+19,5.37318e+20,sim01424.iv
sim01425,24.8557,3.96138,5.94462,8.19327e+20,3.56316e+19,330.242,3.66669,5.46445,4.82884e+16,9.90708e+16,36.647,3.01876,5.16192,1.71226e+19,7.02701e+20,sim01425.iv
sim01426,39.2409,3.9976,5.83089,7.26013e+20,4.62233e+19,311.574,3.72276,5.45142,2.6849e+16,4.36791e+16,27.6532,3.12339,5.14414,4.34079e+19,5.85541e+20,sim01426.iv
sim01427,29.2991,3.95371,5.83271,5.72803e+20,2.53224e+19,236.101,3.61578,5.46255,8.8804e+16,1.5088e+16,36.9832,3.0252,5.10617,3.02203e+19,5.08618e+20,sim01427.iv
sim01428,21.4235,3.90224,5.99366,7.03988e+20,2.88931e+19,347.489,3.75582,5.55402,5.54262e+16,9.08121e+16,37.4353,3.06268,5.15751,2.62634e+19,9.76635e+20,sim01428.iv
sim01429,49.6402,3.91743,5.84441,8.87451e+20,2.28855e+19,290.794,3.61734,5.56148,9.63178e+16,1.84799e+16,41.948,3.14434,5.0219,1.98719e+19,6.95936e+20,sim01429.iv
sim01430,45.1028,3.89869,5.82739,6.28186e+20,2.86951e+19,215.497,3.7262,5.40506,8.02784e+16,7.60466e+16,45.9632,2.86309,5.12052,4.12411e+19,7.57874e+20,sim01430.iv
sim01431,23.9241,3.81979,5.92118,7.48804e+20,4.71824e+19,326.738,3.74475,5.59648,7.2515e+16,1.83126e+16,22.3269,3.12635,5.07214,4.69714e+19,5.59124e+20,sim01431.iv
sim01432,25.9636,3.95463,5.96949,9.33598e+20,1.39656e+19,263.452,3.72928,5.58376,3.15114e+16,6.40309e+16,24.3056,3.09891,5.0255,4.99993e+19,5.46133e+20,sim01432.iv
sim01433,40.5601,3.95541,5.8516,6.27414e+20,3.38459e+19,298.266,3.74411,5.51606,2.5702e+16,9.31729e+16,24.9983,3.0261,5.184,4.65188e+19,5.83953e+20,sim01433.iv
sim01434,27.1581,3.92037,5.86743,8.65442e+20,3.08962e+19,247.253,3.68221,5.53822,8.06627e+16,4.32605e+16,23.1496,2.94131,5.12609,4.03933e+19,9.3983e+20,sim01434.iv
sim01435,48.8583,3.90587,5.97604,6.31039e+20,3.23861e+19,285.514,3.75374,5.55462,3.56809e+16,8.97275e+16,46.7448,3.1793,5.09153,4.94966e+19,8.92456e+20,sim01435.iv
sim01436,39.5956,3.88645,5.96849,8.82069e+20,3.34223e+19,349.6,3.64989,5.52835,3.89014e+16,5.12059e+16,30.1684,2.93382,5.07537,1.22672e+19,5.19931e+20,sim01436.iv
sim01437,41.7477,3.86218,5.80424,5.40741e+20,1.7834e+19,216.75,3.78923,5.51367,4.54622e+16,5.79441e+16,23.3846,3.08074,5.19392,1.52263e+19,5.763e+20,sim01437.iv
sim01438,38.8599,3.83039,5.82521,8.35242e+20,3.47463e+19,240.483,3.76464,5.42105,3.99317e+16,7.64981e+16,38.417,3.04003,5.13725,3.58585e+19,9.37135e+20,sim01438.iv
sim01439,37.063,3.88026,5.95322,6.2962e+20,4.03837e+19,249.198,3.69608,5.54784,6.64893e+16,1.7712e+16,33.3968,3.12474,5.19935,2.86719e+19,5.42963e+20,sim01439.iv
sim01440,30.9856,3.89798,5.81469,9.32129e+20,3.15516e+19,268.256,3.67944,5.40566,5.66988e+16,5.28018e+16,30.3766,3.06347,5.08221,3.28706e+19,9.42521e+20,sim01440.iv
sim01441,30.9166,3.87958,5.97318,6.79047e+20,2.75745e+19,322.114,3.71837,5.58678,5.23597e+16,5.31124e+16,21.2879,2.87892,5.108,1.74844e+19,7.26792e+20,sim01441.iv
sim01442,28.4995,3.80416,5.89502,8.23135e+20,2.35293e+19,318.714,3.62921,5.41826,9.41357e+16,9.29491e+16,32.1963,2.96797,5.17021,3.12208e+19,5.58557e+20,sim01442.iv
sim01443,23.4462,3.82623,5.95615,8.00948e+20,2.19906e+19,232.69,3.62469,5.54828,8.97276e+16,5.77971e+16,43.1813,2.91325,5.11713,2.75216e+19,5.43847e+20,sim01443.iv
sim01444,34.621,3.96936,5.81036,7.38553e+20,4.49305e+19,320.61,3.69869,5.43427,8.63674e+16,2.37821e+16,28.3046,2.84971,5.0918,3.51679e+19,9.13559e+20,sim01444.iv
sim01445,33.8401,3.99414,5.91917,8.02205e+20,1.70115e+19,236.616,3.71533,5.54418,2.84236e+16,5.35616e+16,30.686,2.97551,5.04443,1.56289e+19,6.60251e+20,sim01445.iv
sim01446,46.0675,3.96105,5.82033,5.43904e+20,2.9718e+19,248.834,3.76469,5.49724,8.67437e+16,1.97379e+16,49.1023,3.10684,5.14638,4.76086e+19,7.35151e+20,sim01446.iv
sim01447,24.4667,3.89938,5.96304,9.29771e+20,2.95418e+19,312.522,3.64939,5.44611,6.27634e+16,4.79576e+16,24.8316,3.10454,5.10643,3.08157e+19,5.94655e+20,sim01447.iv
sim01448,27.2342,3.93854,5.97038,5.88606e+20,4.24938e+19,320.333,3.76298,5.51635,4.16658e+16,7.93919e+16,34.3984,2.88875,5.08048,2.83087e+19,7.52673e+20,sim01448.iv
sim01449,46.9269,3.88223,5.85696,9.81174e+20,1.96779e+19,211.556,3.76996,5.59089,7.13919e+16,4.66885e+16,36.3126,3.1328,5.17707,1.4101e+19,9.33998e+20,sim01449.iv
sim01450,38.5205,3.80646,5.8217,5.22767e+20,4.79423e+19,269.713,3.74312,5.40034,8.13855e+16,5.33832e+16,47.7081,3.00836,5.15776,3.51787e+19,7.60269e+20,sim01450.iv
sim01451,48.4473,3.89912,5.97848,5.18039e+20,3.62968e+19,337.633,3.77986,5.49701,5.24887e+16,8.29462e+16,30.0505,3.17486,5.05014,1.29759e+19,8.85962e+20,sim01451.iv
sim01452,32.1417,3.87116,5.86418,9.90221e+20,3.28671e+19,348.868,3.66872,5.48279,2.90586e+16,4.87328e+16,21.8602,2.80022,5.09061,3.9841e+19,7.18533e+20,sim01452.iv
sim01453,35.5402,3.88912,5.90536,8.87802e+20,4.21515e+19,327.328,3.64249,5.49157,8.47905e+16,9.47691e+16,36.2895,2.9972,5.15292,4.96678e+19,7.12966e+20,sim01453.iv
sim01454,24.953,3.96686,5.94209,5.72538e+20,2.29404e+19,287.451,3.74629,5.55613,2.40158e+16,2.95076e+16,42.3237,2.84644,5.09963,3.18397e+19,6.69677e+20,sim01454.iv
sim01455,43.8901,3.81108,5.95549,8.23016e+20,3.02887e+19,332.132,3.64045,5.56015,2.68997e+16,9.91401e+16,20.9829,3.02128,5.0336,2.6319e+19,5.73973e+20,sim01455.iv
sim01456,25.8148,3.8122,5.8016,8.59653e+20,2.81384e+19,216.383,3.78779,5.53312,3.37846e+16,4.94826e+16,34.678,3.02797,5.17149,3.3596e+19,9.89363e+20,sim01456.iv
sim01457,41.8043,3.9977,5.91015,8.39225e+20,3.95159e+19,315.665,3.60489,5.42549,3.0495e+16,3.44345e+16,47.161,3.08904,5.02866,2.70542e+19,6.21561e+20,sim01457.iv
sim01458,44.8959,3.98356,5.83286,7.08285e+20,4.81135e+19,301.993,3.77362,5.47154,2.88732e+16,7.22173e+16,24.1228,3.13596,5.15097,2.21963e+19,7.49356e+20,sim01458.iv
sim01459,43.9758,3.98698,5.87043,8.94996e+20,1.77787e+19,336.496,3.73725,5.43055,7.65846e+16,7.51652e+16,42.2689,2.93795,5.14796,4.30628e+19,6.73564e+20,sim01459.iv
sim01460,26.2387,3.97758,5.92414,7.30194e+20,4.51898e+19,229.041,3.76212,5.49816,1.38272e+16,9.75351e+16,43.342,2.8859,5.18474,4.74138e+19,9.00233e+20,sim01460.iv
sim01461,23.8151,3.83728,5.95081,9.56903e+20,1.86007e+19,274.516,3.63096,5.4956,6.78276e+16,1.16699e+16,39.2878,3.0559,5.091,4.58161e+19,5.6741e+20,sim01461.iv
sim01462,21.5394,3.89917,5.90661,6.33345e+20,4.84651e+19,245.522,3.65403,5.5622,9.30541e+16,5.82526e+16,20.5716,2.94217,5.04479,3.04407e+19,8.41286e+20,sim01462.iv
sim01463,31.7731,3.90747,5.95197,6.23074e+20,1.78387e+19,322.789,3.6074,5.43012,1.11121e+16,5.99846e+16,38.0026,3.01241,5.08285,3.11612e+19,5.96969e+20,sim01463.iv
sim01464,44.7873,3.99615,5.90812,6.87178e+20,4.16713e+19,237.03,3.66415,5.588,2.67665e+16,2.00904e+16,36.3906,3.03497,5.11943,1.65791e+19,8.60572e+20,sim01464.iv
sim01465,27.2684,3.98962,5.84559,5.08656e+20,3.27138e+19,238.399,3.72571,5.44584,4.85276e+16,2.61563e+16,32.8643,2.85461,5.06759,1.79573e+19,9.08051e+20,sim01465.iv
sim01466,41.8806,3.83336,5.81658,5.12872e+20,1.90669e+19,277.225,3.67998,5.5943,8.13021e+16,1.70368e+16,24.768,2.81064,5.02765,3.11767e+19,5.38369e+20,sim01466.iv
sim01467,21.796,3.82363,5.93388,5.09679e+20,4.8785e+19,263.31,3.66732,5.49496,5.66076e+16,4.78012e+16,34.5898,2.93589,5.0644,1.10926e+19,8.359e+20,sim01467.iv
sim01468,38.5182,3.93376,5.98821,7.36542e+20,4.52708e+19,272.152,3.69552,5.52659,2.94311e+16,2.95621e+16,35.295,2.82744,5.04733,4.17365e+19,7.31867e+20,sim01468.iv
sim01469,20.7987,3.81215,5.9839,9.78359e+20,3.56442e+19,235.892,3.67362,5.46109,8.06641e+16,5.83381e+16,43.3897,2.9442,5.1739,2.71665e+19,7.08687e+20,sim01469.iv
sim01470,34.673,3.91836,5.97882,7.28878e+20,4.72054e+19,265.114,3.66491,5.45901,1.19037e+16,8.6423e+16,22.377,2.93373,5.05009,3.97775e+19,9.66294e+20,sim01470.iv
sim01471,44.5013,3.864,5.89115,6.23518e+20,4.69592e+19,226.624,3.79039,5.56273,7.4042e+16,7.96594e+16,30.1804,2.91835,5.07628,1.72645e+19,8.7318e+20,sim01471.iv
sim01472,34.2513,3.97716,5.97568,5.77927e+20,1.87527e+19,267.49,3.62376,5.53789,7.63836e+16,7.49215e+16,34.1063,3.13729,5.12117,4.97445e+19,9.07719e+20,sim01472.iv
sim01473,41.6678,3.82466,5.96652,6.52786e+20,2.67566e+19,274.786,3.66626,5.42169,2.79427e+16,8.2312e+16,39.5681,3.17714,5.16421,2.60888e+19,8.93103e+20,sim01473.iv
sim01474,37.2929,3.85726,5.99502,9.64245e+20,1.44879e+19,327.519,3.61554,5.58576,6.61749e+16,2.49924e+16,44.5179,3.00631,5.01191,4.19371e+19,8.94169e+20,sim01474.iv
sim01475,34.4618,3.94622,5.80803,6.59053e+20,3.69289e+19,242.285,3.69008,5.58639,8.44077e+16,6.02197e+16,37.3015,3.1548,5.17261,1.35319e+19,7.32789e+20,sim01475.iv
sim01476,25.7256,3.81664,5.85848,8.05322e+20,4.17748e+19,337.747,3.68459,5.48446,2.37927e+16,2.75357e+16,23.0748,3.19036,5.02552,4.02657e+19,6.58882e+20,sim01476.iv
sim01477,36.1144,3.97454,5.98723,6.20115e+20,4.64508e+19,245.287,3.76096,5.40305,5.81708e+16,7.53231e+16,45.1682,3.13645,5.05977,4.4126e+19,6.61824e+20,sim01477.iv
sim01478,27.013,3.80029,5.84714,5.59219e+20,3.69975e+19,230.27,3.71708,5.42529,7.33977e+16,3.56991e+16,29.2609,3.05615,5.18779,4.9664e+19,6.78632e+20,sim01478.iv
sim01479,48.3898,3.92246,5.98129,5.13926e+20,1.13269e+19,220.44,3.76088,5.42759,2.58927e+16,6.2686e+16,48.7234,3.02684,5.14652,1.75094e+19,9.57087e+20,sim01479.iv
sim01480,21.6763,3.85656,5.89074,6.13086e+20,3.65504e+19,305.031,3.64237,5.40172,1.66886e+16,1.00385e+16,47.1618,3.04867,5.02769,1.37005e+19,9.08797e+20,sim01480.iv
sim01481,44.3312,3.98548,5.83185,7.61137e+20,1.4859e+19,321.39,3.6825,5.53917,1.27282e+16,8.00138e+16,26.8846,3.13712,5.03717,4.16039e+19,5.67053e+20,sim01481.iv
sim01482,39.9025,3.95585,5.87725,6.22166e+20,2.37811e+19,251.523,3.72661,5.40891,1.37293e+16,3.58995e+16,28.3092,2.87083,5.14336,1.09505e+19,9.62117e+20,sim01482.iv
sim01483,42.7246,3.88059,5.97179,8.09077e+20,3.28092e+19,253.823,3.73262,5.42794,5.72409e+16,2.04499e+16,33.3544,3.04651,5.0311,1.88848e+19,9.06629e+20,sim01483.iv
sim01484,27.6714,3.81911,5.86614,9.6757e+20,3.77513e+19,290.561,3.76808,5.53204,8.30031e+16,6.91441e+16,45.9277,3.0496,5.05297,1.16447e+19,5.5266e+20,sim01484.iv
sim01485,35.3734,3.99435,5.95189,8.87721e+20,3.65515e+19,336.488,3.74709,5.45167,5.49534e+16,4.63909e+16,24.9617,2.88895,5.05703,1.69457e+19,6.08654e+20,sim01485.iv
sim01486,47.4918,3.86865,5.9655,5.32195e+20,4.92724e+19,317.071,3.78134,5.50518,6.71084e+16,4.24737e+16,32.9609,3.1003,5.00999,1.14621e+19,9.37461e+20,sim01486.iv
sim01487,23.3002,3.94421,5.83991,6.83104e+20,2.1742e+19,278.647,3.76533,5.57511,2.9984e+16,4.03884e+16,45.1075,2.83585,5.02338,2.91833e+19,8.95072e+20,sim01487.iv
sim01488,30.0793,3.81389,5.99357,9.69456e+20,3.60761e+19,305.463,3.78674,5.52877,8.09571e+16,5.17164e+16,26.8401,3.13301,5.13688,2.15825e+19,8.11638e+20,sim01488.iv
sim01489,44.4945,3.85407,5.95363,5.36172e+20,3.4998e+19,349.851,3.77327,5.57513,7.12321e+16,5.15068e+16,40.3165,2.92848,5.11055,3.15872e+19,7.71865e+20,sim01489.iv
sim01490,32.3596,3.87056,5.86607,6.12365e+20,2.75419e+19,226.484,3.78031,5.41394,8.53677e+16,3.17124e+16,45.5966,3.08811,5.1842,4.48093e+19,8.50544e+20,sim01490.iv
sim01491,24.5504,3.90981,5.86797,9.42888e+20,4.48891e+19,253.965,3.73434,5.46766,7.10371e+16,6.52484e+16,35.3284,3.15136,5.04921,4.18987e+19,8.44754e+20,sim01491.iv
sim01492,28.438,3.88434,5.8138,7.98788e+20,4.55156e+19,226.495,3.6264,5.49491,3.53107e+16,3.49236e+16,39.1601,2.9641,5.16893,2.71562e+19,8.07638e+20,sim01492.iv
sim01493,31.9367,3.8512,5.89427,8.6024e+20,4.81124e+19,215.903,3.70637,5.52719,1.77148e+16,8.46254e+16,28.2786,3.14996,5.11052,1.60832e+19,8.6961e+20,sim01493.iv
sim01494,24.7169,3.94408,5.96164,7.87765e+20,2.08437e+19,271.227,3.7056,5.53316,6.70533e+16,4.60382e+16,42.745,3.10857,5.13927,2.08862e+19,7.34698e+20,sim01494.iv
sim01495,32.9827,3.96336,5.96164,9.3304e+20,1.9247e+19,314.784,3.77408,5.4333,1.35943e+16,1.94958e+16,38.1861,2.96866,5.03901,3.11321e+19,8.92761e+20,sim01495.iv
sim01496,45.6745,3.95034,5.9771,8.02093e+20,4.34829e+19,268.406,3.7705,5.57916,7.17767e+16,4.87942e+16,28.4502,2.93007,5.02647,1.18865e+19,7.07209e+20,sim01496.iv
sim01497,21.2801,3.97612,5.92999,9.21834e+20,2.77767e+19,241.353,3.65806,5.57095,2.09704e+16,7.28439e+16,26.7707,2.94127,5.00061,2.91636e+19,5.64176e+20,sim01497.iv
sim01498,45.7894,3.81955,5.85007,5.07399e+20,4.97151e+19,299.801,3.72872,5.50377,8.8125e+16,2.29769e+16,43.7856,3.12285,5.00723,1.53071e+19,7.73574e+20,sim01498.iv
sim01499,22.7057,3.85647,5.88073,5.78609e+20,3.81659e+19,279.309,3.72796,5.49486,4.71236e+16,5.4315e+16,46.9854,2.95842,5.12845,4.33585e+19,8.10544e+20,sim01499.iv
sim01500,26.7819,3.82439,5.91818,8.63698e+20,4.07495e+19,307.132,3.60069,5.55477,6.4416e+16,9.89363e+16,42.9376,2.97208,5.13523,3.46374e+19,6.68697e+20,sim01500.iv
sim01501,36.0059,3.84088,5.81757,8.66512e+20,2.53651e+19,315.8,3.69767,5.56196,7.65648e+16,7.87718e+16,32.8799,3.18447,5.08105,4.17258e+19,7.44794e+20,sim01501.iv
sim01502,27.0526,3.92578,5.89382,6.32035e+20,2.53013e+19,232.391,3.79741,5.52864,2.5619e+16,7.8813e+16,38.0564,3.08902,5.1169,1.24187e+19,6.0162e+20,sim01502.iv
sim01503,43.0623,3.95087,5.95078,5.07607e+20,4.2206e+19,271.478,3.73873,5.45442,7.92576e+16,9.84054e+16,27.6062,3.11368,5.12099,2.09238e+19,6.47179e+20,sim01503.iv
sim01504,41.9491,3.85687,5.80956,9.3698e+20,3.3558e+19,316.186,3.72064,5.50329,7.92984e+16,1.28941e+16,29.3566,3.05099,5.18879,2.5746e+19,9.87645e+20,sim01504.iv
sim01505,42.6585,3.89698,5.88583,5.64721e+20,3.46078e+19,217.33,3.68581,5.44754,9.60657e+16,4.26938e+16,34.6776,2.9502,5.02744,2.41033e+19,8.89499e+20,sim01505.iv
sim01506,38.6359,3.88748,5.96411,5.02074e+20,4.3064e+19,218.335,3.77405,5.58951,8.37253e+16,1.17634e+16,35.7862,3.13152,5.109,2.43975e+19,7.35348e+20,sim01506.iv
sim01507,22.4208,3.89926,5.80557,8.22058e+20,2.56181e+19,236.788,3.60348,5.58442,6.00687e+16,6.82258e+16,43.3807,3.05064,5.08262,3.51035e+19,6.26258e+20,sim01507.iv
sim01508,36.8405,3.84112,5.98348,7.54784e+20,1.93536e+19,299.549,3.61806,5.4868,8.79368e+16,7.91073e+16,41.1032,2.98824,5.08938,1.04524e+19,8.00019e+20,sim01508.iv
sim01509,37.3102,3.80106,5.82741,5.06218e+20,2.01272e+19,210.539,3.68347,5.49528,4.93373e+16,2.7945e+16,35.7068,3.12564,5.05824,2.2503e+19,7.71413e+20,sim01509.iv
sim01510,27.0126,3.86756,5.89049,6.93151e+20,4.27293e+19,328.859,3.68058,5.48956,9.61205e+16,5.52779e+16,49.791,3.10512,5.05285,1.91637e+19,5.79532e+20,sim01510.iv
sim01511,44.1844,3.86137,5.93516,7.70068e+20,4.30399e+19,315.114,3.61275,5.46769,5.68089e+16,8.23275e+16,41.4208,3.01976,5.16168,2.73971e+19,5.2783e+20,sim01511.iv
sim01512,46.1161,3.90532,5.96168,6.96041e+20,3.35421e+19,256.353,3.68191,5.42948,7.67443e+16,3.52256e+16,29.0519,2.94168,5.08643,3.30466e+19,8.41403e+20,sim01512.iv
sim01513,40.2707,3.88474,5.89638,5.7016e+20,3.08602e+19,332.788,3.69209,5.5876,2.40205e+16,7.63219e+16,41.2397,3.07261,5.13257,1.08923e+19,8.71061e+20,sim01513.iv
sim01514,34.9905,3.90484,5.81017,5.94191e+20,4.64403e+19,254.174,3.67878,5.43784,6.68972e+16,7.66631e+16,47.6379,3.02483,5.05513,1.28385e+19,6.33055e+20,sim01514.iv
sim01515,38.5509,3.99482,5.81584,6.94183e+20,3.66894e+19,290.44,3.73034,5.49264,3.40333e+16,5.34477e+16,31.4461,3.08372,5.03432,2.98459e+19,9.79531e+20,sim01515.iv
sim01516,35.9538,3.84744,5.98717,6.22079e+20,4.00472e+19,225.334,3.77042,5.43611,4.54762e+16,9.69058e+16,37.3818,2.9056,5.00013,1.02716e+19,6.37294e+20,sim01516.iv
sim01517,35.8056,3.89698,5.98438,8.82047e+20,4.69894e+19,281.649,3.68933,5.51322,4.34931e+16,2.8973e+16,45.0998,3.07221,5.06513,2.78512e+19,6.12724e+20,sim01517.iv
sim01518,36.8852,3.87167,5.97512,7.64181e+20,2.64692e+19,314.947,3.78102,5.56348,5.45425e+16,4.20799e+16,39.8639,3.12675,5.19573,2.829e+19,8.3412e+20,sim01518.iv
sim01519,28.7931,3.81749,5.85061,5.07245e+20,3.03771e+19,262.242,3.73565,5.52306,2.5108e+16,7.06439e+16,25.622,2.80238,5.19404,1.10794e+19,6.70875e+20,sim01519.iv
sim01520,39.1253,3.87407,5.87624,8.61364e+20,3.40862e+19,282.573,3.77726,5.42162,5.22791e+16,3.1516e+16,21.1042,3.19161,5.14681,1.86474e+19,7.01217e+20,sim01520.iv
sim01521,26.7807,3.93697,5.87009,9.59931e+20,1.83022e+19,258.976,3.78636,5.57694,3.63853e+16,5.34762e+16,46.5111,3.06825,5.12746,3.64223e+19,9.60491e+20,sim01521.iv
sim01522,35.5152,3.83636,5.89454,8.64444e+20,2.96854e+19,253.857,3.73327,5.49005,9.66538e+16,4.16926e+16,41.5246,3.02203,5.01551,2.87903e+19,5.14582e+20,sim01522.iv
sim01523,43.695,3.94691,5.8101,7.49847e+20,4.84616e+19,249.849,3.78086,5.43022,1.05942e+16,5.77469e+16,27.1773,3.15169,5.13478,3.74756e+19,8.3664e+20,sim01523.iv
sim01524,40.3687,3.94942,5.93398,9.17138e+20,3.23249e+19,259.096,3.69337,5.48805,3.99256e+16,4.73921e+16,31.5496,2.84446,5.16611,4.02586e+19,6.68769e+20,sim01524.iv
sim01525,48.354,3.98987,5.97134,5.14686e+20,2.48487e+19,274.027,3.74374,5.52696,7.10541e+16,7.90492e+16,48.4531,3.0206,5.18081,4.25928e+19,6.68962e+20,sim01525.iv
sim01526,44.4101,3.82347,5.83175,9.96189e+20,2.71475e+19,274.487,3.79021,5.47237,3.1327e+16,1.7004e+16,35.6786,2.87988,5.01296,4.25228e+19,6.64298e+20,sim01526.iv
sim01527,37.3817,3.82093,5.90112,8.1592e+20,2.79945e+19,257.247,3.66219,5.42188,2.04122e+16,5.46127e+16,24.1649,2.88938,5.03296,4.20994e+19,7.24859e+20,sim01527.iv
sim01528,36.5777,3.91659,5.87928,6.49216e+20,2.52978e+19,284.875,3.67172,5.42732,9.22318e+16,7.59166e+16,21.9881,3.16228,5.03409,1.39092e+19,5.86608e+20,sim01528.iv
sim01529,47.991,3.84426,5.9574,8.21519e+20,3.07289e+19,261.183,3.61859,5.54213,4.55303e+16,5.81488e+16,21.5529,3.11038,5.13845,3.1172e+19,7.48154e+20,sim01529.iv
sim01530,30.1109,3.86848,5.81369,8.43357e+20,1.17989e+19,210.199,3.6062,5.44069,6.13176e+16,7.13043e+16,32.6222,2.96346,5.11536,3.38731e+19,9.22499e+20,sim01530.iv
sim01531,44.5726,3.96471,5.96883,9.39915e+20,3.22127e+19,293.323,3.74545,5.4398,4.24415e+16,9.21388e+16,35.6829,2.82072,5.08111,1.64316e+19,6.78143e+20,sim01531.iv
sim01532,36.3493,3.90103,5.89809,5.09169e+20,2.78042e+19,214.055,3.68097,5.5294,2.13314e+16,9.25095e+16,38.9153,2.88704,5.07882,1.38763e+19,5.11032e+20,sim01532.iv
sim01533,47.4758,3.93504,5.95593,8.11086e+20,4.62706e+19,335.429,3.61163,5.43789,4.56211e+16,4.06981e+16,35.7672,2.90661,5.15949,1.02998e+19,8.95757e+20,sim01533.iv
sim01534,31.8011,3.80103,5.96941,7.23377e+20,3.89891e+19,332.983,3.60686,5.45243,2.07002e+16,1.88209e+16,48.3692,3.12223,5.07295,3.74917e+19,9.59723e+20,sim01534.iv
sim01535,26.6244,3.80283,5.96482,8.61349e+20,1.64103e+19,278.55,3.63209,5.52052,6.82813e+16,3.49014e+16,43.4251,2.98944,5.14127,3.55924e+19,7.25379e+20,sim01535.iv
sim01536,28.7815,3.84086,5.94919,8.20972e+20,2.12377e+19,345.394,3.76207,5.42536,2.46307e+16,5.89643e+16,23.0714,3.18574,5.1276,1.2647e+19,7.21743e+20,sim01536.iv
sim01537,26.6591,3.89809,5.84941,9.15898e+20,3.8844e+19,336.921,3.63959,5.47708,8.2492e+16,4.36462e+16,31.3727,3.19442,5.15417,4.44327e+19,7.03486e+20,sim01537.iv
sim01538,37.5776,3.89011,5.89006,5.6385e+20,4.36853e+19,264.676,3.71636,5.57141,7.9613e+16,2.78414e+16,38.5553,2.99829,5.05203,1.16343e+19,8.14896e+20,sim01538.iv
sim01539,43.3956,3.98834,5.871,6.99609e+20,1.65202e+19,347.846,3.76992,5.59152,5.45812e+16,2.88803e+16,37.1955,2.94884,5.06957,1.32946e+19,5.36575e+20,sim01539.iv
sim01540,31.364,3.98524,5.9446,8.80279e+20,1.93716e+19,312.834,3.68126,5.41188,4.55332e+16,2.18128e+16,45.611,3.13612,5.05749,3.44769e+19,6.8188e+20,sim01540.iv
sim01541,24.6268,3.92988,5.95202,8.87361e+20,1.59688e+19,281.761,3.60478,5.41803,1.72946e+16,1.51472e+16,30.0131,2.94307,5.13957,2.31952e+19,5.70198e+20,sim01541.iv
sim01542,48.4063,3.9751,5.82485,6.81389e+20,1.67234e+19,344.276,3.6712,5.41962,7.5416e+16,7.40546e+16,27.231,2.92858,5.083,2.0708e+19,6.44444e+20,sim01542.iv
sim01543,44.0477,3.95037,5.93853,8.43387e+20,3.08753e+19,259.129,3.74411,5.42327,2.26963e+16,2.13639e+16,41.9815,3.03662,5.09003,2.90493e+19,9.1378e+20,sim01543.iv
sim01544,23.6504,3.87665,5.95203,8.2892e+20,2.74059e+19,241.408,3.78929,5.48158,8.90052e+16,8.00047e+16,45.8459,2.80677,5.09548,2.03774e+19,6.37011e+20,sim01544.iv
sim01545,28.0952,3.87786,5.88214,8.1702e+20,2.20146e+19,248.189,3.67212,5.5373,1.00154e+16,7.72235e+16,30.1691,3.0305,5.1523,3.04334e+19,8.23576e+20,sim01545.iv
sim01546,47.5982,3.80597,5.86991,9.63427e+20,4.34972e+19,296.356,3.64586,5.46611,8.72161e+16,7.28444e+16,28.5695,2.8529,5.15615,3.3049e+19,9.81719e+20,sim01546.iv
sim01547,32.1947,3.86981,5.85815,7.4094e+20,2.29092e+19,220.247,3.66243,5.44378,8.33846e+16,3.12033e+16,33.7661,3.0691,5.02985,3.12513e+19,9.23593e+20,sim01547.iv
sim01548,37.5224,3.89648,5.96778,9.73626e+20,4.28394e+19,267.177,3.72234,5.50533,3.72978e+16,4.91788e+16,44.878,2.92019,5.17791,4.96572e+19,6.53384e+20,sim01548.iv
sim01549,23.6821,3.99143,5.83421,8.85732e+20,1.15645e+19,242.979,3.65203,5.45945,9.27373e+16,2.57779e+16,25.2092,3.07667,5.19046,2.55714e+19,8.86564e+20,sim01549.iv
sim01550,20.9311,3.96481,5.94468,9.48308e+20,3.54982e+19,341.787,3.67797,5.54651,7.53008e+16,3.41747e+16,47.6174,3.11167,5.17327,2.45036e+19,9.20627e+20,sim01550.iv
sim01551,29.4493,3.99288,5.80479,8.09594e+20,1.44896e+19,310.623,3.67274,5.57413,8.85432e+16,4.31281e+16,44.2995,3.07245,5.08531,2.37295e+19,6.05152e+20,sim01551.iv
sim01552,21.8963,3.90347,5.90801,7.22009e+20,4.80239e+19,211.917,3.77006,5.56016,7.82877e+16,5.72424e+16,25.7107,3.14515,5.14892,4.33128e+19,6.17894e+20,sim01552.iv
sim01553,36.6312,3.88319,5.92793,8.76304e+20,1.69486e+19,234.365,3.60872,5.43144,3.16156e+16,1.65267e+16,30.6707,3.07007,5.15861,2.38327e+19,5.41912e+20,sim01553.iv
sim01554,42.7812,3.87824,5.85029,7.35345e+20,4.87946e+19,262.17,3.79189,5.45063,1.9499e+16,2.41461e+16,43.2135,3.01505,5.11638,4.87083e+19,7.52419e+20,sim01554.iv
sim01555,23.5106,3.9437,5.84157,7.90769e+20,4.41752e+19,276.791,3.66286,5.51511,2.14256e+16,3.76808e+16,35.1243,2.90166,5.00785,3.34056e+19,7.00624e+20,sim01555.iv
sim01556,31.7183,3.99936,5.82236,5.77088e+20,4.50505e+19,228.237,3.78352,5.53439,5.75347e+16,3.50561e+16,30.7842,3.13038,5.0115,4.07419e+19,9.1391e+20,sim01556.iv
sim01557,41.179,3.8109,5.94853,8.61582e+20,1.05238e+19,334.92,3.62644,5.59216,1.63694e+16,3.14244e+16,40.7073,2.8549,5.03699,1.04469e+19,9.1324e+20,sim01557.iv
sim01558,21.1285,3.92651,5.91646,7.5562e+20,2.50063e+19,251.939,3.79139,5.55707,9.30459e+16,7.60508e+16,44.8703,3.18567,5.09073,4.62759e+19,5.21537e+20,sim01558.iv
sim01559,23.2362,3.89807,5.89079,7.19107e+20,3.14877e+19,285.372,3.77411,5.46918,3.84617e+16,7.31706e+16,39.4543,3.13194,5.06186,1.02558e+19,9.72032e+20,sim01559.iv
sim01560,21.3268,3.936,5.86437,7.11767e+20,4.35213e+19,268.741,3.62887,5.55089,1.1819e+16,3.4726e+16,36.1422,2.97511,5.12405,2.52539e+19,6.95292e+20,sim01560.iv
sim01561,30.4597,3.97745,5.80346,9.69821e+20,2.43289e+19,261.084,3.74518,5.47766,6.5498e+16,9.13268e+16,45.3859,3.00615,5.14333,2.56974e+19,8.88022e+20,sim01561.iv
sim01562,25.1055,3.80913,5.90815,6.07669e+20,3.9149e+19,224.185,3.6017,5.53514,5.50719e+16,9.56814e+16,27.4246,2.8493,5.00462,2.77699e+19,5.50408e+20,sim01562.iv
sim01563,43.2693,3.8144,5.98415,7.70427e+20,3.78549e+19,228.328,3.6179,5.47074,5.68391e+16,6.17952e+16,29.8937,2.90906,5.19628,2.09065e+19,5.68962e+20,sim01563.iv
sim01564,30.7838,3.86077,5.88435,8.11857e+20,3.41259e+19,307.761,3.63134,5.40919,8.11729e+16,2.95437e+16,29.47,2.98227,5.14326,1.65434e+19,9.51201e+20,sim01564.iv
sim01565,29.6458,3.99653,5.85708,8.62827e+20,2.50668e+19,327.122,3.69248,5.57411,7.78545e+16,6.27426e+16,27.4997,2.90395,5.19828,4.70155e+19,5.69209e+20,sim01565.iv
sim01566,26.1219,3.82136,5.84027,6.45119e+20,4.35051e+19,223.326,3.77642,5.59439,3.53566e+16,5.1061e+16,35.8799,2.88228,5.14632,3.32e+19,5.56089e+20,sim01566.iv
sim01567,46.8795,3.86044,5.83125,9.90927e+20,1.41164e+19,218.358,3.64751,5.46385,4.90422e+16,7.16653e+16,30.9714,3.02373,5.00116,2.5396e+19,9.72484e+20,sim01567.iv
sim01568,43.2454,3.94816,5.8609,7.44088e+20,4.37809e+19,333.222,3.74211,5.49131,1.65849e+16,2.07418e+16,20.0088,2.94368,5.00468,2.74009e+19,7.98771e+20,sim01568.iv
sim01569,37.8764,3.91106,5.84523,7.59594e+20,4.91934e+19,272.246,3.7749,5.47628,6.6074e+16,5.33655e+16,40.6587,3.15895,5.08818,4.0296e+19,9.4127e+20,sim01569.iv
sim01570,43.6863,3.80491,5.80004,9.4148e+20,3.91725e+19,344.138,3.6585,5.55759,8.2137e+16,8.71594e+16,40.7608,2.85532,5.13619,3.41793e+19,6.66836e+20,sim01570.iv
sim01571,26.2584,3.97702,5.82839,7.11099e+20,3.49119e+19,346.052,3.7342,5.46098,1.54596e+16,3.85933e+16,28.7836,3.12763,5.07532,1.39379e+19,9.34989e+20,sim01571.iv
sim01572,20.5416,3.8006,5.89495,5.3461e+20,1.70841e+19,347.94,3.76887,5.55281,7.03714e+16,1.43034e+16,45.0773,2.98848,5.01966,2.203e+19,7.50984e+20,sim01572.iv
sim01573,20.4108,3.85048,5.86718,7.31896e+20,1.00793e+19,289.162,3.63953,5.51945,3.15235e+16,4.62447e+16,38.7089,3.06263,5.00612,3.1403e+19,9.08321e+20,sim01573.iv
sim01574,26.1927,3.9064,5.88952,9.24967e+20,2.75505e+19,342.138,3.73049,5.51228,3.62728e+16,6.36873e+16,23.9374,2.9665,5.05689,3.68111e+19,8.81998e+20,sim01574.iv
sim01575,47.8589,3.84442,5.97695,9.22976e+20,4.44973e+19,313.667,3.65354,5.57557,6.39594e+16,7.66551e+16,26.1577,2.86296,5.05537,3.04548e+19,7.08313e+20,sim01575.iv
sim01576,46.6282,3.8026,5.81601,6.62705e+20,1.67093e+19,266.945,3.74352,5.59868,2.81867e+16,3.39377e+16,43.0622,2.90882,5.14075,3.33396e+19,9.27447e+20,sim01576.iv
sim01577,21.0001,3.99595,5.99285,5.11194e+20,2.99804e+19,266.2,3.65083,5.59557,2.5714e+16,3.37199e+16,20.2467,3.03209,5.17216,3.48765e+19,8.25804e+20,sim01577.iv
sim01578,21.9896,3.94296,5.8818,7.36856e+20,3.34006e+19,346.551,3.74964,5.53679,4.88704e+16,1.31005e+16,36.1605,3.06435,5.14084,3.43152e+19,6.50184e+20,sim01578.iv
sim01579,26.6309,3.81802,5.94057,9.85393e+20,3.10009e+19,304.246,3.73852,5.43229,2.72621e+16,2.8736e+16,47.9852,2.80623,5.10823,2.50871e+19,8.29675e+20,sim01579.iv
sim01580,26.6148,3.99223,5.86624,9.62963e+20,3.3568e+19,268.025,3.74678,5.51061,2.24724e+16,7.3404e+16,37.3848,3.02626,5.14763,3.61392e+19,6.83121e+20,sim01580.iv
sim01581,29.5547,3.85016,5.91503,6.49944e+20,1.48167e+19,319.578,3.64183,5.43298,8.64101e+16,7.31915e+16,42.9847,2.94014,5.12349,4.72878e+19,6.41349e+20,sim01581.iv
sim01582,22.0689,3.83418,5.97949,6.40766e+20,2.96501e+19,284.84,3.792,5.4603,5.69252e+16,9.62312e+16,26.0403,3.03915,5.01272,2.0519e+19,5.34607e+20,sim01582.iv
sim01583,29.9046,3.84129,5.95968,7.31698e+20,2.62e+19,306.925,3.78944,5.46031,1.60076e+16,1.98802e+16,45.7165,3.13834,5.09507,1.59057e+19,7.63245e+20,sim01583.iv
sim01584,40.0527,3.86645,5.8165,6.60971e+20,3.7623e+19,346.971,3.63802,5.58291,5.10961e+16,6.96896e+16,45.911,3.02298,5.01229,2.06311e+19,9.01453e+20,sim01584.iv
sim01585,36.5868,3.86581,5.91666,6.34285e+20,1.96404e+19,325.975,3.68001,5.4548,4.68259e+16,9.2857e+16,25.4237,2.87409,5.07075,1.24176e+19,5.37461e+20,sim01585.iv
sim01586,20.3294,3.82924,5.92808,5.98213e+20,2.51116e+19,308.782,3.60636,5.44181,9.96299e+16,6.37266e+16,39.7994,3.00642,5.19318,1.57719e+19,5.33686e+20,sim01586.iv
sim01587,44.485,3.80082,5.91231,5.00706e+20,2.39298e+19,301.124,3.70947,5.51197,2.41612e+16,3.65259e+16,41.3009,2.80932,5.11906,3.06826e+19,6.71979e+20,sim01587.iv
sim01588,30.0433,3.95979,5.8764,5.3993e+20,4.84816e+19,228.252,3.75949,5.40279,4.27959e+16,5.63662e+16,20.8935,3.09363,5.05212,3.16467e+19,8.96164e+20,sim01588.iv
sim01589,37.7334,3.89112,5.86722,5.22553e+20,4.65208e+19,292.87,3.72631,5.4881,4.35441e+16,1.41989e+16,25.0697,2.97022,5.04834,1.17777e+19,7.73007e+20,sim01589.iv
sim01590,33.9234,3.88427,5.95685,7.99764e+20,1.00566e+19,316.667,3.69652,5.50336,9.00615e+16,1.98298e+16,37.9821,2.91286,5.00734,2.74953e+19,6.41807e+20,sim01590.iv
sim01591,20.0448,3.89859,5.86222,7.17062e+20,1.04692e+19,266.249,3.69408,5.4932,7.45234e+16,9.92158e+16,20.8359,2.95841,5.17134,3.50279e+19,9.91801e+20,sim01591.iv
sim01592,41.4025,3.94485,5.81522,6.37627e+20,3.33524e+19,283.135,3.75252,5.59873,2.86124e+16,4.85559e+16,46.0052,3.13526,5.16344,3.48157e+19,9.96597e+20,sim01592.iv
sim01593,30.7371,3.82326,5.82651,7.17846e+20,4.2198e+19,273.398,3.72228,5.4716,7.43348e+16,2.37827e+16,35.6035,2.87405,5.09372,2.72198e+19,8.02281e+20,sim01593.iv
sim01594,35.2864,3.99515,5.98006,6.47039e+20,1.48471e+19,219.065,3.6396,5.44442,8.99813e+16,9.32357e+16,26.9141,3.10349,5.16715,2.51004e+19,9.35797e+20,sim01594.iv
sim01595,49.6596,3.99356,5.94838,6.85831e+20,1.90802e+19,349.002,3.65523,5.48768,3.37712e+16,5.46507e+16,23.3114,3.12362,5.10102,2.67801e+19,6.81572e+20,sim01595.iv
sim01596,37.3935,3.95598,5.98051,9.20759e+20,2.78205e+19,326.759,3.70572,5.52764,7.07104e+16,4.59714e+16,34.5816,3.07704,5.06159,3.98765e+19,6.77052e+20,sim01596.iv
sim01597,37.5647,3.96752,5.80464,6.2017e+20,3.24467e+19,224.854,3.64112,5.54982,1.23241e+16,6.49033e+16,21.0247,2.84637,5.07807,4.85907e+19,7.72924e+20,sim01597.iv
sim01598,29.3667,3.88227,5.91375,8.09708e+20,2.07161e+19,237.621,3.69906,5.52897,8.34922e+16,6.33516e+16,40.773,2.99359,5.11334,3.54179e+19,6.18166e+20,sim01598.iv
sim01599,48.0222,3.86907,5.92094,7.80477e+20,4.41338e+19,225.905,3.77685,5.4274,2.30077e+16,8.76029e+16,27.7131,3.04471,5.09272,4.73707e+19,8.91042e+20,sim01599.iv
sim01600,30.0498,3.96269,5.84516,8.07786e+20,4.00634e+19,308.442,3.73134,5.56599,6.00588e+16,9.35513e+16,24.3443,2.94228,5.1566,2.23222e+19,7.21475e+20,sim01600.iv
sim01601,43.1864,3.90771,5.83752,5.87419e+20,2.20493e+19,252.422,3.62733,5.56693,3.54364e+16,8.22022e+16,49.2035,2.93278,5.19405,1.7648e+19,8.23727e+20,sim01601.iv
sim01602,49.7354,3.96167,5.84594,6.28666e+20,2.04972e+19,342.019,3.64908,5.50192,4.149e+16,4.25142e+16,32.2465,2.93802,5.11999,2.70189e+19,7.20506e+20,sim01602.iv
sim01603,35.1798,3.87124,5.95091,7.51741e+20,3.03684e+19,239.378,3.60617,5.56186,8.69934e+16,3.17122e+16,30.801,2.94321,5.13684,1.74894e+19,9.89357e+20,sim01603.iv
sim01604,21.8558,3.99475,5.81376,6.58757e+20,2.00277e+19,246.349,3.79893,5.49167,2.0756e+16,9.84052e+16,27.28,2.82902,5.00484,2.85292e+19,9.59166e+20,sim01604.iv
sim01605,20.5088,3.94504,5.85208,6.0953e+20,3.81516e+19,314.702,3.7118,5.44045,1.05677e+16,7.6355e+16,37.9884,2.96902,5.04272,4.04774e+19,5.35448e+20,sim01605.iv
sim01606,39.2811,3.93768,5.84465,7.41662e+20,3.0808e+19,292.779,3.78024,5.50928,1.60587e+16,4.10475e+16,38.8498,2.93326,5.15359,1.75962e+19,5.71503e+20,sim01606.iv
sim01607,26.931,3.97522,5.93619,7.60024e+20,2.20135e+19,338.603,3.77776,5.47988,7.77451e+16,9.22208e+16,29.4006,2.93149,5.10916,2.63347e+19,8.8074e+20,sim01607.iv
sim01608,36.1079,3.84237,5.87128,8.3562e+20,1.21374e+19,257.903,3.60322,5.56417,2.05471e+16,1.69484e+16,43.5978,2.8358,5.13685,2.51945e+19,9.1085e+20,sim01608.iv
sim01609,25.4855,3.81688,5.84568,9.66068e+20,4.31648e+19,250.01,3.64122,5.43137,2.99083e+16,2.8454e+16,46.6456,2.80799,5.17602,1.1657e+19,9.13417e+20,sim01609.iv
sim01610,32.7724,3.81544,5.9598,6.2822e+20,4.51211e+19,315.316,3.79635,5.56637,3.16865e+16,4.68294e+16,40.8989,2.92643,5.1093,1.95059e+19,8.31475e+20,sim01610.iv
sim01611,30.264,3.81104,5.99355,9.21952e+20,2.21487e+19,228.147,3.74705,5.44413,6.44909e+16,8.01171e+16,28.1727,2.91385,5.01232,2.27939e+19,7.98726e+20,sim01611.iv
sim01612,24.6739,3.99062,5.94448,6.0195e+20,3.12247e+19,264.802,3.67647,5.512,1.97336e+16,2.93782e+16,24.4904,2.86959,5.13104,4.98466e+19,8.25553e+20,sim01612.iv
sim01613,49.5417,3.9154,5.85666,9.36152e+20,1.26876e+19,224.34,3.78952,5.53004,9.36066e+16,2.19598e+16,43.0478,2.89392,5.06867,4.59597e+19,7.05628e+20,sim01613.iv
sim01614,40.1161,3.97746,5.97417,5.04454e+20,1.63286e+19,338.607,3.71248,5.49604,1.58732e+16,1.22547e+16,48.6024,2.98954,5.15728,1.88001e+19,6.18536e+20,sim01614.iv
sim01615,36.8077,3.97521,5.85772,6.644e+20,3.20251e+19,215.601,3.67575,5.51126,1.04344e+16,6.74203e+16,21.5288,3.08798,5.16034,4.35518e+19,8.36694e+20,sim01615.iv
sim01616,36.8471,3.86151,5.88492,5.43528e+20,3.82841e+19,213.456,3.68269,5.50124,6.85081e+16,4.08879e+16,33.2836,3.03495,5.18463,3.68789e+19,6.27217e+20,sim01616.iv
sim01617,45.4179,3.81101,5.85446,5.54076e+20,2.78815e+19,299.17,3.7062,5.56225,6.10739e+16,3.094e+16,36.0927,3.0942,5.10059,2.76788e+19,7.64549e+20,sim01617.iv
sim01618,36.4417,3.86211,5.97085,6.03842e+20,1.13133e+19,313.809,3.76846,5.52855,5.22051e+16,9.77685e+16,31.1228,2.96236,5.11822,2.72171e+19,7.77649e+20,sim01618.iv
sim01619,48.9969,3.8475,5.82971,7.11776e+20,3.01599e+19,309.848,3.79103,5.53773,9.88458e+16,3.21705e+16,26.2667,2.92261,5.15742,1.74606e+19,5.98095e+20,sim01619.iv
sim01620,32.3521,3.86351,5.9293,9.45084e+20,1.55464e+19,286.546,3.61768,5.4443,3.78191e+16,6.21193e+16,36.6464,3.05723,5.16378,1.74892e+19,8.71691e+20,sim01620.iv
sim01621,40.0106,3.81594,5.86894,5.1385e+20,1.36074e+19,249.73,3.64862,5.58003,9.0441e+16,6.20081e+16,42.0511,3.19984,5.08204,3.0897e+19,8.25575e+20,sim01621.iv
sim01622,47.6167,3.9594,5.81288,8.56475e+20,2.00774e+19,245.686,3.70945,5.53926,2.43305e+16,3.8306e+16,41.4836,2.8608,5.16994,2.82417e+19,7.92995e+20,sim01622.iv
sim01623,22.412,3.9909,5.98151,5.95039e+20,3.65241e+19,321.036,3.62439,5.51549,8.65409e+16,5.56043e+16,47.7136,2.81912,5.18384,4.90887e+19,5.77971e+20,sim01623.iv
sim01624,32.9285,3.92415,5.97865,5.79763e+20,2.33611e+19,321.71,3.682,5.52099,6.04005e+16,9.75855e+16,24.2459,3.17938,5.11283,4.61661e+19,5.58971e+20,sim01624.iv
sim01625,39.2451,3.96802,5.95738,5.04969e+20,2.80882e+19,226.149,3.63057,5.54126,9.60922e+16,6.70688e+16,23.0713,2.8976,5.07577,1.50143e+19,9.23984e+20,sim01625.iv
sim01626,25.8352,3.82591,5.94514,5.63416e+20,2.64128e+19,282.171,3.61605,5.51116,5.32148e+16,7.01575e+16,26.5744,2.94265,5.13193,1.14239e+19,5.57897e+20,sim01626.iv
sim01627,28.5066,3.82127,5.8079,9.93691e+20,2.82304e+19,284.716,3.65098,5.40154,7.75652e+16,7.51378e+16,49.1762,2.80844,5.0274,3.84856e+19,6.65037e+20,sim01627.iv
sim01628,21.9132,3.86019,5.81754,9.18803e+20,4.50773e+19,299.165,3.67712,5.55376,6.68431e+16,8.12784e+16,35.3272,3.18334,5.05801,3.41674e+19,9.04026e+20,sim01628.iv
sim01629,46.8162,3.98935,5.879,8.49671e+20,2.16079e+19,300.913,3.63685,5.48429,9.28213e+16,8.29816e+16,34.8952,2.85874,5.07971,1.55472e+19,5.34264e+20,sim01629.iv
sim01630,47.1953,3.89829,5.81788,8.58334e+20,1.29673e+19,265.463,3.64606,5.43293,5.80194e+16,7.47721e+16,34.6157,3.12832,5.18348,4.22872e+19,9.78246e+20,sim01630.iv
sim01631,47.8711,3.9665,5.85853,5.87166e+20,3.90805e+19,328.374,3.76462,5.52872,8.46881e+16,7.3645e+16,39.961,2.81863,5.09209,1.13538e+19,5.46185e+20,sim01631.iv
sim01632,36.2301,3.8095,5.98264,7.2517e+20,3.79987e+19,230.691,3.76952,5.49561,6.02898e+16,6.83636e+16,36.1969,3.02527,5.1489,4.22589e+19,6.53083e+20,sim01632.iv
sim01633,47.6615,3.87078,5.85447,6.55715e+20,2.43406e+19,254.37,3.76875,5.51223,9.70881e+16,1.7556e+16,38.4194,2.83841,5.09177,2.53094e+19,8.40387e+20,sim01633.iv
sim01634,42.3633,3.84762,5.83874,7.09755e+20,1.96795e+19,304.727,3.70354,5.5654,9.83145e+16,4.40297e+16,47.3599,3.11087,5.02982,4.34371e+19,7.40754e+20,sim01634.iv
sim01635,41.2748,3.94052,5.97719,8.80582e+20,4.29849e+19,254.928,3.79463,5.53232,7.96322e+16,8.72993e+16,23.7135,2.93456,5.16719,4.68793e+19,8.78047e+20,sim01635.iv
sim01636,34.4693,3.85022,5.90501,6.9865e+20,4.54252e+19,289.417,3.67841,5.4997,9.40211e+16,6.51933e+16,26.8694,3.00003,5.09313,2.24162e+19,8.6815e+20,sim01636.iv
sim01637,28.0486,3.89851,5.88821,7.33431e+20,3.2671e+19,305.662,3.6286,5.45767,7.95553e+16,9.16971e+16,21.3397,2.82935,5.18677,1.59176e+19,9.89645e+20,sim01637.iv
sim01638,44.8467,3.82414,5.82051,9.88648e+20,2.01929e+19,285.413,3.64725,5.52013,8.56026e+16,6.91218e+16,21.3985,3.03808,5.1322,1.80359e+19,8.81059e+20,sim01638.iv
sim01639,38.8068,3.80191,5.99011,7.2279e+20,1.92952e+19,222.068,3.67489,5.46155,3.68158e+16,8.13881e+16,39.3776,2.85322,5.14161,3.89393e+19,7.57134e+20,sim01639.iv
sim01640,49.873,3.8567,5.81169,5.14403e+20,2.28219e+19,279.709,3.61565,5.51316,9.10784e+16,8.17177e+16,40.1741,3.06469,5.14606,2.97683e+19,7.009e+20,sim01640.iv
sim01641,29.1997,3.81992,5.91243,7.36259e+20,1.47561e+19,247.558,3.75744,5.45112,4.83147e+16,2.45177e+16,25.0954,3.10254,5.01333,2.1401e+19,9.90422e+20,sim01641.iv
sim01642,34.2768,3.92124,5.92816,5.98069e+20,2.47737e+19,266.099,3.64614,5.4468,6.47082e+16,1.97628e+16,23.8744,3.02932,5.08987,3.44773e+19,5.1348e+20,sim01642.iv
sim01643,41.1475,3.96998,5.90483,9.2042e+20,2.59865e+19,221.049,3.67551,5.48927,8.78984e+16,4.01245e+16,29.453,3.15521,5.05019,3.56979e+19,6.63317e+20,sim01643.iv
sim01644,48.5437,3.83792,5.94479,7.75032e+20,4.91483e+19,349.168,3.75874,5.42069,5.22106e+16,8.69062e+16,39.1545,3.15159,5.15987,2.25184e+19,5.97533e+20,sim01644.iv
sim01645,29.6769,3.93919,5.89621,5.21924e+20,3.96991e+19,216.258,3.68186,5.49246,5.52724e+16,2.25182e+16,42.4337,3.13975,5.13958,4.80428e+19,6.2875e+20,sim01645.iv
sim01646,24.8219,3.81346,5.9443,5.81054e+20,4.75273e+19,293.769,3.76083,5.48694,7.61361e+16,4.99286e+16,36.1629,3.10943,5.04763,4.53804e+19,8.58149e+20,sim01646.iv
sim01647,42.3962,3.84763,5.81803,5.36428e+20,3.58807e+19,231,3.79984,5.59221,1.26259e+16,7.52552e+16,27.8232,2.93636,5.04806,4.32218e+19,9.46876e+20,sim01647.iv
sim01648,21.212,3.85401,5.88974,7.60911e+20,1.35059e+19,326.204,3.7868,5.48057,8.71511e+16,7.08719e+16,37.7523,3.12762,5.09461,3.19086e+19,6.37333e+20,sim01648.iv
sim01649,41.3655,3.83181,5.84863,7.3996e+20,2.54125e+19,243.541,3.63838,5.57218,6.31773e+16,4.39653e+16,45.3734,3.13006,5.02218,3.26914e+19,6.52806e+20,sim01649.iv
sim01650,36.225,3.9436,5.8017,7.56784e+20,2.16693e+19,284.762,3.62197,5.56351,5.89302e+16,2.89957e+16,43.0905,2.81511,5.11856,3.00705e+19,5.19823e+20,sim01650.iv
sim01651,27.4912,3.81543,5.94648,8.52885e+20,1.35719e+19,225.289,3.77606,5.44017,3.73295e+16,7.15852e+16,21.8217,3.17906,5.0046,4.39657e+19,6.80453e+20,sim01651.iv
sim01652,24.5012,3.8755,5.99457,7.64489e+20,1.23712e+19,341.816,3.62871,5.41094,1.40883e+16,8.43701e+16,24.5906,2.87159,5.18882,3.44644e+19,6.4271e+20,sim01652.iv
sim01653,37.5936,3.84862,5.89885,6.67311e+20,3.49051e+19,316.233,3.6697,5.42878,4.20167e+16,7.82339e+16,43.6125,3.11422,5.19491,4.29913e+19,9.84287e+20,sim01653.iv
sim01654,38.8038,3.84587,5.92164,5.98917e+20,1.34131e+19,252.185,3.67256,5.54178,4.26769e+16,1.02834e+16,47.5082,3.03576,5.04215,2.00915e+19,5.6207e+20,sim01654.iv
sim01655,47.1964,3.84604,5.98813,6.32156e+20,4.197e+19,211.463,3.69665,5.47384,4.01127e+16,9.92941e+16,41.626,2.90231,5.15049,1.51828e+19,9.62964e+20,sim01655.iv
sim01656,32.7916,3.83813,5.85456,5.77574e+20,4.72223e+19,252.825,3.62857,5.56258,2.91933e+16,1.84735e+16,40.0518,2.80296,5.16648,3.25084e+19,6.23409e+20,sim01656.iv
sim01657,34.2078,3.85248,5.90657,7.85822e+20,4.08673e+19,275.252,3.75733,5.41385,9.29209e+16,2.66958e+16,45.0973,2.99785,5.02094,2.43921e+19,9.59165e+20,sim01657.iv
sim01658,45.0414,3.94446,5.87597,7.94395e+20,1.92849e+19,300.698,3.65219,5.5658,7.34048e+16,4.47481e+16,39.7845,2.93005,5.03113,1.94074e+19,6.35844e+20,sim01658.iv
sim01659,26.7985,3.93567,5.94793,7.2857e+20,4.95118e+19,334.743,3.61741,5.49209,9.17629e+16,2.98238e+16,31.3519,3.17878,5.15521,4.3293e+19,9.39742e+20,sim01659.iv
sim01660,25.1353,3.93985,5.96056,6.1324e+20,1.17344e+19,234.97,3.74828,5.53886,9.02554e+16,3.85258e+16,38.6523,2.81072,5.18702,3.21797e+19,8.74193e+20,sim01660.iv
sim01661,28.5145,3.81639,5.81256,9.0733e+20,1.60778e+19,325.36,3.65305,5.50825,3.35725e+16,1.45075e+16,36.2684,2.94685,5.08702,3.40624e+19,6.5683e+20,sim01661.iv
sim01662,36.9142,3.93155,5.81791,6.75048e+20,1.35979e+19,210.971,3.61025,5.51844,1.75875e+16,8.81651e+16,42.7833,2.80353,5.11465,1.04101e+19,5.54597e+20,sim01662.iv
sim01663,49.6475,3.8914,5.80544,9.25157e+20,4.66938e+19,286.774,3.74119,5.55602,7.61205e+16,5.4507e+16,44.9805,3.01093,5.0519,1.01627e+19,6.79295e+20,sim01663.iv
sim01664,22.4776,3.81266,5.89384,9.71837e+20,1.42206e+19,248.325,3.76602,5.48037,7.82923e+16,5.88101e+16,38.1179,2.86446,5.07046,3.48702e+19,5.13384e+20,sim01664.iv
sim01665,25.6498,3.8773,5.93492,7.54794e+20,3.87493e+19,311.761,3.60621,5.58034,8.41794e+16,3.43961e+16,34.5357,2.92326,5.18133,2.53128e+19,6.98027e+20,sim01665.iv
sim01666,47.3574,3.92014,5.82757,8.13008e+20,4.17779e+19,257.298,3.7054,5.52537,5.59375e+16,9.99212e+16,35.2038,3.05735,5.15872,1.54633e+19,5.21955e+20,sim01666.iv
sim01667,49.1897,3.94645,5.87866,5.08834e+20,1.6656e+19,211.365,3.67929,5.51097,2.44525e+16,6.75872e+16,48.6272,3.19618,5.16663,2.77554e+19,7.73705e+20,sim01667.iv
sim01668,35.0992,3.83113,5.97088,8.37895e+20,3.55174e+19,240.846,3.63063,5.57461,2.61473e+16,1.66347e+16,38.7682,3.08174,5.02392,1.82744e+19,8.94382e+20,sim01668.iv
sim01669,47.8876,3.8953,5.9584,6.597e+20,3.81294e+19,288.011,3.76864,5.55518,3.55722e+16,2.3451e+16,44.2297,2.81312,5.13581,2.90366e+19,5.3765e+20,sim01669.iv
sim01670,40.6568,3.89657,5.97202,6.04316e+20,1.0092e+19,228.268,3.65392,5.53045,4.26379e+16,2.06422e+16,49.4472,2.84329,5.07102,4.50642e+19,8.26308e+20,sim01670.iv
sim01671,29.5939,3.99407,5.90022,5.04055e+20,1.02465e+19,341.741,3.65624,5.56241,1.39204e+16,2.32225e+16,45.7034,3.19764,5.01038,1.67055e+19,8.61456e+20,sim01671.iv
sim01672,35.8851,3.88119,5.83889,9.72718e+20,1.68907e+19,247.135,3.66486,5.42772,5.8261e+16,4.07193e+16,38.2354,2.94714,5.02328,4.49039e+19,7.54826e+20,sim01672.iv
sim01673,29.6555,3.80327,5.91957,8.91252e+20,3.60025e+19,320.281,3.631,5.59434,2.902e+16,3.40102e+16,35.3699,2.80208,5.08849,1.7829e+19,8.74509e+20,sim01673.iv
sim01674,42.7326,3.92315,5.88434,6.55117e+20,4.30985e+19,280.993,3.69929,5.42269,2.96545e+16,4.2444e+16,40.9656,3.13811,5.19857,2.70973e+19,7.26602e+20,sim01674.iv
sim01675,42.9818,3.86425,5.9081,8.38509e+20,1.945e+19,249.143,3.67124,5.51554,3.43374e+16,2.87351e+16,24.4852,3.12372,5.17719,4.61889e+19,9.10817e+20,sim01675.iv
sim01676,24.1187,3.81955,5.89983,7.60713e+20,3.93129e+19,241.203,3.78619,5.46199,6.20028e+16,8.77792e+16,35.7034,3.10142,5.14981,4.16008e+19,9.05524e+20,sim01676.iv
sim01677,31.7739,3.87271,5.9607,7.89855e+20,3.43085e+19,267.668,3.64032,5.49139,9.72682e+16,3.6178e+16,28.1602,2.85231,5.09624,2.15412e+19,8.43562e+20,sim01677.iv
sim01678,24.0537,3.84946,5.81237,5.20735e+20,4.25657e+19,336.823,3.75278,5.57303,1.77937e+16,9.08321e+16,33.9812,3.10746,5.12315,2.39948e+19,6.324e+20,sim01678.iv
sim01679,23.5439,3.88253,5.89882,9.91558e+20,1.14916e+19,292.621,3.705,5.40458,3.96768e+16,4.80635e+16,34.8281,2.89338,5.00682,2.17537e+19,9.18181e+20,sim01679.iv
sim01680,44.2357,3.83615,5.92926,9.61824e+20,1.68843e+19,228.015,3.60443,5.43448,8.32557e+16,8.32591e+16,36.2136,2.93343,5.16136,1.78006e+19,5.69927e+20,sim01680.iv
sim01681,22.6763,3.97027,5.94297,8.12293e+20,3.90987e+19,230.087,3.67696,5.56282,9.25089e+16,5.61786e+16,23.6618,3.19141,5.07901,2.27598e+19,5.59995e+20,sim01681.iv
sim01682,20.3789,3.92073,5.92249,6.17121e+20,1.64795e+19,283.921,3.68708,5.46073,2.9641e+16,8.73375e+16,49.5148,2.94223,5.13963,4.46219e+19,5.13468e+20,sim01682.iv
sim01683,47.2419,3.89983,5.91135,7.69937e+20,1.97171e+19,319.514,3.74647,5.41916,6.06512e+16,9.61324e+16,46.1347,3.05036,5.03974,2.38889e+19,5.75179e+20,sim01683.iv
sim01684,44.6579,3.95573,5.98207,5.31698e+20,4.85885e+19,345.3,3.73488,5.57635,4.94594e+16,3.82064e+16,24.6311,2.81263,5.0084,3.76627e+19,6.68287e+20,sim01684.iv
sim01685,21.6219,3.82244,5.93306,9.6934e+20,2.63191e+19,318.872,3.79472,5.54166,7.50706e+16,6.54311e+16,49.3303,2.91992,5.1566,2.66031e+19,5.7771e+20,sim01685.iv
sim01686,42.1812,3.96588,5.97272,9.60939e+20,3.97965e+19,283.867,3.78774,5.44191,1.69579e+16,4.88463e+16,37.4666,3.072,5.16308,1.10703e+19,9.01023e+20,sim01686.iv
sim01687,38.0039,3.99059,5.86958,8.08489e+20,4.06619e+19,282.295,3.63118,5.40996,2.00261e+16,5.45414e+16,39.1883,3.02821,5.14258,1.15598e+19,5.6817e+20,sim01687.iv
sim01688,42.8342,3.95624,5.94046,8.72715e+20,4.85376e+19,342.191,3.7289,5.46387,1.12699e+16,6.68447e+16,32.9391,2.85881,5.04305,4.74612e+19,5.33111e+20,sim01688.iv
sim01689,43.6241,3.98041,5.93767,5.30671e+20,4.38341e+19,301.46,3.65541,5.52593,2.22889e+16,7.36883e+16,47.0899,3.00867,5.19042,2.75238e+19,9.28784e+20,sim01689.iv
sim01690,43.2095,3.81769,5.98253,9.55214e+20,2.40566e+19,321.081,3.64493,5.40608,2.87143e+16,5.35589e+16,21.733,2.864,5.19009,2.97536e+19,9.1155e+20,sim01690.iv
sim01691,26.1987,3.8177,5.95611,6.74417e+20,2.83922e+19,348.898,3.66331,5.49463,6.7133e+16,1.80162e+16,41.493,2.98069,5.035,2.72217e+19,7.30334e+20,sim01691.iv
sim01692,39.2221,3.98743,5.95301,6.91225e+20,4.87859e+19,320.716,3.60559,5.42332,2.9621e+16,1.75153e+16,34.5628,2.93629,5.19459,2.89094e+19,6.06077e+20,sim01692.iv
sim01693,49.1219,3.90278,5.81461,5.40437e+20,3.70117e+19,279.271,3.72485,5.56993,7.13245e+16,8.75611e+16,42.2807,3.06976,5.02694,2.93131e+19,7.16546e+20,sim01693.iv
sim01694,36.2209,3.87823,5.92409,6.96228e+20,3.23047e+19,265.283,3.78035,5.47468,7.57839e+16,6.52362e+16,31.5657,3.12305,5.18551,4.04194e+19,9.74294e+20,sim01694.iv
sim01695,33.0892,3.98275,5.97524,8.81194e+20,4.3408e+19,312.219,3.70246,5.51048,4.75918e+16,6.97863e+16,29.7437,3.09586,5.10102,2.41275e+19,5.73614e+20,sim01695.iv
sim01696,27.6658,3.92804,5.87397,5.16585e+20,2.31895e+19,261.29,3.64686,5.45726,7.34435e+16,7.7164e+16,48.767,2.84724,5.06235,1.30818e+19,8.06652e+20,sim01696.iv
sim01697,20.4916,3.84107,5.9174,6.79369e+20,3.17751e+19,299.633,3.76779,5.47858,3.51007e+16,5.84925e+16,22.0904,2.81677,5.09045,1.87232e+19,5.03608e+20,sim01697.iv
sim01698,40.3811,3.96323,5.82958,7.81951e+20,4.93594e+19,247.626,3.74616,5.43242,9.38884e+16,1.0039e+16,28.8419,3.19057,5.13414,1.84738e+19,8.95683e+20,sim01698.iv
sim01699,46.9426,3.89745,5.8312,6.29297e+20,4.77246e+19,232.554,3.66238,5.42911,1.95045e+16,5.69823e+16,31.9013,2.81847,5.02904,1.15063e+19,5.12295e+20,sim01699.iv
sim01700,25.3541,3.94873,5.80295,6.52239e+20,3.25915e+19,314.118,3.73558,5.59768,3.48065e+16,1.00125e+16,21.1466,2.83901,5.19505,3.28019e+19,8.99684e+20,sim01700.iv
sim01701,49.5524,3.96885,5.88152,9.37941e+20,2.735e+19,225.956,3.70963,5.58315,8.06084e+16,4.61734e+16,45.646,2.98567,5.13691,2.33254e+19,5.97357e+20,sim01701.iv
sim01702,29.4041,3.97503,5.99795,6.31958e+20,1.66145e+19,219.952,3.75076,5.5056,6.0049e+16,1.40686e+16,22.4317,3.16585,5.11535,1.87683e+19,6.03731e+20,sim01702.iv
sim01703,27.2271,3.81275,5.80995,8.59993e+20,2.05503e+19,263.825,3.70747,5.46401,5.30908e+16,8.7851e+16,27.323,3.1165,5.05279,1.74779e+19,5.36329e+20,sim01703.iv
sim01704,40.526,3.88233,5.95409,5.66336e+20,3.4134e+19,211.818,3.64677,5.52193,1.50435e+16,4.39506e+16,36.8499,3.09103,5.14113,1.59272e+19,5.37585e+20,sim01704.iv
sim01705,31.2908,3.84816,5.86114,6.71242e+20,2.58871e+19,282.604,3.60186,5.4596,3.3793e+16,3.12601e+16,43.6586,2.90052,5.03019,4.4073e+19,6.91471e+20,sim01705.iv
sim01706,25.521,3.95024,5.93143,9.7265e+20,4.51118e+19,307.204,3.6322,5.49664,2.0691e+16,5.94458e+16,47.5035,2.80153,5.1752,3.15727e+19,5.75625e+20,sim01706.iv
sim01707,45.676,3.90738,5.88963,7.49859e+20,1.58949e+19,225.783,3.73231,5.57608,7.25013e+16,8.56707e+16,45.3431,2.81282,5.15419,4.08837e+19,6.74988e+20,sim01707.iv
sim01708,32.2955,3.9491,5.99731,9.93913e+20,2.89537e+19,320.537,3.69321,5.57319,6.84755e+16,9.42976e+16,49.9172,2.93208,5.19586,3.77005e+19,6.19043e+20,sim01708.iv
sim01709,20.0934,3.93677,5.84448,6.15689e+20,3.20867e+19,214.33,3.68327,5.55987,1.24534e+16,6.61547e+16,24.7514,3.14514,5.07814,4.24849e+19,8.6191e+20,sim01709.iv
sim01710,46.3351,3.90337,5.89722,5.18715e+20,3.13526e+19,283.077,3.72128,5.4262,5.85971e+16,5.08629e+16,37.8793,3.06422,5.07228,3.01621e+19,6.97549e+20,sim01710.iv
sim01711,42.9647,3.95928,5.85859,6.29773e+20,3.71329e+19,318.362,3.60217,5.48549,3.76958e+16,7.89868e+16,24.3062,3.1113,5.13228,4.37172e+19,9.95122e+20,sim01711.iv
sim01712,34.2967,3.93988,5.94199,9.22287e+20,3.0725e+19,225.071,3.79587,5.41137,9.66137e+16,3.29822e+16,34.7745,3.18026,5.13533,3.34225e+19,6.62946e+20,sim01712.iv
sim01713,28.7722,3.80656,5.91727,7.15051e+20,1.8972e+19,263.79,3.78819,5.56968,4.87367e+16,9.81958e+16,33.8635,2.93966,5.07758,4.49847e+19,6.33877e+20,sim01713.iv
sim01714,26.6631,3.99211,5.94685,8.8189e+20,3.96116e+19,305.607,3.61825,5.55074,3.2403e+16,2.19165e+16,49.4901,2.81115,5.00633,2.23965e+19,9.22101e+20,sim01714.iv
sim01715,49.3383,3.82371,5.87909,8.67151e+20,3.58211e+19,242.673,3.66584,5.51887,1.31866e+16,7.82406e+16,28.2621,3.13134,5.13673,3.58166e+19,8.83681e+20,sim01715.iv
sim01716,22.254,3.85199,5.90435,8.88578e+20,4.39622e+19,263.495,3.75873,5.44405,1.74192e+16,3.21925e+16,47.0944,3.01761,5.09627,3.97334e+19,5.05046e+20,sim01716.iv
sim01717,23.5491,3.81992,5.82433,7.26725e+20,2.12273e+19,320.002,3.76781,5.58499,2.76456e+16,5.52567e+16,21.4609,2.89596,5.12302,2.68957e+19,8.4535e+20,sim01717.iv
sim01718,45.1768,3.81191,5.98772,5.21202e+20,4.92667e+19,299.268,3.60866,5.47873,3.32388e+16,8.18715e+16,26.7637,3.13049,5.06247,4.95657e+19,6.35205e+20,sim01718.iv
sim01719,40.5488,3.96004,5.84329,5.37878e+20,3.20499e+19,304.791,3.76346,5.45455,8.85057e+16,9.2419e+16,43.3756,2.80304,5.01744,4.99095e+19,8.66974e+20,sim01719.iv
sim01720,38.8037,3.98027,5.80793,8.78689e+20,3.61871e+19,328.751,3.75558,5.49699,1.63872e+16,9.18461e+16,42.9051,2.94256,5.19679,2.24443e+19,6.8528e+20,sim01720.iv
sim01721,49.2403,3.93362,5.97584,9.43877e+20,3.14579e+19,247.375,3.76949,5.50038,6.07916e+16,5.87231e+16,20.2876,2.81835,5.12328,4.17775e+19,7.28519e+20,sim01721.iv
sim01722,25.7122,3.88133,5.95366,5.54311e+20,3.2408e+19,308.31,3.68317,5.52025,8.95129e+16,2.91532e+16,24.0525,2.82434,5.14524,4.60212e+19,8.45197e+20,sim01722.iv
sim01723,49.2936,3.94162,5.8577,6.27795e+20,3.66668e+19,304.614,3.70476,5.50538,4.74977e+16,4.14929e+16,39.0216,3.09901,5.16268,2.23135e+19,9.28867e+20,sim01723.iv
sim01724,29.0823,3.86098,5.9612,9.84688e+20,4.7289e+19,225.551,3.6577,5.55198,8.25619e+16,5.5384e+16,20.4831,3.00074,5.00623,2.12558e+19,8.2843e+20,sim01724.iv
sim01725,24.0381,3.9425,5.92428,7.14847e+20,2.48862e+19,338.053,3.71063,5.57778,4.71198e+16,6.35176e+16,48.6383,2.84963,5.05256,4.66678e+19,7.11002e+20,sim01725.iv
sim01726,28.1611,3.99947,5.82044,8.05772e+20,4.1523e+19,320.143,3.68837,5.40879,8.56924e+16,8.22464e+16,27.1214,2.93621,5.10252,1.45657e+19,9.10282e+20,sim01726.iv
sim01727,47.663,3.86164,5.98481,9.00435e+20,3.9113e+19,345.682,3.66493,5.58313,1.88563e+16,5.30213e+16,36.5603,2.84912,5.14747,2.90072e+19,7.2777e+20,sim01727.iv
sim01728,37.4432,3.82694,5.84001,5.90342e+20,4.80773e+19,318.247,3.70584,5.53189,6.8498e+16,3.36111e+16,22.5982,3.02198,5.05261,4.49389e+19,6.18027e+20,sim01728.iv
sim01729,37.1858,3.88402,5.94858,9.75373e+20,2.64628e+19,216.21,3.73229,5.42584,1.94051e+16,6.95402e+16,23.0844,2.85151,5.08782,2.8093e+19,9.56857e+20,sim01729.iv
sim01730,28.284,3.88019,5.9415,9.1351e+20,2.39648e+19,298.351,3.72484,5.46064,2.06759e+16,7.14265e+16,28.042,2.92731,5.11447,1.64324e+19,6.20749e+20,sim01730.iv
sim01731,33.3824,3.9757,5.95445,6.58798e+20,2.20828e+19,348.228,3.73068,5.53711,1.49612e+16,1.94475e+16,28.8336,3.1368,5.18213,1.76412e+19,8.57098e+20,sim01731.iv
sim01732,46.2241,3.97578,5.89176,6.29389e+20,4.82514e+19,248.722,3.65054,5.44114,5.79282e+16,1.96466e+16,37.1206,3.17748,5.10099,4.86139e+19,9.52852e+20,sim01732.iv
sim01733,43.7691,3.92161,5.97614,7.77492e+20,1.82881e+19,339.525,3.70044,5.58155,4.53831e+16,4.02152e+16,42.9797,3.05378,5.08794,4.51436e+19,7.58288e+20,sim01733.iv
sim01734,20.3837,3.93864,5.81263,7.40551e+20,1.76832e+19,243.878,3.79596,5.4227,7.81936e+16,6.73701e+16,25.8513,3.17414,5.04028,3.06234e+19,8.95261e+20,sim01734.iv
sim01735,42.9071,3.86394,5.96785,9.81048e+20,2.89608e+19,301.324,3.6729,5.47082,5.22744e+16,2.7742e+16,40.682,2.86623,5.00104,2.7579e+19,5.3821e+20,sim01735.iv
sim01736,36.8732,3.90407,5.82745,6.22998e+20,1.09781e+19,293.153,3.65857,5.5426,6.66843e+16,4.36229e+16,20.6517,2.92807,5.06497,2.33082e+19,9.76722e+20,sim01736.iv
sim01737,24.9368,3.85401,5.96648,9.62579e+20,2.87314e+19,285.607,3.61057,5.56161,6.35104e+16,5.31109e+16,29.0773,2.97751,5.14706,1.3231e+19,7.53407e+20,sim01737.iv
sim01738,21.0391,3.95445,5.8422,9.51694e+20,2.90438e+19,274.017,3.67207,5.50327,4.04225e+16,4.23932e+16,25.8684,2.93809,5.16234,1.98276e+19,9.10634e+20,sim01738.iv
sim01739,45.8394,3.93327,5.80614,7.80517e+20,4.3326e+19,261.21,3.65656,5.46428,4.80769e+16,1.63152e+16,27.1306,3.05877,5.0945,1.98937e+19,9.6544e+20,sim01739.iv
sim01740,28.8663,3.82586,5.83987,6.48292e+20,3.09024e+19,219.285,3.77099,5.5755,3.86516e+16,7.97781e+16,37.9908,3.13818,5.05539,3.44094e+19,5.36347e+20,sim01740.iv
sim01741,20.2836,3.97494,5.85891,7.22705e+20,1.92712e+19,332.753,3.67691,5.43582,6.47194e+16,2.84917e+16,27.8207,3.06912,5.19184,4.01924e+19,5.62071e+20,sim01741.iv
sim01742,29.3767,3.95927,5.85503,8.70035e+20,2.88717e+19,333.817,3.67183,5.58691,4.66691e+16,7.53612e+16,25.8558,3.01232,5.06203,1.05091e+19,7.18637e+20,sim01742.iv
sim01743,25.1749,3.99172,5.96172,8.69763e+20,2.81333e+19,246.275,3.66487,5.44087,5.967e+16,8.30149e+16,25.6223,2.80182,5.02512,2.84373e+19,5.09298e+20,sim01743.iv
sim01744,32.098,3.82223,5.82155,8.56306e+20,4.99799e+19,237.227,3.64592,5.45928,8.06598e+16,5.55304e+16,37.1203,3.0186,5.18747,1.13941e+19,5.78958e+20,sim01744.iv
sim01745,31.4634,3.89761,5.82279,9.46585e+20,3.71144e+19,340.514,3.78816,5.50251,8.67707e+16,7.63079e+16,30.8152,3.06294,5.19055,4.05604e+19,8.54706e+20,sim01745.iv
sim01746,26.6561,3.96623,5.87793,8.12039e+20,3.71091e+19,282.134,3.63312,5.53949,3.22518e+16,3.38828e+16,23.8037,3.04798,5.02348,2.38087e+19,9.44761e+20,sim01746.iv
sim01747,33.592,3.9789,5.89854,5.89417e+20,4.03566e+19,259.483,3.79328,5.45243,8.39933e+16,5.44474e+16,45.264,2.87321,5.12673,1.45274e+19,9.02758e+20,sim01747.iv
sim01748,27.0696,3.88552,5.9312,7.39107e+20,4.11559e+19,306.344,3.62608,5.55469,4.81134e+16,6.37982e+16,26.4972,2.96924,5.16343,4.70505e+19,9.69348e+20,sim01748.iv
sim01749,41.0027,3.81578,5.88853,5.96536e+20,3.79046e+19,232.592,3.79552,5.43891,1.47442e+16,8.59192e+16,26.0681,2.80961,5.10962,4.87694e+19,6.33749e+20,sim01749.iv
sim01750,32.2617,3.84743,5.9116,6.61395e+20,3.36545e+19,276.923,3.78578,5.534,7.14335e+16,5.3782e+16,29.0944,2.92559,5.1008,1.76764e+19,5.66213e+20,sim01750.iv
sim01751,31.171,3.8261,5.84615,7.67512e+20,4.16038e+19,241.468,3.75833,5.40311,9.9732e+16,5.65245e+16,34.2766,3.06022,5.09504,2.63209e+19,6.85492e+20,sim01751.iv
sim01752,49.335,3.9723,5.90048,9.18226e+20,1.59636e+19,284.122,3.69003,5.46498,9.26596e+16,8.49244e+16,47.2126,3.05409,5.07524,4.02725e+19,5.54283e+20,sim01752.iv
sim01753,45.5924,3.80576,5.96364,8.5197e+20,1.35384e+19,230.58,3.69048,5.45997,8.80563e+16,2.7355e+16,32.5124,2.90419,5.02544,2.03897e+19,9.29994e+20,sim01753.iv
sim01754,41.465,3.98285,5.88106,6.20206e+20,1.10527e+19,279.322,3.60795,5.40085,6.44237e+16,2.48343e+16,36.7934,3.02941,5.14477,2.53251e+19,8.52578e+20,sim01754.iv
sim01755,30.979,3.81956,5.862,5.03784e+20,2.84985e+19,313.644,3.75695,5.44642,1.95079e+16,2.66887e+16,49.5114,2.92484,5.08586,1.30251e+19,8.94665e+20,sim01755.iv
sim01756,33.4547,3.81748,5.89459,8.56637e+20,2.89215e+19,345.609,3.77433,5.50296,9.46457e+16,8.30249e+16,31.0481,3.10856,5.10117,3.15645e+19,7.60311e+20,sim01756.iv
sim01757,44.1104,3.98371,5.8639,8.20961e+20,3.51364e+19,334.25,3.68944,5.43803,2.82777e+16,1.46149e+16,23.0219,2.92049,5.02051,4.48437e+19,6.81009e+20,sim01757.iv
sim01758,31.054,3.9515,5.86027,8.57591e+20,4.28969e+19,260.425,3.69556,5.46445,4.80848e+16,6.22672e+16,30.4892,2.98565,5.09924,1.09802e+19,5.81824e+20,sim01758.iv
sim01759,36.2412,3.80053,5.94084,9.52732e+20,4.01828e+19,253.981,3.68997,5.53014,7.12393e+16,9.79747e+16,34.7894,2.89981,5.07244,4.68977e+19,8.16355e+20,sim01759.iv
sim01760,45.9275,3.94482,5.99309,7.50615e+20,4.79962e+19,334.025,3.76862,5.58782,5.72984e+16,7.68546e+16,36.6601,3.1105,5.15275,4.03362e+19,7.14225e+20,sim01760.iv
sim01761,43.8886,3.9753,5.92725,7.27326e+20,4.41299e+19,318.983,3.69392,5.51597,7.17243e+16,7.19489e+16,29.3311,2.91708,5.17747,4.74804e+19,7.01033e+20,sim01761.iv
sim01762,47.4013,3.89414,5.83344,8.6644e+20,1.18354e+19,225.948,3.7882,5.50352,3.39739e+16,5.32369e+16,37.3453,3.05557,5.06964,2.54961e+19,7.74882e+20,sim01762.iv
sim01763,38.7999,3.98427,5.87846,9.37344e+20,4.97287e+19,257.46,3.60546,5.52087,9.13283e+16,1.4805e+16,25.9145,3.07046,5.16193,1.34656e+19,6.81869e+20,sim01763.iv
sim01764,27.1622,3.99298,5.93649,7.37819e+20,4.44941e+19,285.273,3.78227,5.44776,1.24605e+16,4.85865e+16,26.1283,3.13429,5.10658,2.15465e+19,8.86787e+20,sim01764.iv
sim01765,35.8066,3.90056,5.83616,9.97608e+20,3.63607e+19,329.675,3.75195,5.50059,1.08758e+16,7.00003e+16,23.0223,3.18459,5.04985,2.46933e+19,7.7578e+20,sim01765.iv
sim01766,35.0784,3.93103,5.95669,8.78822e+20,4.63234e+19,275.788,3.70683,5.57482,3.54098e+16,3.21328e+16,20.2737,3.09539,5.13752,2.10688e+19,5.64958e+20,sim01766.iv
sim01767,21.2759,3.89757,5.8387,8.96699e+20,4.80013e+19,318.76,3.77032,5.59816,7.66729e+16,6.10591e+16,44.3003,3.02554,5.0865,1.13002e+19,8.2149e+20,sim01767.iv
sim01768,46.9255,3.93863,5.88083,8.0845e+20,4.25182e+19,316.994,3.69824,5.47234,4.57177e+16,9.17118e+16,25.0956,3.14519,5.03906,4.92356e+19,7.24171e+20,sim01768.iv
sim01769,42.0029,3.94587,5.95451,8.94698e+20,1.1563e+19,248.267,3.64594,5.53972,7.14986e+16,3.6733e+16,43.8063,2.92465,5.06859,2.5954e+19,8.72295e+20,sim01769.iv
sim01770,20.3533,3.98129,5.93841,7.93299e+20,1.94933e+19,319.972,3.77456,5.50031,3.63215e+16,4.42498e+16,32.4875,2.92237,5.14244,2.3687e+19,9.10609e+20,sim01770.iv
sim01771,33.9107,3.92579,5.98959,7.23027e+20,1.68138e+19,286.989,3.69934,5.55652,8.7418e+16,7.41358e+16,49.1436,2.90768,5.04784,2.16515e+19,8.35454e+20,sim01771.iv
sim01772,26.9762,3.81768,5.99554,6.57305e+20,1.88958e+19,260.225,3.63169,5.40715,3.74845e+16,4.04077e+16,44.3305,2.97425,5.14735,3.94285e+19,8.94496e+20,sim01772.iv
sim01773,47.5553,3.89973,5.82079,5.19331e+20,1.74764e+19,326.09,3.71487,5.42802,2.19373e+16,9.02353e+16,35.6009,2.86876,5.17935,3.88291e+19,7.38884e+20,sim01773.iv
sim01774,33.952,3.93453,5.86766,9.99955e+20,4.13822e+19,299.734,3.73749,5.59922,1.09703e+16,1.20542e+16,43.5508,2.88376,5.13703,3.01336e+19,6.59335e+20,sim01774.iv
sim01775,26.9402,3.95535,5.8342,5.79361e+20,2.76773e+19,226.699,3.7283,5.59839,7.73122e+16,6.42911e+16,31.8392,3.1952,5.17599,4.28236e+19,6.15003e+20,sim01775.iv
sim01776,23.7074,3.83559,5.85174,5.40849e+20,4.55369e+19,235.928,3.64532,5.57763,9.62329e+16,2.99603e+16,28.8255,3.12004,5.19405,3.5987e+19,7.21292e+20,sim01776.iv
sim01777,40.2374,3.95606,5.82253,7.17649e+20,4.42921e+19,308.759,3.63075,5.55104,7.00697e+16,3.38184e+16,30.3201,2.92576,5.19865,1.73489e+19,9.14708e+20,sim01777.iv
sim01778,35.9191,3.9761,5.99637,9.80542e+20,4.41701e+19,267.9,3.65425,5.4639,6.87824e+16,4.07675e+16,33.0467,2.83189,5.1542,1.44588e+19,6.68513e+20,sim01778.iv
sim01779,37.713,3.90623,5.97863,8.29344e+20,4.15618e+19,252.482,3.62645,5.54867,2.38221e+16,8.5075e+16,48.2905,2.91317,5.1522,2.74935e+19,6.49499e+20,sim01779.iv
sim01780,32.9343,3.92935,5.99761,6.50022e+20,3.82377e+19,256.882,3.65028,5.52637,7.85159e+16,7.45647e+16,48.2776,2.84295,5.10813,2.16338e+19,9.08479e+20,sim01780.iv
sim01781,21.8608,3.83516,5.95441,6.77321e+20,3.7272e+19,349.791,3.69197,5.5066,9.77795e+16,7.71754e+16,25.9027,3.12172,5.10317,4.14948e+19,7.99276e+20,sim01781.iv
sim01782,26.8199,3.96289,5.80041,9.44015e+20,4.27444e+19,345.82,3.60711,5.48753,2.52218e+16,4.36591e+16,30.7937,3.03902,5.08749,4.86229e+19,6.38887e+20,sim01782.iv
sim01783,32.5625,3.94013,5.85531,8.61906e+20,3.83485e+19,309.713,3.73502,5.56349,9.95439e+16,1.49803e+16,34.9144,3.12523,5.00001,3.18061e+19,8.29899e+20,sim01783.iv
sim01784,25.7523,3.88016,5.95789,5.33341e+20,1.53947e+19,324.53,3.76184,5.51808,4.74568e+16,1.95087e+16,44.3431,2.8967,5.18264,4.10335e+19,5.40468e+20,sim01784.iv
sim01785,39.0648,3.98413,5.97583,8.06676e+20,1.68784e+19,305.234,3.73323,5.51775,3.39169e+16,9.10267e+16,35.0773,2.91885,5.05104,2.12407e+19,7.30547e+20,sim01785.iv
sim01786,26.9255,3.90348,5.8384,6.35476e+20,1.47866e+19,260.035,3.68119,5.48074,7.52399e+16,5.35025e+16,40.7902,2.81326,5.08732,1.35919e+19,7.31051e+20,sim01786.iv
sim01787,38.456,3.95935,5.91004,6.89751e+20,2.05785e+19,344.042,3.63966,5.40848,2.13291e+16,9.97755e+16,47.1836,2.9281,5.00077,4.06882e+19,6.50268e+20,sim01787.iv
sim01788,20.6645,3.89132,5.88483,6.80879e+20,3.61347e+19,311.642,3.71184,5.4028,1.20174e+16,8.93569e+16,25.5933,2.95923,5.02071,1.9172e+19,7.42677e+20,sim01788.iv
sim01789,27.0664,3.93182,5.87346,8.94233e+20,3.4078e+19,245.555,3.76168,5.58642,2.0804e+16,7.02697e+16,38.9239,3.06789,5.00624,1.1125e+19,6.47406e+20,sim01789.iv
sim01790,22.407,3.87322,5.97448,6.77218e+20,2.57138e+19,247.453,3.68432,5.5595,8.47802e+16,4.78953e+16,31.9058,2.87803,5.19512,2.24398e+19,6.71321e+20,sim01790.iv
sim01791,32.8957,3.81609,5.86571,9.65292e+20,1.29773e+19,243.668,3.64355,5.44701,9.59154e+16,7.377e+16,47.5938,3.14304,5.12495,3.23923e+19,7.5455e+20,sim01791.iv
sim01792,40.686,3.94036,5.91989,7.24471e+20,3.70145e+19,231.936,3.71031,5.50386,5.81207e+16,5.59737e+16,42.5079,3.103,5.06592,2.40301e+19,5.08243e+20,sim01792.iv
sim01793,23.3989,3.85247,5.95314,8.98945e+20,1.99206e+19,331.766,3.67514,5.55961,5.20168e+16,7.41341e+16,30.6894,2.82824,5.05081,3.78836e+19,9.58978e+20,sim01793.iv
sim01794,38.8487,3.95379,5.80282,8.80032e+20,4.34215e+19,267.771,3.69878,5.41047,2.57172e+16,1.50829e+16,41.9411,3.11995,5.02173,4.68638e+19,9.19763e+20,sim01794.iv
sim01795,37.2885,3.99566,5.97649,6.11321e+20,4.81614e+19,272.014,3.63097,5.44002,7.15775e+16,9.88803e+16,33.3582,3.02925,5.06005,4.38183e+19,5.57578e+20,sim01795.iv
sim01796,37.4674,3.91724,5.80023,9.70281e+20,4.89737e+19,275.446,3.74513,5.56974,2.05034e+16,1.76157e+16,40.6793,3.0238,5.13588,3.28799e+19,8.63196e+20,sim01796.iv
sim01797,24.6473,3.84312,5.8474,7.0826e+20,4.03824e+19,326.396,3.68026,5.52041,3.65661e+16,5.28199e+16,48.2273,2.90771,5.15759,1.16878e+19,6.72621e+20,sim01797.iv
sim01798,39.7634,3.9552,5.91844,9.34611e+20,4.28314e+19,296.451,3.66962,5.47274,6.53587e+16,6.90897e+16,31.8376,2.95901,5.03536,1.00115e+19,7.30746e+20,sim01798.iv
sim01799,44.9252,3.95331,5.99879,8.34703e+20,1.93565e+19,304.829,3.7657,5.5282,5.33552e+16,6.56661e+16,20.7741,2.90605,5.03155,2.65366e+19,9.46518e+20,sim01799.iv
sim01800,25.6385,3.8142,5.95538,9.33952e+20,3.12558e+19,262.719,3.68611,5.5318,8.48126e+16,2.70496e+16,47.0678,3.06296,5.14766,1.34765e+19,9.59172e+20,sim01800.iv
sim01801,35.8458,3.87242,5.87979,6.46517e+20,1.65189e+19,214.852,3.65288,5.49932,7.00085e+16,7.60012e+16,37.8681,2.84642,5.08631,3.66962e+19,8.71588e+20,sim01801.iv
sim01802,29.7352,3.98569,5.95908,9.25865e+20,3.66618e+19,267.926,3.78683,5.58029,8.45628e+16,9.02014e+16,47.4983,3.09854,5.04007,3.15419e+19,8.07997e+20,sim01802.iv
sim01803,43.2012,3.89903,5.90257,9.97783e+20,2.80882e+19,228.201,3.74194,5.47251,3.23685e+16,6.65616e+16,48.631,2.92512,5.07445,2.86196e+19,8.43997e+20,sim01803.iv
sim01804,31.8785,3.88502,5.94018,9.92568e+20,2.26602e+19,291.946,3.75888,5.44243,8.36487e+16,4.19438e+16,23.3307,2.80996,5.00662,4.19057e+19,8.37469e+20,sim01804.iv
sim01805,43.8047,3.95059,5.8762,9.66509e+20,4.51178e+19,258.769,3.75459,5.56393,5.39618e+16,2.08377e+16,30.0217,3.19552,5.14319,4.09884e+19,9.55962e+20,sim01805.iv
sim01806,26.0829,3.99368,5.90363,8.72339e+20,2.27284e+19,256.117,3.67192,5.46961,1.56253e+16,3.78617e+16,39.4214,3.16079,5.00833,1.06651e+19,7.962e+20,sim01806.iv
sim01807,40.9902,3.92165,5.99461,6.14434e+20,2.92498e+19,338.226,3.7235,5.51542,9.39557e+16,4.05013e+16,24.7153,2.85169,5.16437,4.42779e+19,6.16939e+20,sim01807.iv
sim01808,33.7121,3.91697,5.82781,9.24405e+20,2.67551e+19,330.886,3.75202,5.45899,7.44917e+16,7.66635e+16,29.3379,2.90149,5.16469,3.71173e+19,8.69787e+20,sim01808.iv
sim01809,29.3917,3.94444,5.94286,6.66637e+20,2.08184e+19,270.395,3.74782,5.43872,8.86836e+16,3.29748e+16,45.189,2.86232,5.14789,3.24558e+19,8.30729e+20,sim01809.iv
sim01810,49.2241,3.81051,5.82983,5.39542e+20,3.07855e+19,322.393,3.61096,5.55588,4.8975e+16,9.47286e+16,31.4809,3.19384,5.1113,4.95997e+19,8.15943e+20,sim01810.iv
sim01811,30.3901,3.96068,5.89739,6.54404e+20,2.91334e+19,332.068,3.74646,5.43475,8.54738e+16,4.88277e+16,22.4861,2.85887,5.01323,3.70635e+19,6.28782e+20,sim01811.iv
sim01812,22.8905,3.87313,5.97339,8.14364e+20,2.94491e+19,312.647,3.61518,5.57655,2.59963e+16,1.19243e+16,30.8708,2.82338,5.03342,3.95599e+19,7.02367e+20,sim01812.iv
sim01813,20.207,3.92875,5.94142,9.50982e+20,1.61841e+19,330.003,3.74174,5.51272,3.35593e+16,5.12058e+16,25.9481,3.08708,5.14072,1.76612e+19,6.26308e+20,sim01813.iv
sim01814,47.0334,3.89434,5.91022,9.79313e+20,1.8281e+19,297.798,3.7548,5.46389,3.77935e+16,9.07137e+16,22.9822,2.86294,5.08219,4.19356e+19,7.27496e+20,sim01814.iv
sim01815,28.117,3.88406,5.88909,8.63513e+20,4.475e+19,254.975,3.74171,5.54028,7.90253e+16,6.17735e+16,20.441,3.06235,5.12246,3.44608e+19,6.40649e+20,sim01815.iv
sim01816,22.9366,3.83787,5.84324,5.86805e+20,1.97815e+19,219.617,3.65387,5.59958,5.60243e+16,4.09981e+16,41.6146,2.98778,5.0059,3.18956e+19,6.52033e+20,sim01816.iv
sim01817,37.1355,3.83464,5.89651,5.9682e+20,2.19526e+19,306.203,3.64553,5.48343,1.65825e+16,7.18446e+16,36.1683,3.12552,5.10702,4.97686e+19,6.20566e+20,sim01817.iv
sim01818,42.2632,3.88647,5.87519,8.65765e+20,4.82223e+19,315.781,3.66602,5.50198,2.95426e+16,6.58215e+16,32.0776,2.89125,5.00422,4.7013e+19,5.3941e+20,sim01818.iv
sim01819,29.8793,3.83809,5.89883,5.97472e+20,3.94484e+19,241.475,3.63709,5.44338,3.67807e+16,6.77648e+16,26.2889,3.07874,5.08603,1.78803e+19,6.20022e+20,sim01819.iv
sim01820,35.82,3.87573,5.90274,9.0629e+20,1.18333e+19,265.105,3.68309,5.45018,4.97691e+16,6.0997e+16,37.5487,3.06793,5.01535,2.84003e+19,8.78806e+20,sim01820.iv
sim01821,33.6514,3.9313,5.91809,7.32359e+20,1.31571e+19,298.651,3.7069,5.40114,2.86171e+16,1.5526e+16,37.107,2.80606,5.16848,4.78982e+19,9.87789e+20,sim01821.iv
sim01822,26.7975,3.89903,5.97823,8.43668e+20,2.19498e+19,326.753,3.71479,5.546,9.72468e+16,9.97758e+16,35.1447,2.86265,5.12391,3.57541e+19,7.86072e+20,sim01822.iv
sim01823,32.6615,3.91631,5.90681,9.72346e+20,4.3504e+19,265.116,3.71417,5.51321,5.59646e+16,1.52259e+16,41.3778,3.09251,5.09684,4.60629e+19,9.91961e+20,sim01823.iv
sim01824,44.3874,3.98557,5.8975,9.57121e+20,4.74011e+19,297.299,3.63014,5.43046,5.25075e+16,7.62022e+16,35.0418,3.11994,5.15396,1.81443e+19,5.66382e+20,sim01824.iv
sim01825,41.175,3.86408,5.98628,9.34254e+20,2.80495e+19,291.271,3.76942,5.57427,6.01277e+16,9.74722e+16,35.6291,2.81644,5.11254,4.10803e+19,9.92468e+20,sim01825.iv
sim01826,23.1611,3.88811,5.91733,9.40732e+20,3.86356e+19,242.374,3.77188,5.53285,9.05641e+16,8.50936e+16,23.8779,3.18419,5.09086,4.93021e+19,5.93504e+20,sim01826.iv
sim01827,43.7995,3.86098,5.80896,9.9702e+20,2.21414e+19,221.273,3.7721,5.4864,6.18807e+16,9.86359e+16,34.4213,2.82684,5.13824,3.8424e+19,5.97104e+20,sim01827.iv
sim01828,36.3624,3.87384,5.80998,6.55801e+20,4.63813e+19,252.035,3.64461,5.58818,4.44094e+16,9.46503e+16,46.407,2.98819,5.07699,1.55087e+19,5.95308e+20,sim01828.iv
sim01829,26.9733,3.89407,5.87442,9.00192e+20,2.1867e+19,269.433,3.62454,5.45424,8.04718e+16,7.3639e+16,32.0666,3.03099,5.09167,4.58088e+19,6.97345e+20,sim01829.iv
sim01830,41.6634,3.84371,5.88682,7.64666e+20,1.41859e+19,292.239,3.71493,5.43175,9.98785e+16,1.83244e+16,46.8591,2.99661,5.04454,1.45119e+19,8.4971e+20,sim01830.iv
sim01831,42.6335,3.93469,5.88397,5.86287e+20,4.15815e+19,331.972,3.67837,5.56824,6.7204e+16,5.7428e+16,38.3182,2.8431,5.02508,3.90682e+19,9.84974e+20,sim01831.iv
sim01832,35.2341,3.8108,5.81361,7.33682e+20,3.63066e+19,231.683,3.60661,5.54589,2.31518e+16,4.94362e+16,42.0241,2.85012,5.08855,1.44582e+19,6.73754e+20,sim01832.iv
sim01833,47.373,3.93723,5.80462,5.67238e+20,2.17528e+19,335.377,3.74942,5.5235,2.37335e+16,9.35987e+16,44.2439,2.89577,5.08087,2.71354e+19,7.93753e+20,sim01833.iv
sim01834,31.2443,3.84201,5.9334,8.38778e+20,2.76954e+19,278.131,3.61013,5.49122,8.20358e+16,6.32334e+16,47.621,3.08661,5.15553,2.83366e+19,5.86725e+20,sim01834.iv
sim01835,47.3656,3.93184,5.98189,8.08761e+20,2.81792e+19,228.863,3.67954,5.51951,9.37688e+16,8.46377e+16,35.3943,2.9792,5.00665,2.40475e+19,9.90659e+20,sim01835.iv
sim01836,42.2308,3.90495,5.97246,5.11528e+20,4.8305e+19,307.954,3.60266,5.54111,1.74815e+16,6.75638e+16,29.0266,2.88484,5.12562,2.73616e+19,5.32262e+20,sim01836.iv
sim01837,44.6703,3.85322,5.92364,8.0468e+20,1.22464e+19,349.624,3.68953,5.44107,4.93073e+16,6.42756e+16,20.0912,2.92005,5.10727,3.77791e+19,6.56653e+20,sim01837.iv
sim01838,32.1173,3.84425,5.85861,8.43679e+20,2.34905e+19,249.147,3.65971,5.52253,6.04735e+16,4.66211e+16,38.9695,3.05712,5.00262,2.35624e+19,6.22144e+20,sim01838.iv
sim01839,44.8736,3.85509,5.86346,7.68894e+20,3.1896e+19,323.536,3.67759,5.45623,6.47419e+16,7.55453e+16,49.7779,3.04732,5.09815,1.53227e+19,9.93462e+20,sim01839.iv
sim01840,40.5498,3.833,5.89194,7.80151e+20,1.86751e+19,312.547,3.73007,5.44675,9.90781e+16,9.53802e+16,27.9656,2.97672,5.17896,2.62518e+19,9.7741e+20,sim01840.iv
sim01841,26.0122,3.9448,5.9199,6.73092e+20,3.87117e+19,213.389,3.64617,5.45226,2.05723e+16,1.30565e+16,30.5884,2.88731,5.02657,1.62924e+19,9.13133e+20,sim01841.iv
sim01842,22.8471,3.94497,5.81079,5.20316e+20,2.76897e+19,263.459,3.70915,5.54053,3.7883e+16,2.74967e+16,44.6635,2.86612,5.15969,3.34859e+19,6.44685e+20,sim01842.iv
sim01843,29.4278,3.87413,5.91822,9.89813e+20,2.27309e+19,341.862,3.64103,5.42259,5.78902e+16,9.78833e+16,34.5459,3.11997,5.09451,4.40001e+19,9.0637e+20,sim01843.iv
sim01844,40.5858,3.92308,5.90363,9.78379e+20,3.22952e+19,257.199,3.77644,5.53201,6.02356e+16,7.13954e+16,30.4662,2.96834,5.03912,4.42008e+19,8.32796e+20,sim01844.iv
sim01845,44.7279,3.86348,5.99909,6.78605e+20,2.41485e+19,344.489,3.73101,5.58669,6.60828e+16,3.21827e+16,31.7221,3.14356,5.09789,3.83592e+19,5.83264e+20,sim01845.iv
sim01846,31.9931,3.96789,5.9882,6.6215e+20,1.69029e+19,213.279,3.62548,5.56713,5.10116e+16,3.62459e+16,43.2698,3.11738,5.07243,4.60547e+19,7.31556e+20,sim01846.iv
sim01847,27.8369,3.97995,5.83059,9.97972e+20,3.45301e+19,338.149,3.63577,5.47782,8.85926e+16,8.53391e+16,46.1555,2.91218,5.12352,2.55839e+19,6.60387e+20,sim01847.iv
sim01848,35.6038,3.94301,5.9037,6.15249e+20,4.22997e+19,346.89,3.67258,5.56985,8.77476e+16,3.34469e+16,41.1592,3.17537,5.14797,1.12009e+19,8.0226e+20,sim01848.iv
sim01849,43.3535,3.92363,5.80575,5.60085e+20,4.20649e+19,278.327,3.7916,5.483,8.39537e+16,1.31943e+16,45.2304,3.14362,5.07242,2.23781e+19,9.54954e+20,sim01849.iv
sim01850,43.3311,3.91959,5.88727,9.56043e+20,3.98889e+19,268.357,3.69934,5.41969,8.2967e+16,8.57532e+16,30.6693,2.92386,5.05045,1.69383e+19,9.73893e+20,sim01850.iv
sim01851,42.771,3.88668,5.82203,5.69719e+20,3.83915e+19,238.431,3.66957,5.5914,6.23078e+16,8.27513e+16,23.1164,2.93215,5.17912,4.24185e+19,8.61725e+20,sim01851.iv
sim01852,37.6221,3.85379,5.9171,5.2538e+20,1.80918e+19,282.557,3.6004,5.44645,2.37023e+16,4.10962e+16,45.7506,3.17897,5.03301,1.9243e+19,9.23439e+20,sim01852.iv
sim01853,25.1803,3.94826,5.8171,8.24153e+20,2.0628e+19,314.939,3.70387,5.43578,4.62006e+16,5.62918e+16,49.8793,2.99214,5.03025,3.22091e+19,6.10106e+20,sim01853.iv
sim01854,46.387,3.96681,5.82573,7.94188e+20,3.78603e+19,245.233,3.72528,5.49254,5.33871e+16,5.96161e+16,37.1041,3.08392,5.09049,3.89054e+19,7.42968e+20,sim01854.iv
sim01855,39.8845,3.85262,5.90834,7.33998e+20,2.20879e+19,218.724,3.70204,5.40195,4.50847e+16,4.33589e+16,39.0126,3.19497,5.1716,4.90034e+19,9.75469e+20,sim01855.iv
sim01856,22.2234,3.85639,5.8594,5.3551e+20,4.3866e+19,335.346,3.72099,5.5782,7.42932e+16,4.96499e+16,24.4959,3.1834,5.13846,2.41674e+19,5.643e+20,sim01856.iv
sim01857,43.9691,3.9604,5.9086,9.99979e+20,2.54568e+19,341.889,3.72605,5.54728,9.25369e+16,8.48036e+16,28.66,3.14689,5.10794,1.17932e+19,8.36909e+20,sim01857.iv
sim01858,34.9909,3.90732,5.88231,5.32043e+20,1.72085e+19,315.904,3.64685,5.52555,5.87674e+16,2.99259e+16,28.4171,2.95343,5.17604,4.76522e+19,6.93378e+20,sim01858.iv
sim01859,21.3845,3.92018,5.88352,7.46158e+20,2.7678e+19,301.64,3.66089,5.57853,4.79124e+16,4.07495e+16,47.6883,2.94326,5.01661,1.62134e+19,8.57147e+20,sim01859.iv
sim01860,36.8698,3.90692,5.8164,5.82038e+20,2.58486e+19,272.721,3.67532,5.50055,7.60194e+16,6.72134e+16,38.3386,3.02311,5.04019,3.41855e+19,5.79228e+20,sim01860.iv
sim01861,41.3874,3.89046,5.91629,9.31397e+20,2.49239e+19,223.967,3.77828,5.473,4.65871e+16,3.66421e+16,32.6051,3.00839,5.16866,3.88064e+19,7.5664e+20,sim01861.iv
sim01862,42.9154,3.96956,5.81163,7.96114e+20,1.17307e+19,253.136,3.75248,5.55826,8.95444e+16,5.48414e+16,22.5241,2.85071,5.04886,2.48873e+19,7.6328e+20,sim01862.iv
sim01863,39.3781,3.8325,5.83779,5.86495e+20,4.01975e+19,252.292,3.63334,5.48628,3.22765e+16,4.32369e+16,44.7204,2.93356,5.03497,1.92981e+19,5.17179e+20,sim01863.iv
sim01864,47.0339,3.93939,5.89267,7.80432e+20,2.01636e+19,266.516,3.66397,5.56491,7.69083e+16,3.55492e+16,42.8674,2.83757,5.04051,1.42552e+19,6.19123e+20,sim01864.iv
sim01865,26.7858,3.98011,5.86548,6.77609e+20,1.399e+19,219.238,3.64388,5.42691,4.10149e+16,2.6744e+16,25.3451,3.05901,5.18842,1.04993e+19,8.52778e+20,sim01865.iv
sim01866,39.7759,3.91701,5.93846,7.5435e+20,4.70767e+19,232.151,3.69471,5.53061,9.17829e+16,5.38692e+16,49.3099,3.06259,5.13984,4.27283e+19,8.66959e+20,sim01866.iv
sim01867,35.6788,3.95452,5.80715,9.66384e+20,4.2926e+19,299.273,3.61375,5.45898,3.28265e+16,3.31322e+16,40.1631,3.15046,5.13633,2.55504e+19,9.84618e+20,sim01867.iv
sim01868,45.8775,3.93708,5.87949,8.41914e+20,2.63198e+19,231.726,3.72377,5.53962,4.14373e+16,9.36377e+16,45.6278,3.03314,5.01205,1.06886e+19,8.19943e+20,sim01868.iv
sim01869,44.4142,3.90007,5.8047,5.72414e+20,1.84498e+19,297.886,3.69721,5.42044,5.51507e+16,8.82544e+16,33.1735,2.8599,5.1156,4.71754e+19,5.57955e+20,sim01869.iv
sim01870,24.6922,3.91337,5.868,9.4778e+20,3.85106e+19,230.592,3.77414,5.52846,5.44271e+16,3.30892e+16,39.4913,3.15939,5.0077,2.5006e+19,9.6783e+20,sim01870.iv
sim01871,31.4873,3.80717,5.82029,8.4538e+20,3.80048e+19,226.106,3.64384,5.51277,7.1788e+16,2.41111e+16,33.6915,3.02481,5.00994,1.89503e+19,9.59448e+20,sim01871.iv
sim01872,46.3994,3.8645,5.9736,8.16276e+20,4.92649e+19,345.271,3.72339,5.49357,2.28053e+16,5.77316e+16,31.949,3.05824,5.0179,4.33967e+19,9.83557e+20,sim01872.iv
sim01873,26.2809,3.92656,5.96039,7.77205e+20,4.74175e+19,281.661,3.65411,5.49432,5.3908e+16,3.2834e+16,43.6086,3.0471,5.07407,2.68662e+19,6.85851e+20,sim01873.iv
sim01874,33.437,3.90562,5.86619,9.09078e+20,4.71347e+19,283.192,3.74227,5.58611,2.72746e+16,2.7075e+16,22.1783,2.97684,5.06623,3.24214e+19,7.25534e+20,sim01874.iv
sim01875,25.7058,3.87824,5.80578,7.68692e+20,2.08424e+19,225.73,3.61317,5.54289,3.22606e+16,6.92917e+16,44.4653,2.99999,5.02661,3.45819e+19,5.35804e+20,sim01875.iv
sim01876,44.5143,3.95231,5.88042,6.34548e+20,3.83822e+19,289.409,3.62902,5.55184,4.00578e+16,9.04463e+16,44.8841,2.91033,5.05105,2.59156e+19,9.02242e+20,sim01876.iv
sim01877,23.9196,3.86321,5.93182,5.16745e+20,1.2236e+19,316.704,3.70447,5.51152,3.23978e+16,5.78605e+16,36.3502,2.96551,5.19288,1.19706e+19,7.07464e+20,sim01877.iv
sim01878,45.7246,3.84125,5.987,7.12745e+20,1.6264e+19,223.034,3.66541,5.58394,9.45186e+16,6.06938e+16,23.5457,2.98264,5.08355,1.92427e+19,5.38016e+20,sim01878.iv
sim01879,31.4472,3.87437,5.9408,6.97113e+20,1.05254e+19,212.803,3.7375,5.53216,2.44317e+16,8.79603e+16,39.8787,2.86162,5.05752,4.89465e+19,7.03873e+20,sim01879.iv
sim01880,27.1032,3.90483,5.84111,8.95858e+20,4.17721e+19,322.118,3.72345,5.53881,3.89263e+16,8.90999e+16,24.3249,2.90179,5.19854,4.84159e+19,7.5381e+20,sim01880.iv
sim01881,34.9732,3.82336,5.93193,5.15516e+20,2.25739e+19,268.575,3.7788,5.59369,9.76598e+16,8.18953e+16,28.6999,2.81814,5.08512,2.18959e+19,8.27595e+20,sim01881.iv
sim01882,31.1318,3.97815,5.87481,6.88998e+20,4.03647e+19,292.604,3.65106,5.53534,6.06694e+16,1.93653e+16,34.0179,3.16748,5.04236,2.65847e+19,6.37975e+20,sim01882.iv
sim01883,36.1076,3.99502,5.86197,9.16418e+20,4.35318e+19,246.318,3.75452,5.59762,9.58619e+16,6.45166e+16,24.5522,2.84774,5.05336,3.40525e+19,6.93113e+20,sim01883.iv
sim01884,40.9706,3.95756,5.83608,9.52647e+20,1.24229e+19,247.09,3.76296,5.43675,2.98124e+16,9.78091e+16,47.3709,3.1251,5.03476,2.02055e+19,6.17584e+20,sim01884.iv
sim01885,25.6737,3.99409,5.83321,8.73357e+20,1.20406e+19,286.133,3.61417,5.41235,3.07209e+16,9.33043e+16,39.1649,3.06056,5.05953,3.89447e+19,8.40776e+20,sim01885.iv
sim01886,33.8506,3.93652,5.97343,9.8019e+20,4.98638e+19,278.364,3.60655,5.44584,2.77164e+16,3.70485e+16,30.8151,3.06747,5.10514,3.59898e+19,9.8592e+20,sim01886.iv
sim01887,21.4722,3.80288,5.9331,7.73127e+20,2.931e+19,329.466,3.63178,5.51472,9.38734e+16,5.01268e+16,37.3975,2.828,5.06984,1.16559e+19,7.86188e+20,sim01887.iv
sim01888,37.7142,3.99017,5.92768,5.01491e+20,4.33294e+19,256.152,3.74285,5.45281,7.84202e+16,9.34742e+16,22.3796,3.01774,5.10808,2.14575e+19,6.70837e+20,sim01888.iv
sim01889,40.2848,3.85852,5.80613,8.84593e+20,3.50077e+19,245.064,3.79231,5.57969,9.67938e+16,5.61013e+16,27.055,2.86953,5.1897,4.56331e+19,8.70469e+20,sim01889.iv
sim01890,35.3154,3.87688,5.94069,5.04764e+20,3.09711e+19,305.012,3.75075,5.49022,7.70625e+16,1.86258e+16,26.9982,2.85785,5.06797,2.37677e+19,6.8697e+20,sim01890.iv
sim01891,33.9747,3.88727,5.89809,8.76298e+20,1.56807e+19,259.099,3.60003,5.40565,6.45779e+16,8.88401e+16,29.1773,2.96076,5.04198,1.5712e+19,9.42049e+20,sim01891.iv
sim01892,37.1636,3.94097,5.97638,7.94197e+20,1.72114e+19,309.864,3.74956,5.48279,6.55133e+16,5.36095e+16,29.99,3.06897,5.04949,2.30988e+19,7.02844e+20,sim01892.iv
sim01893,38.4386,3.97044,5.92298,8.63041e+20,2.17063e+19,292.238,3.62077,5.49265,7.20891e+16,2.6175e+16,47.0629,2.96688,5.13423,2.87958e+19,8.66129e+20,sim01893.iv
sim01894,37.5291,3.82451,5.98494,8.3003e+20,2.88829e+19,304.725,3.65218,5.55379,4.70103e+16,8.24531e+16,28.2216,3.11611,5.18134,4.92328e+19,8.88355e+20,sim01894.iv
sim01895,41.1204,3.90399,5.82115,7.79927e+20,3.25301e+19,219.063,3.73813,5.42979,6.36951e+16,5.2537e+16,46.2516,2.8929,5.03424,3.20468e+19,7.30121e+20,sim01895.iv
sim01896,24.8389,3.92274,5.98116,8.70127e+20,1.83823e+19,243.377,3.71151,5.5355,9.81096e+16,1.94338e+16,36.3903,3.19495,5.02218,4.89027e+19,7.31089e+20,sim01896.iv
sim01897,41.5217,3.88505,5.96821,9.54259e+20,1.66666e+19,314.614,3.60415,5.45537,5.97108e+16,6.42885e+16,30.958,2.90818,5.03433,1.95885e+19,5.65114e+20,sim01897.iv
sim01898,27.835,3.96426,5.8575,9.53844e+20,1.98092e+19,278.875,3.63351,5.40342,6.62986e+16,4.03989e+16,30.3523,2.9631,5.15555,2.59897e+19,5.43203e+20,sim01898.iv
sim01899,28.3626,3.91523,5.9987,5.71573e+20,2.29381e+19,277.983,3.78893,5.42168,8.1444e+16,7.50659e+16,29.1931,3.1095,5.11497,1.68544e+19,6.4287e+20,sim01899.iv
sim01900,29.8502,3.86461,5.94927,8.30147e+20,4.27942e+19,281.511,3.67011,5.41355,8.14953e+16,1.67292e+16,29.0439,3.06755,5.15283,1.27405e+19,8.03809e+20,sim01900.iv
sim01901,24.1142,3.95145,5.94597,8.74029e+20,1.25503e+19,288.32,3.64817,5.49916,9.9047e+16,1.81426e+16,37.8216,2.866,5.10201,3.0836e+19,7.28113e+20,sim01901.iv
sim01902,39.1885,3.99484,5.96104,9.79262e+20,1.75781e+19,349.052,3.66103,5.40683,4.92612e+16,3.21577e+16,42.8636,2.83478,5.1096,2.15759e+19,6.03367e+20,sim01902.iv
sim01903,46.2692,3.9031,5.86509,8.73059e+20,4.41276e+19,271.892,3.63642,5.59887,4.23079e+16,2.84954e+16,23.0993,2.84954,5.18861,4.78664e+19,7.53966e+20,sim01903.iv
sim01904,40.7641,3.96653,5.91149,8.33491e+20,4.8679e+19,234.155,3.62776,5.55061,7.32996e+16,2.67357e+16,29.0724,3.0741,5.09887,4.5739e+19,9.18577e+20,sim01904.iv
sim01905,34.6136,3.93337,5.92869,5.46039e+20,2.70237e+19,271.583,3.77947,5.57706,1.51872e+16,8.60652e+16,38.3505,2.80649,5.07633,4.55236e+19,6.79117e+20,sim01905.iv
sim01906,40.2934,3.91313,5.91797,7.404e+20,2.92937e+19,336.37,3.68276,5.43828,4.77758e+16,7.59621e+16,34.2573,3.09284,5.04796,3.33104e+19,9.32163e+20,sim01906.iv
sim01907,35.879,3.92736,5.93576,8.6984e+20,2.40116e+19,297.759,3.68323,5.47819,5.27681e+16,4.67033e+16,20.7761,3.0968,5.11687,1.55032e+19,6.30654e+20,sim01907.iv
sim01908,38.331,3.9036,5.94468,7.44616e+20,4.37854e+19,220.844,3.72264,5.47431,3.76159e+16,9.49278e+16,45.9142,2.87349,5.01149,4.46902e+19,5.84648e+20,sim01908.iv
sim01909,47.8475,3.85546,5.88233,5.22492e+20,3.15013e+19,236.423,3.68622,5.58388,3.27315e+16,6.71427e+16,26.0597,3.04394,5.05783,3.72625e+19,8.85311e+20,sim01909.iv
sim01910,46.4203,3.98372,5.84826,5.64497e+20,1.19407e+19,310.85,3.63738,5.56003,9.68336e+16,2.33168e+16,28.4999,3.00963,5.08611,2.70377e+19,6.08553e+20,sim01910.iv
sim01911,46.6765,3.93632,5.83077,5.0222e+20,4.05073e+19,212.22,3.77608,5.50589,9.37077e+16,7.94671e+16,46.8303,3.09753,5.11532,1.69224e+19,8.63823e+20,sim01911.iv
sim01912,37.7692,3.89093,5.91172,6.16128e+20,2.61771e+19,227.388,3.68195,5.49339,8.71995e+16,5.74462e+16,47.2661,3.18717,5.0098,3.38857e+19,6.49617e+20,sim01912.iv
sim01913,45.5398,3.89882,5.81562,6.07503e+20,3.69555e+19,221.146,3.67582,5.57432,1.26281e+16,7.2658e+16,40.2645,2.92829,5.02254,1.40963e+19,9.84614e+20,sim01913.iv
sim01914,40.3075,3.8752,5.96671,5.51668e+20,1.50771e+19,237.659,3.75271,5.48178,6.78319e+16,3.09206e+16,43.3189,3.12067,5.08265,1.83713e+19,8.15025e+20,sim01914.iv
sim01915,27.6841,3.82966,5.92316,7.56454e+20,4.13383e+19,250.923,3.64506,5.5281,7.30954e+16,4.72027e+16,33.2708,2.84942,5.09388,4.84531e+19,5.56849e+20,sim01915.iv
sim01916,37.039,3.80368,5.86507,8.80572e+20,3.26865e+19,221.359,3.69037,5.41582,4.36177e+16,7.92059e+16,27.7475,2.98136,5.10007,4.4131e+19,5.60752e+20,sim01916.iv
sim01917,36.5126,3.80616,5.81867,6.10361e+20,3.87886e+19,215.755,3.78901,5.48553,8.54787e+16,2.99688e+16,30.1343,3.09081,5.07584,3.02995e+19,9.04626e+20,sim01917.iv
sim01918,39.5329,3.96718,5.8173,8.04035e+20,3.40482e+19,294.994,3.71776,5.54477,8.59633e+16,3.06638e+16,23.1369,2.82959,5.03169,3.62381e+19,7.08249e+20,sim01918.iv
sim01919,30.4847,3.98199,5.98004,7.69446e+20,2.834e+19,247.862,3.69198,5.48218,1.06257e+16,7.82719e+16,33.1572,2.88914,5.13325,2.79067e+19,6.56865e+20,sim01919.iv
sim01920,26.9243,3.81183,5.9006,6.87722e+20,1.16132e+19,323.737,3.76166,5.49801,8.5501e+16,5.32905e+16,25.0671,3.00704,5.06251,2.80946e+19,9.85335e+20,sim01920.iv
sim01921,30.6659,3.84318,5.82571,9.41964e+20,1.05975e+19,337.044,3.61235,5.55053,3.64286e+16,3.24917e+16,25.3981,2.85381,5.01325,1.62018e+19,7.94239e+20,sim01921.iv
sim01922,37.0904,3.85621,5.93598,8.84815e+20,4.9207e+19,271.568,3.67492,5.59463,9.47937e+16,9.34253e+16,38.2636,3.04709,5.1856,2.91928e+19,6.06738e+20,sim01922.iv
sim01923,49.5578,3.96841,5.81121,5.56233e+20,4.52847e+19,252.152,3.73928,5.42356,2.5348e+16,7.7263e+16,49.3788,3.00088,5.00858,1.93727e+19,6.0635e+20,sim01923.iv
sim01924,48.0582,3.88383,5.98953,9.29792e+20,2.80323e+19,213.48,3.79459,5.40201,8.70517e+16,4.71909e+16,29.0393,2.96332,5.07138,3.75648e+19,7.86362e+20,sim01924.iv
sim01925,27.7071,3.9055,5.88099,9.60323e+20,4.56951e+19,296.428,3.79307,5.47503,1.79173e+16,1.42887e+16,45.0034,2.9534,5.17205,2.83494e+19,5.05587e+20,sim01925.iv
sim01926,35.8595,3.91891,5.8903,9.19017e+20,3.57603e+19,261.063,3.7438,5.46392,8.54693e+16,3.52093e+16,39.9983,2.96604,5.02024,3.51882e+19,6.91527e+20,sim01926.iv
sim01927,39.0279,3.90798,5.80832,6.02489e+20,3.80168e+19,275.472,3.69329,5.40048,3.72518e+16,7.02519e+16,46.6096,3.0296,5.10813,2.88126e+19,8.39241e+20,sim01927.iv
sim01928,43.9439,3.84414,5.9428,6.21927e+20,1.12717e+19,220.455,3.60931,5.45603,2.14456e+16,1.76684e+16,24.4276,2.81528,5.06871,4.29126e+19,7.76889e+20,sim01928.iv
sim01929,21.949,3.87498,5.88597,5.86206e+20,2.49205e+19,257.146,3.69876,5.53946,5.30953e+16,1.66559e+16,21.6569,3.15518,5.13895,3.62872e+19,9.56601e+20,sim01929.iv
sim01930,36.2452,3.81474,5.94288,5.81136e+20,3.66478e+19,266.099,3.60565,5.41111,4.53371e+16,6.35089e+16,25.1269,2.8427,5.07525,4.21672e+19,8.92003e+20,sim01930.iv
sim01931,40.5242,3.88507,5.88839,6.12972e+20,1.54857e+19,212.218,3.77203,5.49924,1.02739e+16,5.76256e+16,27.7497,2.97095,5.13448,4.23898e+19,8.50241e+20,sim01931.iv
sim01932,46.889,3.84695,5.93228,9.44916e+20,2.234e+19,321.923,3.78804,5.52878,2.47838e+16,3.34774e+16,40.3994,3.14647,5.00475,2.30533e+19,6.16785e+20,sim01932.iv
sim01933,32.6618,3.9537,5.90056,7.59145e+20,3.4361e+19,282.194,3.73765,5.42141,1.20521e+16,8.44111e+16,34.3672,2.91939,5.09086,3.60037e+19,5.60851e+20,sim01933.iv
sim01934,35.7083,3.82214,5.97191,7.81192e+20,4.24344e+19,310.941,3.76305,5.46836,2.25516e+16,9.02444e+16,46.5392,3.15331,5.19785,3.38467e+19,7.56248e+20,sim01934.iv
sim01935,43.9199,3.82203,5.95661,9.06113e+20,3.30877e+19,264.309,3.73125,5.583,2.42168e+16,3.79993e+16,40.1426,3.13329,5.13041,3.36337e+19,5.42871e+20,sim01935.iv
sim01936,33.0115,3.97803,5.87233,6.90503e+20,2.43023e+19,260.785,3.68095,5.55467,5.09556e+16,6.46377e+16,33.2726,3.14953,5.03575,1.49161e+19,7.03863e+20,sim01936.iv
sim01937,49.2286,3.93996,5.92325,6.95167e+20,2.18061e+19,343.921,3.68538,5.54222,8.29394e+16,6.91771e+16,26.9782,2.91519,5.0046,4.87751e+19,9.17326e+20,sim01937.iv
sim01938,32.1203,3.97848,5.83074,5.21019e+20,1.54117e+19,333.679,3.6321,5.41363,2.66992e+16,4.73556e+16,34.8929,2.89437,5.16114,4.83938e+19,6.45418e+20,sim01938.iv
sim01939,47.9326,3.96358,5.9772,5.29849e+20,4.33617e+19,292.03,3.60765,5.55073,3.17544e+16,8.17368e+16,38.7797,2.99693,5.00468,4.5587e+19,5.73782e+20,sim01939.iv
sim01940,44.8908,3.93763,5.81391,7.71108e+20,4.84702e+19,339.193,3.62926,5.43464,2.38271e+16,7.80557e+16,24.8226,2.82583,5.07807,4.86756e+19,6.5413e+20,sim01940.iv
sim01941,41.7271,3.82879,5.92423,7.90583e+20,4.61669e+19,310.318,3.62416,5.48096,1.00501e+16,3.16897e+16,49.1398,2.9823,5.17352,1.09492e+19,9.40029e+20,sim01941.iv
sim01942,46.6819,3.93069,5.82325,9.38008e+20,4.59946e+19,238.147,3.78803,5.57621,2.84389e+16,4.54439e+16,30.1004,2.99929,5.1778,4.49739e+19,5.87836e+20,sim01942.iv
sim01943,36.534,3.90681,5.89008,8.57355e+20,3.58388e+19,248.515,3.66963,5.57767,3.93195e+16,4.99677e+16,49.1869,3.14291,5.13979,2.21609e+19,8.14375e+20,sim01943.iv
sim01944,39.2606,3.88231,5.80722,6.83264e+20,3.03253e+19,343.02,3.7455,5.42159,3.7128e+16,5.69515e+16,33.5335,2.80205,5.18702,4.61616e+19,9.61872e+20,sim01944.iv
sim01945,32.8566,3.96668,5.94171,7.55872e+20,1.30853e+19,233.499,3.64765,5.57918,6.98831e+16,9.84728e+16,36.993,2.83388,5.09555,1.44714e+19,9.50682e+20,sim01945.iv
sim01946,28.353,3.83945,5.90233,9.03543e+20,3.04139e+19,215.35,3.74859,5.40681,6.43941e+16,6.5524e+16,26.2556,2.97863,5.00124,2.13472e+19,8.09676e+20,sim01946.iv
sim01947,28.5251,3.80953,5.93485,8.71198e+20,4.45195e+19,332.576,3.69926,5.48147,6.27279e+16,8.13402e+16,34.26,3.19807,5.1275,2.23243e+19,8.96855e+20,sim01947.iv
sim01948,24.523,3.98716,5.86807,8.42524e+20,3.50123e+19,223.422,3.74432,5.46236,4.43063e+16,1.86872e+16,44.3025,3.14411,5.02685,4.25045e+19,9.49e+20,sim01948.iv
sim01949,22.9188,3.99949,5.80091,9.21203e+20,3.23316e+19,344.02,3.66762,5.47217,8.5634e+16,7.39617e+16,38.0156,3.05775,5.13653,1.19137e+19,5.58892e+20,sim01949.iv
sim01950,25.4377,3.83536,5.96858,6.97255e+20,2.9577e+19,222.516,3.77412,5.40205,1.74966e+16,8.30898e+16,23.9179,3.11734,5.07008,4.10439e+19,5.25178e+20,sim01950.iv
sim01951,30.2379,3.89625,5.92514,9.1811e+20,1.97787e+19,302.244,3.63035,5.55903,9.39899e+16,1.42552e+16,22.3957,3.11502,5.17605,3.59287e+19,7.30594e+20,sim01951.iv
sim01952,43.072,3.85994,5.99835,9.23997e+20,4.54853e+19,329.684,3.78658,5.4129,9.17765e+16,3.23742e+16,30.7752,2.94823,5.04649,2.7537e+19,7.5276e+20,sim01952.iv
sim01953,24.4599,3.8719,5.86963,8.37335e+20,3.32314e+19,310.255,3.75679,5.5334,3.1712e+16,5.51908e+16,33.9972,2.82962,5.1789,1.36574e+19,9.88221e+20,sim01953.iv
sim01954,20.9524,3.94594,5.85751,9.52358e+20,4.29613e+19,213.502,3.60439,5.52064,2.34632e+16,1.12743e+16,49.0329,3.05315,5.00217,2.96208e+19,5.78768e+20,sim01954.iv
sim01955,44.1555,3.80574,5.87418,6.19014e+20,4.92349e+19,220.936,3.74398,5.49561,8.34841e+16,2.9282e+16,45.6589,3.18015,5.04262,1.97098e+19,9.81834e+20,sim01955.iv
sim01956,33.0238,3.96705,5.96849,6.55426e+20,1.71514e+19,261.314,3.71838,5.49942,7.63117e+16,5.93928e+16,44.1654,2.84158,5.08782,1.06425e+19,5.60404e+20,sim01956.iv
sim01957,29.9452,3.9803,5.87603,6.36733e+20,3.68315e+19,308.486,3.69627,5.4577,3.71629e+16,2.66991e+16,30.8777,2.8673,5.12858,4.57876e+19,6.27127e+20,sim01957.iv
sim01958,27.2665,3.97963,5.91361,8.64888e+20,4.55654e+19,303.096,3.74849,5.47739,9.44351e+16,7.3351e+16,22.1508,3.03809,5.01893,3.08848e+19,5.44244e+20,sim01958.iv
sim01959,38.8172,3.89127,5.91062,8.24475e+20,2.00139e+19,254.733,3.69641,5.51326,9.31282e+16,4.16713e+16,37.7519,3.16902,5.14357,2.31337e+19,7.07353e+20,sim01959.iv
sim01960,46.3635,3.88754,5.85041,7.61535e+20,1.74399e+19,291.486,3.7983,5.59386,6.5242e+16,8.97652e+16,44.4546,3.18027,5.17462,4.59933e+19,6.14774e+20,sim01960.iv
sim01961,24.7406,3.80879,5.93186,9.66753e+20,4.9754e+19,329.328,3.7662,5.50378,5.06762e+16,6.76285e+16,20.6812,3.11773,5.1315,1.6802e+19,8.17848e+20,sim01961.iv
sim01962,37.9841,3.9576,5.9675,6.2671e+20,4.25791e+19,235.493,3.67884,5.49853,8.24438e+16,9.10973e+16,20.5165,3.0949,5.1755,4.81722e+19,6.33945e+20,sim01962.iv
sim01963,25.1888,3.89979,5.9802,6.57807e+20,3.02024e+19,349.378,3.69121,5.52565,9.96036e+16,4.30533e+16,28.1879,2.9131,5.1234,1.65082e+19,5.8226e+20,sim01963.iv
sim01964,27.804,3.90819,5.96884,7.64635e+20,4.13057e+19,344.058,3.748,5.52856,1.07375e+16,5.0357e+16,28.0415,3.00497,5.19022,2.28179e+19,5.80391e+20,sim01964.iv
sim01965,44.7769,3.99812,5.95601,5.69196e+20,3.20278e+19,266.727,3.72669,5.53372,8.26381e+16,3.16078e+16,48.9404,2.88588,5.02482,4.31548e+19,7.31625e+20,sim01965.iv
sim01966,34.7069,3.86375,5.80928,5.96801e+20,4.04654e+19,241.417,3.79853,5.55725,8.63731e+16,8.85953e+16,41.5671,2.98647,5.1834,2.70611e+19,5.4791e+20,sim01966.iv
sim01967,37.8933,3.82111,5.93108,9.98763e+20,3.70083e+19,239.477,3.62757,5.47128,2.31189e+16,6.12724e+16,43.493,3.06326,5.12344,2.74243e+19,5.86365e+20,sim01967.iv
sim01968,39.1334,3.88387,5.86109,8.29643e+20,2.51414e+19,233.566,3.6967,5.45784,7.6014e+16,1.4236e+16,45.5853,2.98454,5.00319,1.53345e+19,9.7272e+20,sim01968.iv
sim01969,36.1102,3.95371,5.97656,6.60153e+20,3.18767e+19,301.045,3.76832,5.48402,9.56578e+16,6.46409e+16,46.2162,2.83334,5.09267,1.71668e+19,9.55942e+20,sim01969.iv
sim01970,27.0496,3.9426,5.81257,6.00422e+20,2.27941e+19,319.462,3.65023,5.56338,8.0975e+16,9.92983e+16,40.3142,3.05498,5.12031,1.43848e+19,7.56611e+20,sim01970.iv
sim01971,45.5445,3.80417,5.82533,8.00275e+20,4.38806e+19,253.026,3.7743,5.46751,5.18913e+16,9.57728e+16,32.5278,3.03979,5.18709,2.05753e+19,5.45968e+20,sim01971.iv
sim01972,48.7409,3.91197,5.99317,9.33372e+20,3.37851e+19,275.988,3.69605,5.4332,5.08206e+16,8.39559e+16,49.6636,3.18414,5.19244,1.07604e+19,7.57886e+20,sim01972.iv
sim01973,26.0039,3.92306,5.98917,9.38326e+20,4.46633e+19,261.201,3.70023,5.45639,5.98469e+16,3.73049e+16,44.2619,2.98577,5.14008,4.49067e+19,6.49875e+20,sim01973.iv
sim01974,38.6627,3.96916,5.99015,5.81533e+20,3.72568e+19,270.931,3.6571,5.43155,6.26843e+16,4.00679e+16,40.0383,2.9124,5.00012,4.06891e+19,5.80664e+20,sim01974.iv
sim01975,27.5751,3.84707,5.86845,7.42671e+20,4.24981e+19,301.031,3.6292,5.43674,8.62356e+16,3.2487e+16,26.5605,2.80143,5.15482,3.95381e+19,6.73807e+20,sim01975.iv
sim01976,20.2194,3.95712,5.81987,7.30234e+20,4.36059e+19,244.199,3.67593,5.53217,7.05846e+16,5.16436e+16,33.0126,2.9678,5.09721,2.38658e+19,6.28207e+20,sim01976.iv
sim01977,29.4815,3.89555,5.87643,7.92769e+20,3.52456e+19,349.46,3.72303,5.54693,1.88229e+16,7.84404e+16,35.2671,3.14662,5.19418,1.92146e+19,9.64338e+20,sim01977.iv
sim01978,40.1492,3.94782,5.89447,6.77397e+20,4.20014e+19,213.076,3.70812,5.41477,3.29171e+16,7.52679e+16,42.6422,3.15562,5.14309,3.69898e+19,9.72559e+20,sim01978.iv
sim01979,36.1223,3.93078,5.97361,8.81848e+20,4.0797e+19,285.146,3.70557,5.52974,7.30492e+16,5.91492e+16,25.564,2.89936,5.09862,1.81626e+19,7.11744e+20,sim01979.iv
sim01980,24.4142,3.82925,5.96864,7.71125e+20,4.12174e+19,211.616,3.65713,5.40354,1.03044e+16,1.28815e+16,35.6457,2.83633,5.15967,3.06475e+19,6.22677e+20,sim01980.iv
sim01981,45.1597,3.90193,5.87016,7.83975e+20,3.69043e+19,288.233,3.78656,5.47079,4.68954e+16,8.72969e+16,39.1246,3.18651,5.15843,3.05171e+19,8.17359e+20,sim01981.iv
sim01982,32.1825,3.82553,5.88142,6.40743e+20,3.71232e+19,303.688,3.78747,5.41589,5.20812e+16,4.58775e+16,35.8232,2.84783,5.09829,3.62804e+19,6.56893e+20,sim01982.iv
sim01983,39.5133,3.85313,5.87386,9.53644e+20,1.10023e+19,248.195,3.78715,5.42941,4.57667e+16,5.08686e+16,39.5794,3.04471,5.12535,4.76164e+19,6.96392e+20,sim01983.iv
sim01984,34.6944,3.99279,5.82563,9.74106e+20,4.79312e+19,343.486,3.61341,5.51551,8.54355e+16,3.82331e+16,37.7168,2.90258,5.02592,4.40903e+19,9.9061e+20,sim01984.iv
sim01985,22.0924,3.82426,5.91772,5.43156e+20,3.52466e+19,310.728,3.68293,5.55125,2.02266e+16,3.71113e+16,44.2292,2.83534,5.05702,3.48465e+19,6.23696e+20,sim01985.iv
sim01986,34.4263,3.96744,5.85393,7.17925e+20,1.07301e+19,309.172,3.67101,5.57201,1.79705e+16,8.04007e+16,44.4138,3.11043,5.14688,1.95116e+19,7.08366e+20,sim01986.iv
sim01987,31.5786,3.84821,5.89834,8.48767e+20,2.91491e+19,346.425,3.74175,5.48854,4.63562e+16,6.25246e+16,32.9529,2.88878,5.10421,3.69086e+19,6.79222e+20,sim01987.iv
sim01988,28.4997,3.84348,5.87256,6.22184e+20,4.05239e+19,299.42,3.65739,5.59837,6.81105e+16,2.28226e+16,44.8801,3.10148,5.10001,1.93385e+19,9.05438e+20,sim01988.iv
sim01989,23.7355,3.88361,5.96346,9.0072e+20,3.51957e+19,211.084,3.66662,5.57064,7.49229e+16,8.29536e+16,21.8894,3.17631,5.04581,2.32917e+19,9.20292e+20,sim01989.iv
sim01990,32.1866,3.92862,5.91047,9.33038e+20,1.62449e+19,223.691,3.72647,5.56893,9.30791e+16,4.59933e+16,42.0457,2.95631,5.06378,1.09685e+19,6.25055e+20,sim01990.iv
sim01991,25.1052,3.85372,5.85775,9.29455e+20,1.8135e+19,324.702,3.77187,5.49276,7.52064e+16,3.86747e+16,20.5331,3.08386,5.12128,2.84545e+19,9.49345e+20,sim01991.iv
sim01992,41.8177,3.88512,5.81068,9.38043e+20,4.93857e+19,298.833,3.75364,5.5012,3.12979e+16,9.20861e+16,40.6505,3.01943,5.13642,3.04745e+19,5.29192e+20,sim01992.iv
sim01993,39.8132,3.80104,5.84407,5.7799e+20,2.36049e+19,337.164,3.61594,5.47148,7.83606e+16,8.76782e+16,42.0839,3.18608,5.13918,3.9792e+19,7.11034e+20,sim01993.iv
sim01994,29.0616,3.89238,5.95358,8.25132e+20,4.0876e+19,297.862,3.74662,5.43113,3.91293e+16,6.05073e+16,20.4964,3.16492,5.0479,1.35401e+19,8.32125e+20,sim01994.iv
sim01995,25.8122,3.91239,5.8498,5.82971e+20,3.93998e+19,264.372,3.71489,5.44322,5.97173e+16,4.79107e+16,21.5367,3.09068,5.11047,4.70936e+19,9.03975e+20,sim01995.iv
sim01996,37.1336,3.80861,5.95038,7.74522e+20,4.34013e+19,290.884,3.60041,5.56298,8.19346e+16,1.89462e+16,40.5147,3.01044,5.11798,4.55741e+19,6.24784e+20,sim01996.iv
sim01997,20.3948,3.84171,5.98303,6.05712e+20,3.69804e+19,320.556,3.76264,5.40209,1.08462e+16,9.90109e+16,35.8228,2.82548,5.00536,4.24308e+19,9.52478e+20,sim01997.iv
sim01998,35.7348,3.87434,5.94047,5.11194e+20,4.59566e+19,245.853,3.63818,5.46216,1.57355e+16,4.50604e+16,41.4424,2.99928,5.1336,1.85509e+19,6.98945e+20,sim01998.iv
sim01999,35.5844,3.91451,5.83728,9.03835e+20,1.36086e+19,223.76,3.64994,5.53085,1.69378e+16,1.06953e+16,34.1654,2.93866,5.03135,3.6237e+19,8.20716e+20,sim01999.iv
sim02000,23.6568,3.84596,5.873,9.9502e+20,4.07436e+19,257.203,3.79309,5.49099,4.42299e+16,9.49857e+16,42.0853,3.01914,5.12014,4.89124e+19,5.76451e+20,sim02000.iv
