sim_id,L1_L,L1_E_c,L1_E_v,L1_N_D,L1_N_A,L2_L,L2_E_c,L2_E_v,L2_N_D,L2_N_A,L3_L,L3_E_c,L3_E_v,L3_N_D,L3_N_A,iv_file
sim04001,44.858,3.94672,5.97311,9.73877e+20,3.2567e+19,314.323,3.69803,5.55716,5.83051e+16,7.62683e+16,28.251,3.07477,5.11571,1.99935e+19,8.42834e+20,sim04001.iv
sim04002,31.1084,3.9258,5.93165,8.35607e+20,3.73439e+19,268.431,3.72494,5.58135,1.61304e+16,8.04872e+16,23.8631,2.98623,5.03282,4.12968e+19,5.18582e+20,sim04002.iv
sim04003,41.0342,3.8803,5.85301,9.80231e+20,2.16825e+19,239.638,3.68629,5.46045,7.55028e+16,1.27143e+16,40.7617,2.96884,5.15679,2.33559e+19,5.09067e+20,sim04003.iv
sim04004,42.8983,3.82651,5.89556,9.16498e+20,4.69998e+19,244.441,3.76763,5.55522,9.31209e+16,8.33637e+16,22.6849,3.17775,5.00494,2.37422e+19,6.94618e+20,sim04004.iv
sim04005,34.5579,3.84705,5.82476,9.18524e+20,3.56728e+19,276.485,3.75492,5.58303,3.01534e+16,3.90619e+16,48.0297,3.01762,5.05625,1.63289e+19,9.94355e+20,sim04005.iv
sim04006,36.0507,3.97245,5.9272,7.21832e+20,4.43319e+19,259.911,3.75369,5.49068,9.07651e+16,5.52896e+16,29.7745,3.0903,5.17203,4.40407e+19,7.39203e+20,sim04006.iv
sim04007,33.2051,3.82986,5.80785,9.6576e+20,3.90092e+19,290.749,3.71668,5.40467,5.08376e+16,9.29192e+16,33.8611,3.03233,5.07542,1.42014e+19,6.61784e+20,sim04007.iv
sim04008,22.5527,3.91572,5.99635,6.81349e+20,4.43376e+19,215.989,3.701,5.53089,3.87304e+16,1.88512e+16,26.537,2.828,5.17764,1.01833e+19,5.34686e+20,sim04008.iv
sim04009,43.8707,3.85995,5.87295,6.53344e+20,4.56283e+19,340.023,3.78576,5.46147,2.80341e+16,8.45197e+16,45.4689,2.94171,5.1156,2.56291e+19,5.0749e+20,sim04009.iv
sim04010,32.3203,3.97899,5.97159,5.51891e+20,2.22783e+19,220.34,3.65961,5.45954,1.47863e+16,9.05721e+16,45.1963,3.17139,5.14887,4.0402e+19,8.93621e+20,sim04010.iv
sim04011,40.2574,3.83519,5.83555,7.5018e+20,3.76241e+19,214.161,3.70928,5.57743,2.13417e+16,3.8165e+16,49.6025,2.93155,5.00575,3.73456e+19,9.91319e+20,sim04011.iv
sim04012,26.9198,3.84321,5.88638,7.67954e+20,4.25876e+19,349.088,3.7626,5.45818,8.07553e+16,6.67784e+16,34.7285,3.05387,5.08795,3.52884e+19,8.68413e+20,sim04012.iv
sim04013,20.4116,3.92325,5.83061,6.68321e+20,2.77455e+19,346.114,3.66511,5.56386,4.03353e+16,3.06392e+16,33.0202,2.83595,5.16386,2.99327e+19,8.43769e+20,sim04013.iv
sim04014,43.9322,3.88178,5.89014,6.26783e+20,3.85727e+19,326.516,3.71483,5.40772,7.40453e+16,7.00187e+16,30.2774,2.96369,5.09904,4.16315e+19,8.40311e+20,sim04014.iv
sim04015,35.5119,3.9611,5.97183,5.25897e+20,1.27926e+19,276.594,3.75632,5.42195,8.7705e+16,2.23521e+16,40.8643,3.12133,5.0091,4.39497e+19,9.20742e+20,sim04015.iv
sim04016,24.3785,3.84181,5.97206,9.82819e+20,2.9372e+19,227.59,3.65591,5.46765,6.68058e+16,7.49555e+16,38.203,3.15613,5.00212,2.55967e+19,6.45901e+20,sim04016.iv
sim04017,42.5512,3.93617,5.97818,6.56653e+20,4.42216e+19,285.37,3.63067,5.56581,3.10214e+16,7.84244e+16,36.1068,3.00595,5.10698,4.90189e+19,7.92323e+20,sim04017.iv
sim04018,21.3254,3.99118,5.85633,7.35096e+20,4.29247e+19,221.842,3.64652,5.57537,2.05491e+16,5.65026e+16,25.5765,2.94161,5.15809,4.83623e+19,7.86954e+20,sim04018.iv
sim04019,30.8584,3.81603,5.8803,9.06934e+20,4.02667e+19,259.893,3.63398,5.50874,8.48884e+16,6.06091e+16,36.251,3.08268,5.02588,3.47455e+19,5.39029e+20,sim04019.iv
sim04020,24.7909,3.81029,5.92285,9.82098e+20,1.59335e+19,275.881,3.77878,5.57001,4.80879e+16,7.70234e+16,21.2974,3.10262,5.14512,3.33152e+19,5.57152e+20,sim04020.iv
sim04021,28.8863,3.83435,5.81179,9.49594e+20,1.72646e+19,238.933,3.74015,5.46441,4.64437e+16,1.50911e+16,47.8027,3.19857,5.07366,1.86249e+19,8.52886e+20,sim04021.iv
sim04022,42.7321,3.83072,5.89738,5.9775e+20,1.93493e+19,279.129,3.67993,5.495,4.45871e+16,1.65795e+16,22.286,2.90478,5.10458,1.85178e+19,8.1276e+20,sim04022.iv
sim04023,42.8525,3.97845,5.98874,6.82378e+20,4.77214e+19,332.546,3.66314,5.47399,2.51124e+16,8.82155e+16,35.8842,2.88234,5.16188,4.40156e+19,8.19835e+20,sim04023.iv
sim04024,31.8316,3.84401,5.95327,8.85246e+20,3.04329e+19,313.983,3.63996,5.50591,3.92641e+16,9.9246e+16,32.73,2.88224,5.03923,4.98243e+19,9.99611e+20,sim04024.iv
sim04025,43.9904,3.8961,5.93316,8.50963e+20,1.52149e+19,230.136,3.67881,5.47496,5.21281e+16,3.7247e+16,38.5395,3.10198,5.17427,2.63753e+19,6.46018e+20,sim04025.iv
sim04026,24.5002,3.91204,5.80764,9.28726e+20,2.90783e+19,295.286,3.68001,5.40073,8.09956e+16,5.26411e+16,32.1975,3.10359,5.06949,3.58998e+19,8.62842e+20,sim04026.iv
sim04027,49.4738,3.95368,5.80472,8.12499e+20,3.46497e+19,227.268,3.75005,5.47497,6.61378e+16,3.41621e+16,25.3136,2.9584,5.04128,4.94706e+19,8.63436e+20,sim04027.iv
sim04028,21.1259,3.8769,5.98258,7.9786e+20,2.93939e+19,285.178,3.66077,5.47768,2.77364e+16,7.39461e+16,27.0937,2.96992,5.18535,2.62346e+19,6.68537e+20,sim04028.iv
sim04029,32.6809,3.84982,5.94651,8.39347e+20,2.01069e+19,268.835,3.70638,5.57349,4.01847e+16,6.20409e+16,48.1997,2.90442,5.14566,3.62084e+19,5.74837e+20,sim04029.iv
sim04030,49.5417,3.95647,5.88573,7.79912e+20,2.44344e+19,246.648,3.77923,5.517,4.32498e+16,8.66196e+16,33.2695,2.87393,5.03051,4.76334e+19,6.91198e+20,sim04030.iv
sim04031,31.8634,3.90753,5.91527,7.1608e+20,4.74325e+19,256.344,3.62261,5.59908,2.97768e+16,9.50206e+16,45.3713,3.11102,5.02657,1.13916e+19,5.85419e+20,sim04031.iv
sim04032,32.0504,3.95841,5.87854,5.1564e+20,1.28672e+19,274.477,3.60575,5.55114,3.20509e+16,5.38522e+16,43.7706,3.02098,5.17658,4.38803e+19,5.86635e+20,sim04032.iv
sim04033,20.6737,3.97285,5.93115,9.59471e+20,1.33274e+19,348.171,3.79689,5.45363,1.52824e+16,4.34844e+16,33.0286,2.90755,5.01082,4.4673e+19,6.05669e+20,sim04033.iv
sim04034,46.1958,3.85173,5.96998,6.41392e+20,1.40312e+19,325.18,3.65551,5.46177,4.67075e+16,6.45226e+16,39.0842,2.83032,5.19062,1.20819e+19,9.17938e+20,sim04034.iv
sim04035,41.4632,3.8579,5.91943,7.74807e+20,3.66775e+19,313.277,3.70297,5.54324,2.78287e+16,7.23311e+16,32.8324,3.17642,5.17111,1.00529e+19,8.80278e+20,sim04035.iv
sim04036,38.0748,3.94285,5.85166,8.99365e+20,1.56262e+19,335.838,3.68689,5.42127,7.3062e+16,4.48112e+16,27.635,3.06761,5.0667,1.86776e+19,8.01422e+20,sim04036.iv
sim04037,30.5119,3.81056,5.84538,7.25426e+20,3.29776e+19,278.115,3.78375,5.46832,8.80562e+16,5.30804e+16,40.4399,3.01607,5.02176,2.68992e+19,8.37601e+20,sim04037.iv
sim04038,28.2803,3.86605,5.94023,8.66834e+20,3.14507e+19,313.087,3.76839,5.50177,7.25983e+16,1.11035e+16,20.8779,3.04108,5.12714,2.17513e+19,8.08835e+20,sim04038.iv
sim04039,23.0519,3.95387,5.87061,7.8571e+20,4.91692e+19,282.317,3.70533,5.42063,1.39915e+16,9.30378e+16,45.9938,3.12417,5.19885,1.3872e+19,8.82868e+20,sim04039.iv
sim04040,23.3552,3.92695,5.94359,8.46762e+20,2.05953e+19,333.665,3.71321,5.5827,5.00182e+16,4.08669e+16,46.9581,3.12629,5.01722,2.75474e+19,5.37866e+20,sim04040.iv
sim04041,46.1057,3.89567,5.85231,5.35126e+20,2.17217e+19,261.064,3.79408,5.59802,5.16584e+16,9.2242e+16,43.9623,3.10779,5.05376,3.97008e+19,9.95542e+20,sim04041.iv
sim04042,45.1978,3.90843,5.80018,6.88375e+20,3.6164e+19,229.395,3.68114,5.54206,9.02222e+16,7.31296e+16,38.3183,2.89037,5.1342,4.35389e+19,7.18937e+20,sim04042.iv
sim04043,46.6719,3.86776,5.92653,9.20608e+20,4.55108e+19,275.572,3.69213,5.58908,5.19783e+16,1.03047e+16,34.5415,3.04169,5.14874,1.31661e+19,7.87659e+20,sim04043.iv
sim04044,38.3325,3.93594,5.85447,8.83311e+20,4.15787e+19,229.207,3.75443,5.52327,4.92919e+16,8.01225e+16,23.8235,2.94293,5.17857,1.57289e+19,9.63944e+20,sim04044.iv
sim04045,38.8762,3.80134,5.83111,5.26091e+20,4.08849e+19,245.594,3.71394,5.57013,9.11928e+16,8.56854e+16,35.083,2.85704,5.0695,2.33954e+19,9.95316e+20,sim04045.iv
sim04046,44.2057,3.86451,5.88252,6.35834e+20,2.6137e+19,221.236,3.767,5.50648,6.44558e+16,2.77117e+16,33.5549,2.98492,5.01932,1.12208e+19,8.08976e+20,sim04046.iv
sim04047,37.1501,3.92918,5.97921,9.99175e+20,4.35689e+19,213.242,3.66139,5.55552,9.11069e+16,9.20713e+16,40.1305,3.13878,5.03201,2.57023e+19,5.41769e+20,sim04047.iv
sim04048,28.7038,3.95525,5.83726,8.71206e+20,4.07342e+19,333.175,3.79345,5.54942,7.07932e+16,8.05329e+16,25.6769,3.09553,5.18188,2.81291e+19,5.11019e+20,sim04048.iv
sim04049,30.1028,3.81932,5.92527,9.17392e+20,1.36552e+19,269.841,3.73453,5.58149,2.98366e+16,5.75229e+16,20.5163,2.95607,5.06902,1.7089e+19,5.71632e+20,sim04049.iv
sim04050,31.0755,3.81223,5.98127,9.76872e+20,4.45207e+19,210.517,3.66897,5.48732,3.96209e+16,8.20033e+16,40.2587,2.87806,5.01733,3.39963e+19,9.21731e+20,sim04050.iv
sim04051,39.0226,3.84904,5.91148,7.65415e+20,4.14787e+19,269.613,3.74422,5.45194,1.21471e+16,7.92796e+16,49.5919,3.19457,5.15022,3.67136e+19,6.87186e+20,sim04051.iv
sim04052,47.7383,3.89613,5.94544,7.8348e+20,4.58771e+19,306.52,3.66136,5.58318,2.59244e+16,2.91497e+16,30.7739,2.94708,5.16468,2.74935e+19,9.36546e+20,sim04052.iv
sim04053,29.9542,3.87739,5.95257,6.23559e+20,1.49458e+19,229.412,3.64651,5.52011,1.36527e+16,6.97187e+16,42.951,3.09896,5.12645,2.75868e+19,9.9109e+20,sim04053.iv
sim04054,22.7124,3.95144,5.87636,9.12937e+20,3.51674e+19,229.45,3.76794,5.41527,8.29663e+16,6.10457e+16,24.5131,3.03792,5.11097,2.26613e+19,9.06225e+20,sim04054.iv
sim04055,23.7813,3.82795,5.84842,9.32795e+20,1.66445e+19,322.912,3.75472,5.52188,5.22645e+16,4.20676e+16,26.4763,3.07801,5.09234,2.09515e+19,6.62283e+20,sim04055.iv
sim04056,24.1877,3.80891,5.88766,9.88101e+20,4.77444e+19,228.96,3.71029,5.4696,6.84807e+16,1.24417e+16,36.3062,2.98446,5.11225,1.60917e+19,8.0936e+20,sim04056.iv
sim04057,28.8899,3.90167,5.9738,5.4688e+20,2.59028e+19,286.768,3.6825,5.49592,7.48496e+16,7.02936e+16,34.3179,2.90282,5.05161,4.05649e+19,7.25176e+20,sim04057.iv
sim04058,29.8777,3.937,5.90056,7.20645e+20,1.55466e+19,336.086,3.76613,5.56743,2.68688e+16,5.53858e+16,48.4303,3.1711,5.00777,1.02748e+19,7.55623e+20,sim04058.iv
sim04059,26.361,3.84207,5.89299,5.23555e+20,3.67797e+19,259.12,3.6146,5.56986,5.7201e+16,9.23541e+16,20.1317,3.0339,5.09395,4.74968e+19,5.88396e+20,sim04059.iv
sim04060,36.3724,3.83445,5.97181,6.67485e+20,2.80077e+19,306.27,3.65416,5.42415,5.0172e+16,4.31657e+16,30.6379,2.80307,5.15586,3.95922e+19,8.52026e+20,sim04060.iv
sim04061,32.3355,3.89911,5.93275,9.77707e+20,2.12992e+19,314.655,3.72299,5.52696,1.84279e+16,7.87485e+16,32.3233,2.93181,5.08649,4.48769e+19,8.26554e+20,sim04061.iv
sim04062,20.2806,3.8469,5.93894,9.37796e+20,3.15231e+19,292.91,3.65622,5.42802,4.9381e+16,5.8443e+16,36.9382,2.87611,5.01542,2.34262e+19,9.01427e+20,sim04062.iv
sim04063,28.1846,3.93674,5.85193,6.17456e+20,1.84446e+19,270.004,3.65374,5.47249,6.18978e+16,8.48629e+16,42.9833,2.97492,5.06048,3.62681e+19,7.16633e+20,sim04063.iv
sim04064,42.7185,3.97187,5.85732,6.925e+20,1.1156e+19,270.119,3.68766,5.58333,4.654e+16,4.83057e+16,29.8714,2.84135,5.1207,1.84506e+19,7.60396e+20,sim04064.iv
sim04065,43.0601,3.94674,5.82188,7.10435e+20,4.19892e+19,210.974,3.62951,5.48351,5.55606e+16,5.70016e+16,46.7358,3.09965,5.19023,4.86254e+19,5.2526e+20,sim04065.iv
sim04066,23.0118,3.96119,5.98697,8.41334e+20,1.03745e+19,223.348,3.7933,5.41795,9.10718e+16,4.3664e+16,47.9142,2.87911,5.19446,3.0838e+19,8.83826e+20,sim04066.iv
sim04067,26.3149,3.82661,5.84664,8.7366e+20,1.00257e+19,306.569,3.62048,5.53256,3.71927e+16,9.10812e+16,29.4253,3.16427,5.11357,1.87199e+19,9.2553e+20,sim04067.iv
sim04068,29.0107,3.9222,5.90883,8.93037e+20,2.02328e+19,227.557,3.78256,5.46245,6.59721e+16,8.83849e+16,22.4277,2.91679,5.01671,4.68634e+19,9.70303e+20,sim04068.iv
sim04069,47.1543,3.87295,5.89592,9.56938e+20,4.54032e+19,211.604,3.63581,5.48166,7.75599e+16,4.4492e+16,26.1851,3.13145,5.06819,1.45353e+19,8.1678e+20,sim04069.iv
sim04070,45.9404,3.91535,5.99927,9.37031e+20,1.97874e+19,256.096,3.63915,5.51154,6.86828e+16,7.74677e+16,35.8899,2.849,5.05007,2.87332e+19,6.34682e+20,sim04070.iv
sim04071,21.5209,3.97791,5.90427,7.9764e+20,1.40959e+19,337.477,3.77249,5.47812,2.78403e+16,8.14992e+16,37.2263,3.13262,5.09638,4.5651e+19,8.58084e+20,sim04071.iv
sim04072,30.5682,3.95097,5.86432,7.14742e+20,2.5985e+19,268.568,3.74513,5.44913,3.90891e+16,5.61021e+16,28.3046,2.85318,5.14065,3.38961e+19,9.73154e+20,sim04072.iv
sim04073,42.2774,3.91442,5.85333,5.99797e+20,3.09356e+19,274.499,3.681,5.48831,2.90953e+16,4.7862e+16,21.1761,3.0242,5.11138,3.66753e+19,8.56894e+20,sim04073.iv
sim04074,40.2186,3.96076,5.82661,9.4308e+20,2.55371e+19,303.34,3.62411,5.44487,9.37735e+16,2.238e+16,33.9576,2.83781,5.01866,4.97575e+19,8.19293e+20,sim04074.iv
sim04075,39.0828,3.85414,5.83042,8.0693e+20,1.997e+19,247.947,3.68408,5.44501,9.45522e+16,6.20222e+16,22.0569,2.99303,5.11222,2.43452e+19,9.36998e+20,sim04075.iv
sim04076,35.6258,3.84778,5.90824,8.61484e+20,2.23488e+19,332.159,3.61139,5.45953,9.34835e+16,3.40715e+16,22.2755,2.81801,5.15073,2.34468e+19,8.82357e+20,sim04076.iv
sim04077,39.543,3.95014,5.98348,9.07283e+20,1.60538e+19,336.983,3.66714,5.5609,5.69172e+16,2.57777e+16,40.6952,3.0676,5.18157,2.64164e+19,8.67124e+20,sim04077.iv
sim04078,35.5395,3.91006,5.86861,6.80643e+20,4.2105e+19,298.835,3.73727,5.58621,7.20711e+16,7.60989e+16,43.1873,2.97162,5.09203,4.91568e+19,7.79853e+20,sim04078.iv
sim04079,31.2757,3.81165,5.84306,8.89003e+20,4.70687e+19,319.83,3.75918,5.57522,5.00341e+16,2.25393e+16,38.5842,3.16369,5.08904,4.26694e+19,9.37792e+20,sim04079.iv
sim04080,22.3991,3.88542,5.89075,7.16426e+20,2.05476e+19,278.457,3.74464,5.53593,9.36941e+16,7.61743e+16,42.6363,2.9158,5.00626,3.05246e+19,8.89404e+20,sim04080.iv
sim04081,31.9509,3.96287,5.92407,6.66003e+20,2.36956e+19,305.584,3.71524,5.4134,5.9714e+16,1.39167e+16,36.4125,3.17104,5.01836,2.93553e+19,8.87371e+20,sim04081.iv
sim04082,32.8646,3.87197,5.9155,9.27154e+20,4.46683e+19,247.884,3.79342,5.43252,2.90827e+16,7.30156e+16,46.0079,2.87418,5.06504,1.30923e+19,7.30016e+20,sim04082.iv
sim04083,35.5026,3.9181,5.83746,6.38354e+20,4.02041e+19,225.372,3.60082,5.4779,6.21354e+16,9.02331e+16,21.1801,2.93368,5.17131,3.85173e+19,8.1653e+20,sim04083.iv
sim04084,20.2956,3.89295,5.99563,8.35129e+20,4.2614e+19,281.896,3.6723,5.46417,8.17021e+16,5.15179e+16,29.6704,3.06227,5.19969,2.72141e+19,5.82022e+20,sim04084.iv
sim04085,39.2607,3.88013,5.91794,9.98521e+20,2.83213e+19,252.394,3.79615,5.53346,3.7497e+16,3.85386e+16,38.1437,2.94526,5.15458,1.77217e+19,5.95364e+20,sim04085.iv
sim04086,26.9812,3.97477,5.81825,8.00543e+20,4.4547e+19,234.77,3.78379,5.54224,3.06981e+16,9.82402e+16,44.9702,2.82275,5.16506,3.30691e+19,9.44856e+20,sim04086.iv
sim04087,37.6935,3.9592,5.96654,8.9824e+20,1.23497e+19,303.175,3.77936,5.58722,7.90376e+16,3.79113e+16,45.7535,2.81023,5.15418,2.94197e+19,9.39992e+20,sim04087.iv
sim04088,35.0526,3.88456,5.96892,6.64658e+20,2.95106e+19,328.114,3.60259,5.46999,8.49505e+16,8.91594e+16,24.8026,2.97784,5.06876,4.90355e+19,7.82144e+20,sim04088.iv
sim04089,31.981,3.97444,5.94165,8.5635e+20,3.44743e+19,268.379,3.61972,5.52681,4.73194e+16,5.07292e+16,47.719,3.08842,5.15634,4.04079e+19,7.16263e+20,sim04089.iv
sim04090,36.7681,3.90871,5.84816,8.16353e+20,2.49856e+19,217.592,3.79403,5.48323,4.14904e+16,6.64618e+16,33.6073,3.19094,5.01002,4.26649e+19,5.10574e+20,sim04090.iv
sim04091,25.4864,3.8348,5.86813,9.37823e+20,1.97544e+19,282.105,3.69569,5.44728,5.16975e+16,8.59525e+16,40.9514,2.9565,5.05386,3.06229e+19,6.12374e+20,sim04091.iv
sim04092,24.6707,3.80868,5.80212,9.86395e+20,2.44523e+19,215.212,3.71625,5.494,6.1702e+16,5.87477e+16,23.0007,3.09941,5.07526,4.98452e+19,7.95466e+20,sim04092.iv
sim04093,34.7093,3.87228,5.90775,7.36606e+20,3.10292e+19,345.845,3.68109,5.45619,4.82787e+16,1.46915e+16,33.6881,3.1683,5.04021,1.35687e+19,5.07994e+20,sim04093.iv
sim04094,39.3258,3.95302,5.93427,8.20388e+20,4.26732e+19,329.481,3.66724,5.51592,6.92244e+16,4.07297e+16,39.0889,3.06377,5.00003,1.33972e+19,8.67422e+20,sim04094.iv
sim04095,22.264,3.90154,5.8089,9.14134e+20,3.21814e+19,238.526,3.77253,5.42399,9.16761e+16,9.74867e+16,39.7354,3.13533,5.16475,2.81444e+19,5.61057e+20,sim04095.iv
sim04096,22.4952,3.82076,5.90261,5.17731e+20,2.92042e+19,250.155,3.77437,5.41811,7.12073e+16,1.7308e+16,35.8334,2.93366,5.10987,1.29317e+19,7.5007e+20,sim04096.iv
sim04097,35.262,3.96872,5.81122,5.61628e+20,4.92078e+19,278.217,3.74208,5.45834,6.671e+16,4.8095e+16,44.953,2.97366,5.13534,2.32905e+19,6.02342e+20,sim04097.iv
sim04098,26.5327,3.91317,5.89818,8.51193e+20,4.39297e+19,215.158,3.75983,5.57201,7.39834e+16,7.11664e+16,48.1602,3.15589,5.07345,3.57381e+19,7.67621e+20,sim04098.iv
sim04099,23.2037,3.84602,5.90098,7.26081e+20,3.29444e+19,321.603,3.76071,5.45438,3.38884e+16,6.53979e+16,31.3655,3.18399,5.12688,2.03191e+19,5.52771e+20,sim04099.iv
sim04100,41.7142,3.86414,5.83827,6.26233e+20,3.77827e+19,302.134,3.62016,5.53297,6.54913e+16,8.20234e+16,22.6118,2.90892,5.16071,2.7587e+19,9.54462e+20,sim04100.iv
sim04101,40.7619,3.81085,5.89025,6.48476e+20,4.04368e+19,230.986,3.77652,5.54594,6.27282e+16,6.05097e+16,48.5568,3.14547,5.18439,4.28892e+19,6.7535e+20,sim04101.iv
sim04102,25.0927,3.85962,5.99233,9.81804e+20,1.81495e+19,241.682,3.73159,5.5107,6.07962e+16,9.16338e+16,36.7114,3.03213,5.13227,3.04212e+19,7.90799e+20,sim04102.iv
sim04103,42.4029,3.98306,5.98642,8.33948e+20,2.07481e+19,331.391,3.7388,5.47353,6.6468e+16,4.80402e+16,45.0037,2.93466,5.08793,4.17179e+19,6.00214e+20,sim04103.iv
sim04104,36.92,3.88977,5.87347,5.55e+20,1.0466e+19,295.916,3.71203,5.58723,3.71113e+16,1.36526e+16,33.8996,2.81679,5.05176,3.67299e+19,7.28547e+20,sim04104.iv
sim04105,29.8147,3.95987,5.8673,5.80041e+20,2.11735e+19,343.332,3.65002,5.47249,2.5748e+16,6.82919e+16,28.3064,2.88383,5.1174,4.0582e+19,7.9579e+20,sim04105.iv
sim04106,34.9544,3.99468,5.857,7.36407e+20,1.76464e+19,280.417,3.69712,5.55433,5.11329e+16,2.2873e+16,48.49,2.90712,5.04897,4.60699e+19,8.3127e+20,sim04106.iv
sim04107,46.5769,3.85755,5.81049,7.16637e+20,1.98044e+19,312.211,3.64302,5.41562,5.25607e+16,3.53835e+16,27.6381,2.92582,5.06124,2.768e+19,7.88461e+20,sim04107.iv
sim04108,36.1562,3.91904,5.82575,5.29983e+20,4.72706e+19,241.217,3.76607,5.41321,7.08301e+16,6.42845e+16,33.8793,2.9495,5.17288,3.81239e+19,8.23404e+20,sim04108.iv
sim04109,47.8269,3.81343,5.94982,9.83954e+20,4.88521e+19,234.286,3.76197,5.41177,7.22857e+16,6.77158e+16,33.6717,2.9378,5.04783,2.39763e+19,5.49696e+20,sim04109.iv
sim04110,29.0689,3.90155,5.90294,7.88468e+20,3.90859e+19,226.326,3.77002,5.47317,2.72125e+16,2.61444e+16,44.1777,2.9912,5.05152,4.72561e+19,7.93082e+20,sim04110.iv
sim04111,39.0284,3.84958,5.87996,6.53496e+20,1.98374e+19,335.833,3.62571,5.41786,4.42161e+16,6.91951e+16,29.4721,2.88094,5.0109,4.3307e+19,8.68192e+20,sim04111.iv
sim04112,39.344,3.94662,5.9683,6.32959e+20,4.16305e+19,224.428,3.78666,5.51296,7.87237e+16,5.38351e+16,32.0092,3.0824,5.0659,3.39967e+19,5.00667e+20,sim04112.iv
sim04113,45.1425,3.83338,5.92272,9.27621e+20,3.72178e+19,276.321,3.7009,5.48784,1.31139e+16,7.96676e+16,48.6891,3.0882,5.17974,4.48592e+19,6.77653e+20,sim04113.iv
sim04114,30.8892,3.8919,5.81831,5.22346e+20,1.00971e+19,284.027,3.70773,5.41555,2.59671e+16,7.67359e+16,35.9555,3.11147,5.04011,3.2871e+19,6.19803e+20,sim04114.iv
sim04115,48.8077,3.98486,5.86519,5.7747e+20,1.59003e+19,234.693,3.72631,5.43585,2.65559e+16,4.62444e+16,43.8141,2.85342,5.03138,1.30184e+19,5.3186e+20,sim04115.iv
sim04116,24.9252,3.95915,5.99705,6.02477e+20,1.72818e+19,233.152,3.60876,5.56815,5.59067e+16,3.97177e+16,26.2814,2.86984,5.02201,3.66484e+19,8.2976e+20,sim04116.iv
sim04117,23.8239,3.84228,5.96366,7.6726e+20,1.71105e+19,301.231,3.7684,5.46574,7.85525e+16,8.56559e+16,30.4282,3.16969,5.08055,1.42698e+19,8.78635e+20,sim04117.iv
sim04118,25.2159,3.84124,5.93111,7.53429e+20,1.31768e+19,322.053,3.60406,5.4382,6.63335e+16,7.92467e+16,33.669,2.98088,5.18797,2.21051e+19,7.7415e+20,sim04118.iv
sim04119,39.342,3.98552,5.9529,5.59193e+20,4.06148e+19,297.046,3.7549,5.41959,9.28563e+16,8.14243e+16,45.4303,3.15236,5.01918,4.1924e+19,8.50061e+20,sim04119.iv
sim04120,40.4154,3.87649,5.85275,8.04459e+20,2.1432e+19,338.403,3.72167,5.47177,1.19117e+16,2.44203e+16,28.7248,2.86482,5.10908,3.88488e+19,9.42004e+20,sim04120.iv
sim04121,39.3455,3.91566,5.84794,9.36879e+20,2.26379e+19,308.432,3.74951,5.40895,6.85694e+16,9.38074e+16,40.8096,2.99069,5.08051,1.59956e+19,6.12437e+20,sim04121.iv
sim04122,46.6709,3.87805,5.83247,6.99221e+20,2.75236e+19,257.511,3.60338,5.47346,9.07113e+16,3.47331e+16,30.87,3.08625,5.03116,4.36489e+19,7.72663e+20,sim04122.iv
sim04123,36.0065,3.82554,5.81351,9.24071e+20,1.88481e+19,271.02,3.70152,5.40477,7.33402e+16,5.88371e+16,47.2694,2.85235,5.03365,2.03413e+19,6.52464e+20,sim04123.iv
sim04124,48.2815,3.91355,5.85408,6.07453e+20,3.08837e+19,238.161,3.61607,5.52479,7.01503e+16,1.6675e+16,35.1652,3.02871,5.12706,1.03274e+19,8.97013e+20,sim04124.iv
sim04125,35.8558,3.88251,5.88788,7.26522e+20,4.4042e+19,306.283,3.6572,5.40251,4.38992e+16,2.70675e+16,38.2066,3.05633,5.06453,4.45208e+19,9.91087e+20,sim04125.iv
sim04126,34.0978,3.89449,5.81568,9.39194e+20,1.57316e+19,297.987,3.72906,5.46908,1.89337e+16,6.88977e+16,30.2584,2.86116,5.18279,2.94633e+19,8.50217e+20,sim04126.iv
sim04127,29.0178,3.82963,5.80689,6.72293e+20,1.20074e+19,348.614,3.64666,5.42518,8.39104e+16,8.19245e+16,49.9011,2.89758,5.00963,3.89295e+19,9.03987e+20,sim04127.iv
sim04128,30.5001,3.98718,5.95436,7.04934e+20,3.87912e+19,210.134,3.66791,5.434,3.74743e+16,2.88113e+16,41.4508,3.13162,5.03605,2.66917e+19,7.9932e+20,sim04128.iv
sim04129,24.3335,3.87215,5.83909,7.81045e+20,4.6082e+19,274.798,3.73421,5.54406,9.91589e+16,6.65115e+16,25.5513,2.80416,5.02779,1.4987e+19,7.61503e+20,sim04129.iv
sim04130,33.1779,3.92292,5.81554,9.10171e+20,1.43571e+19,305.688,3.73858,5.51359,2.57363e+16,6.51636e+16,47.7446,3.12207,5.02599,2.32431e+19,8.94931e+20,sim04130.iv
sim04131,25.904,3.94298,5.98367,6.42156e+20,1.37676e+19,274.43,3.66267,5.5018,3.72477e+16,5.53436e+16,24.7347,2.86909,5.07695,1.3587e+19,9.91992e+20,sim04131.iv
sim04132,29.6788,3.83999,5.94066,7.10522e+20,4.83157e+19,217.414,3.69582,5.44691,7.32856e+16,5.91011e+16,27.1428,3.01003,5.15572,4.89908e+19,6.13374e+20,sim04132.iv
sim04133,21.6293,3.91316,5.86168,8.72442e+20,4.07279e+19,236.49,3.68945,5.40474,7.52986e+16,5.92264e+16,49.3717,2.93525,5.13138,3.29092e+19,7.77438e+20,sim04133.iv
sim04134,32.7285,3.87459,5.846,8.45623e+20,3.81485e+19,303.37,3.79558,5.46516,2.45012e+16,1.53234e+16,23.9895,2.906,5.01198,4.77505e+19,6.62583e+20,sim04134.iv
sim04135,47.922,3.87523,5.90801,7.97347e+20,2.59482e+19,260.057,3.73261,5.5802,7.73061e+16,4.96717e+16,43.56,3.05311,5.10226,4.53943e+19,7.52337e+20,sim04135.iv
sim04136,33.1768,3.93342,5.88671,6.43431e+20,3.06017e+19,341.314,3.70036,5.59797,8.3811e+16,5.3675e+16,30.1251,3.05823,5.19094,2.65606e+19,6.06792e+20,sim04136.iv
sim04137,23.9278,3.90338,5.88883,7.571e+20,2.94449e+19,290.388,3.66278,5.49511,4.84659e+16,5.74143e+16,33.4914,3.06004,5.14209,2.60164e+19,8.659e+20,sim04137.iv
sim04138,47.3708,3.9537,5.955,8.66496e+20,2.57424e+19,343.683,3.6384,5.45863,2.86793e+16,5.35919e+16,42.4321,2.90336,5.19213,3.64333e+19,9.68031e+20,sim04138.iv
sim04139,38.1779,3.91745,5.99295,9.72819e+20,3.77507e+19,226.045,3.62363,5.40675,2.32694e+16,5.92566e+16,33.3652,3.07756,5.17843,2.50613e+19,9.34652e+20,sim04139.iv
sim04140,46.8854,3.9356,5.96709,9.62932e+20,2.82724e+19,280.429,3.70324,5.49205,9.53289e+16,1.82345e+16,30.8975,3.16257,5.15487,2.15334e+19,8.31776e+20,sim04140.iv
sim04141,20.0578,3.90654,5.98369,8.09151e+20,4.63638e+19,220.577,3.70674,5.53685,1.29931e+16,8.79751e+16,27.6946,3.14592,5.05594,4.92599e+19,9.43723e+20,sim04141.iv
sim04142,45.6896,3.93749,5.88029,7.2903e+20,3.34855e+19,247.428,3.65127,5.49707,5.75986e+16,8.17681e+16,42.3469,3.05007,5.13085,4.48665e+19,5.29051e+20,sim04142.iv
sim04143,37.1185,3.8121,5.822,7.37827e+20,2.56688e+19,312.751,3.76373,5.55801,6.21739e+16,1.05411e+16,20.7009,2.87607,5.05366,2.84356e+19,6.90028e+20,sim04143.iv
sim04144,24.5348,3.81929,5.80433,5.34563e+20,1.00241e+19,214.519,3.68946,5.53511,4.7679e+16,3.36338e+16,38.4651,3.05293,5.1422,2.1372e+19,9.78202e+20,sim04144.iv
sim04145,25.1609,3.9927,5.92662,6.36144e+20,1.7966e+19,242.436,3.72922,5.5916,8.80994e+16,9.8324e+16,29.662,2.95511,5.1494,2.00116e+19,6.68558e+20,sim04145.iv
sim04146,28.5947,3.88159,5.95439,5.04441e+20,1.10409e+19,210.516,3.72788,5.47331,5.23957e+16,5.19671e+16,26.0941,3.11621,5.03733,3.73709e+19,8.697e+20,sim04146.iv
sim04147,27.6647,3.94184,5.8434,7.62944e+20,3.86792e+19,230.392,3.73543,5.42665,1.64058e+16,4.14257e+16,26.5491,2.85966,5.05169,4.04816e+19,9.30286e+20,sim04147.iv
sim04148,48.1106,3.99024,5.92573,8.46753e+20,2.22078e+19,335.302,3.66971,5.54696,8.06342e+16,9.80102e+16,20.9607,2.90045,5.0943,4.1898e+19,8.62768e+20,sim04148.iv
sim04149,22.2645,3.97142,5.88249,9.27625e+20,4.5352e+19,338.519,3.75715,5.55068,5.59437e+16,6.00658e+16,35.4959,3.00627,5.04214,2.31195e+19,5.8865e+20,sim04149.iv
sim04150,41.531,3.88408,5.84865,8.99636e+20,4.58173e+19,210.65,3.77563,5.40535,7.38826e+16,8.89244e+16,27.0731,3.17741,5.14403,4.93514e+19,5.99775e+20,sim04150.iv
sim04151,23.8487,3.93233,5.90299,9.07392e+20,2.71625e+19,210.279,3.69701,5.53318,3.81001e+16,5.51909e+16,38.1022,3.08724,5.04713,2.0754e+19,8.43389e+20,sim04151.iv
sim04152,30.6304,3.95008,5.85352,8.77449e+20,1.63019e+19,273.327,3.6383,5.50317,7.30148e+16,5.74686e+16,24.8009,3.16854,5.00095,3.92218e+19,8.61298e+20,sim04152.iv
sim04153,46.8817,3.97224,5.83005,9.73061e+20,1.60394e+19,288.934,3.63129,5.47582,8.13367e+16,9.42466e+16,29.6265,2.9744,5.16047,3.38472e+19,9.48765e+20,sim04153.iv
sim04154,29.8621,3.83751,5.90965,7.33362e+20,4.524e+19,222.453,3.60909,5.4348,7.04646e+16,3.92908e+16,22.9232,3.15458,5.15246,4.53757e+19,5.5594e+20,sim04154.iv
sim04155,29.4553,3.92503,5.81578,9.95774e+20,4.97123e+19,282.604,3.79874,5.58738,6.48129e+16,1.76157e+16,23.7939,2.91897,5.16474,3.15862e+19,9.15425e+20,sim04155.iv
sim04156,41.3596,3.963,5.85313,8.50261e+20,1.30984e+19,306.551,3.69744,5.46709,7.26605e+16,1.06068e+16,43.1512,3.01431,5.08612,3.1188e+19,6.35803e+20,sim04156.iv
sim04157,38.5103,3.84572,5.98548,8.89918e+20,4.53532e+19,310.127,3.61618,5.50423,7.33478e+16,6.55424e+16,40.5381,3.01427,5.12661,3.24325e+19,5.39136e+20,sim04157.iv
sim04158,37.5574,3.89319,5.90094,5.37329e+20,4.61581e+19,327.447,3.61001,5.5799,8.59283e+16,7.99201e+16,47.9076,3.06388,5.02451,1.63952e+19,5.35967e+20,sim04158.iv
sim04159,32.5781,3.83275,5.80691,7.5841e+20,2.22805e+19,237.808,3.74022,5.51464,5.96363e+16,4.17702e+16,42.665,2.86095,5.08889,2.54839e+19,8.98196e+20,sim04159.iv
sim04160,25.5903,3.99741,5.83179,7.20017e+20,3.42625e+19,269.155,3.77519,5.52885,7.13176e+16,8.93305e+16,23.8719,2.97882,5.08037,4.00367e+19,9.21141e+20,sim04160.iv
sim04161,33.4973,3.82342,5.95226,8.91604e+20,2.10179e+19,234.009,3.62828,5.42022,3.61421e+16,7.44522e+16,28.5752,3.13506,5.06685,3.82071e+19,6.05819e+20,sim04161.iv
sim04162,23.4302,3.84829,5.92526,8.32096e+20,3.48112e+19,269.103,3.71192,5.58829,1.67302e+16,1.74337e+16,34.8034,3.12077,5.17571,3.92188e+19,6.10441e+20,sim04162.iv
sim04163,42.7664,3.84351,5.80299,5.76221e+20,4.87276e+19,310.009,3.62937,5.4621,8.94746e+16,7.42245e+16,27.3124,3.19081,5.11642,3.19755e+19,7.93276e+20,sim04163.iv
sim04164,41.9857,3.85267,5.80479,8.2528e+20,2.89559e+19,323.594,3.78547,5.52215,6.35629e+16,6.72483e+16,22.3503,2.94521,5.13149,3.10794e+19,8.92338e+20,sim04164.iv
sim04165,23.5521,3.92736,5.96786,8.31667e+20,1.30843e+19,302.826,3.7701,5.4297,6.56839e+16,5.37651e+16,26.7346,2.97675,5.08458,3.28598e+19,8.74127e+20,sim04165.iv
sim04166,22.9054,3.84025,5.92842,5.61506e+20,3.62909e+19,301.978,3.66733,5.59774,5.265e+16,9.65666e+16,25.3622,3.17415,5.11528,4.95913e+19,7.98929e+20,sim04166.iv
sim04167,47.9388,3.8699,5.92657,5.16029e+20,3.33242e+19,262.499,3.7648,5.49936,5.70804e+16,9.84902e+16,46.7154,3.17261,5.03394,4.52085e+19,7.13901e+20,sim04167.iv
sim04168,45.5679,3.90173,5.93335,6.25411e+20,1.77844e+19,288.037,3.62866,5.52495,1.29453e+16,2.79965e+16,28.2556,2.86749,5.02366,4.05481e+19,7.09324e+20,sim04168.iv
sim04169,27.6428,3.86093,5.95875,6.12963e+20,4.04715e+19,312.191,3.61351,5.58121,6.07663e+16,8.54741e+16,29.5456,3.07597,5.12049,2.08014e+19,9.25808e+20,sim04169.iv
sim04170,44.4162,3.93401,5.97363,6.09507e+20,3.84083e+19,250.344,3.78789,5.51294,8.64201e+16,2.6168e+16,29.543,3.10522,5.07175,1.35972e+19,8.28574e+20,sim04170.iv
sim04171,23.3014,3.91113,5.96733,7.91834e+20,3.00231e+19,241.982,3.63258,5.40373,8.20651e+16,1.27355e+16,45.7611,2.95874,5.18205,1.62443e+19,9.0501e+20,sim04171.iv
sim04172,45.9674,3.88357,5.99651,6.05691e+20,1.4461e+19,345.986,3.65128,5.40568,4.53822e+16,9.92158e+16,45.2188,2.83853,5.07197,3.1457e+19,8.98192e+20,sim04172.iv
sim04173,25.7689,3.81818,5.94673,5.10689e+20,3.06212e+19,308.886,3.73339,5.50202,8.03174e+16,6.31086e+16,44.7033,3.03232,5.08649,3.39094e+19,7.12531e+20,sim04173.iv
sim04174,26.2868,3.89428,5.98962,7.93959e+20,3.91348e+19,302.021,3.69228,5.48144,2.7854e+16,1.1392e+16,45.8949,2.91104,5.11837,2.84899e+19,5.54565e+20,sim04174.iv
sim04175,21.0638,3.98832,5.87239,6.57072e+20,1.3399e+19,210.401,3.74477,5.57733,3.2921e+16,5.02556e+16,38.6206,2.86679,5.07406,2.95802e+19,8.22281e+20,sim04175.iv
sim04176,49.4594,3.89938,5.85144,8.26692e+20,1.459e+19,210.785,3.67523,5.41392,5.29576e+16,3.94136e+16,46.8262,2.87133,5.13875,3.52618e+19,9.97572e+20,sim04176.iv
sim04177,37.0682,3.96146,5.87025,5.36104e+20,2.61799e+19,304.152,3.65087,5.42775,1.94361e+16,5.76045e+16,30.0495,3.10556,5.12777,4.75115e+19,9.90087e+20,sim04177.iv
sim04178,20.0181,3.84704,5.84834,9.39571e+20,1.53041e+19,268.455,3.61065,5.49563,1.34573e+16,7.52148e+16,35.5429,3.1992,5.19726,4.13807e+19,6.46352e+20,sim04178.iv
sim04179,23.3675,3.83133,5.938,5.67194e+20,2.13513e+19,222.94,3.61032,5.47784,4.73459e+16,2.72827e+16,47.6066,3.04305,5.05839,4.339e+19,7.76432e+20,sim04179.iv
sim04180,33.3588,3.95029,5.87339,9.01479e+20,1.0172e+19,244.455,3.70608,5.56726,7.69458e+16,9.40688e+16,27.823,3.16902,5.02294,1.79612e+19,7.33481e+20,sim04180.iv
sim04181,26.3255,3.80632,5.92789,7.03828e+20,4.69114e+19,347.728,3.78511,5.50324,3.77312e+16,9.59648e+16,31.2038,2.95155,5.12701,3.53662e+19,5.5229e+20,sim04181.iv
sim04182,25.7475,3.8,5.81979,6.7138e+20,4.79458e+19,321.91,3.64556,5.42324,9.98831e+16,7.48181e+16,35.6996,3.19136,5.19082,1.46343e+19,8.18002e+20,sim04182.iv
sim04183,40.6978,3.97272,5.89973,8.39917e+20,2.41834e+19,266.169,3.71265,5.44282,8.13032e+16,5.47747e+16,45.539,3.11475,5.11242,3.75077e+19,9.24089e+20,sim04183.iv
sim04184,30.1618,3.9458,5.98477,5.15593e+20,2.99731e+19,230.274,3.67709,5.56575,2.79116e+16,1.32327e+16,28.5367,3.1118,5.02151,3.34481e+19,8.71276e+20,sim04184.iv
sim04185,37.1119,3.98697,5.95146,5.44019e+20,4.42279e+19,286.704,3.79354,5.59705,2.47379e+16,3.23598e+16,39.6052,2.82229,5.0802,4.95366e+19,7.62966e+20,sim04185.iv
sim04186,29.9398,3.83714,5.95003,9.65151e+20,4.69773e+19,219.117,3.61515,5.59813,9.57941e+16,2.97501e+16,25.9301,3.03584,5.06344,3.87278e+19,6.02869e+20,sim04186.iv
sim04187,44.1865,3.85648,5.82783,6.71086e+20,1.07913e+19,300.291,3.61356,5.42952,8.14073e+16,5.55035e+16,37.7878,2.91251,5.19445,4.94817e+19,6.82809e+20,sim04187.iv
sim04188,43.6374,3.96044,5.98274,9.30849e+20,2.75771e+19,260.536,3.787,5.48161,5.68134e+16,1.865e+16,28.8217,2.86517,5.01647,2.48307e+19,7.57727e+20,sim04188.iv
sim04189,43.3791,3.92155,5.96489,6.164e+20,4.18027e+19,217.227,3.65544,5.48875,9.61455e+16,1.81651e+16,27.8775,2.86097,5.08506,2.31552e+19,5.46049e+20,sim04189.iv
sim04190,34.4373,3.89711,5.92604,9.20493e+20,4.89336e+19,224.542,3.66768,5.59447,6.10826e+16,4.57214e+16,33.0465,3.13707,5.17275,2.18042e+19,6.54419e+20,sim04190.iv
sim04191,40.9945,3.81351,5.96919,5.03462e+20,2.84414e+19,320.954,3.78285,5.5254,5.77692e+16,7.27532e+16,45.2634,2.80519,5.12125,4.06755e+19,9.62718e+20,sim04191.iv
sim04192,31.9875,3.98035,5.92601,6.66697e+20,4.93366e+19,218.208,3.77395,5.50567,6.26235e+16,8.49102e+16,47.8129,3.15818,5.0933,3.84828e+19,8.7617e+20,sim04192.iv
sim04193,30.3897,3.86069,5.9643,7.67909e+20,1.89229e+19,333.268,3.69894,5.57443,2.4822e+16,9.01883e+16,32.1399,2.91702,5.0738,3.41109e+19,6.50207e+20,sim04193.iv
sim04194,39.3093,3.90081,5.9311,6.68644e+20,2.03727e+19,304.342,3.70586,5.42848,6.87544e+16,3.49193e+16,30.9324,3.14207,5.04046,2.72315e+19,5.42933e+20,sim04194.iv
sim04195,33.5092,3.9842,5.91172,9.34162e+20,3.16828e+19,218.202,3.70089,5.44653,4.89355e+16,3.13493e+16,23.3918,2.88469,5.08027,4.29191e+19,8.84717e+20,sim04195.iv
sim04196,21.1012,3.95538,5.80615,5.37944e+20,4.04692e+19,265.051,3.66429,5.47509,5.71741e+16,6.45896e+16,40.1105,2.83847,5.03289,2.73658e+19,9.3206e+20,sim04196.iv
sim04197,42.8806,3.83734,5.85749,6.89322e+20,4.43962e+19,346.965,3.61527,5.49737,4.26233e+16,3.89569e+16,34.9721,3.08748,5.1181,2.69742e+19,8.61124e+20,sim04197.iv
sim04198,32.3446,3.93034,5.83359,6.69779e+20,3.27463e+19,338.506,3.60385,5.54537,5.3553e+16,7.70259e+16,23.4452,3.03669,5.08435,2.24615e+19,5.16243e+20,sim04198.iv
sim04199,35.7629,3.86838,5.9844,8.75542e+20,1.34812e+19,253.398,3.65195,5.53681,6.17647e+16,4.23089e+16,26.6538,2.97619,5.05018,1.75794e+19,9.07846e+20,sim04199.iv
sim04200,49.0508,3.951,5.81249,9.69251e+20,2.81444e+19,247.167,3.75436,5.40075,1.27358e+16,7.82746e+16,24.8141,2.98892,5.10496,4.9749e+19,6.64729e+20,sim04200.iv
sim04201,29.1154,3.89474,5.89679,7.74181e+20,4.51314e+19,309.264,3.77238,5.47731,7.9392e+16,9.64996e+16,22.3631,2.97405,5.11927,3.34288e+19,7.56542e+20,sim04201.iv
sim04202,44.6723,3.84209,5.99312,9.04353e+20,2.17208e+19,214.565,3.74419,5.40529,5.37972e+16,6.23846e+16,49.3611,2.92559,5.14367,4.81745e+19,7.31453e+20,sim04202.iv
sim04203,23.6222,3.82462,5.87791,6.62267e+20,2.26599e+19,277.838,3.70747,5.45309,4.96181e+16,6.86492e+16,36.709,3.10204,5.05482,2.50706e+19,7.76724e+20,sim04203.iv
sim04204,47.239,3.9224,5.85757,5.18439e+20,3.05868e+19,343.077,3.73341,5.48489,1.69145e+16,2.04764e+16,42.309,2.92635,5.05856,1.92338e+19,9.48619e+20,sim04204.iv
sim04205,29.1626,3.83538,5.87345,8.55234e+20,2.65706e+19,317.115,3.7364,5.47112,8.87636e+16,1.66498e+16,42.055,3.00313,5.06411,2.63472e+19,7.93892e+20,sim04205.iv
sim04206,28.2034,3.92139,5.90601,8.84394e+20,1.71753e+19,259.92,3.70215,5.5455,4.02417e+16,3.75078e+16,46.7908,2.84358,5.14545,4.21731e+19,6.30691e+20,sim04206.iv
sim04207,33.1134,3.90397,5.95412,9.37015e+20,2.5707e+19,258.772,3.67025,5.4391,1.50061e+16,9.00161e+16,29.3583,2.80445,5.02903,4.76973e+19,5.30542e+20,sim04207.iv
sim04208,40.7609,3.95618,5.94964,6.6671e+20,3.55838e+19,249.446,3.68331,5.5662,6.45943e+16,5.21697e+16,40.6094,3.0961,5.18602,4.07362e+19,7.39357e+20,sim04208.iv
sim04209,26.5411,3.89409,5.88798,7.99546e+20,3.50179e+19,240.363,3.76123,5.48266,8.08528e+16,1.14077e+16,43.0941,3.01972,5.08464,1.57049e+19,9.4334e+20,sim04209.iv
sim04210,21.5929,3.82274,5.9692,8.44313e+20,4.37577e+19,346.061,3.66803,5.56181,1.34549e+16,9.20529e+16,39.1079,3.16132,5.1128,3.52423e+19,9.64974e+20,sim04210.iv
sim04211,29.0699,3.86889,5.97034,9.82508e+20,3.67099e+19,270.21,3.62222,5.52147,8.41785e+16,1.98892e+16,28.7178,2.8407,5.06778,3.30883e+19,5.65007e+20,sim04211.iv
sim04212,34.2058,3.80272,5.96482,8.37867e+20,3.59613e+19,328.686,3.62777,5.59354,1.42213e+16,5.0107e+16,20.0567,3.16833,5.09548,2.09384e+19,7.21968e+20,sim04212.iv
sim04213,48.5354,3.84605,5.86904,5.052e+20,1.87768e+19,333.801,3.69587,5.41975,8.48378e+16,8.61891e+16,49.345,2.82446,5.088,4.54067e+19,5.59444e+20,sim04213.iv
sim04214,30.8746,3.9811,5.81843,8.62779e+20,4.79837e+19,294.282,3.77583,5.55989,8.25804e+16,6.66632e+16,22.1058,2.95982,5.16668,1.81401e+19,6.50252e+20,sim04214.iv
sim04215,35.3867,3.88451,5.96349,9.86716e+20,1.42692e+19,212.545,3.75487,5.41492,3.15887e+16,4.14421e+16,28.9567,3.05949,5.05539,3.42916e+19,8.47907e+20,sim04215.iv
sim04216,20.6517,3.87347,5.81026,8.82811e+20,1.23406e+19,330.6,3.76951,5.50335,9.48535e+16,4.29876e+16,29.0769,2.84563,5.14551,2.70121e+19,9.89312e+20,sim04216.iv
sim04217,46.1078,3.90253,5.89031,6.17716e+20,1.61023e+19,243.853,3.71013,5.42838,8.95698e+16,9.70943e+16,27.9931,3.05778,5.08205,3.09335e+19,8.85197e+20,sim04217.iv
sim04218,38.2745,3.93306,5.82904,6.19686e+20,4.4589e+19,345.727,3.71101,5.44151,5.6015e+16,5.27497e+16,39.8959,2.93109,5.17611,4.91332e+19,9.55563e+20,sim04218.iv
sim04219,49.661,3.82756,5.85035,8.82525e+20,2.86559e+19,344.506,3.62977,5.4615,6.8135e+16,4.68796e+16,30.8609,3.02062,5.16097,2.73199e+19,5.17187e+20,sim04219.iv
sim04220,43.4584,3.94434,5.90113,8.0158e+20,2.47336e+19,224.813,3.75945,5.47863,9.86836e+16,9.79537e+16,29.583,2.87799,5.15187,4.05815e+19,5.15828e+20,sim04220.iv
sim04221,36.1161,3.85676,5.81,7.15153e+20,1.53252e+19,249.647,3.71328,5.4496,4.26761e+16,7.38112e+16,44.2073,2.98389,5.11795,2.3213e+19,9.42537e+20,sim04221.iv
sim04222,22.4386,3.81949,5.80756,5.50992e+20,3.51495e+19,349.764,3.72031,5.45097,8.36309e+16,4.19107e+16,37.8193,2.97612,5.1022,1.42242e+19,9.65204e+20,sim04222.iv
sim04223,29.1612,3.9202,5.80147,7.29999e+20,4.06722e+19,295.735,3.6637,5.53012,8.15953e+16,2.42316e+16,21.9756,2.98465,5.08748,1.18709e+19,8.39937e+20,sim04223.iv
sim04224,37.443,3.86254,5.85544,6.44371e+20,1.4541e+19,339.976,3.61203,5.40868,8.04171e+16,5.13455e+16,44.3373,3.00387,5.17976,2.39624e+19,7.92716e+20,sim04224.iv
sim04225,26.5985,3.88967,5.82655,7.49187e+20,2.83921e+19,213.705,3.61813,5.51268,7.45012e+16,6.9536e+16,41.6021,2.99138,5.06809,3.74836e+19,6.35336e+20,sim04225.iv
sim04226,38.8743,3.81825,5.90755,8.5953e+20,2.26588e+19,338.577,3.61459,5.45313,7.0871e+16,8.43469e+16,23.402,2.8396,5.09306,2.38149e+19,7.74888e+20,sim04226.iv
sim04227,45.28,3.85776,5.80204,8.35442e+20,3.25092e+19,282.187,3.75684,5.57,2.29954e+16,8.48869e+16,36.2264,3.14843,5.11355,4.57715e+19,9.16202e+20,sim04227.iv
sim04228,29.7757,3.92866,5.91361,7.67544e+20,1.43915e+19,213.314,3.66848,5.49957,5.97242e+16,5.6607e+16,24.3714,3.12697,5.14399,4.45343e+19,9.41591e+20,sim04228.iv
sim04229,44.9679,3.93286,5.88802,8.17579e+20,1.99018e+19,339.083,3.72653,5.51975,6.22452e+16,7.15272e+16,40.5662,2.81773,5.08483,4.90153e+19,8.79167e+20,sim04229.iv
sim04230,25.7439,3.88556,5.89235,9.89148e+20,4.80698e+19,220.788,3.65303,5.41461,2.74887e+16,5.04289e+16,38.0133,3.12484,5.01741,2.12455e+19,8.04958e+20,sim04230.iv
sim04231,33.7853,3.86164,5.83556,8.54248e+20,1.93932e+19,305.831,3.78334,5.44316,7.49665e+16,8.20763e+16,38.9907,2.93021,5.04798,4.14857e+19,6.62956e+20,sim04231.iv
sim04232,44.1804,3.96814,5.97403,9.08372e+20,4.60135e+19,340.182,3.69873,5.45826,2.70195e+16,4.51983e+16,27.5965,3.13684,5.16827,2.77097e+19,9.04351e+20,sim04232.iv
sim04233,39.2288,3.9149,5.9622,9.02582e+20,4.19841e+19,286.374,3.66414,5.48063,7.12906e+16,9.19218e+16,41.6801,3.11643,5.05839,2.75302e+19,8.73436e+20,sim04233.iv
sim04234,46.1247,3.90244,5.80365,9.4285e+20,1.38886e+19,284.156,3.69585,5.59242,2.12288e+16,6.9775e+16,29.3301,2.97361,5.08329,2.39411e+19,9.40066e+20,sim04234.iv
sim04235,41.642,3.97979,5.96182,7.08363e+20,1.24652e+19,251.836,3.66914,5.42038,2.38743e+16,1.20699e+16,33.1589,2.86787,5.05429,2.92283e+19,5.82032e+20,sim04235.iv
sim04236,21.9636,3.95316,5.97708,6.68815e+20,2.8503e+19,250.35,3.69239,5.41779,5.13543e+16,5.15245e+16,29.2118,3.14721,5.08402,1.59335e+19,8.75277e+20,sim04236.iv
sim04237,24.3912,3.81707,5.87377,8.98653e+20,4.80529e+19,302.119,3.77901,5.51373,2.71299e+16,6.08574e+16,42.0916,2.82996,5.08395,1.33694e+19,6.9834e+20,sim04237.iv
sim04238,36.8808,3.94353,5.87108,5.6116e+20,2.98017e+19,228.097,3.61935,5.54649,6.47782e+16,5.77579e+16,25.0305,3.16814,5.17208,4.37124e+19,5.32636e+20,sim04238.iv
sim04239,22.1676,3.89427,5.85766,6.68056e+20,3.83858e+19,340.953,3.72064,5.40575,1.36126e+16,3.08384e+16,20.2708,2.85542,5.01063,2.11027e+19,5.22828e+20,sim04239.iv
sim04240,47.3394,3.90463,5.97236,8.39259e+20,2.84154e+19,275.184,3.74412,5.46417,5.77915e+16,2.05679e+16,43.5463,2.93131,5.03573,3.96332e+19,5.46615e+20,sim04240.iv
sim04241,48.5595,3.93789,5.94809,5.40986e+20,3.25482e+19,214.195,3.66543,5.54482,2.94118e+16,7.27436e+16,36.5137,3.16423,5.09937,2.20475e+19,9.37457e+20,sim04241.iv
sim04242,34.3389,3.85761,5.88313,7.21463e+20,1.88925e+19,321.643,3.76409,5.48902,1.15275e+16,1.92617e+16,35.272,2.90434,5.06616,3.12222e+19,8.31396e+20,sim04242.iv
sim04243,25.6145,3.93741,5.82182,7.82387e+20,3.67994e+19,250.885,3.76727,5.55764,8.93645e+16,4.07595e+16,47.997,2.99367,5.06223,3.49218e+19,9.41826e+20,sim04243.iv
sim04244,46.6714,3.84856,5.8305,7.23896e+20,4.7543e+19,345.12,3.65516,5.41348,7.38426e+16,3.08604e+16,26.3324,3.09426,5.04021,4.13437e+19,9.63037e+20,sim04244.iv
sim04245,24.6072,3.90944,5.94002,7.67538e+20,4.63896e+19,219.487,3.79894,5.51212,2.92046e+16,6.69599e+16,39.9361,2.80204,5.16739,1.28465e+19,6.07418e+20,sim04245.iv
sim04246,37.8802,3.95491,5.92781,8.10335e+20,2.97168e+19,281.892,3.68604,5.45555,4.26508e+16,8.90337e+16,31.4877,3.10436,5.12251,1.89602e+19,5.76954e+20,sim04246.iv
sim04247,23.6889,3.89909,5.84072,6.29812e+20,4.35099e+19,278.408,3.66654,5.43709,4.93358e+16,3.37144e+16,21.1716,3.14696,5.11373,4.3229e+19,8.70402e+20,sim04247.iv
sim04248,20.4404,3.93068,5.82806,5.36449e+20,1.11688e+19,328.246,3.71413,5.55455,6.7453e+16,2.24795e+16,38.2396,2.84476,5.01051,2.3614e+19,5.49934e+20,sim04248.iv
sim04249,41.1674,3.92109,5.93654,9.53747e+20,2.453e+19,288.207,3.67481,5.42806,8.57285e+16,6.15173e+16,38.6992,2.90325,5.16561,3.03779e+19,5.34712e+20,sim04249.iv
sim04250,29.6176,3.89086,5.8668,5.573e+20,2.29793e+19,210.409,3.64233,5.52777,5.85937e+16,4.37821e+16,48.7955,2.81836,5.12803,3.48531e+19,7.60394e+20,sim04250.iv
sim04251,27.9113,3.90082,5.89405,5.7295e+20,1.94645e+19,271.229,3.67441,5.426,3.14538e+16,6.32614e+16,41.1157,3.10061,5.10792,1.22011e+19,6.15536e+20,sim04251.iv
sim04252,41.8436,3.85769,5.93403,8.23781e+20,3.06361e+19,253.177,3.61597,5.54588,3.22543e+16,3.54762e+16,23.6746,3.09111,5.19194,2.9279e+19,6.80931e+20,sim04252.iv
sim04253,35.493,3.87827,5.86172,9.85787e+20,4.74e+19,297.591,3.6039,5.47427,2.79043e+16,6.24937e+16,31.9844,2.96663,5.18459,4.61599e+19,6.3565e+20,sim04253.iv
sim04254,38.7025,3.9732,5.99199,8.71989e+20,1.39711e+19,305.212,3.69828,5.45777,9.02399e+16,6.74718e+16,47.391,2.82688,5.15681,3.34589e+19,6.50709e+20,sim04254.iv
sim04255,46.3006,3.95943,5.91367,9.85928e+20,4.19256e+19,275.429,3.61092,5.52175,4.90089e+16,6.21354e+16,21.4163,3.12945,5.16103,4.01958e+19,8.90035e+20,sim04255.iv
sim04256,25.4468,3.90238,5.95154,8.11602e+20,3.07013e+19,259.708,3.73247,5.40785,1.25363e+16,4.92477e+16,36.4514,2.92971,5.13644,4.71683e+19,5.63952e+20,sim04256.iv
sim04257,34.2312,3.98853,5.991,7.45344e+20,4.08195e+19,236.902,3.76097,5.59511,3.98663e+16,3.11384e+16,23.5338,2.97891,5.06528,2.99549e+19,7.58969e+20,sim04257.iv
sim04258,45.8899,3.97652,5.88758,8.7944e+20,3.23353e+19,311.668,3.74009,5.56557,2.47017e+16,8.16295e+16,26.746,3.07509,5.19194,3.33886e+19,9.4278e+20,sim04258.iv
sim04259,44.3231,3.94024,5.81494,5.12063e+20,4.626e+19,307.619,3.70949,5.40056,2.118e+16,7.20826e+16,27.0397,2.9426,5.16586,2.29807e+19,7.58811e+20,sim04259.iv
sim04260,22.1176,3.89917,5.94331,6.14479e+20,3.31867e+19,292.288,3.76312,5.47223,9.0505e+16,5.23239e+16,20.9773,2.83084,5.18219,1.31e+19,8.96889e+20,sim04260.iv
sim04261,49.5939,3.96733,5.88113,6.16364e+20,1.64379e+19,261.45,3.69807,5.49499,6.56994e+16,8.12573e+16,24.9835,2.93254,5.14857,4.56633e+19,9.19524e+20,sim04261.iv
sim04262,49.0694,3.95958,5.99443,9.67835e+20,3.62016e+19,308.805,3.66171,5.57972,7.29429e+16,9.06689e+16,26.3457,2.94752,5.01691,4.7294e+19,9.05382e+20,sim04262.iv
sim04263,42.8789,3.8875,5.80216,9.84855e+20,2.53655e+19,244.69,3.77081,5.44116,2.54234e+16,5.24243e+16,33.7561,3.15404,5.19924,2.03706e+19,6.00307e+20,sim04263.iv
sim04264,34.0428,3.88835,5.96457,5.48416e+20,1.6419e+19,238.605,3.61651,5.41295,5.63532e+16,9.00992e+16,44.6753,2.87713,5.02879,3.44815e+19,6.64676e+20,sim04264.iv
sim04265,35.1662,3.94336,5.97974,5.93395e+20,1.27957e+19,241.862,3.71078,5.41798,3.94891e+16,3.74795e+16,23.2956,3.19196,5.17088,3.37128e+19,9.42144e+20,sim04265.iv
sim04266,28.5615,3.96894,5.93573,6.16609e+20,3.69649e+19,281.611,3.69946,5.58594,4.50213e+16,9.26269e+16,44.8532,2.96903,5.1551,1.45913e+19,7.50565e+20,sim04266.iv
sim04267,21.8762,3.83928,5.8715,5.45986e+20,4.56594e+19,332.587,3.60086,5.41996,9.45862e+16,1.02676e+16,48.6939,3.02913,5.11088,1.14034e+19,6.81385e+20,sim04267.iv
sim04268,45.0984,3.8647,5.98108,7.57485e+20,4.35346e+19,319.608,3.6927,5.56697,8.76607e+16,9.65483e+16,22.2705,3.12349,5.13322,3.80145e+19,9.63456e+20,sim04268.iv
sim04269,21.1705,3.95105,5.87506,8.01657e+20,1.9429e+19,250.751,3.7233,5.4737,3.68077e+16,1.32269e+16,24.5884,3.04346,5.08118,1.11774e+19,6.75326e+20,sim04269.iv
sim04270,30.9589,3.84593,5.8333,5.04763e+20,3.51686e+19,317.48,3.64646,5.46504,9.09743e+16,9.69741e+16,36.9992,2.9597,5.19729,1.23305e+19,6.47743e+20,sim04270.iv
sim04271,35.7608,3.84933,5.98464,7.62923e+20,4.56069e+19,256.276,3.63309,5.5832,5.30575e+16,8.13771e+16,29.4627,2.84375,5.12671,2.05305e+19,9.58353e+20,sim04271.iv
sim04272,28.8184,3.85728,5.95079,6.88681e+20,1.57178e+19,243.485,3.73266,5.42473,7.26745e+16,9.5312e+16,24.0983,2.9113,5.06813,3.34781e+19,8.23845e+20,sim04272.iv
sim04273,48.9269,3.99672,5.86401,6.03415e+20,1.9976e+19,295.448,3.65369,5.5631,5.16506e+16,1.09866e+16,43.5983,2.96903,5.19857,4.04936e+19,7.79858e+20,sim04273.iv
sim04274,23.6507,3.90425,5.92274,9.27488e+20,4.24532e+19,341.053,3.7419,5.49594,4.70339e+16,5.28876e+16,29.0695,2.85627,5.05125,3.77176e+19,5.39552e+20,sim04274.iv
sim04275,31.7363,3.83526,5.93773,6.6738e+20,3.096e+19,327.03,3.70563,5.45971,6.37177e+16,9.77272e+16,37.0643,2.93788,5.15404,3.478e+19,9.83623e+20,sim04275.iv
sim04276,24.7257,3.99759,5.93968,8.06906e+20,4.04328e+19,231.14,3.65125,5.42378,5.43146e+16,5.61641e+16,47.0678,2.97698,5.14383,2.6158e+19,8.98935e+20,sim04276.iv
sim04277,23.4957,3.82076,5.86446,9.97802e+20,3.13618e+19,301.205,3.61962,5.47795,9.37921e+16,6.12808e+16,21.7164,3.14005,5.02128,3.47439e+19,5.7587e+20,sim04277.iv
sim04278,46.1688,3.99465,5.85178,9.23873e+20,4.62456e+19,316.302,3.75527,5.54028,1.62849e+16,4.20102e+16,29.2146,2.88348,5.09199,2.04243e+19,7.6294e+20,sim04278.iv
sim04279,34.4189,3.8016,5.82624,7.9348e+20,4.91685e+19,290.643,3.786,5.59841,7.15998e+16,6.30626e+16,37.3902,2.88059,5.03325,2.19395e+19,6.65341e+20,sim04279.iv
sim04280,28.33,3.83847,5.95077,6.86471e+20,3.3273e+19,265.694,3.68788,5.48518,6.18056e+16,3.08459e+16,49.4972,3.04043,5.13897,2.38332e+19,9.30171e+20,sim04280.iv
sim04281,31.0121,3.96673,5.84538,9.18127e+20,4.80393e+19,238.409,3.60668,5.56473,6.25266e+16,3.20151e+16,36.0655,3.1936,5.18837,2.22998e+19,8.44418e+20,sim04281.iv
sim04282,35.3176,3.8573,5.82861,5.6352e+20,1.09681e+19,299.402,3.65417,5.51709,7.80547e+16,1.04351e+16,33.2996,2.9087,5.12273,1.57363e+19,7.85231e+20,sim04282.iv
sim04283,37.5827,3.9279,5.82022,9.89611e+20,2.7459e+19,274.239,3.74361,5.58487,7.15842e+16,7.00035e+16,40.8403,3.07153,5.10808,3.06092e+19,7.38147e+20,sim04283.iv
sim04284,42.8785,3.89348,5.8275,7.44349e+20,3.54679e+19,289.093,3.72354,5.47638,2.5735e+16,7.4869e+16,21.1279,2.90188,5.18647,2.47281e+19,6.67018e+20,sim04284.iv
sim04285,23.7423,3.85015,5.86791,6.3981e+20,1.99611e+19,340.216,3.7121,5.40989,9.37998e+16,8.28164e+16,23.0114,2.8941,5.03847,3.76178e+19,8.00704e+20,sim04285.iv
sim04286,42.9837,3.90151,5.86045,6.21295e+20,3.65503e+19,262.338,3.68013,5.44207,8.07911e+16,6.48033e+16,26.6386,2.96676,5.14111,3.76444e+19,7.25112e+20,sim04286.iv
sim04287,39.6459,3.92442,5.8171,7.9164e+20,1.19663e+19,321.858,3.76541,5.41047,3.97892e+16,8.04144e+16,39.8982,2.95437,5.05228,2.18044e+19,5.61044e+20,sim04287.iv
sim04288,49.9344,3.93539,5.90987,9.9248e+20,2.4835e+19,331.889,3.77824,5.42423,9.91812e+16,7.74491e+16,30.3357,2.96127,5.01418,4.13661e+19,6.52414e+20,sim04288.iv
sim04289,30.2589,3.90336,5.90114,6.03286e+20,1.04565e+19,309.917,3.68749,5.54371,4.49032e+16,4.34794e+16,47.196,2.90746,5.07657,2.41505e+19,5.97506e+20,sim04289.iv
sim04290,26.0781,3.98924,5.81918,8.55422e+20,1.45538e+19,232.103,3.74654,5.52592,4.18221e+16,3.20454e+16,32.5405,3.14911,5.14512,4.59032e+19,6.43851e+20,sim04290.iv
sim04291,33.9629,3.93347,5.97416,8.04568e+20,1.19526e+19,272.452,3.77209,5.55771,9.6062e+16,7.7275e+16,24.84,2.88061,5.06912,1.46051e+19,8.46666e+20,sim04291.iv
sim04292,30.7513,3.83925,5.84717,9.7041e+20,4.07824e+19,254.98,3.75648,5.58405,7.92444e+16,4.51082e+16,25.3262,3.11523,5.01108,2.14985e+19,5.3887e+20,sim04292.iv
sim04293,27.3952,3.86295,5.87286,5.71263e+20,3.45394e+19,344.748,3.62306,5.5422,2.62533e+16,6.78662e+16,24.9238,3.15515,5.00473,1.87089e+19,8.27457e+20,sim04293.iv
sim04294,40.2281,3.89154,5.84903,8.10984e+20,4.96635e+19,299.549,3.63564,5.58326,7.42702e+16,6.39683e+16,25.3118,2.91879,5.09551,3.3828e+19,6.75808e+20,sim04294.iv
sim04295,39.4419,3.83295,5.96406,5.85658e+20,4.82434e+19,311.447,3.75402,5.46567,3.80325e+16,8.32902e+16,45.0278,3.0342,5.07694,3.23732e+19,8.52001e+20,sim04295.iv
sim04296,43.6569,3.89013,5.9588,8.21259e+20,4.37481e+19,322.286,3.68242,5.5538,6.44415e+16,6.97001e+16,26.827,3.10946,5.02312,1.77891e+19,6.7528e+20,sim04296.iv
sim04297,42.8375,3.88308,5.92365,9.58758e+20,3.84914e+19,326.447,3.62667,5.41215,3.17764e+16,9.0747e+16,41.8976,2.95235,5.18212,3.62155e+19,9.00043e+20,sim04297.iv
sim04298,22.6366,3.96634,5.89794,5.42364e+20,1.15559e+19,289.301,3.7174,5.43623,3.76176e+16,4.54936e+16,20.3234,3.18811,5.16592,2.00112e+19,9.22213e+20,sim04298.iv
sim04299,38.2803,3.83578,5.95795,5.48136e+20,2.69552e+19,315.618,3.77949,5.45743,6.4301e+16,8.57857e+16,45.9683,2.80135,5.01894,1.7565e+19,5.06359e+20,sim04299.iv
sim04300,46.8181,3.81328,5.98305,6.52968e+20,1.29777e+19,262.91,3.74563,5.42697,9.58666e+16,2.5916e+16,46.958,2.80574,5.14723,2.94485e+19,8.83798e+20,sim04300.iv
sim04301,39.71,3.83908,5.80988,7.02175e+20,3.31751e+19,328.985,3.64724,5.46026,4.05965e+16,7.51788e+16,23.7726,3.00869,5.11809,3.08662e+19,7.72177e+20,sim04301.iv
sim04302,33.0187,3.99722,5.89013,9.18438e+20,3.21729e+19,295.586,3.76253,5.59634,2.27267e+16,6.231e+16,25.4702,2.81913,5.17966,4.97452e+19,8.45115e+20,sim04302.iv
sim04303,32.1705,3.95124,5.99745,9.57249e+20,4.45092e+19,282.003,3.64308,5.42673,1.64211e+16,4.06952e+16,21.203,3.07031,5.16504,4.18781e+19,5.42461e+20,sim04303.iv
sim04304,26.0017,3.99369,5.99947,9.85973e+20,4.69313e+19,230.348,3.75792,5.44249,3.31617e+16,5.41917e+16,44.0893,2.97726,5.04504,4.6382e+19,6.42939e+20,sim04304.iv
sim04305,43.1897,3.95304,5.81814,7.2277e+20,1.52703e+19,311.307,3.74849,5.46031,7.13446e+16,4.74136e+16,36.8256,3.0742,5.16784,2.97259e+19,8.5104e+20,sim04305.iv
sim04306,28.326,3.89338,5.81746,7.41188e+20,2.48803e+19,338.957,3.65245,5.59895,2.89465e+16,6.38915e+16,29.819,3.1601,5.09651,2.05346e+19,5.84555e+20,sim04306.iv
sim04307,42.4151,3.97857,5.95335,7.59366e+20,4.68265e+19,281.645,3.64427,5.44667,6.77142e+16,8.32908e+16,40.9587,2.84918,5.09241,1.25782e+19,9.60171e+20,sim04307.iv
sim04308,23.0968,3.98236,5.87157,7.92365e+20,3.81933e+19,326.731,3.74267,5.50082,3.35492e+16,2.80768e+16,40.422,2.95992,5.14452,4.1212e+19,6.25241e+20,sim04308.iv
sim04309,20.7425,3.89996,5.86486,5.5157e+20,2.72364e+19,264.597,3.64508,5.46566,1.41074e+16,9.66472e+16,41.5287,2.87314,5.11305,3.63124e+19,7.65152e+20,sim04309.iv
sim04310,38.1557,3.97385,5.97811,5.13729e+20,3.06e+19,274.088,3.60825,5.58143,9.92622e+16,7.38838e+16,28.1813,2.82637,5.05652,3.42441e+19,6.43296e+20,sim04310.iv
sim04311,42.2933,3.99628,5.84265,9.96573e+20,2.99904e+19,268.429,3.63945,5.41441,7.70253e+16,7.04365e+16,42.9979,2.88668,5.14957,3.51439e+19,6.98672e+20,sim04311.iv
sim04312,25.1902,3.93296,5.98196,9.00704e+20,4.94049e+19,231.144,3.7296,5.47124,4.09703e+16,4.01807e+16,39.8589,3.11372,5.11046,3.79823e+19,6.76214e+20,sim04312.iv
sim04313,34.9768,3.83223,5.81061,7.27409e+20,4.90501e+19,339.199,3.77944,5.4729,7.7487e+16,9.42861e+16,21.8189,2.97841,5.07441,4.37081e+19,7.89005e+20,sim04313.iv
sim04314,49.9457,3.8113,5.86258,7.76614e+20,1.87794e+19,345.564,3.73875,5.5214,2.22957e+16,8.11995e+16,49.1235,3.12076,5.11312,3.73712e+19,7.6641e+20,sim04314.iv
sim04315,21.1127,3.97425,5.84676,6.56756e+20,4.66182e+19,314.701,3.71007,5.45084,8.41148e+16,5.8096e+16,36.3814,2.87593,5.08784,2.42744e+19,6.46807e+20,sim04315.iv
sim04316,34.2054,3.96817,5.86325,6.22968e+20,4.52881e+19,318.196,3.71309,5.53601,1.76198e+16,7.64357e+16,46.7344,2.98923,5.16837,3.27742e+19,5.18035e+20,sim04316.iv
sim04317,20.3877,3.82534,5.99281,9.78425e+20,1.1666e+19,261.689,3.78934,5.51061,8.1285e+16,2.83801e+16,23.0836,2.93214,5.13849,4.71963e+19,8.9009e+20,sim04317.iv
sim04318,32.2817,3.87455,5.97408,7.587e+20,2.82718e+19,249.984,3.73796,5.43041,4.4913e+16,7.77196e+16,40.2512,2.85331,5.07158,2.57717e+19,6.1681e+20,sim04318.iv
sim04319,26.0085,3.9018,5.86703,8.03493e+20,3.564e+19,343.737,3.71812,5.56422,9.19598e+16,4.82905e+16,25.2342,2.91186,5.13688,2.2871e+19,5.65451e+20,sim04319.iv
sim04320,24.1827,3.86686,5.82894,9.58969e+20,1.02655e+19,242.517,3.78578,5.56135,9.32447e+16,8.89546e+16,32.6012,2.83726,5.16635,2.49582e+19,5.57542e+20,sim04320.iv
sim04321,43.2015,3.80505,5.84355,8.28071e+20,1.96046e+19,219.281,3.7365,5.46067,9.25295e+16,1.56916e+16,30.4813,3.15924,5.01593,4.50463e+19,9.18306e+20,sim04321.iv
sim04322,23.9666,3.91177,5.8238,9.63596e+20,4.94396e+19,258.593,3.79216,5.45487,6.42413e+16,3.17135e+16,20.6344,2.94024,5.08822,1.77336e+19,7.58355e+20,sim04322.iv
sim04323,47.9178,3.96285,5.88253,7.09786e+20,4.47086e+19,289.889,3.68361,5.45531,9.44577e+16,5.39159e+16,29.7831,3.1597,5.13601,4.53992e+19,6.50089e+20,sim04323.iv
sim04324,49.321,3.97441,5.92723,9.87609e+20,2.7581e+19,280.299,3.71929,5.55615,7.31549e+16,9.25736e+16,34.1046,3.02733,5.08307,4.15754e+19,8.59059e+20,sim04324.iv
sim04325,48.6457,3.9936,5.91193,5.19148e+20,3.34622e+19,300.793,3.61346,5.43615,8.80615e+16,4.88691e+16,47.7022,2.92912,5.19612,3.696e+19,8.74456e+20,sim04325.iv
sim04326,37.9898,3.90876,5.94538,6.00083e+20,2.94933e+19,343.011,3.77891,5.58628,8.20957e+16,8.06152e+16,47.7771,3.10593,5.01814,3.30398e+19,5.19167e+20,sim04326.iv
sim04327,25.331,3.93568,5.98441,5.0719e+20,4.02535e+19,273.989,3.76456,5.52672,6.28771e+16,4.8345e+16,30.4488,3.00111,5.13452,2.51515e+19,7.43987e+20,sim04327.iv
sim04328,37.8794,3.8006,5.84278,5.92189e+20,4.49348e+19,335.939,3.63595,5.53961,4.74915e+16,5.93378e+16,32.3079,2.98742,5.13799,2.1595e+19,5.10544e+20,sim04328.iv
sim04329,35.077,3.81962,5.99142,6.71048e+20,1.08375e+19,277.261,3.66432,5.53723,7.35235e+16,7.28533e+16,31.7554,3.14317,5.00947,2.88117e+19,9.73747e+20,sim04329.iv
sim04330,32.5469,3.99646,5.94226,7.04576e+20,3.73023e+19,342.553,3.76984,5.43904,8.3427e+16,3.04481e+16,22.996,2.96135,5.11846,2.24933e+19,9.23557e+20,sim04330.iv
sim04331,29.7802,3.82406,5.89974,8.16817e+20,2.10405e+19,335.276,3.61229,5.5192,8.57733e+16,8.29501e+16,39.5363,2.81681,5.01617,2.92722e+19,9.72525e+20,sim04331.iv
sim04332,22.349,3.97053,5.9626,9.76932e+20,1.60575e+19,224.669,3.67585,5.50368,8.72176e+16,9.28511e+16,29.6049,3.12938,5.1675,2.64916e+19,7.28883e+20,sim04332.iv
sim04333,46.4518,3.97539,5.99222,8.06046e+20,2.94716e+19,325.752,3.61614,5.57447,2.94926e+16,5.22615e+16,40.5886,2.81114,5.07812,2.1715e+19,5.34153e+20,sim04333.iv
sim04334,25.0457,3.83191,5.95026,7.0226e+20,1.18482e+19,241.178,3.74467,5.44463,4.94028e+16,6.9208e+16,48.8332,2.82415,5.04433,1.88845e+19,9.41792e+20,sim04334.iv
sim04335,36.5335,3.95018,5.89185,7.36488e+20,4.89499e+19,233.086,3.67946,5.59739,3.34499e+16,1.99876e+16,28.89,3.13435,5.19911,3.4925e+19,9.94806e+20,sim04335.iv
sim04336,25.3414,3.92583,5.91851,5.65748e+20,3.46358e+19,285.095,3.75126,5.5661,3.01659e+16,1.99011e+16,47.731,3.09626,5.07247,3.14668e+19,9.11198e+20,sim04336.iv
sim04337,24.8802,3.80026,5.90928,5.46589e+20,4.84871e+19,238.524,3.74724,5.54222,2.49662e+16,1.22895e+16,26.9069,3.01639,5.02527,4.76029e+19,8.91369e+20,sim04337.iv
sim04338,26.7271,3.82261,5.81351,9.09832e+20,4.52848e+19,283.644,3.71292,5.48444,8.18669e+16,8.86285e+16,29.4206,3.16021,5.04834,1.88165e+19,9.25651e+20,sim04338.iv
sim04339,35.6095,3.81047,5.82038,6.44077e+20,1.71345e+19,349.487,3.74347,5.48773,8.26212e+16,3.6466e+16,20.8714,2.94604,5.0716,1.56056e+19,8.15242e+20,sim04339.iv
sim04340,31.5978,3.85969,5.92088,8.61333e+20,4.96278e+19,333.912,3.60309,5.43035,5.9077e+16,5.16979e+16,46.1881,3.12583,5.10576,4.79639e+19,6.7973e+20,sim04340.iv
sim04341,39.5621,3.93921,5.9017,6.07866e+20,1.61976e+19,232.617,3.67758,5.53422,3.79026e+16,8.74498e+16,37.8775,2.98162,5.06429,1.45358e+19,7.75035e+20,sim04341.iv
sim04342,31.3449,3.99257,5.94848,5.67611e+20,3.22424e+19,332.342,3.78785,5.5863,8.35405e+16,3.49445e+16,38.9635,3.08399,5.16682,4.54516e+19,7.65616e+20,sim04342.iv
sim04343,29.7012,3.90525,5.98442,7.63084e+20,1.56327e+19,270.896,3.75223,5.59473,4.80272e+16,8.1742e+16,28.1844,2.94547,5.05959,3.71273e+19,9.58666e+20,sim04343.iv
sim04344,44.565,3.91867,5.90698,9.25208e+20,4.75138e+19,319.092,3.73127,5.5594,5.38452e+16,4.81966e+16,48.9036,3.02075,5.11508,1.46876e+19,7.57424e+20,sim04344.iv
sim04345,31.3614,3.85587,5.99298,9.64667e+20,4.9106e+19,258.983,3.73004,5.46159,5.00103e+16,3.39735e+16,37.5332,2.9155,5.05863,2.68513e+19,5.11444e+20,sim04345.iv
sim04346,46.9503,3.84442,5.92616,5.34087e+20,2.52666e+19,216.155,3.79956,5.57378,8.66834e+16,2.85642e+16,37.062,3.14718,5.07578,1.14004e+19,7.10143e+20,sim04346.iv
sim04347,46.7601,3.82222,5.81749,7.99162e+20,1.90727e+19,264.428,3.67987,5.54,1.25365e+16,6.93199e+16,34.7163,3.00512,5.14142,3.56521e+19,8.38334e+20,sim04347.iv
sim04348,28.9712,3.97052,5.92313,7.30155e+20,3.00693e+19,244.314,3.7577,5.45563,6.21496e+16,9.40396e+16,36.5476,2.81527,5.19363,3.25771e+19,5.91107e+20,sim04348.iv
sim04349,34.9083,3.87381,5.8839,7.41994e+20,4.30971e+19,243.701,3.7321,5.54382,9.82171e+16,3.82602e+16,26.013,3.17395,5.19021,4.11256e+19,6.93593e+20,sim04349.iv
sim04350,49.1485,3.9167,5.84369,9.12796e+20,2.92687e+19,218.07,3.75562,5.56331,8.70173e+16,2.46361e+16,30.0891,3.11664,5.15232,4.54333e+19,7.7388e+20,sim04350.iv
sim04351,29.3213,3.88211,5.85879,8.2119e+20,2.97901e+19,289.41,3.73448,5.44783,9.05173e+16,1.42135e+16,27.3421,2.8498,5.08225,4.77888e+19,9.13458e+20,sim04351.iv
sim04352,34.8014,3.88044,5.80786,7.45246e+20,2.01853e+19,210.134,3.769,5.54448,9.4567e+16,5.21347e+16,34.9025,3.02434,5.17646,1.82359e+19,5.34278e+20,sim04352.iv
sim04353,39.9237,3.90187,5.91852,9.43656e+20,4.62576e+19,262.997,3.73771,5.49843,6.00268e+16,8.317e+16,28.3879,2.8366,5.13645,2.22137e+19,6.48858e+20,sim04353.iv
sim04354,23.7559,3.99034,5.96683,8.65469e+20,3.17326e+19,214.097,3.79421,5.43923,7.437e+16,5.92304e+16,28.4347,2.98261,5.11529,3.80835e+19,8.72557e+20,sim04354.iv
sim04355,21.0403,3.97421,5.94396,8.91227e+20,2.38882e+19,307.168,3.72245,5.46764,2.51202e+16,6.24539e+16,43.0994,2.93789,5.17355,4.47449e+19,8.81041e+20,sim04355.iv
sim04356,23.8381,3.90265,5.99648,6.29804e+20,1.14421e+19,282.579,3.65329,5.54807,9.47529e+16,4.88055e+16,43.9515,3.08617,5.13421,1.12913e+19,8.62607e+20,sim04356.iv
sim04357,43.3323,3.81499,5.98161,7.31384e+20,4.08591e+19,307.718,3.75989,5.40447,6.78927e+16,3.86056e+16,31.2675,2.85423,5.11426,3.88733e+19,6.2183e+20,sim04357.iv
sim04358,24.6831,3.99027,5.84843,6.64214e+20,4.52578e+19,268.588,3.66624,5.41389,8.094e+16,7.62317e+16,28.1795,3.04372,5.01151,1.92874e+19,9.05417e+20,sim04358.iv
sim04359,48.4308,3.95424,5.9441,8.33637e+20,1.2937e+19,287.739,3.73479,5.55265,7.40165e+16,3.96481e+16,37.3993,3.12303,5.09909,2.64919e+19,5.45046e+20,sim04359.iv
sim04360,36.4177,3.94169,5.8708,8.76309e+20,4.97366e+19,239.063,3.72433,5.46715,3.18274e+16,6.028e+16,31.5175,3.04798,5.13258,2.64972e+19,5.06798e+20,sim04360.iv
sim04361,47.3796,3.99238,5.85499,9.30584e+20,4.65009e+19,240.902,3.69691,5.41605,4.99524e+16,3.75997e+16,24.8959,3.02236,5.02572,2.41263e+19,9.31636e+20,sim04361.iv
sim04362,40.3901,3.96115,5.84667,7.8102e+20,2.17241e+19,273.363,3.72177,5.47614,5.76254e+16,6.29343e+16,23.8603,2.80865,5.01792,4.53125e+19,9.92976e+20,sim04362.iv
sim04363,24.388,3.87058,5.8666,7.97121e+20,2.23166e+19,343.855,3.63659,5.49617,2.98529e+16,4.61082e+16,26.025,2.8352,5.18027,3.33042e+19,8.35689e+20,sim04363.iv
sim04364,32.1277,3.8315,5.99388,6.69578e+20,3.95964e+19,336.469,3.712,5.48204,3.30965e+16,1.45098e+16,22.178,3.06818,5.184,4.03286e+19,6.53982e+20,sim04364.iv
sim04365,23.4083,3.84064,5.97153,6.25106e+20,3.17316e+19,349.258,3.7998,5.44313,9.62613e+16,3.7779e+16,44.9753,2.89427,5.0078,4.21395e+19,7.28015e+20,sim04365.iv
sim04366,49.5797,3.87077,5.87332,7.83152e+20,4.1815e+19,212.907,3.72685,5.44857,3.01985e+16,1.7912e+16,20.2547,2.92153,5.12935,2.71031e+19,5.58161e+20,sim04366.iv
sim04367,34.7366,3.9646,5.96726,7.90694e+20,3.20779e+19,261.211,3.69779,5.55437,4.89283e+16,8.56789e+16,38.4148,2.96284,5.18452,4.55011e+19,6.99333e+20,sim04367.iv
sim04368,42.2393,3.98582,5.91773,9.68583e+20,1.31931e+19,341.337,3.73634,5.43163,2.08234e+16,7.57612e+16,27.4808,2.81361,5.04032,1.42017e+19,5.85197e+20,sim04368.iv
sim04369,35.8738,3.90662,5.88966,8.73391e+20,1.06362e+19,334.464,3.79797,5.58895,3.38574e+16,8.90555e+16,42.2437,2.99363,5.19775,1.90825e+19,7.92409e+20,sim04369.iv
sim04370,26.4047,3.85115,5.96629,8.18059e+20,3.85531e+19,260.027,3.78463,5.49115,3.9494e+16,2.67566e+16,27.932,3.11548,5.06666,2.28607e+19,6.93672e+20,sim04370.iv
sim04371,29.8148,3.90452,5.9956,9.74041e+20,4.73592e+19,294.441,3.79698,5.47315,2.7901e+16,9.14928e+16,44.5635,2.95562,5.04807,2.47963e+19,7.16172e+20,sim04371.iv
sim04372,45.0421,3.87788,5.89622,5.92085e+20,3.92841e+19,297.772,3.62949,5.45654,3.79702e+16,6.53315e+16,20.6372,3.03336,5.05134,4.63616e+19,9.11102e+20,sim04372.iv
sim04373,36.7831,3.85955,5.85279,5.29369e+20,2.52677e+19,230.755,3.72572,5.57236,1.69877e+16,9.05048e+16,32.1154,2.81134,5.01672,1.00088e+19,7.9602e+20,sim04373.iv
sim04374,28.0994,3.8937,5.94583,7.0966e+20,1.78776e+19,327.319,3.64127,5.54501,7.18842e+16,8.20991e+16,33.369,3.17157,5.02421,3.14622e+19,8.53335e+20,sim04374.iv
sim04375,45.9416,3.92977,5.93231,9.81031e+20,2.64516e+19,284.71,3.7348,5.45372,4.48526e+16,7.19206e+16,31.8279,3.16348,5.11375,3.7776e+19,5.80972e+20,sim04375.iv
sim04376,49.1084,3.99887,5.93399,6.04929e+20,3.17027e+19,223.845,3.6111,5.4606,3.00645e+16,9.62366e+16,42.4357,3.08552,5.1523,2.43882e+19,9.96864e+20,sim04376.iv
sim04377,37.4253,3.84185,5.93472,7.76337e+20,3.43622e+19,247.359,3.71701,5.41488,8.33786e+16,6.44414e+16,39.8908,3.03065,5.19748,1.33055e+19,7.33785e+20,sim04377.iv
sim04378,40.1428,3.92045,5.94438,9.9003e+20,2.93871e+19,321.656,3.69951,5.54805,5.49379e+16,5.06658e+16,48.9312,3.07421,5.13649,3.07801e+19,5.34148e+20,sim04378.iv
sim04379,30.7557,3.80996,5.94804,8.98462e+20,1.12638e+19,279.841,3.7802,5.42122,4.21649e+16,2.06983e+16,34.9536,3.01309,5.07837,4.34931e+19,7.04865e+20,sim04379.iv
sim04380,23.2838,3.9594,5.84258,8.61737e+20,2.7381e+19,240.575,3.61989,5.56535,2.96963e+16,9.89391e+16,35.6794,3.09089,5.11325,4.99302e+19,6.19752e+20,sim04380.iv
sim04381,31.7445,3.97654,5.8383,8.14501e+20,4.58731e+19,348.844,3.76001,5.41401,6.11018e+16,7.18397e+16,29.1716,3.0709,5.18212,3.58545e+19,7.4684e+20,sim04381.iv
sim04382,42.7649,3.85935,5.93366,7.5337e+20,3.44391e+19,278.665,3.68298,5.41036,6.59566e+16,9.79504e+16,30.6267,3.04987,5.14473,3.41493e+19,9.50118e+20,sim04382.iv
sim04383,47.9592,3.97424,5.88412,5.70019e+20,2.60219e+19,283.219,3.60849,5.56766,8.97119e+16,6.68939e+16,37.4049,2.95494,5.1956,2.74473e+19,6.03084e+20,sim04383.iv
sim04384,48.8286,3.96707,5.86545,7.79179e+20,3.34089e+19,332.795,3.70951,5.48363,6.32645e+16,9.7511e+16,21.5683,3.05885,5.01647,2.05121e+19,8.47889e+20,sim04384.iv
sim04385,41.3035,3.96673,5.90812,9.00992e+20,3.01275e+19,238.224,3.68909,5.43452,5.91296e+16,5.64492e+16,27.8371,2.99449,5.12073,2.73902e+19,6.11793e+20,sim04385.iv
sim04386,48.6146,3.96051,5.84259,7.38345e+20,2.51262e+19,349.525,3.7443,5.5298,2.32394e+16,2.71206e+16,47.9407,2.97959,5.003,2.98726e+19,8.09087e+20,sim04386.iv
sim04387,28.7218,3.8851,5.85522,7.20984e+20,4.93683e+19,274.284,3.76129,5.42573,8.1091e+16,5.55829e+16,30.9982,3.03057,5.07014,4.23888e+19,8.94575e+20,sim04387.iv
sim04388,26.8992,3.8864,5.82769,5.0279e+20,2.18594e+19,288.485,3.75186,5.58998,4.80579e+16,1.03086e+16,39.4979,2.88269,5.11521,2.80749e+19,6.39089e+20,sim04388.iv
sim04389,28.9633,3.86844,5.83493,8.52865e+20,2.57825e+19,310.535,3.71647,5.44542,3.8913e+16,9.31552e+16,32.6525,2.84529,5.12864,2.369e+19,7.32832e+20,sim04389.iv
sim04390,26.1932,3.80255,5.91693,7.17103e+20,2.62183e+19,339.225,3.65224,5.51728,8.44182e+16,5.09462e+16,42.5963,3.02378,5.0702,4.62824e+19,6.88389e+20,sim04390.iv
sim04391,33.7649,3.92955,5.91872,7.56247e+20,3.76025e+19,307.125,3.7059,5.50111,2.4822e+16,7.39813e+16,49.733,2.91633,5.04005,4.75795e+19,7.05439e+20,sim04391.iv
sim04392,40.7679,3.89421,5.91253,6.66961e+20,4.08264e+19,280.561,3.69641,5.51217,9.43751e+16,8.36487e+16,21.797,2.94366,5.03081,4.64778e+19,6.23122e+20,sim04392.iv
sim04393,42.9989,3.92292,5.9534,8.34651e+20,2.15024e+19,279.759,3.63448,5.4463,2.1184e+16,8.8846e+16,28.57,2.85259,5.04819,2.05265e+19,5.62663e+20,sim04393.iv
sim04394,40.9258,3.93329,5.91786,9.34609e+20,1.21579e+19,294.98,3.7176,5.54339,3.93021e+16,4.83328e+16,30.165,2.95614,5.12801,2.03322e+19,9.34003e+20,sim04394.iv
sim04395,49.8162,3.8852,5.99816,7.41051e+20,1.07928e+19,336.342,3.66728,5.41209,2.65936e+16,7.51681e+16,26.9903,3.0933,5.16632,4.64035e+19,9.5312e+20,sim04395.iv
sim04396,25.417,3.9117,5.97667,6.21492e+20,4.9965e+19,313.093,3.78674,5.46217,2.82365e+16,9.54666e+16,28.4488,3.16171,5.03404,2.43389e+19,8.14309e+20,sim04396.iv
sim04397,47.3567,3.89226,5.91983,6.6318e+20,1.78102e+19,313.694,3.74697,5.57281,2.35617e+16,1.52747e+16,38.7569,2.99552,5.12514,1.95513e+19,9.12806e+20,sim04397.iv
sim04398,33.3474,3.93546,5.839,5.24817e+20,2.43178e+19,269.629,3.68591,5.44788,5.20661e+16,5.55175e+16,28.5921,2.93281,5.11188,1.17912e+19,5.2064e+20,sim04398.iv
sim04399,32.9761,3.81254,5.94928,7.93414e+20,1.10505e+19,256.13,3.61759,5.58125,3.79667e+16,4.43965e+16,43.6141,2.88656,5.04158,4.2291e+19,7.66539e+20,sim04399.iv
sim04400,27.6976,3.83155,5.9583,6.01959e+20,2.96449e+19,236.607,3.67513,5.41678,1.09161e+16,6.18969e+16,37.0763,2.87591,5.03947,4.09262e+19,7.23314e+20,sim04400.iv
sim04401,38.1207,3.85597,5.91723,7.09118e+20,2.09717e+19,287.515,3.61384,5.42534,4.99034e+16,3.77087e+16,44.2065,2.87864,5.0268,1.2668e+19,9.08302e+20,sim04401.iv
sim04402,45.8059,3.98023,5.97739,9.3696e+20,4.89947e+19,265.753,3.73162,5.40839,8.79603e+16,2.3065e+16,40.4575,2.93056,5.11756,4.17266e+19,7.54433e+20,sim04402.iv
sim04403,48.5158,3.86185,5.91207,9.28992e+20,3.2061e+19,284.818,3.67729,5.55555,4.23265e+16,3.23253e+16,23.8594,2.97098,5.05719,4.95852e+19,8.05536e+20,sim04403.iv
sim04404,49.7751,3.93907,5.96952,5.56003e+20,3.76578e+19,226.586,3.62929,5.41547,6.61376e+16,6.85477e+16,28.71,3.15817,5.18468,4.21946e+19,8.13034e+20,sim04404.iv
sim04405,37.9322,3.8786,5.89127,5.70577e+20,4.82288e+19,292.507,3.67603,5.44035,4.6611e+16,2.51052e+16,43.9419,3.08882,5.14929,3.73819e+19,9.47034e+20,sim04405.iv
sim04406,25.468,3.90493,5.92338,9.90869e+20,2.45039e+19,248.748,3.61182,5.59403,3.28127e+16,2.00099e+16,46.9027,3.17259,5.10826,2.08531e+19,7.47118e+20,sim04406.iv
sim04407,23.3368,3.82665,5.89592,9.21963e+20,1.57751e+19,300.154,3.66661,5.41118,3.26775e+16,1.62244e+16,25.636,2.92206,5.03471,2.61576e+19,5.01568e+20,sim04407.iv
sim04408,20.8696,3.95307,5.95538,6.9171e+20,4.93151e+19,248.239,3.74949,5.4886,4.07711e+16,3.59499e+16,26.8951,3.06508,5.00593,4.61866e+19,6.27223e+20,sim04408.iv
sim04409,34.4345,3.87815,5.98978,5.84188e+20,2.46082e+19,302.641,3.65651,5.50893,1.24218e+16,9.11944e+16,45.1546,2.84969,5.14581,1.24478e+19,9.61308e+20,sim04409.iv
sim04410,23.5996,3.87177,5.97152,6.0344e+20,4.71226e+19,303.4,3.69495,5.4245,6.91053e+16,6.29861e+16,32.6692,2.96141,5.11783,2.64486e+19,8.41601e+20,sim04410.iv
sim04411,33.0844,3.99595,5.91081,5.70395e+20,4.8723e+19,347.984,3.7986,5.46112,4.08932e+16,1.0556e+16,46.633,3.08391,5.05632,1.74663e+19,9.44977e+20,sim04411.iv
sim04412,30.6439,3.91259,5.83161,5.88008e+20,2.55082e+19,245.09,3.64452,5.48149,2.88404e+16,9.49803e+16,37.5148,2.81747,5.04405,2.79485e+19,7.15111e+20,sim04412.iv
sim04413,40.6195,3.95452,5.91407,6.78201e+20,1.75045e+19,215.191,3.61205,5.48209,1.01231e+16,4.0469e+16,20.2279,3.14444,5.04223,3.65446e+19,9.46052e+20,sim04413.iv
sim04414,46.687,3.96455,5.92667,6.11094e+20,2.69816e+19,267.284,3.71804,5.47774,1.83576e+16,1.39031e+16,32.2083,3.14827,5.14105,2.22288e+19,9.67492e+20,sim04414.iv
sim04415,39.6896,3.96778,5.96483,8.11075e+20,4.75844e+19,272.988,3.7571,5.44075,9.48022e+16,7.57252e+16,28.1379,3.03491,5.00441,3.10651e+19,8.80659e+20,sim04415.iv
sim04416,30.9464,3.94789,5.94599,9.67212e+20,4.84139e+19,239.156,3.66475,5.44498,4.50285e+16,1.35492e+16,34.4372,3.15443,5.14514,3.26039e+19,6.2491e+20,sim04416.iv
sim04417,27.4041,3.81649,5.81655,8.82114e+20,4.76766e+19,328.537,3.78741,5.41662,4.20125e+16,3.13804e+16,22.9277,2.89452,5.12824,2.9339e+19,9.54549e+20,sim04417.iv
sim04418,23.9773,3.93664,5.91756,8.70303e+20,2.87324e+19,214.925,3.67838,5.44229,3.77674e+16,3.02041e+16,39.0236,3.16914,5.02945,2.55364e+19,6.42975e+20,sim04418.iv
sim04419,23.459,3.87986,5.95919,6.37508e+20,2.04008e+19,339.92,3.72929,5.45667,1.28514e+16,9.91887e+16,49.2805,3.06757,5.025,3.89498e+19,7.26438e+20,sim04419.iv
sim04420,21.4053,3.8263,5.8083,5.57489e+20,3.21851e+19,313.011,3.79567,5.59686,8.31274e+16,1.44035e+16,33.5697,2.81964,5.12738,1.6256e+19,8.28484e+20,sim04420.iv
sim04421,27.5921,3.93042,5.94621,6.44202e+20,4.96661e+19,242.24,3.6195,5.5168,4.69972e+16,8.47249e+16,35.4792,2.90208,5.10486,4.45399e+19,6.18405e+20,sim04421.iv
sim04422,23.6332,3.97461,5.97234,9.25217e+20,2.09647e+19,321.454,3.6514,5.52415,2.09114e+16,4.77529e+16,47.2221,2.80797,5.03075,3.55677e+19,8.97473e+20,sim04422.iv
sim04423,33.1119,3.9525,5.99465,8.4774e+20,2.77148e+19,298.225,3.6613,5.41913,2.30615e+16,4.93826e+16,28.4983,2.81785,5.07558,4.40917e+19,5.40635e+20,sim04423.iv
sim04424,47.0612,3.83187,5.89179,9.45576e+20,1.30902e+19,291.898,3.75039,5.51524,1.36818e+16,5.91341e+16,24.4305,2.96195,5.04483,4.0257e+19,9.03594e+20,sim04424.iv
sim04425,26.1969,3.92824,5.96145,7.17931e+20,4.66845e+19,240.52,3.62528,5.43062,9.21527e+16,6.58198e+16,23.5011,2.9556,5.06127,4.50797e+19,6.77275e+20,sim04425.iv
sim04426,22.5675,3.8022,5.91425,5.75511e+20,4.97081e+19,336.944,3.70395,5.53989,2.78855e+16,1.18236e+16,20.7912,3.02673,5.03395,3.85907e+19,8.51027e+20,sim04426.iv
sim04427,48.8687,3.95437,5.91272,6.72854e+20,4.83077e+19,236.124,3.63994,5.52611,9.88158e+16,1.74671e+16,49.6968,2.95699,5.1278,3.7375e+19,7.78519e+20,sim04427.iv
sim04428,47.5416,3.86462,5.94707,7.71699e+20,4.06746e+19,331.112,3.67822,5.40211,8.08827e+16,2.19998e+16,28.4265,3.02996,5.03759,4.42087e+19,6.41308e+20,sim04428.iv
sim04429,29.8922,3.94463,5.82318,8.29971e+20,1.10949e+19,306.501,3.67942,5.55277,1.46307e+16,9.18664e+16,30.4275,2.95565,5.03437,1.51574e+19,5.27222e+20,sim04429.iv
sim04430,23.2246,3.91088,5.94574,5.51045e+20,1.51615e+19,222.708,3.69782,5.4443,2.31478e+16,4.78606e+16,37.7692,2.87114,5.15546,3.38425e+19,8.80037e+20,sim04430.iv
sim04431,29.8885,3.87857,5.99613,8.02423e+20,1.60654e+19,309.999,3.74875,5.59295,5.92675e+16,6.30556e+16,29.1564,3.02264,5.00777,4.29368e+19,8.47382e+20,sim04431.iv
sim04432,40.4798,3.93616,5.84348,5.22079e+20,3.11138e+19,285.621,3.77063,5.53568,3.95649e+16,5.66345e+16,35.9569,3.08013,5.1507,3.46788e+19,9.27154e+20,sim04432.iv
sim04433,29.5769,3.96394,5.80706,9.17685e+20,2.2377e+19,307.242,3.74227,5.4752,3.06341e+16,7.78481e+16,29.2184,2.92936,5.12897,3.7647e+19,5.0259e+20,sim04433.iv
sim04434,35.0574,3.96466,5.88065,6.75533e+20,3.48119e+19,236.883,3.78509,5.44666,7.25296e+16,7.08879e+16,41.3895,3.13574,5.10455,4.61279e+19,8.05573e+20,sim04434.iv
sim04435,48.8959,3.81827,5.9687,8.13797e+20,4.55107e+19,259.099,3.73062,5.50266,7.84578e+16,6.92598e+16,46.7878,2.97186,5.11643,4.40084e+19,7.78639e+20,sim04435.iv
sim04436,32.8172,3.89348,5.9545,9.69886e+20,1.81569e+19,244.984,3.6386,5.43772,1.55935e+16,8.1788e+16,30.1817,2.96986,5.1731,4.66353e+19,7.72658e+20,sim04436.iv
sim04437,22.9219,3.89126,5.98269,9.50876e+20,2.30039e+19,345.94,3.66487,5.56285,9.4262e+16,2.16954e+16,28.7663,3.02437,5.07376,4.91694e+19,7.0159e+20,sim04437.iv
sim04438,45.1396,3.83957,5.99663,8.65034e+20,1.05579e+19,234.132,3.62045,5.51831,8.50454e+16,8.06688e+16,37.3464,3.04685,5.18864,2.80968e+19,8.75236e+20,sim04438.iv
sim04439,22.9146,3.8169,5.83436,9.78955e+20,4.03863e+19,337.619,3.66798,5.43349,1.53931e+16,4.94113e+16,49.1559,2.8168,5.18543,2.10404e+19,5.2868e+20,sim04439.iv
sim04440,25.1852,3.8198,5.93599,9.77869e+20,4.95406e+19,219.923,3.70943,5.48695,3.51563e+16,5.84587e+16,27.3625,2.89597,5.19104,3.99445e+19,8.82833e+20,sim04440.iv
sim04441,35.3313,3.885,5.87658,5.68322e+20,4.89166e+19,304.571,3.70155,5.52599,9.97474e+16,3.25207e+16,46.3623,2.84016,5.00112,4.64859e+19,5.43296e+20,sim04441.iv
sim04442,40.5863,3.89576,5.88217,9.94906e+20,2.2926e+19,223.072,3.64886,5.59273,9.41931e+16,3.62806e+16,36.3801,3.03647,5.19591,3.49275e+19,9.24809e+20,sim04442.iv
sim04443,24.3451,3.89871,5.95281,5.20951e+20,2.72731e+19,342.302,3.75605,5.42781,5.40337e+16,5.13779e+16,23.6141,2.92356,5.03614,4.95354e+19,7.52314e+20,sim04443.iv
sim04444,24.617,3.89348,5.81803,9.20811e+20,3.55744e+19,282.917,3.74598,5.46182,4.66312e+16,1.81402e+16,27.245,2.81303,5.02087,3.61738e+19,6.12876e+20,sim04444.iv
sim04445,20.2023,3.83915,5.86151,5.70678e+20,1.85212e+19,346.614,3.60481,5.51298,8.0545e+16,9.83333e+16,30.7561,2.92186,5.08468,3.51153e+19,7.20104e+20,sim04445.iv
sim04446,29.89,3.98242,5.88221,5.93014e+20,4.98472e+19,289.265,3.77014,5.46418,3.08288e+16,2.71006e+16,42.6576,3.18667,5.18828,3.82865e+19,8.61495e+20,sim04446.iv
sim04447,27.9487,3.87506,5.81325,7.81441e+20,4.83428e+19,302.994,3.68642,5.46117,5.44481e+16,4.1112e+16,47.7457,3.08386,5.05213,2.7429e+19,5.06389e+20,sim04447.iv
sim04448,20.6544,3.88905,5.88735,5.05909e+20,2.46796e+19,248.055,3.65593,5.46735,6.38159e+16,7.51995e+16,31.7503,3.19265,5.11639,3.77322e+19,7.26216e+20,sim04448.iv
sim04449,48.1869,3.90775,5.94898,7.60379e+20,4.4692e+19,317.073,3.76502,5.41261,6.15117e+16,5.70556e+16,31.6899,2.9111,5.16351,2.15783e+19,7.83661e+20,sim04449.iv
sim04450,34.9091,3.902,5.98676,9.46653e+20,3.35629e+19,238.403,3.63698,5.42183,5.15744e+16,2.70671e+16,33.3452,2.93969,5.00632,4.15615e+19,9.75199e+20,sim04450.iv
sim04451,32.1853,3.86272,5.80985,5.08946e+20,3.53766e+19,285.541,3.75693,5.50891,2.74012e+16,8.76645e+16,46.6261,3.11221,5.19031,4.50328e+19,7.34176e+20,sim04451.iv
sim04452,45.2514,3.94624,5.89857,7.05257e+20,3.78732e+19,219.948,3.73547,5.48395,4.43718e+16,5.23166e+16,48.0447,3.19132,5.19518,3.58418e+19,9.04105e+20,sim04452.iv
sim04453,24.9996,3.90578,5.8623,5.857e+20,3.81569e+19,211.272,3.77309,5.59843,3.88371e+16,2.19293e+16,43.7058,3.12032,5.15636,3.82259e+19,8.94571e+20,sim04453.iv
sim04454,45.8873,3.80688,5.99832,8.82375e+20,3.17993e+19,265.89,3.79762,5.41857,7.91334e+16,2.22111e+16,36.7756,2.98629,5.02151,1.71397e+19,6.80748e+20,sim04454.iv
sim04455,29.7508,3.84698,5.89729,7.97469e+20,3.86164e+19,255.236,3.72984,5.52162,7.33148e+16,9.60596e+16,47.0275,3.13498,5.14215,2.12549e+19,5.7341e+20,sim04455.iv
sim04456,40.847,3.91783,5.91341,8.53852e+20,3.51462e+19,242.279,3.78268,5.57615,2.13411e+16,6.362e+16,47.2934,3.06699,5.10466,4.65247e+19,8.85524e+20,sim04456.iv
sim04457,39.7205,3.88647,5.95522,9.35431e+20,1.65737e+19,307.56,3.73961,5.42934,8.631e+16,8.78975e+16,24.0567,3.09278,5.04709,1.92464e+19,5.63154e+20,sim04457.iv
sim04458,40.6161,3.98152,5.91487,6.29205e+20,1.75696e+19,233.434,3.64099,5.51067,9.95475e+16,9.4125e+16,22.8176,2.8807,5.13628,3.75875e+19,6.05114e+20,sim04458.iv
sim04459,48.6916,3.91739,5.90578,9.11413e+20,2.50106e+19,310.028,3.78367,5.58984,1.35802e+16,1.65538e+16,41.2489,2.80178,5.13265,4.28905e+19,5.4496e+20,sim04459.iv
sim04460,20.7035,3.9017,5.99746,7.67488e+20,4.90078e+19,308.235,3.66049,5.44832,6.45248e+16,3.99291e+16,27.1613,2.95778,5.10654,4.69378e+19,9.77835e+20,sim04460.iv
sim04461,41.9106,3.84836,5.89215,5.49057e+20,3.28174e+19,299.692,3.67951,5.44374,9.88513e+16,1.35662e+16,41.9439,3.075,5.11215,1.74836e+19,9.27068e+20,sim04461.iv
sim04462,38.3112,3.93562,5.94179,5.60148e+20,2.86528e+19,320.52,3.67957,5.54628,4.38211e+16,8.23233e+16,45.3683,3.13347,5.13062,3.01749e+19,9.27304e+20,sim04462.iv
sim04463,31.3791,3.99246,5.96621,6.34428e+20,2.50312e+19,335.432,3.65052,5.41643,1.7049e+16,8.79843e+16,31.1332,2.88447,5.05343,3.37095e+19,7.09418e+20,sim04463.iv
sim04464,24.2758,3.89836,5.93073,6.97382e+20,3.46735e+19,308.299,3.73011,5.42848,4.92715e+16,9.18223e+16,24.7597,3.15,5.08929,3.41299e+19,6.57416e+20,sim04464.iv
sim04465,41.8128,3.83582,5.95255,5.71407e+20,1.68935e+19,211.2,3.77264,5.56883,4.5184e+16,1.02826e+16,47.9922,2.86855,5.02981,1.84471e+19,6.28629e+20,sim04465.iv
sim04466,47.9393,3.92561,5.86823,8.81953e+20,4.09178e+19,244.493,3.63487,5.43051,4.20794e+16,1.25396e+16,33.2297,2.88046,5.15347,2.31907e+19,8.25498e+20,sim04466.iv
sim04467,40.4718,3.95909,5.89505,6.99937e+20,2.02879e+19,211.348,3.63149,5.44441,6.92476e+16,8.11913e+16,33.7641,3.12871,5.07476,3.61722e+19,7.78588e+20,sim04467.iv
sim04468,24.5061,3.89242,5.99353,5.74996e+20,2.62304e+19,256.54,3.74924,5.4077,5.07779e+16,3.38052e+16,28.9332,2.96291,5.05833,3.27097e+19,6.43593e+20,sim04468.iv
sim04469,47.5203,3.88948,5.83102,6.44565e+20,4.18916e+19,225.25,3.67594,5.58975,1.01059e+16,9.74123e+16,30.7725,2.88443,5.1651,2.87706e+19,5.5282e+20,sim04469.iv
sim04470,40.0036,3.95561,5.89019,8.5724e+20,1.42857e+19,214.46,3.64379,5.59617,2.5789e+16,9.27735e+16,28.9129,2.99665,5.14084,1.67958e+19,5.99829e+20,sim04470.iv
sim04471,27.5924,3.89541,5.86921,5.42975e+20,2.06901e+19,325.842,3.70331,5.58949,3.49641e+16,3.3582e+16,32.7708,2.83177,5.06325,2.44187e+19,8.10823e+20,sim04471.iv
sim04472,24.2594,3.97773,5.97524,7.6488e+20,2.68338e+19,307.796,3.64078,5.5128,3.58417e+16,9.30549e+16,34.4137,3.00242,5.15251,4.13726e+19,6.17653e+20,sim04472.iv
sim04473,38.2891,3.97319,5.88262,5.55556e+20,4.47394e+19,335.422,3.63062,5.44298,3.15232e+16,8.51475e+16,48.6733,2.95797,5.18687,1.08257e+19,6.98245e+20,sim04473.iv
sim04474,23.4832,3.99709,5.83929,9.67132e+20,4.10632e+19,334.709,3.70162,5.50237,2.32801e+16,2.1233e+16,39.8255,2.90982,5.09495,1.4906e+19,7.94706e+20,sim04474.iv
sim04475,22.3338,3.83484,5.82939,5.68813e+20,3.50084e+19,215.116,3.73466,5.53476,2.79489e+16,5.25748e+16,25.2815,2.91926,5.1556,3.026e+19,9.82351e+20,sim04475.iv
sim04476,48.1462,3.84335,5.96261,6.71069e+20,2.53377e+19,293.379,3.70085,5.58708,9.15074e+16,5.03035e+16,44.8029,3.16556,5.14476,3.79168e+19,7.82101e+20,sim04476.iv
sim04477,40.7678,3.82965,5.84122,6.8386e+20,4.7736e+19,251.817,3.62574,5.49258,4.05355e+16,9.9144e+16,31.6133,3.02525,5.1931,4.56416e+19,9.51342e+20,sim04477.iv
sim04478,43.7651,3.87247,5.95478,7.99273e+20,2.45194e+19,284.354,3.77291,5.41312,9.08836e+16,7.39103e+16,29.8066,2.96098,5.08642,2.73239e+19,5.10304e+20,sim04478.iv
sim04479,25.4301,3.88716,5.81816,5.70192e+20,4.71429e+19,289.249,3.78084,5.52993,4.20409e+16,8.30184e+16,37.3396,3.01053,5.01837,1.82163e+19,5.2027e+20,sim04479.iv
sim04480,22.5639,3.97821,5.95824,6.10868e+20,1.96839e+19,278.631,3.66607,5.51096,2.95144e+16,4.66658e+16,47.4818,2.98374,5.17506,3.12583e+19,7.13431e+20,sim04480.iv
sim04481,35.3133,3.94821,5.9997,5.14782e+20,3.06778e+19,304.087,3.68094,5.51432,1.48202e+16,3.52363e+16,31.316,2.9625,5.13632,4.60948e+19,5.30536e+20,sim04481.iv
sim04482,33.4775,3.87956,5.99296,8.52991e+20,4.81954e+19,280.456,3.72555,5.57088,1.32978e+16,9.32771e+16,34.2859,3.18455,5.00187,1.3759e+19,5.37425e+20,sim04482.iv
sim04483,21.68,3.82674,5.86664,5.67053e+20,1.58052e+19,273,3.72533,5.40899,6.17033e+16,6.23724e+16,29.6271,2.8754,5.12651,4.12522e+19,6.42034e+20,sim04483.iv
sim04484,35.2953,3.81978,5.95637,8.31355e+20,2.71348e+19,294.735,3.79101,5.51238,4.84455e+16,5.07444e+16,25.4573,3.16399,5.11019,2.57995e+19,9.68141e+20,sim04484.iv
sim04485,36.5296,3.82924,5.93868,9.83514e+20,4.30731e+19,263.257,3.76173,5.49625,4.64203e+16,5.99997e+16,22.3037,2.9057,5.11585,1.46911e+19,7.05124e+20,sim04485.iv
sim04486,44.8252,3.97877,5.83652,9.72312e+20,2.86814e+19,231.289,3.75011,5.41706,7.58466e+16,7.28565e+16,39.1246,3.13113,5.1646,2.76314e+19,7.58104e+20,sim04486.iv
sim04487,32.5325,3.9227,5.90451,6.48206e+20,2.69235e+19,289.073,3.76003,5.42698,6.06058e+16,9.44577e+16,32.2607,2.8274,5.16992,1.84894e+19,8.4872e+20,sim04487.iv
sim04488,33.8528,3.98816,5.95477,9.00985e+20,3.40378e+19,229.518,3.6339,5.40886,6.66548e+16,7.21257e+16,26.1777,3.14361,5.0707,1.87668e+19,8.75418e+20,sim04488.iv
sim04489,38.7972,3.83993,5.96653,5.52453e+20,1.76032e+19,317.447,3.70813,5.48659,2.36795e+16,1.80591e+16,33.0491,3.19355,5.12447,2.2716e+19,9.99566e+20,sim04489.iv
sim04490,49.9316,3.86756,5.84351,5.97063e+20,3.35134e+19,253.981,3.75595,5.47087,6.48121e+16,3.23967e+16,34.4284,3.06323,5.19812,2.2167e+19,8.77491e+20,sim04490.iv
sim04491,38.1635,3.951,5.92253,5.54059e+20,1.95152e+19,309.778,3.74844,5.52591,2.77978e+16,1.96798e+16,42.0878,3.05496,5.11169,1.07575e+19,8.09674e+20,sim04491.iv
sim04492,43.3682,3.89287,5.8102,6.44943e+20,1.69657e+19,296.584,3.62436,5.40819,8.3638e+16,9.29717e+16,45.3184,3.03347,5.07132,1.32131e+19,6.95195e+20,sim04492.iv
sim04493,25.5067,3.96162,5.96673,7.34844e+20,2.22954e+19,307.893,3.7255,5.51618,9.32974e+16,3.51811e+16,29.9299,2.82182,5.04395,2.87826e+19,9.10264e+20,sim04493.iv
sim04494,25.6719,3.90461,5.86178,8.92741e+20,3.55218e+19,217.682,3.63255,5.55276,7.10584e+16,2.04634e+16,29.0569,2.9088,5.09428,1.10377e+19,7.65115e+20,sim04494.iv
sim04495,24.9917,3.9469,5.90961,8.9363e+20,3.51972e+19,337.316,3.79097,5.52452,6.64653e+16,4.19846e+16,48.0175,3.1259,5.04986,2.05482e+19,8.70909e+20,sim04495.iv
sim04496,30.5326,3.96452,5.98334,5.57727e+20,3.08335e+19,334.303,3.71032,5.4291,8.12198e+16,2.84792e+16,34.8619,3.1871,5.17792,3.43815e+19,5.78469e+20,sim04496.iv
sim04497,31.5842,3.84742,5.93522,8.80595e+20,3.49667e+19,295.145,3.6626,5.49051,9.84197e+16,9.18153e+16,41.3854,3.14696,5.14161,3.55597e+19,8.785e+20,sim04497.iv
sim04498,27.4114,3.99282,5.88684,5.22039e+20,1.75003e+19,302.702,3.73295,5.50841,5.51896e+16,6.70444e+16,41.6443,2.88074,5.04111,1.14485e+19,8.01977e+20,sim04498.iv
sim04499,31.196,3.98731,5.86705,7.82449e+20,2.38386e+19,259.871,3.67257,5.52205,4.29888e+16,2.33076e+16,24.9506,3.01089,5.0868,4.49171e+19,5.21005e+20,sim04499.iv
sim04500,27.9452,3.93841,5.93686,5.38289e+20,1.9874e+19,241.912,3.79189,5.58417,9.83747e+16,2.31765e+16,40.862,3.00907,5.15027,1.84609e+19,5.14879e+20,sim04500.iv
sim04501,23.3975,3.9011,5.99592,5.1751e+20,3.34914e+19,237.656,3.61447,5.52479,4.37381e+16,7.68889e+16,31.0597,2.84003,5.14655,3.61235e+19,9.51641e+20,sim04501.iv
sim04502,40.896,3.80257,5.96579,7.7654e+20,1.04581e+19,322.329,3.75411,5.59993,5.34444e+16,8.00891e+16,41.3965,2.99803,5.03478,2.77642e+19,5.78175e+20,sim04502.iv
sim04503,29.1388,3.97452,5.8507,9.13248e+20,1.12941e+19,278.392,3.74816,5.5731,1.22638e+16,8.16703e+16,46.7389,2.8614,5.01047,1.81702e+19,6.18428e+20,sim04503.iv
sim04504,25.7089,3.91814,5.85061,8.60648e+20,3.06028e+19,273.899,3.7736,5.51916,3.3799e+16,1.80447e+16,36.1627,3.09894,5.13484,4.21947e+19,8.89298e+20,sim04504.iv
sim04505,35.5858,3.85295,5.96493,7.19848e+20,1.55609e+19,335.025,3.64111,5.43332,2.71888e+16,2.87084e+16,28.3047,3.02646,5.04258,4.45902e+19,7.14888e+20,sim04505.iv
sim04506,34.1822,3.93802,5.81126,6.57741e+20,3.74507e+19,263.655,3.61854,5.49816,2.95674e+16,8.93588e+16,23.5741,2.83039,5.11201,1.80235e+19,9.29824e+20,sim04506.iv
sim04507,25.3376,3.89477,5.95035,5.25424e+20,4.99861e+19,317.4,3.66719,5.49423,2.40105e+16,4.54316e+16,29.4376,2.92299,5.15414,4.20567e+19,6.83044e+20,sim04507.iv
sim04508,23.4812,3.80867,5.99032,5.51584e+20,3.61388e+19,222.662,3.75875,5.47213,3.96426e+16,1.22242e+16,48.9356,2.99366,5.02992,1.50889e+19,8.40691e+20,sim04508.iv
sim04509,26.2276,3.89913,5.83872,6.91725e+20,4.06353e+19,213.884,3.64569,5.58427,6.93031e+16,8.9507e+16,20.7283,3.15116,5.15627,1.50345e+19,7.21285e+20,sim04509.iv
sim04510,31.63,3.97281,5.93255,8.69143e+20,4.65586e+19,253.846,3.61365,5.48709,9.45505e+16,7.07981e+16,21.0928,3.19363,5.10799,2.58435e+19,7.4727e+20,sim04510.iv
sim04511,36.1138,3.98404,5.87273,8.30902e+20,1.45817e+19,269.367,3.78576,5.55264,9.36422e+16,2.15877e+16,33.993,3.00988,5.01884,3.08338e+19,6.89826e+20,sim04511.iv
sim04512,20.2692,3.82182,5.89769,5.54178e+20,2.59729e+19,348.253,3.68794,5.51304,4.75667e+16,1.96396e+16,44.2664,3.0936,5.08888,1.76296e+19,8.65465e+20,sim04512.iv
sim04513,29.8801,3.89751,5.85111,7.10874e+20,4.64653e+19,251.818,3.67754,5.50152,3.55779e+16,9.71874e+16,23.1402,2.84911,5.12571,3.43624e+19,6.42295e+20,sim04513.iv
sim04514,22.2827,3.82631,5.84444,6.99993e+20,3.24024e+19,296.744,3.73911,5.40973,5.92083e+16,1.39759e+16,39.5452,2.92748,5.12155,2.90799e+19,9.07701e+20,sim04514.iv
sim04515,22.9332,3.90683,5.86235,5.06304e+20,3.15247e+19,319.499,3.72276,5.40939,6.82928e+16,7.45192e+16,22.1626,2.95429,5.05971,3.99826e+19,6.84119e+20,sim04515.iv
sim04516,26.2386,3.90621,5.9519,6.96225e+20,4.58603e+19,301.112,3.62324,5.59526,7.51163e+16,3.1241e+16,29.2899,2.98878,5.00433,4.57971e+19,5.40208e+20,sim04516.iv
sim04517,25.1364,3.90721,5.95939,9.69218e+20,1.46168e+19,212.17,3.73983,5.45408,2.19005e+16,1.03849e+16,48.9207,3.09353,5.06866,3.39138e+19,9.45146e+20,sim04517.iv
sim04518,47.3554,3.90695,5.98773,8.78889e+20,3.18807e+19,263.374,3.78734,5.43894,5.89813e+16,2.19543e+16,24.0062,2.82397,5.06202,4.19624e+19,5.92072e+20,sim04518.iv
sim04519,44.9736,3.99874,5.90508,8.93826e+20,3.67201e+19,274.339,3.65697,5.53428,3.07568e+16,4.31722e+16,24.6386,3.0311,5.03293,4.20831e+19,7.37823e+20,sim04519.iv
sim04520,41.4088,3.89083,5.95489,9.4256e+20,2.87317e+19,261.71,3.74385,5.59311,2.58533e+16,7.71814e+16,20.1057,3.19248,5.15937,4.78453e+19,5.53512e+20,sim04520.iv
sim04521,21.5339,3.88737,5.81187,5.27149e+20,1.36685e+19,218.612,3.61952,5.47332,5.5138e+16,1.93347e+16,39.2199,3.04323,5.05908,2.21422e+19,9.92375e+20,sim04521.iv
sim04522,29.0075,3.98115,5.84084,5.89771e+20,4.44094e+19,294.983,3.75314,5.5151,9.75656e+16,1.26105e+16,24.5056,2.84442,5.13426,2.25564e+19,8.93323e+20,sim04522.iv
sim04523,23.7228,3.84602,5.81315,9.96624e+20,3.87e+19,225.256,3.72939,5.48793,9.2457e+16,2.20682e+16,20.8362,2.8616,5.1875,4.71649e+19,5.34301e+20,sim04523.iv
sim04524,35.6979,3.93689,5.80086,5.08201e+20,1.26552e+19,308.602,3.78801,5.41364,2.29509e+16,5.2057e+16,33.278,2.88491,5.04007,1.55826e+19,6.25277e+20,sim04524.iv
sim04525,45.2434,3.8915,5.98356,9.20853e+20,3.11554e+19,325.401,3.63287,5.52816,9.46363e+16,6.576e+16,34.7206,3.06225,5.02734,2.17794e+19,6.26111e+20,sim04525.iv
sim04526,23.5489,3.94161,5.92684,9.36331e+20,3.79218e+19,323.657,3.62784,5.41311,4.33485e+16,2.17874e+16,43.0302,2.97334,5.1877,1.35235e+19,9.73074e+20,sim04526.iv
sim04527,41.8202,3.96073,5.89851,6.82047e+20,3.89789e+19,347.07,3.60522,5.51943,3.22675e+16,4.60074e+16,37.2333,2.88676,5.00209,1.27532e+19,5.12859e+20,sim04527.iv
sim04528,21.3504,3.83304,5.88882,7.26185e+20,1.04799e+19,213.72,3.6506,5.40991,2.84796e+16,1.31629e+16,22.5972,3.06424,5.02693,2.78437e+19,9.03828e+20,sim04528.iv
sim04529,21.7405,3.85406,5.92512,5.86734e+20,3.07993e+19,307.022,3.78978,5.59483,2.4683e+16,8.8847e+16,21.5705,2.98009,5.09396,1.33716e+19,6.57993e+20,sim04529.iv
sim04530,43.3258,3.84283,5.92462,9.81594e+20,1.21111e+19,212.082,3.65312,5.41936,1.75531e+16,4.70571e+16,39.5636,3.09698,5.02176,3.28429e+19,8.58447e+20,sim04530.iv
sim04531,38.4824,3.8929,5.88821,8.89637e+20,1.92351e+19,236.007,3.61196,5.48047,6.98065e+16,5.71897e+16,22.5443,3.197,5.07426,1.01129e+19,8.02896e+20,sim04531.iv
sim04532,20.2212,3.9803,5.92014,6.64622e+20,2.34252e+19,224.503,3.68415,5.50034,2.36641e+16,7.10513e+16,29.5594,2.82721,5.04949,1.14451e+19,9.54878e+20,sim04532.iv
sim04533,33.8094,3.99196,5.92289,5.2126e+20,1.68963e+19,284.454,3.6017,5.52241,8.86559e+16,3.86855e+16,45.1835,3.16979,5.05079,2.88767e+19,6.56823e+20,sim04533.iv
sim04534,28.5552,3.80183,5.84612,8.96601e+20,4.59758e+19,251.088,3.60712,5.55019,7.3213e+16,3.54996e+16,44.4303,3.10313,5.01852,2.94829e+19,5.83665e+20,sim04534.iv
sim04535,25.0396,3.87491,5.83169,9.14867e+20,2.77716e+19,331.991,3.70952,5.52012,6.12759e+16,2.6607e+16,24.0923,2.91967,5.13413,4.45964e+19,5.77023e+20,sim04535.iv
sim04536,22.4862,3.96933,5.87174,6.26143e+20,1.03384e+19,238.115,3.60847,5.53853,1.61861e+16,7.76464e+16,40.5854,2.8133,5.19849,4.91662e+19,9.73688e+20,sim04536.iv
sim04537,27.3752,3.93364,5.88964,6.66872e+20,2.69847e+19,307.419,3.62168,5.4889,9.42856e+16,6.4996e+16,47.5234,2.8103,5.11359,3.78887e+19,6.69176e+20,sim04537.iv
sim04538,23.7059,3.81797,5.90803,5.96255e+20,1.20007e+19,326.195,3.76097,5.54942,5.92888e+16,5.64567e+16,36.4834,3.10908,5.13213,1.57675e+19,6.74002e+20,sim04538.iv
sim04539,40.5005,3.91021,5.9863,6.39251e+20,3.88889e+19,309.527,3.75113,5.52843,8.99253e+16,8.02997e+16,44.4701,2.97835,5.01395,3.18757e+19,7.39755e+20,sim04539.iv
sim04540,47.8572,3.93553,5.95829,8.49254e+20,3.5453e+19,337.91,3.61345,5.57475,8.2355e+16,9.93843e+16,24.0726,3.13707,5.04885,1.24722e+19,6.25658e+20,sim04540.iv
sim04541,24.4705,3.85734,5.98298,8.27905e+20,3.2839e+19,332.086,3.77976,5.59271,8.89268e+16,8.36337e+16,20.9639,3.0229,5.07845,1.25086e+19,5.45394e+20,sim04541.iv
sim04542,32.8597,3.98911,5.89089,8.86493e+20,1.84917e+19,243.051,3.76858,5.45806,6.84232e+16,1.02234e+16,20.839,2.98993,5.11794,1.31487e+19,8.93862e+20,sim04542.iv
sim04543,21.9609,3.93179,5.93483,7.19604e+20,2.84927e+19,210.324,3.70683,5.46045,3.04174e+16,1.9712e+16,38.403,3.14235,5.02498,3.91592e+19,7.40056e+20,sim04543.iv
sim04544,20.2989,3.89788,5.96916,9.78918e+20,2.86718e+19,272.971,3.66873,5.47572,5.28461e+16,1.71623e+16,39.4396,2.94272,5.13212,3.53056e+19,9.43094e+20,sim04544.iv
sim04545,28.4367,3.98712,5.93185,8.10855e+20,3.21993e+19,238.593,3.60144,5.51156,9.23374e+16,8.62632e+16,22.3186,2.92433,5.09559,2.95348e+19,5.92557e+20,sim04545.iv
sim04546,40.4718,3.89691,5.97191,6.25441e+20,4.6379e+19,325.52,3.68289,5.56192,6.7124e+16,5.08066e+16,35.3398,3.01946,5.04552,1.61298e+19,8.93373e+20,sim04546.iv
sim04547,22.6041,3.93778,5.97583,7.18219e+20,4.09945e+19,330.995,3.65662,5.45009,5.78284e+16,9.17218e+16,40.8394,2.87343,5.08002,3.31827e+19,6.85903e+20,sim04547.iv
sim04548,25.7732,3.96231,5.93786,8.929e+20,1.64848e+19,231.442,3.61914,5.53106,9.12462e+16,8.68254e+16,27.775,2.93462,5.096,1.07761e+19,8.36298e+20,sim04548.iv
sim04549,26.5256,3.96285,5.90321,5.77545e+20,3.9983e+19,323.18,3.77104,5.42117,5.23151e+16,1.46576e+16,48.7512,2.98682,5.15264,2.00012e+19,6.05073e+20,sim04549.iv
sim04550,34.4477,3.9216,5.85452,6.74189e+20,2.66129e+19,211.406,3.64805,5.55465,8.31692e+16,7.6275e+16,24.1839,2.85675,5.06213,1.85634e+19,5.11312e+20,sim04550.iv
sim04551,26.6422,3.89707,5.92159,5.44794e+20,2.50254e+19,262.733,3.62661,5.58957,9.94321e+16,2.01878e+16,28.196,2.80466,5.15789,2.67619e+19,9.90817e+20,sim04551.iv
sim04552,34.8609,3.81367,5.96411,8.9184e+20,1.80529e+19,235.435,3.78668,5.59909,7.44661e+16,2.53848e+16,25.9332,3.0665,5.01714,1.79704e+19,5.04324e+20,sim04552.iv
sim04553,36.2301,3.92326,5.9938,5.47882e+20,4.66558e+19,252.711,3.77628,5.53558,3.97073e+16,8.9596e+16,37.8825,3.06154,5.17832,2.81748e+19,5.56299e+20,sim04553.iv
sim04554,22.4239,3.86464,5.97151,9.75001e+20,3.25471e+19,289.854,3.64944,5.57659,4.51557e+16,5.34117e+16,48.8016,3.11867,5.15277,2.80514e+19,5.72226e+20,sim04554.iv
sim04555,30.4629,3.88659,5.95951,8.84618e+20,4.68087e+19,220.064,3.68828,5.56607,5.2076e+16,3.08423e+16,43.9345,2.82022,5.07239,3.74595e+19,5.8014e+20,sim04555.iv
sim04556,45.1658,3.87946,5.8762,9.74562e+20,1.5872e+19,271.091,3.70224,5.41937,3.84062e+16,5.79207e+16,47.6654,2.98798,5.11173,3.70079e+19,5.72868e+20,sim04556.iv
sim04557,24.4136,3.89566,5.92485,6.58718e+20,1.32521e+19,315.76,3.73988,5.58167,8.12509e+16,7.66561e+16,35.6862,3.17517,5.13764,1.44647e+19,8.88781e+20,sim04557.iv
sim04558,26.7491,3.96151,5.99803,5.65072e+20,1.32174e+19,319.304,3.75969,5.5348,5.18981e+16,8.72137e+16,39.8773,3.14567,5.06692,2.36478e+19,8.05113e+20,sim04558.iv
sim04559,40.6263,3.82675,5.83176,9.16449e+20,3.29712e+19,242.062,3.66667,5.56351,2.90652e+16,6.44496e+16,35.256,3.18216,5.15243,3.86614e+19,8.76479e+20,sim04559.iv
sim04560,48.4173,3.85125,5.80691,6.44948e+20,4.64877e+19,307.87,3.63117,5.46794,6.4093e+16,2.46675e+16,37.9633,2.82962,5.14537,2.20181e+19,7.13682e+20,sim04560.iv
sim04561,20.4201,3.92893,5.93719,9.36886e+20,3.9103e+19,304.696,3.68417,5.41452,6.80126e+16,1.19823e+16,39.7411,2.82992,5.01189,3.26871e+19,9.60084e+20,sim04561.iv
sim04562,41.6972,3.94009,5.95892,7.30307e+20,3.91907e+19,276.949,3.78994,5.54247,3.71699e+16,4.28654e+16,39.1818,2.98999,5.03115,3.53368e+19,8.0934e+20,sim04562.iv
sim04563,20.5015,3.87637,5.94651,5.90382e+20,4.40909e+19,289.459,3.68138,5.59737,6.74056e+16,9.33216e+16,49.9729,2.98365,5.07234,4.47278e+19,5.05149e+20,sim04563.iv
sim04564,33.8751,3.92881,5.96208,8.42561e+20,1.08048e+19,304.494,3.73058,5.40185,3.69153e+16,5.22829e+16,38.9793,3.07218,5.10872,4.97243e+19,8.42963e+20,sim04564.iv
sim04565,24.9575,3.9457,5.84294,5.84059e+20,3.52242e+19,282.043,3.78932,5.51661,5.69594e+16,2.22715e+16,45.8456,2.9268,5.08336,3.0112e+19,9.78248e+20,sim04565.iv
sim04566,27.7566,3.93696,5.94111,5.12474e+20,2.56957e+19,215.712,3.62902,5.41552,3.27587e+16,7.24176e+16,24.4466,2.95799,5.11457,1.81786e+19,6.29228e+20,sim04566.iv
sim04567,36.6717,3.93994,5.89515,6.81571e+20,4.39895e+19,326.658,3.6543,5.54329,6.61202e+16,1.63355e+16,21.8922,2.80012,5.02922,1.474e+19,5.51091e+20,sim04567.iv
sim04568,32.1041,3.94438,5.89157,7.75881e+20,2.34415e+19,302.075,3.6663,5.46202,9.50417e+16,4.95247e+16,33.4048,2.82906,5.18426,2.47409e+19,8.40103e+20,sim04568.iv
sim04569,40.1334,3.97717,5.97576,5.76881e+20,1.43549e+19,334.484,3.65478,5.5673,4.66694e+16,4.13719e+16,25.3391,3.18907,5.0128,3.09422e+19,8.59411e+20,sim04569.iv
sim04570,32.5392,3.85912,5.83146,5.9753e+20,4.7796e+19,267.794,3.60655,5.47823,6.49742e+16,6.56385e+16,22.8257,2.90447,5.14701,4.94519e+19,7.56239e+20,sim04570.iv
sim04571,22.5799,3.97496,5.88746,8.66931e+20,1.97967e+19,332.116,3.65336,5.53877,4.60639e+16,4.2935e+16,25.7248,3.13573,5.08817,2.66586e+19,5.55423e+20,sim04571.iv
sim04572,24.2891,3.87396,5.80863,7.9945e+20,1.74849e+19,311.825,3.72945,5.49431,2.82102e+16,7.96851e+16,49.769,3.08444,5.14519,1.78471e+19,7.01454e+20,sim04572.iv
sim04573,22.4892,3.81646,5.88937,6.25173e+20,3.5824e+19,340.486,3.68583,5.42526,2.85834e+16,5.11782e+16,33.8907,3.01837,5.18039,4.64547e+19,8.20324e+20,sim04573.iv
sim04574,24.6356,3.83346,5.8599,8.62339e+20,4.36231e+19,301.608,3.76895,5.44793,7.1248e+16,3.45644e+16,39.6552,2.81132,5.12196,4.5616e+19,6.30946e+20,sim04574.iv
sim04575,45.9338,3.81091,5.9311,7.09788e+20,1.11154e+19,299.821,3.63199,5.49932,3.21762e+16,2.11658e+16,23.3461,3.05186,5.03959,2.23616e+19,6.00954e+20,sim04575.iv
sim04576,23.7935,3.80055,5.89628,8.84563e+20,1.27795e+19,234.106,3.77782,5.58261,9.65026e+16,6.6523e+16,20.4703,2.85112,5.04397,2.40979e+19,6.75108e+20,sim04576.iv
sim04577,25.333,3.83538,5.99094,5.45276e+20,1.07661e+19,213.458,3.7116,5.4444,5.32261e+16,5.18579e+16,47.1111,2.86466,5.06236,3.71836e+19,7.64408e+20,sim04577.iv
sim04578,37.515,3.89321,5.9641,5.6039e+20,4.81159e+19,235.441,3.63739,5.44625,7.6707e+16,6.38623e+16,23.092,3.14933,5.1978,2.99039e+19,5.11274e+20,sim04578.iv
sim04579,35.3632,3.91586,5.83921,5.17103e+20,2.94883e+19,332.174,3.64961,5.47384,9.13905e+16,6.48923e+16,37.0791,2.93132,5.19249,3.79357e+19,5.51138e+20,sim04579.iv
sim04580,21.4057,3.92332,5.85382,5.54066e+20,3.92614e+19,331.189,3.68986,5.46052,2.22405e+16,7.09941e+16,20.4169,3.07272,5.19123,2.55864e+19,8.63698e+20,sim04580.iv
sim04581,21.6917,3.86823,5.89138,8.22507e+20,2.19956e+19,300.668,3.7447,5.43102,8.58618e+16,7.16812e+16,49.7034,3.11078,5.15226,1.07503e+19,7.11194e+20,sim04581.iv
sim04582,29.2463,3.95472,5.93162,7.55422e+20,2.45187e+19,224.012,3.6626,5.52064,3.64756e+16,2.04337e+16,20.4685,3.16325,5.04464,4.73009e+19,5.11259e+20,sim04582.iv
sim04583,32.8002,3.89891,5.8789,5.48992e+20,4.5043e+19,338.628,3.75085,5.4216,3.26629e+16,3.64803e+16,48.3206,3.11987,5.08721,3.01672e+19,8.98863e+20,sim04583.iv
sim04584,21.8663,3.87848,5.81033,9.56397e+20,2.7664e+19,235.128,3.79584,5.57555,5.57364e+16,9.32072e+16,25.4777,3.10585,5.15465,3.36973e+19,6.98314e+20,sim04584.iv
sim04585,28.4286,3.9287,5.86456,5.65066e+20,4.41083e+19,321.902,3.65953,5.40159,3.1426e+16,6.09692e+16,40.6269,2.96157,5.17149,2.04693e+19,9.71754e+20,sim04585.iv
sim04586,39.4207,3.94987,5.90798,9.99976e+20,1.65839e+19,273.583,3.65278,5.45407,8.30931e+16,6.15739e+16,23.1109,3.17174,5.02879,3.84358e+19,8.39137e+20,sim04586.iv
sim04587,44.7895,3.92758,5.87622,6.01338e+20,3.15889e+19,214.603,3.7047,5.43457,6.80448e+16,4.7066e+16,42.7759,3.03609,5.09976,3.63114e+19,6.10893e+20,sim04587.iv
sim04588,47.6952,3.81415,5.86871,5.28659e+20,3.34417e+19,263.296,3.61139,5.53338,9.62343e+16,1.96263e+16,26.6148,2.90905,5.13601,2.54569e+19,8.77339e+20,sim04588.iv
sim04589,33.8869,3.80469,5.83478,6.60023e+20,3.53702e+19,305.314,3.72801,5.41234,4.32202e+16,6.71675e+16,39.1863,3.03182,5.08521,1.03594e+19,7.79597e+20,sim04589.iv
sim04590,27.8487,3.87049,5.91948,7.39248e+20,2.72947e+19,266.784,3.75297,5.49897,6.57632e+16,1.84511e+16,38.3065,2.82283,5.15432,1.04201e+19,8.72303e+20,sim04590.iv
sim04591,35.8775,3.94142,5.84892,7.62793e+20,4.37685e+19,239.768,3.60517,5.5506,7.3324e+16,2.35138e+16,30.2584,2.96689,5.00779,2.52421e+19,5.46964e+20,sim04591.iv
sim04592,49.8017,3.99634,5.91331,7.39681e+20,4.86407e+19,303.442,3.62647,5.44246,6.89925e+16,9.53008e+16,29.9719,2.8468,5.15181,1.82194e+19,5.48162e+20,sim04592.iv
sim04593,40.6946,3.90925,5.88789,5.26687e+20,1.05222e+19,268.326,3.72052,5.57536,6.37054e+16,5.38678e+16,25.2764,2.86297,5.12226,2.41941e+19,5.779e+20,sim04593.iv
sim04594,31.9512,3.94718,5.81557,5.66512e+20,3.34133e+19,287.059,3.63093,5.52032,6.69017e+16,1.74679e+16,41.7701,2.84503,5.15168,1.96672e+19,6.12687e+20,sim04594.iv
sim04595,40.1015,3.93244,5.85401,9.82789e+20,2.55324e+19,266.691,3.64012,5.41162,8.3733e+16,4.01101e+16,34.7088,3.11364,5.02145,3.47254e+19,6.81639e+20,sim04595.iv
sim04596,45.0584,3.87782,5.99075,6.8676e+20,1.12613e+19,286.615,3.62587,5.42783,5.33711e+16,3.5862e+16,36.2956,3.06373,5.18001,2.14972e+19,7.55301e+20,sim04596.iv
sim04597,42.837,3.91655,5.87221,5.43064e+20,1.76003e+19,215.157,3.72293,5.50118,3.69505e+16,9.54674e+16,35.0333,3.19593,5.07355,3.48938e+19,6.55013e+20,sim04597.iv
sim04598,47.9649,3.85134,5.83926,8.18395e+20,2.3023e+19,332.08,3.6243,5.41226,1.24672e+16,3.73012e+16,44.1819,3.16887,5.18066,4.72523e+19,6.49353e+20,sim04598.iv
sim04599,36.5682,3.87011,5.94115,9.54388e+20,1.6594e+19,277.446,3.68975,5.58155,8.97276e+16,8.75115e+16,42.3791,3.16681,5.19939,1.52075e+19,9.55911e+20,sim04599.iv
sim04600,36.5689,3.85374,5.91385,7.48126e+20,3.16367e+19,262.113,3.7292,5.53544,1.55695e+16,7.93272e+16,36.3509,3.14962,5.13017,4.97445e+19,8.7116e+20,sim04600.iv
sim04601,33.2767,3.84776,5.92661,7.48672e+20,2.72899e+19,325.975,3.78345,5.4914,1.27847e+16,8.91252e+16,21.3066,2.97971,5.06636,2.44367e+19,8.19756e+20,sim04601.iv
sim04602,45.6713,3.94401,5.88713,8.85583e+20,3.5849e+19,278.751,3.66682,5.49754,8.0783e+16,7.17023e+16,44.2424,3.19387,5.19408,4.67477e+19,8.77195e+20,sim04602.iv
sim04603,49.797,3.89497,5.82868,9.03622e+20,1.69228e+19,281.823,3.78032,5.5569,3.84128e+16,3.10127e+16,38.254,3.10252,5.15289,4.06372e+19,5.01431e+20,sim04603.iv
sim04604,41.0302,3.93149,5.88025,9.99311e+20,2.79541e+19,219.842,3.61193,5.4852,6.5436e+16,9.99158e+16,33.0667,3.02936,5.16864,3.83898e+19,9.55526e+20,sim04604.iv
sim04605,39.1818,3.98758,5.92823,5.64023e+20,2.37412e+19,274.891,3.76018,5.45942,5.4352e+16,3.01797e+16,31.2328,2.91208,5.1879,4.61751e+19,8.65227e+20,sim04605.iv
sim04606,23.6773,3.98847,5.83135,5.27262e+20,1.17666e+19,249.189,3.63221,5.43413,3.55561e+16,8.93837e+16,47.1489,3.16248,5.15649,3.63878e+19,7.94644e+20,sim04606.iv
sim04607,49.8153,3.86246,5.94684,5.32473e+20,1.35127e+19,291.911,3.77142,5.58041,1.24786e+16,3.5588e+16,45.6648,3.02024,5.03312,2.82624e+19,8.94451e+20,sim04607.iv
sim04608,43.3145,3.97179,5.80429,6.54262e+20,2.21264e+19,246.264,3.6873,5.48289,4.59869e+16,4.9234e+16,29.3644,3.19247,5.11411,2.85428e+19,6.19825e+20,sim04608.iv
sim04609,27.6652,3.95186,5.88308,6.62816e+20,1.74417e+19,349.188,3.67238,5.43853,7.63816e+16,9.12741e+16,42.6997,2.94889,5.14654,2.2763e+19,7.43814e+20,sim04609.iv
sim04610,23.0711,3.8571,5.90164,5.36719e+20,3.93577e+19,267.804,3.70602,5.49191,7.39762e+16,6.72531e+16,41.1509,2.89291,5.12557,3.08398e+19,5.37183e+20,sim04610.iv
sim04611,21.666,3.9162,5.91681,8.86342e+20,4.05979e+19,273.795,3.68578,5.47771,9.48344e+16,7.20413e+16,30.468,3.08132,5.10802,3.30326e+19,9.57411e+20,sim04611.iv
sim04612,38.1926,3.98125,5.90601,8.83087e+20,3.1122e+19,289.173,3.68604,5.5315,1.60929e+16,7.14966e+16,35.6603,3.08995,5.00211,2.16561e+19,7.83511e+20,sim04612.iv
sim04613,33.9186,3.82186,5.81075,7.0185e+20,2.66508e+19,263.181,3.78784,5.44115,7.44013e+16,2.63521e+16,21.343,3.04853,5.16866,2.3207e+19,7.71544e+20,sim04613.iv
sim04614,38.9096,3.93375,5.92071,9.48434e+20,1.7318e+19,313.806,3.78938,5.46992,8.00447e+16,6.52573e+16,28.2838,2.96191,5.1753,2.92349e+19,6.46592e+20,sim04614.iv
sim04615,49.8949,3.86036,5.80843,5.99647e+20,4.86561e+19,253.53,3.77219,5.57439,1.19444e+16,7.60921e+16,36.302,3.04989,5.08742,1.50181e+19,5.69286e+20,sim04615.iv
sim04616,20.7804,3.85229,5.93107,6.40662e+20,2.51842e+19,292.409,3.72702,5.57216,4.24371e+16,7.56079e+16,30.3563,3.08421,5.18632,2.34402e+19,7.47634e+20,sim04616.iv
sim04617,27.4553,3.90452,5.90351,9.06048e+20,4.12571e+19,268.008,3.63436,5.45065,5.51835e+16,9.72953e+16,40.3692,2.90704,5.19848,4.3423e+19,7.21408e+20,sim04617.iv
sim04618,40.5229,3.82303,5.9966,5.80572e+20,4.41048e+19,276.721,3.74969,5.46584,5.57969e+16,6.36362e+16,32.3846,2.98632,5.19515,2.814e+19,5.80282e+20,sim04618.iv
sim04619,34.5944,3.98104,5.85053,6.5266e+20,2.07766e+19,262.071,3.69449,5.46693,2.67817e+16,4.05736e+16,32.4533,2.99581,5.13108,3.9558e+19,9.12962e+20,sim04619.iv
sim04620,27.5289,3.92305,5.83678,8.10003e+20,4.67616e+19,331.965,3.72162,5.45532,2.25035e+16,5.01323e+16,31.9591,3.0699,5.02127,1.18434e+19,8.62812e+20,sim04620.iv
sim04621,38.0533,3.87081,5.9489,7.21708e+20,4.16689e+19,327.259,3.74931,5.58663,1.64808e+16,2.14123e+16,43.74,3.09167,5.08523,3.13081e+19,6.01903e+20,sim04621.iv
sim04622,30.2238,3.81553,5.80685,8.2941e+20,3.37092e+19,308.097,3.67708,5.56103,4.39022e+16,3.77191e+16,37.9456,3.01829,5.14448,2.83283e+19,9.73816e+20,sim04622.iv
sim04623,34.6938,3.80326,5.91559,8.80978e+20,2.99867e+19,253.011,3.71008,5.53507,6.63737e+16,4.66742e+16,31.4546,3.12421,5.05232,2.53875e+19,8.31155e+20,sim04623.iv
sim04624,32.4376,3.87938,5.82496,7.56954e+20,4.95629e+19,329.826,3.7568,5.49699,8.40405e+16,9.21467e+16,26.5405,2.99862,5.17134,4.28721e+19,9.41721e+20,sim04624.iv
sim04625,48.7425,3.85743,5.91706,5.79651e+20,3.10156e+19,220.255,3.68391,5.50414,7.26599e+16,2.93315e+16,46.3272,2.81101,5.12293,4.65024e+19,9.32791e+20,sim04625.iv
sim04626,35.7275,3.82862,5.81953,8.55905e+20,1.49903e+19,218.357,3.68963,5.43699,8.26352e+16,5.8775e+16,45.6537,2.95578,5.18438,4.90902e+19,7.76149e+20,sim04626.iv
sim04627,25.6122,3.81069,5.98365,7.54553e+20,1.80726e+19,262.462,3.78617,5.59217,2.85582e+16,5.54784e+16,44.1845,3.08893,5.13112,4.31427e+19,9.07387e+20,sim04627.iv
sim04628,38.1459,3.89822,5.96372,8.81866e+20,1.78418e+19,280.665,3.71839,5.59312,5.30153e+16,3.46136e+16,25.746,3.17272,5.10991,2.00567e+19,7.10792e+20,sim04628.iv
sim04629,20.8889,3.80072,5.86855,8.538e+20,3.93164e+19,210.684,3.73666,5.55175,3.08462e+16,2.37763e+16,41.1837,3.02704,5.07935,3.31471e+19,9.05147e+20,sim04629.iv
sim04630,22.7933,3.90248,5.85532,6.42312e+20,4.09303e+19,300.934,3.77753,5.47324,5.54643e+16,2.29783e+16,45.5828,3.04744,5.1821,3.5286e+19,5.67043e+20,sim04630.iv
sim04631,36.8998,3.9899,5.83356,6.64092e+20,3.58292e+19,289.739,3.63661,5.43219,2.32271e+16,5.82113e+16,47.3649,3.00068,5.08196,1.83739e+19,9.42979e+20,sim04631.iv
sim04632,49.5995,3.94205,5.90312,9.5665e+20,3.10038e+19,258.355,3.6374,5.42753,5.04105e+16,4.50452e+16,26.2126,3.00338,5.14574,3.46332e+19,8.86592e+20,sim04632.iv
sim04633,44.2757,3.82718,5.99839,5.81802e+20,3.95458e+19,289.681,3.70367,5.58037,8.10592e+16,1.51277e+16,38.8231,2.99788,5.0827,1.13501e+19,9.39047e+20,sim04633.iv
sim04634,29.8134,3.99983,5.96301,9.01424e+20,3.36971e+19,326.147,3.65021,5.51852,6.25075e+16,4.87799e+16,37.006,3.10234,5.03741,4.90513e+19,7.34477e+20,sim04634.iv
sim04635,40.7854,3.98132,5.99371,7.93323e+20,4.83799e+19,290.61,3.65101,5.51031,2.06359e+16,7.53252e+16,27.0337,2.96609,5.0753,1.94403e+19,8.60005e+20,sim04635.iv
sim04636,29.5693,3.98836,5.80133,7.26725e+20,2.85721e+19,291.833,3.62399,5.57216,2.99862e+16,4.44571e+16,36.9368,2.80189,5.12452,1.81365e+19,8.80232e+20,sim04636.iv
sim04637,28.6273,3.9203,5.89997,9.40556e+20,2.42399e+19,280.337,3.70702,5.42215,5.8877e+16,5.40212e+16,25.1295,3.04869,5.10229,1.56467e+19,8.14104e+20,sim04637.iv
sim04638,34.09,3.98109,5.90772,6.21824e+20,3.96349e+19,269.339,3.76693,5.4901,2.89733e+16,5.4862e+16,23.0997,2.95776,5.11312,3.46921e+19,6.88136e+20,sim04638.iv
sim04639,24.693,3.86403,5.90178,7.73087e+20,4.36445e+19,217.441,3.70726,5.43705,8.95055e+16,7.17053e+16,28.1185,3.03245,5.17315,1.58232e+19,6.58721e+20,sim04639.iv
sim04640,34.3408,3.84978,5.82668,5.95487e+20,2.32718e+19,316.365,3.79658,5.44308,8.31978e+16,5.01189e+16,23.5237,3.03923,5.07824,2.22919e+19,6.85713e+20,sim04640.iv
sim04641,35.3504,3.89977,5.87923,5.53978e+20,3.06865e+19,335.8,3.67916,5.50836,6.70947e+16,4.8572e+16,43.8503,2.81353,5.02351,1.10895e+19,9.6919e+20,sim04641.iv
sim04642,22.9121,3.96205,5.81907,7.19118e+20,3.17491e+19,320.389,3.63123,5.52998,8.81626e+16,9.53766e+16,49.5011,3.17089,5.06956,1.78702e+19,7.11086e+20,sim04642.iv
sim04643,26.3994,3.98561,5.89196,6.54925e+20,4.68015e+19,251.836,3.69934,5.49171,8.54613e+16,5.36325e+16,30.5631,2.84974,5.10789,3.66247e+19,6.29276e+20,sim04643.iv
sim04644,39.9264,3.8924,5.80872,5.22001e+20,1.23751e+19,268.142,3.76399,5.46446,6.6601e+16,8.60369e+16,36.7963,3.16942,5.06126,3.03565e+19,7.72508e+20,sim04644.iv
sim04645,25.254,3.89989,5.9305,5.49804e+20,3.56676e+19,283.54,3.67423,5.47628,8.70243e+16,9.67004e+16,30.6099,2.98347,5.09644,3.61433e+19,6.20409e+20,sim04645.iv
sim04646,30.6968,3.82791,5.80162,5.93599e+20,1.18039e+19,243.925,3.67205,5.41281,9.64256e+16,2.21357e+16,45.6876,3.08579,5.15382,1.88848e+19,9.69519e+20,sim04646.iv
sim04647,26.9054,3.8044,5.83085,6.75167e+20,1.32213e+19,323.628,3.71211,5.58533,6.28711e+16,1.57216e+16,36.0901,2.83145,5.18776,3.62612e+19,6.73969e+20,sim04647.iv
sim04648,38.2752,3.95039,5.98796,8.13262e+20,3.69949e+19,266.155,3.64497,5.47045,6.95581e+16,8.84774e+16,39.9638,3.18258,5.13443,3.51615e+19,5.06252e+20,sim04648.iv
sim04649,38.2977,3.81454,5.90444,7.93139e+20,3.58486e+19,331.966,3.6946,5.49616,5.93828e+16,4.01073e+16,28.1468,2.84278,5.16795,1.16701e+19,9.9059e+20,sim04649.iv
sim04650,28.674,3.94041,5.94626,6.98611e+20,2.6421e+19,293.697,3.61388,5.40439,7.5025e+16,5.67521e+16,49.9491,2.91953,5.07458,3.53928e+19,8.43732e+20,sim04650.iv
sim04651,31.5908,3.82439,5.81359,5.00876e+20,2.48154e+19,249.017,3.6043,5.53189,4.19374e+16,5.90494e+16,45.9217,2.94545,5.04328,2.1124e+19,5.19848e+20,sim04651.iv
sim04652,26.7575,3.98045,5.82516,6.65236e+20,1.51411e+19,218.233,3.67576,5.56452,1.34321e+16,7.17209e+16,21.494,3.09035,5.19308,2.10506e+19,7.28798e+20,sim04652.iv
sim04653,36.435,3.84551,5.80923,5.33973e+20,2.4804e+19,238.907,3.7027,5.41286,7.18347e+16,2.37708e+16,21.0092,2.90078,5.13708,1.4582e+19,8.87112e+20,sim04653.iv
sim04654,38.7903,3.86154,5.81808,9.54807e+20,1.932e+19,298.552,3.73823,5.50637,6.2577e+16,3.66611e+16,37.6241,3.1295,5.15535,1.89229e+19,8.91372e+20,sim04654.iv
sim04655,40.3982,3.88725,5.89725,7.58165e+20,4.11562e+19,295.664,3.76953,5.5641,9.22483e+16,8.87387e+16,20.6269,2.94513,5.07473,3.74763e+19,7.83382e+20,sim04655.iv
sim04656,49.7151,3.92367,5.91341,9.25109e+20,4.1601e+19,232.462,3.69679,5.59835,7.37095e+16,1.21158e+16,21.8459,3.09259,5.15466,4.27787e+19,6.46326e+20,sim04656.iv
sim04657,44.1821,3.99843,5.91523,7.98964e+20,1.97684e+19,240.201,3.60157,5.44301,2.36619e+16,6.96493e+16,21.2332,3.18739,5.18399,2.26164e+19,9.55925e+20,sim04657.iv
sim04658,34.3553,3.9719,5.93766,5.46456e+20,3.85342e+19,299.581,3.76118,5.55315,7.59163e+16,6.81117e+16,45.7471,3.11163,5.14716,1.49039e+19,9.86076e+20,sim04658.iv
sim04659,46.28,3.9071,5.98,7.69051e+20,3.20108e+19,327.942,3.67739,5.5439,8.22983e+16,9.09307e+16,38.7906,2.91539,5.15643,1.36942e+19,8.24735e+20,sim04659.iv
sim04660,41.2289,3.97512,5.87903,8.77207e+20,3.25853e+19,297.966,3.737,5.43141,7.65884e+16,1.85647e+16,49.2235,2.85692,5.19724,2.0026e+19,7.03795e+20,sim04660.iv
sim04661,37.1151,3.8959,5.94137,8.38223e+20,2.46751e+19,317.361,3.69774,5.52372,7.34822e+16,6.53988e+16,22.345,3.10236,5.09507,1.52476e+19,5.9542e+20,sim04661.iv
sim04662,26.6848,3.97739,5.92062,5.27735e+20,4.20874e+19,307.622,3.70293,5.56517,7.91316e+16,5.52821e+16,42.1119,2.80924,5.10062,2.47911e+19,6.15512e+20,sim04662.iv
sim04663,33.8219,3.87848,5.83697,9.99909e+20,1.20797e+19,327.268,3.75082,5.41487,4.07006e+16,6.52985e+16,24.651,3.09721,5.07025,1.56655e+19,8.45487e+20,sim04663.iv
sim04664,27.5306,3.87031,5.887,7.16134e+20,4.16196e+19,300.582,3.77057,5.55425,9.42793e+16,4.14191e+16,37.3696,3.13677,5.16342,4.23876e+19,7.15231e+20,sim04664.iv
sim04665,34.5829,3.81589,5.83487,7.20591e+20,2.24415e+19,243.758,3.62996,5.55069,8.29701e+16,5.4191e+16,44.7519,3.1658,5.03048,4.32304e+19,5.13888e+20,sim04665.iv
sim04666,23.3926,3.88224,5.9342,7.44619e+20,1.83678e+19,298.363,3.77375,5.55902,3.67034e+16,9.1187e+16,31.5972,3.1595,5.02069,4.74161e+19,6.74048e+20,sim04666.iv
sim04667,33.1734,3.96759,5.93794,7.77536e+20,3.71481e+19,282.966,3.60525,5.49407,6.44118e+16,2.18266e+16,26.7744,2.89171,5.1082,1.90195e+19,6.13666e+20,sim04667.iv
sim04668,32.7637,3.95767,5.85589,6.2578e+20,3.01056e+19,259.367,3.79617,5.56129,4.52545e+16,2.07768e+16,26.5366,3.11334,5.09139,1.78142e+19,8.12449e+20,sim04668.iv
sim04669,39.1833,3.86585,5.82882,7.81906e+20,3.25518e+19,273.973,3.79398,5.4641,5.52523e+16,6.7184e+16,40.7163,3.13814,5.04417,4.44939e+19,5.50635e+20,sim04669.iv
sim04670,21.9462,3.97422,5.86502,8.98194e+20,4.09618e+19,304.566,3.64091,5.48493,8.28424e+16,1.88331e+16,35.1794,2.86146,5.02045,2.76586e+19,6.54766e+20,sim04670.iv
sim04671,44.6237,3.89759,5.94821,8.30666e+20,4.80522e+19,246.403,3.75616,5.43752,8.76054e+16,8.86162e+16,44.5229,2.92841,5.02934,4.37299e+19,7.94789e+20,sim04671.iv
sim04672,33.4403,3.88252,5.82027,8.23478e+20,3.08322e+19,344.579,3.73501,5.59313,2.25857e+16,7.14245e+16,44.4285,3.04446,5.12297,1.62304e+19,6.60608e+20,sim04672.iv
sim04673,38.9765,3.8946,5.97261,8.88645e+20,3.13975e+19,295.663,3.73127,5.53104,7.26471e+16,5.4746e+16,23.7143,3.18206,5.00329,1.06633e+19,9.69204e+20,sim04673.iv
sim04674,34.8315,3.96351,5.87714,7.15472e+20,3.8215e+19,281.239,3.78012,5.5383,5.74541e+16,8.46761e+16,36.347,2.91985,5.02408,2.4022e+19,8.17281e+20,sim04674.iv
sim04675,49.4506,3.94911,5.92379,6.01194e+20,3.828e+19,283.214,3.74779,5.4731,5.30317e+16,5.73424e+16,30.8629,3.03149,5.05527,1.30537e+19,5.89191e+20,sim04675.iv
sim04676,34.8251,3.81342,5.87734,8.37845e+20,3.04853e+19,287.5,3.74489,5.42418,3.37428e+16,4.80273e+16,28.0443,2.97552,5.17873,1.45778e+19,6.47305e+20,sim04676.iv
sim04677,46.0189,3.913,5.994,5.86232e+20,4.02289e+19,327.473,3.79171,5.43156,5.82176e+16,4.62722e+16,38.1791,2.8318,5.09476,1.11591e+19,6.54737e+20,sim04677.iv
sim04678,44.6449,3.89342,5.97026,5.29077e+20,3.80014e+19,218.395,3.63108,5.56072,1.17733e+16,4.42514e+16,48.089,2.86208,5.18957,1.78284e+19,6.34974e+20,sim04678.iv
sim04679,39.143,3.80131,5.94181,9.51764e+20,2.42331e+19,294.751,3.67146,5.53838,5.74226e+16,5.52392e+16,21.5686,3.06466,5.1012,2.28354e+19,7.3986e+20,sim04679.iv
sim04680,29.9148,3.85422,5.82424,6.09923e+20,1.51874e+19,211.416,3.74755,5.41889,4.55375e+16,6.82747e+16,41.2312,2.83066,5.1763,1.35796e+19,7.56626e+20,sim04680.iv
sim04681,44.6673,3.89156,5.99993,8.52912e+20,2.35527e+19,220.669,3.76502,5.5741,6.67581e+16,3.97622e+16,36.9757,2.8011,5.08347,4.9453e+19,6.06572e+20,sim04681.iv
sim04682,40.4876,3.82099,5.94598,7.19999e+20,2.36309e+19,280.782,3.76373,5.56767,4.17601e+16,6.69573e+16,29.6899,2.98072,5.13125,2.02279e+19,6.6243e+20,sim04682.iv
sim04683,24.9775,3.92031,5.96911,9.59053e+20,4.77065e+19,319.135,3.69461,5.5625,3.30146e+16,5.59831e+16,47.5549,3.03124,5.12221,3.48523e+19,9.01884e+20,sim04683.iv
sim04684,22.5237,3.87475,5.9873,9.82551e+20,3.23548e+19,252.004,3.77031,5.57817,3.67552e+16,7.60726e+16,48.5353,2.97287,5.0163,4.33408e+19,8.36811e+20,sim04684.iv
sim04685,42.7466,3.932,5.88394,9.82266e+20,3.48964e+19,283.54,3.7113,5.55272,6.48167e+16,1.662e+16,28.3252,3.00529,5.03302,4.42315e+19,8.88303e+20,sim04685.iv
sim04686,42.6965,3.89353,5.858,9.18961e+20,2.41114e+19,288.191,3.65858,5.59652,7.36793e+16,9.68275e+16,48.8202,2.8837,5.14618,2.86286e+19,8.15095e+20,sim04686.iv
sim04687,33.9753,3.81142,5.93619,7.43729e+20,1.53453e+19,301.723,3.63187,5.57531,1.19003e+16,4.78834e+16,30.2852,3.1533,5.14874,2.0579e+19,6.69447e+20,sim04687.iv
sim04688,39.0929,3.99358,5.88128,9.17331e+20,3.87139e+19,308.882,3.64776,5.40595,5.22587e+16,6.48065e+16,34.3284,2.95372,5.0577,4.43756e+19,5.84877e+20,sim04688.iv
sim04689,20.161,3.82163,5.88856,7.80066e+20,3.79011e+19,288.523,3.72695,5.42337,4.95171e+16,7.38653e+16,29.7272,2.90295,5.05517,2.51676e+19,5.0188e+20,sim04689.iv
sim04690,47.1254,3.84118,5.97134,5.28049e+20,2.11667e+19,286.07,3.62889,5.59744,6.05374e+16,8.26279e+16,28.3315,2.87603,5.16948,1.8831e+19,6.91539e+20,sim04690.iv
sim04691,42.2156,3.84671,5.93097,9.78023e+20,3.15274e+19,247.835,3.78801,5.58329,6.62023e+16,7.75983e+16,42.5597,2.97804,5.05303,1.26664e+19,5.2373e+20,sim04691.iv
sim04692,21.5942,3.84781,5.82253,5.23809e+20,3.33305e+19,257.579,3.79987,5.53352,9.45088e+16,1.58285e+16,27.8563,3.11251,5.12366,2.44873e+19,9.20366e+20,sim04692.iv
sim04693,35.0139,3.98329,5.90946,7.93891e+20,2.23888e+19,221.199,3.60267,5.45774,8.65203e+16,4.04162e+16,45.0104,3.19641,5.08622,2.74223e+19,9.25725e+20,sim04693.iv
sim04694,36.8057,3.96642,5.94044,6.87259e+20,3.58218e+19,213.919,3.70027,5.4179,5.96455e+16,8.30946e+16,24.8039,2.95814,5.10924,1.80802e+19,5.16465e+20,sim04694.iv
sim04695,20.0432,3.85109,5.86136,7.32369e+20,4.3936e+19,268.295,3.6167,5.4653,3.75405e+16,6.12905e+16,39.4576,2.8002,5.10797,1.98505e+19,8.80753e+20,sim04695.iv
sim04696,30.1234,3.98315,5.87947,6.75222e+20,1.53777e+19,234.474,3.73482,5.5143,5.95173e+16,2.19724e+16,23.1758,2.97526,5.19067,2.68195e+19,9.51891e+20,sim04696.iv
sim04697,49.0268,3.82222,5.98489,8.6073e+20,1.38047e+19,311.892,3.69865,5.42795,3.14293e+16,7.37539e+16,29.5746,3.18079,5.16404,3.21593e+19,8.12892e+20,sim04697.iv
sim04698,47.5685,3.86411,5.96181,7.24392e+20,4.48534e+19,219.129,3.74358,5.5617,6.51967e+16,3.64165e+16,24.4394,3.09563,5.02563,4.37733e+19,7.50562e+20,sim04698.iv
sim04699,31.4621,3.84733,5.80328,9.52639e+20,3.41755e+19,308.125,3.79474,5.44374,1.56446e+16,5.36245e+16,32.6318,2.8255,5.09446,3.16552e+19,5.58398e+20,sim04699.iv
sim04700,40.8574,3.86914,5.91287,8.18546e+20,2.43283e+19,312.968,3.73106,5.41152,2.20727e+16,1.40357e+16,46.0909,2.93968,5.10615,3.11325e+19,7.36502e+20,sim04700.iv
sim04701,31.9893,3.86908,5.85183,6.18249e+20,3.58372e+19,308.361,3.64872,5.42735,7.94736e+16,1.66442e+16,36.5498,2.99429,5.13927,4.18492e+19,9.61021e+20,sim04701.iv
sim04702,28.214,3.80769,5.91387,6.91498e+20,2.77635e+19,327.707,3.6722,5.50787,2.2207e+16,8.13354e+16,34.6959,2.93042,5.08743,1.95956e+19,7.8122e+20,sim04702.iv
sim04703,26.7662,3.87173,5.81733,6.50111e+20,2.52678e+19,318.944,3.72971,5.42361,6.41788e+16,4.98361e+16,32.471,2.84163,5.11693,1.69861e+19,6.39589e+20,sim04703.iv
sim04704,44.5855,3.81147,5.95593,6.94843e+20,2.13822e+19,280.62,3.65314,5.56861,1.40308e+16,7.03654e+16,44.1733,2.88585,5.1542,2.80424e+19,9.9451e+20,sim04704.iv
sim04705,31.3044,3.86439,5.97859,8.29824e+20,4.0875e+19,268.216,3.69846,5.59646,5.86247e+16,7.71989e+16,49.3833,3.09062,5.14293,1.4625e+19,6.05873e+20,sim04705.iv
sim04706,43.4595,3.99655,5.88675,8.8075e+20,1.04442e+19,227.378,3.61574,5.42122,1.51939e+16,1.22293e+16,40.1198,2.97594,5.10843,2.36301e+19,7.00526e+20,sim04706.iv
sim04707,24.7922,3.92845,5.82668,9.40592e+20,2.12984e+19,246.545,3.6394,5.42148,3.25801e+16,9.97894e+16,20.7249,2.99721,5.07088,4.11309e+19,8.07642e+20,sim04707.iv
sim04708,20.8975,3.81606,5.93161,8.45053e+20,3.55002e+19,301.733,3.76709,5.47653,3.86717e+16,8.38673e+16,30.0045,3.18354,5.14412,3.80851e+19,9.53666e+20,sim04708.iv
sim04709,42.9987,3.80858,5.89161,6.88958e+20,2.70141e+19,249.419,3.64427,5.50859,7.68628e+16,2.65753e+16,28.2809,3.06591,5.13364,1.34453e+19,5.38761e+20,sim04709.iv
sim04710,34.9207,3.96734,5.84439,9.99168e+20,4.99609e+19,294.42,3.79212,5.47857,5.51522e+16,7.32919e+16,22.1202,3.1076,5.18734,3.28078e+19,6.09519e+20,sim04710.iv
sim04711,23.9067,3.84355,5.84028,9.30084e+20,1.54796e+19,345.811,3.75575,5.54649,6.55602e+16,1.40404e+16,41.5617,2.95304,5.02472,4.32801e+19,6.66724e+20,sim04711.iv
sim04712,38.0724,3.83129,5.82558,7.23264e+20,1.17199e+19,296.024,3.61576,5.50455,4.24493e+16,3.91288e+16,43.0748,2.98971,5.03871,2.54891e+19,6.93075e+20,sim04712.iv
sim04713,35.871,3.92932,5.86126,6.57109e+20,4.17707e+19,235.243,3.73085,5.59763,8.03927e+16,3.40271e+16,21.0106,2.91558,5.00064,3.34184e+19,7.29414e+20,sim04713.iv
sim04714,38.0333,3.95825,5.84632,6.86111e+20,2.84461e+19,317.677,3.69105,5.44222,9.06295e+16,1.56433e+16,39.1815,2.9222,5.09755,4.86721e+19,7.97042e+20,sim04714.iv
sim04715,40.1774,3.93033,5.94374,7.22011e+20,1.06878e+19,334.575,3.71228,5.58266,7.62819e+16,7.77865e+16,39.5763,3.18465,5.15886,2.7419e+19,6.36708e+20,sim04715.iv
sim04716,31.8573,3.83636,5.84764,5.81217e+20,1.22818e+19,265.031,3.75186,5.41385,6.7762e+16,9.81818e+16,33.6293,2.91066,5.12444,3.73513e+19,6.46641e+20,sim04716.iv
sim04717,31.9718,3.98789,5.90533,9.9343e+20,3.03546e+19,232.942,3.75977,5.57176,1.27411e+16,3.10216e+16,33.51,3.16812,5.17688,3.61473e+19,8.81797e+20,sim04717.iv
sim04718,24.3384,3.9135,5.95648,6.17741e+20,1.50149e+19,293.983,3.78395,5.59474,4.83463e+16,5.20601e+16,38.7883,2.81505,5.1085,3.5108e+19,5.62502e+20,sim04718.iv
sim04719,44.8739,3.90708,5.9737,7.77236e+20,2.23284e+19,262.449,3.79102,5.49022,5.5757e+16,7.82657e+16,44.4542,3.1681,5.13856,2.19193e+19,5.74728e+20,sim04719.iv
sim04720,33.7744,3.81887,5.9828,9.89933e+20,3.08458e+19,215.424,3.65919,5.47768,4.51609e+16,7.32779e+16,49.4433,2.80982,5.19311,4.66794e+19,9.28065e+20,sim04720.iv
sim04721,33.0878,3.87832,5.8959,8.26789e+20,2.05199e+19,266.027,3.79192,5.4147,2.82173e+16,1.37296e+16,37.7957,3.00787,5.01308,2.8477e+19,5.97684e+20,sim04721.iv
sim04722,39.3822,3.96166,5.82142,8.77486e+20,2.76368e+19,281.824,3.68988,5.54334,7.40943e+16,6.28356e+16,26.7871,2.95204,5.16283,2.25199e+19,9.59032e+20,sim04722.iv
sim04723,28.638,3.91007,5.92228,5.84342e+20,2.97006e+19,246.562,3.64781,5.49753,3.68195e+16,6.33821e+16,41.2679,3.09127,5.0418,2.34632e+19,9.84944e+20,sim04723.iv
sim04724,47.473,3.98407,5.92168,7.79612e+20,3.12917e+19,312.227,3.60927,5.43211,3.43686e+16,6.79494e+16,27.9328,2.85617,5.01944,4.5846e+19,8.37811e+20,sim04724.iv
sim04725,32.6354,3.81967,5.92721,8.10305e+20,1.02913e+19,254.979,3.75324,5.5729,3.28361e+16,5.01738e+16,43.1898,3.03859,5.07064,4.88639e+19,7.5516e+20,sim04725.iv
sim04726,38.7822,3.90073,5.82571,7.72931e+20,2.12009e+19,213.356,3.63239,5.58522,8.20508e+16,1.19907e+16,38.2862,3.0354,5.09417,1.57617e+19,9.67839e+20,sim04726.iv
sim04727,35.6025,3.94657,5.9699,9.81432e+20,1.43729e+19,263.793,3.70509,5.51564,9.19249e+16,5.33217e+16,42.9899,2.97991,5.07683,2.03998e+19,6.5181e+20,sim04727.iv
sim04728,39.089,3.81109,5.86246,8.3738e+20,1.35826e+19,285.667,3.69184,5.41303,1.68798e+16,6.40738e+16,35.8405,3.08829,5.12486,2.96853e+19,7.15918e+20,sim04728.iv
sim04729,29.5511,3.80802,5.81564,7.89038e+20,3.31868e+19,216.326,3.68697,5.5899,2.69243e+16,7.91326e+16,35.2442,3.11115,5.05436,4.93779e+19,6.79997e+20,sim04729.iv
sim04730,38.804,3.93671,5.93212,7.64842e+20,3.70614e+19,305.104,3.74754,5.54524,7.0587e+16,9.19603e+16,46.948,2.81705,5.19621,4.17645e+19,7.96744e+20,sim04730.iv
sim04731,38.2506,3.87775,5.88608,6.8952e+20,4.79661e+19,293.727,3.63178,5.55408,7.24898e+16,6.69972e+16,27.9227,3.04746,5.16327,1.6688e+19,7.73683e+20,sim04731.iv
sim04732,26.2692,3.91047,5.92842,9.054e+20,2.9937e+19,340.257,3.78227,5.56338,5.99652e+16,2.70471e+16,39.5254,3.08239,5.09893,4.86779e+19,5.48522e+20,sim04732.iv
sim04733,45.6261,3.98076,5.92563,9.43882e+20,1.8484e+19,258.335,3.63628,5.46271,2.4881e+16,2.4746e+16,20.924,3.09788,5.06043,3.44428e+19,8.47248e+20,sim04733.iv
sim04734,40.1337,3.98615,5.94395,8.07956e+20,1.52936e+19,212.975,3.74503,5.57349,6.38919e+16,9.91622e+16,46.6399,3.17554,5.14616,4.85428e+19,8.00227e+20,sim04734.iv
sim04735,34.0647,3.80916,5.98436,6.97405e+20,1.38799e+19,309.73,3.6666,5.50876,9.96813e+16,6.89398e+16,20.7505,2.82227,5.11594,1.20318e+19,5.03139e+20,sim04735.iv
sim04736,29.6372,3.81135,5.9714,6.86522e+20,2.91968e+19,316.237,3.66621,5.46453,3.4175e+16,9.78717e+16,26.2871,3.07367,5.12896,2.84569e+19,8.81111e+20,sim04736.iv
sim04737,25.4105,3.81584,5.92779,6.30463e+20,4.49766e+19,289.908,3.63688,5.45697,6.37381e+16,9.38619e+16,31.4548,2.82388,5.13794,3.22553e+19,8.77071e+20,sim04737.iv
sim04738,35.0458,3.87973,5.88604,9.05944e+20,2.55934e+19,274.967,3.65008,5.40284,2.90487e+16,8.26419e+16,47.461,3.09666,5.08745,3.72004e+19,5.61911e+20,sim04738.iv
sim04739,22.7609,3.83753,5.9208,7.10174e+20,1.73186e+19,286.392,3.78232,5.51026,5.65809e+16,4.19495e+16,20.3708,2.89836,5.06603,2.81745e+19,9.61103e+20,sim04739.iv
sim04740,29.0172,3.86261,5.8642,6.07089e+20,2.73082e+19,314.669,3.74699,5.40079,7.91628e+16,4.53774e+16,20.5853,3.19638,5.17476,2.4304e+19,8.41026e+20,sim04740.iv
sim04741,39.1328,3.99709,5.83631,6.06563e+20,3.68016e+19,220.519,3.76418,5.44282,7.90332e+16,2.38227e+16,42.2091,2.83212,5.02082,1.19405e+19,8.29784e+20,sim04741.iv
sim04742,24.9659,3.87269,5.97775,6.58632e+20,1.6579e+19,303.752,3.63178,5.54579,5.00716e+16,9.40852e+16,26.9664,2.99461,5.17025,3.59579e+19,6.0243e+20,sim04742.iv
sim04743,22.1219,3.91221,5.91378,6.07336e+20,4.16324e+19,243.082,3.79441,5.54231,6.45133e+16,6.89569e+16,20.196,2.94434,5.17336,4.68647e+19,5.95669e+20,sim04743.iv
sim04744,46.9521,3.87463,5.93918,9.3765e+20,1.88924e+19,229.038,3.69454,5.52458,6.11069e+16,7.11854e+16,47.5615,2.84585,5.19271,1.64312e+19,9.66317e+20,sim04744.iv
sim04745,42.757,3.96227,5.97491,5.56379e+20,3.65549e+19,258.442,3.67606,5.50522,6.3899e+16,7.32387e+16,38.3177,2.89077,5.07242,4.44519e+19,8.56995e+20,sim04745.iv
sim04746,33.7977,3.84754,5.96643,6.24759e+20,4.61651e+19,271.577,3.7325,5.44451,2.37961e+16,3.13329e+16,36.7182,3.07515,5.09632,4.14915e+19,5.75824e+20,sim04746.iv
sim04747,48.1141,3.91998,5.86644,7.73655e+20,2.7682e+19,323.136,3.65729,5.52482,7.5729e+16,9.75072e+16,22.7201,3.04864,5.07259,2.57121e+19,7.12804e+20,sim04747.iv
sim04748,30.0955,3.90581,5.84878,9.24943e+20,4.34266e+19,223.056,3.61505,5.48352,7.01721e+16,6.41317e+16,26.2167,3.02032,5.00408,1.66138e+19,6.39738e+20,sim04748.iv
sim04749,41.9248,3.95048,5.82457,5.8422e+20,1.78443e+19,289.901,3.61706,5.55752,7.09101e+16,7.4023e+16,28.8381,3.02035,5.06107,2.72514e+19,5.44544e+20,sim04749.iv
sim04750,25.8791,3.81648,5.92385,9.02025e+20,4.91774e+19,305.968,3.77177,5.46908,8.22038e+16,3.03626e+16,36.6286,2.95095,5.1375,3.34506e+19,8.88935e+20,sim04750.iv
sim04751,26.9357,3.97865,5.86283,5.34109e+20,2.58024e+19,214.649,3.73135,5.43769,7.65872e+16,9.1794e+16,37.6912,3.06573,5.08553,1.35394e+19,7.15245e+20,sim04751.iv
sim04752,32.304,3.87721,5.92494,7.56218e+20,4.63763e+19,316.008,3.74256,5.58097,5.31576e+16,9.27125e+16,32.4356,2.9153,5.15821,4.20339e+19,7.05482e+20,sim04752.iv
sim04753,39.0233,3.97334,5.80574,8.82159e+20,2.39467e+19,340.263,3.62779,5.52878,7.83135e+16,2.30469e+16,46.2565,2.96199,5.00615,3.62717e+19,5.02287e+20,sim04753.iv
sim04754,48.1289,3.90255,5.97551,8.33881e+20,4.75295e+19,285.852,3.66509,5.41607,3.28289e+16,9.14986e+16,49.501,2.81476,5.05135,1.81228e+19,7.57704e+20,sim04754.iv
sim04755,33.7619,3.9963,5.87079,7.9641e+20,4.18241e+19,212.112,3.75809,5.53857,9.18067e+16,9.6755e+16,36.9969,3.09362,5.19734,4.37352e+19,7.90872e+20,sim04755.iv
sim04756,24.4008,3.87426,5.97534,5.41657e+20,4.54754e+19,298.321,3.76194,5.48043,3.76042e+16,9.72609e+16,37.6884,3.07415,5.18544,2.89899e+19,5.41078e+20,sim04756.iv
sim04757,27.4508,3.92467,5.95259,7.53011e+20,3.56582e+19,305.417,3.60835,5.4951,8.89378e+16,1.53713e+16,40.2414,3.0206,5.14385,4.5652e+19,9.44165e+20,sim04757.iv
sim04758,44.6807,3.88654,5.83562,8.59303e+20,4.01446e+19,230.822,3.74816,5.54821,5.87997e+16,8.7059e+16,47.067,2.87135,5.03517,1.37043e+19,9.60058e+20,sim04758.iv
sim04759,24.936,3.90699,5.81856,7.95778e+20,2.69249e+19,242.625,3.73611,5.49392,5.402e+16,9.70793e+16,29.4435,3.19708,5.16773,1.64307e+19,6.75979e+20,sim04759.iv
sim04760,29.4321,3.94617,5.85317,6.39779e+20,3.94467e+19,318.579,3.74696,5.49922,7.69391e+16,6.31949e+16,45.7228,3.08288,5.12262,3.47568e+19,6.46474e+20,sim04760.iv
sim04761,37.7499,3.99502,5.98926,5.60376e+20,2.57506e+19,241.819,3.75445,5.51203,8.98427e+16,2.15574e+16,38.6322,2.99385,5.11719,4.26537e+19,9.22459e+20,sim04761.iv
sim04762,20.0047,3.97092,5.99608,8.83132e+20,1.78552e+19,251.55,3.61973,5.59781,4.72969e+16,9.12292e+16,43.0948,2.94181,5.05184,2.82157e+19,6.67296e+20,sim04762.iv
sim04763,36.701,3.80592,5.92463,9.43741e+20,1.89966e+19,258.142,3.78243,5.53934,1.12219e+16,4.69544e+16,23.6398,2.89426,5.15352,1.34987e+19,6.66036e+20,sim04763.iv
sim04764,24.7672,3.95374,5.87767,7.41057e+20,1.54297e+19,337.073,3.77366,5.55779,8.48426e+16,9.9605e+16,36.1727,3.14719,5.17533,2.91978e+19,5.88318e+20,sim04764.iv
sim04765,37.0349,3.95699,5.93424,8.58545e+20,1.75257e+19,224.622,3.66146,5.50841,2.93168e+16,2.73225e+16,49.5607,3.10221,5.07198,1.49135e+19,5.75277e+20,sim04765.iv
sim04766,31.9039,3.84218,5.80477,9.03719e+20,2.04169e+19,330.493,3.7882,5.49677,3.27237e+16,6.77273e+16,48.4666,3.10105,5.03075,4.29419e+19,7.81579e+20,sim04766.iv
sim04767,33.7263,3.83642,5.90794,8.69387e+20,2.51286e+19,343.416,3.6339,5.40432,5.56452e+16,2.53802e+16,39.2605,2.97337,5.08221,2.81936e+19,5.60552e+20,sim04767.iv
sim04768,28.2412,3.88954,5.95285,9.42326e+20,2.0853e+19,232.01,3.6731,5.47369,5.08044e+16,6.50892e+16,32.6877,2.9016,5.01622,4.21432e+19,8.69462e+20,sim04768.iv
sim04769,45.6638,3.83784,5.97001,9.51734e+20,4.3815e+19,215.365,3.66925,5.59351,5.84804e+16,7.9259e+16,29.2697,2.97888,5.07666,4.18539e+19,5.74672e+20,sim04769.iv
sim04770,33.8014,3.97742,5.97286,9.0732e+20,1.42301e+19,291.244,3.66449,5.59424,6.1985e+16,9.11064e+16,25.4024,3.13077,5.08294,2.94168e+19,9.11326e+20,sim04770.iv
sim04771,25.9756,3.83259,5.81034,7.69919e+20,3.79393e+19,339.974,3.75369,5.5237,5.57537e+16,5.11017e+16,33.1149,3.12233,5.07129,2.25747e+19,9.4634e+20,sim04771.iv
sim04772,46.1458,3.94732,5.93092,6.81938e+20,4.06521e+19,319.967,3.70103,5.47758,2.06659e+16,6.21015e+16,35.6255,3.05488,5.00269,3.4982e+19,9.11218e+20,sim04772.iv
sim04773,37.6672,3.89038,5.99914,8.06957e+20,4.19192e+19,241.091,3.6388,5.58471,9.34625e+16,2.15469e+16,48.9085,3.09163,5.05982,1.87174e+19,8.25733e+20,sim04773.iv
sim04774,22.9231,3.94212,5.96443,7.54496e+20,4.30235e+19,304.442,3.71571,5.48534,6.87148e+16,9.76905e+16,23.5346,2.86749,5.1326,4.93827e+19,7.49794e+20,sim04774.iv
sim04775,31.8809,3.99208,5.85577,6.64428e+20,2.68784e+19,282.706,3.61081,5.48052,6.24415e+16,2.11304e+16,33.8339,2.92292,5.0223,4.66406e+19,6.78985e+20,sim04775.iv
sim04776,34.787,3.90495,5.83319,7.83245e+20,1.98339e+19,294.709,3.62346,5.5584,8.77116e+16,9.8237e+16,46.8649,3.06567,5.02892,1.34929e+19,5.39533e+20,sim04776.iv
sim04777,45.1988,3.95297,5.84451,6.18251e+20,1.38643e+19,346.06,3.65023,5.56954,7.88654e+16,8.21924e+16,38.8584,2.88527,5.04406,4.73442e+19,7.76721e+20,sim04777.iv
sim04778,40.1207,3.90609,5.86849,8.52256e+20,4.438e+19,242.728,3.63251,5.41318,9.12848e+16,7.18563e+16,41.3193,2.82174,5.07972,1.22922e+19,8.44474e+20,sim04778.iv
sim04779,30.2723,3.99614,5.94417,5.71347e+20,1.72852e+19,227.064,3.6499,5.59424,9.86831e+16,3.58214e+16,27.3262,2.90263,5.10117,2.92683e+19,7.24219e+20,sim04779.iv
sim04780,22.388,3.85167,5.89084,6.07821e+20,3.4982e+19,231.558,3.67183,5.55179,6.32467e+16,9.21145e+16,28.6512,2.80412,5.10125,1.88501e+19,5.61619e+20,sim04780.iv
sim04781,20.5342,3.91732,5.87725,6.61654e+20,2.52572e+19,316.843,3.64643,5.50194,9.94595e+16,1.44932e+16,39.7294,3.07312,5.08455,4.22882e+19,8.35704e+20,sim04781.iv
sim04782,41.3683,3.82588,5.90947,5.83665e+20,1.31872e+19,269.432,3.61974,5.40008,9.74008e+16,8.89209e+16,25.5766,2.85995,5.06861,1.45052e+19,6.69467e+20,sim04782.iv
sim04783,41.1607,3.84789,5.95572,9.61444e+20,1.15212e+19,285.682,3.61529,5.51023,1.33494e+16,5.47547e+16,32.8099,3.18306,5.03634,1.43371e+19,5.36521e+20,sim04783.iv
sim04784,24.1894,3.91725,5.99467,7.97876e+20,3.60781e+19,296.155,3.63507,5.58892,9.92646e+16,2.40536e+16,27.4652,3.02811,5.18381,3.32395e+19,6.88615e+20,sim04784.iv
sim04785,31.3983,3.88002,5.98614,8.85532e+20,4.20238e+19,216.041,3.6619,5.55671,2.06705e+16,3.35357e+16,44.6857,3.02341,5.10882,2.18065e+19,5.46341e+20,sim04785.iv
sim04786,45.9513,3.83632,5.90533,7.96222e+20,2.90803e+19,323.89,3.601,5.47251,7.30191e+16,1.43405e+16,47.6281,2.95156,5.11903,1.03784e+19,7.69672e+20,sim04786.iv
sim04787,26.1954,3.86716,5.98758,8.58945e+20,3.58418e+19,348.424,3.63576,5.41218,7.91707e+16,1.20763e+16,43.3759,3.00244,5.04538,3.56133e+19,7.47059e+20,sim04787.iv
sim04788,25.6806,3.96118,5.85785,6.22507e+20,3.78265e+19,268.741,3.66873,5.51201,6.93553e+16,2.11958e+16,46.8593,2.94895,5.03907,1.5177e+19,9.49568e+20,sim04788.iv
sim04789,21.9073,3.94173,5.80408,9.39387e+20,4.64162e+19,247.42,3.61243,5.40784,9.6225e+16,6.77208e+16,48.5764,2.99215,5.16043,4.79436e+19,6.25561e+20,sim04789.iv
sim04790,22.6906,3.85615,5.9096,8.47725e+20,4.9027e+19,319.862,3.6175,5.58411,8.60457e+16,2.9366e+16,46.7696,2.89087,5.1049,4.07611e+19,5.47889e+20,sim04790.iv
sim04791,41.2211,3.90355,5.90192,8.09377e+20,1.3028e+19,227.819,3.63532,5.43033,5.04289e+16,6.40159e+16,24.0147,3.09796,5.16973,1.38656e+19,5.84143e+20,sim04791.iv
sim04792,31.0795,3.93141,5.81709,6.7365e+20,4.96336e+19,282.829,3.63466,5.52232,4.20809e+16,9.00727e+16,48.5174,2.89411,5.18377,4.1032e+19,5.77811e+20,sim04792.iv
sim04793,44.7858,3.83556,5.80194,8.88961e+20,2.38455e+19,339.031,3.68858,5.52209,7.71243e+16,8.59962e+16,25.3229,2.88165,5.17757,2.16787e+19,8.18626e+20,sim04793.iv
sim04794,22.1268,3.93355,5.83724,8.98907e+20,3.9679e+19,292.322,3.6301,5.45304,1.37966e+16,3.83525e+16,31.4201,2.98609,5.19935,3.90119e+19,6.96463e+20,sim04794.iv
sim04795,45.3703,3.8733,5.87249,5.31849e+20,3.94081e+19,238.326,3.64703,5.46926,8.39742e+16,8.74576e+16,36.5275,3.17024,5.08544,3.41947e+19,9.64622e+20,sim04795.iv
sim04796,35.6391,3.89219,5.80579,9.40267e+20,1.75597e+19,273.984,3.75881,5.50253,8.02886e+16,8.53055e+16,45.6589,2.83183,5.04131,4.6379e+19,6.31382e+20,sim04796.iv
sim04797,41.1997,3.90581,5.9874,6.27706e+20,4.22499e+19,267.351,3.64808,5.49817,5.86833e+16,1.992e+16,25.766,3.1637,5.13314,3.81653e+19,6.76982e+20,sim04797.iv
sim04798,36.1931,3.80771,5.82865,9.87761e+20,1.83828e+19,278.724,3.78608,5.53067,2.49543e+16,5.04355e+16,33.8807,2.99023,5.16828,3.22277e+19,8.82896e+20,sim04798.iv
sim04799,30.9564,3.93918,5.88565,8.83706e+20,3.94177e+19,257.651,3.67129,5.56459,6.37802e+16,6.54272e+16,48.7566,2.88933,5.10439,1.78289e+19,6.19797e+20,sim04799.iv
sim04800,38.2707,3.82303,5.82981,6.21731e+20,3.0323e+19,344.273,3.73618,5.53066,4.32858e+16,1.80396e+16,43.867,2.81556,5.1478,2.45247e+19,7.3815e+20,sim04800.iv
sim04801,35.6021,3.84913,5.93362,6.39548e+20,1.58365e+19,260.4,3.76698,5.48325,9.67127e+16,1.33469e+16,20.5502,3.15851,5.03842,1.86586e+19,8.90932e+20,sim04801.iv
sim04802,25.4228,3.92286,5.80895,9.3795e+20,3.28316e+19,272.863,3.67261,5.46252,3.37712e+16,9.77648e+16,29.1539,2.89507,5.09157,2.02969e+19,6.35766e+20,sim04802.iv
sim04803,27.9614,3.82757,5.97738,5.92091e+20,1.08759e+19,318.865,3.69031,5.47083,5.79733e+16,6.01074e+16,31.5466,3.1406,5.16856,2.46142e+19,6.11051e+20,sim04803.iv
sim04804,34.5942,3.83124,5.85646,6.91579e+20,2.53133e+19,235.118,3.7019,5.52276,6.50507e+16,8.22039e+16,22.3149,2.86276,5.08739,2.93127e+19,6.02733e+20,sim04804.iv
sim04805,28.9805,3.83188,5.90855,7.38582e+20,3.75175e+19,298.27,3.65418,5.55205,2.36645e+16,6.67353e+16,38.6017,2.89416,5.03908,1.427e+19,8.10186e+20,sim04805.iv
sim04806,30.9192,3.99974,5.92699,5.0495e+20,2.49527e+19,211.989,3.72531,5.58352,7.70439e+16,3.38805e+16,25.3616,3.15095,5.02387,3.83937e+19,6.22174e+20,sim04806.iv
sim04807,29.0473,3.80935,5.83398,5.19655e+20,3.08196e+19,272.985,3.70648,5.41307,8.25492e+16,2.11738e+16,44.957,2.92884,5.08879,3.61055e+19,8.02701e+20,sim04807.iv
sim04808,36.9743,3.88003,5.89597,5.32765e+20,1.64832e+19,312.587,3.73445,5.46736,8.13147e+16,8.25544e+16,35.8251,3.19194,5.05331,2.17895e+19,5.04663e+20,sim04808.iv
sim04809,24.4958,3.96359,5.92585,5.9507e+20,3.70917e+19,232.898,3.68134,5.59961,3.8467e+16,7.11323e+16,20.1819,2.9198,5.06112,4.35186e+19,5.85228e+20,sim04809.iv
sim04810,29.6634,3.83261,5.89528,6.35983e+20,1.71262e+19,270.414,3.69458,5.46181,9.7016e+16,2.31039e+16,41.4163,3.01094,5.07694,3.69651e+19,5.76859e+20,sim04810.iv
sim04811,47.9026,3.96663,5.94879,9.79138e+20,4.76294e+19,238.272,3.77731,5.55825,4.90397e+16,5.7816e+16,36.8623,3.00721,5.0849,3.48978e+19,9.11769e+20,sim04811.iv
sim04812,48.5984,3.9332,5.98932,9.81263e+20,3.60141e+19,249.642,3.70372,5.58083,2.14325e+16,7.68222e+16,48.3845,3.0871,5.18963,3.88914e+19,9.93186e+20,sim04812.iv
sim04813,48.8285,3.9255,5.92002,9.48433e+20,4.08141e+19,293.702,3.74279,5.41411,9.59693e+16,4.82534e+16,22.69,2.95154,5.10279,4.98677e+19,8.00015e+20,sim04813.iv
sim04814,21.3593,3.81445,5.88158,9.32153e+20,2.44081e+19,347.819,3.60286,5.50946,9.79028e+16,5.35049e+16,35.2342,2.92777,5.16005,4.72106e+19,7.13554e+20,sim04814.iv
sim04815,47.3846,3.82792,5.93498,6.53747e+20,1.42381e+19,296.387,3.70868,5.51346,7.63808e+16,5.28119e+16,31.428,3.09649,5.14469,3.10782e+19,8.09953e+20,sim04815.iv
sim04816,35.2579,3.92521,5.87991,9.06931e+20,3.82752e+19,309.816,3.7962,5.50089,9.55441e+16,4.56753e+16,47.2966,3.02639,5.11402,4.49806e+19,9.77231e+20,sim04816.iv
sim04817,25.987,3.82597,5.95542,6.79103e+20,1.55269e+19,242.322,3.6697,5.5546,1.66349e+16,5.55972e+16,20.5259,3.07946,5.19267,2.42739e+19,9.61498e+20,sim04817.iv
sim04818,46.5419,3.86965,5.84165,6.65066e+20,4.6621e+19,269.582,3.69967,5.42928,3.05383e+16,9.33613e+16,47.4301,2.91854,5.14004,3.74681e+19,7.10882e+20,sim04818.iv
sim04819,41.414,3.97905,5.9549,7.75302e+20,3.54103e+19,327.288,3.74995,5.5878,8.55666e+16,1.51549e+16,41.4967,2.85356,5.16675,1.40028e+19,6.43805e+20,sim04819.iv
sim04820,29.4408,3.98657,5.99763,7.69376e+20,3.08822e+19,285.643,3.72802,5.41377,3.66819e+16,6.50658e+16,27.0418,3.04372,5.18014,4.0738e+19,7.66825e+20,sim04820.iv
sim04821,28.3665,3.88232,5.81719,5.72534e+20,4.99432e+19,338.353,3.72351,5.52583,3.52559e+16,4.52335e+16,26.1523,3.18014,5.16303,2.1748e+19,6.8128e+20,sim04821.iv
sim04822,20.332,3.85358,5.85306,5.76839e+20,4.66156e+19,213.242,3.71213,5.48346,4.60289e+16,2.35486e+16,43.7945,2.92964,5.13687,2.26335e+19,9.54238e+20,sim04822.iv
sim04823,26.8224,3.96645,5.9487,9.35053e+20,4.94698e+19,290.886,3.74599,5.51411,9.0488e+16,6.55245e+16,45.3848,2.90583,5.009,1.39532e+19,8.26295e+20,sim04823.iv
sim04824,45.061,3.84844,5.91805,7.62649e+20,3.63568e+19,242.267,3.64442,5.55591,1.43651e+16,7.2459e+16,22.146,2.84127,5.04857,2.36585e+19,9.9339e+20,sim04824.iv
sim04825,33.6919,3.8858,5.95417,6.34856e+20,3.38795e+19,307.976,3.77123,5.42448,6.89346e+16,1.04294e+16,34.9039,2.94426,5.16295,3.90879e+19,8.45754e+20,sim04825.iv
sim04826,25.0861,3.86202,5.85753,5.97006e+20,2.68511e+19,269.527,3.66998,5.55882,7.2152e+16,8.1545e+16,44.2476,2.88828,5.18925,3.60195e+19,8.99139e+20,sim04826.iv
sim04827,47.8504,3.96305,5.91192,7.39945e+20,3.19177e+19,332.427,3.61323,5.47739,3.55881e+16,5.01864e+16,38.0647,3.10899,5.0017,2.72633e+19,6.45161e+20,sim04827.iv
sim04828,42.0866,3.85489,5.84683,5.86434e+20,3.01277e+19,217.293,3.73955,5.57685,2.76324e+16,5.45536e+16,46.4072,3.141,5.15639,1.74637e+19,7.1851e+20,sim04828.iv
sim04829,49.498,3.84841,5.82667,7.06599e+20,1.60466e+19,275.909,3.72383,5.47902,3.27511e+16,5.14362e+16,43.723,3.12705,5.00124,1.1799e+19,9.58636e+20,sim04829.iv
sim04830,26.8337,3.88126,5.82248,6.67264e+20,4.04482e+19,217.418,3.68967,5.52316,3.57877e+16,8.39088e+16,20.11,2.97086,5.1704,1.46661e+19,5.96e+20,sim04830.iv
sim04831,39.6558,3.8629,5.84939,7.61041e+20,3.52835e+19,310.111,3.67643,5.51783,9.2613e+16,9.5542e+16,38.9754,3.01517,5.14848,4.63414e+19,6.12516e+20,sim04831.iv
sim04832,31.179,3.80444,5.99346,9.08799e+20,1.3062e+19,331.663,3.74148,5.57255,8.66013e+16,3.22755e+16,28.7507,2.93526,5.13909,3.63968e+19,7.44021e+20,sim04832.iv
sim04833,36.3281,3.89018,5.86498,9.07038e+20,3.28531e+19,317.189,3.63183,5.44933,4.6491e+16,3.01935e+16,38.3075,3.08575,5.04541,1.05226e+19,8.03318e+20,sim04833.iv
sim04834,49.4347,3.86546,5.92686,5.23974e+20,3.27521e+19,288.401,3.71345,5.49715,5.05486e+16,8.7843e+16,20.3979,2.94988,5.08334,4.31533e+19,6.94827e+20,sim04834.iv
sim04835,22.6785,3.82451,5.82407,8.01933e+20,3.12056e+19,244.905,3.63779,5.58191,6.27352e+16,8.59004e+16,27.9366,2.98987,5.0514,1.63829e+19,6.94597e+20,sim04835.iv
sim04836,20.0933,3.97799,5.88997,5.61789e+20,2.86796e+19,331.873,3.79147,5.40035,9.77241e+16,3.91246e+16,41.21,3.10111,5.18129,2.63901e+19,8.83144e+20,sim04836.iv
sim04837,40.5572,3.86508,5.96523,9.45896e+20,3.26746e+19,324.676,3.72497,5.55782,6.56338e+16,7.23691e+16,21.1273,2.83855,5.08269,4.15753e+19,5.31841e+20,sim04837.iv
sim04838,20.4099,3.84362,5.97207,9.4358e+20,2.17751e+19,305.454,3.74068,5.40019,4.36713e+16,2.3508e+16,30.3848,2.90609,5.01526,4.94414e+19,7.50574e+20,sim04838.iv
sim04839,24.3506,3.84688,5.80736,6.50035e+20,1.25768e+19,244.66,3.68707,5.53433,8.4927e+16,1.49585e+16,27.3987,2.85426,5.06962,1.7053e+19,6.17599e+20,sim04839.iv
sim04840,47.5249,3.92828,5.9733,7.71753e+20,4.27915e+19,258.956,3.64889,5.50976,9.47929e+16,8.51546e+16,27.2943,3.18189,5.105,2.68377e+19,6.44086e+20,sim04840.iv
sim04841,38.8137,3.91577,5.965,9.57385e+20,3.98585e+19,235.9,3.62649,5.50721,2.38235e+16,6.55395e+16,24.8496,2.8929,5.01674,4.34839e+19,7.94776e+20,sim04841.iv
sim04842,30.3943,3.87934,5.82693,9.23975e+20,2.22035e+19,219.976,3.67183,5.44861,4.66828e+16,8.74256e+16,42.3471,2.89746,5.06428,2.73234e+19,5.8074e+20,sim04842.iv
sim04843,28.5502,3.86169,5.83778,6.36704e+20,2.69868e+19,328.691,3.736,5.41339,5.57536e+16,3.11353e+16,20.0381,3.02619,5.03982,3.58791e+19,6.30352e+20,sim04843.iv
sim04844,27.2626,3.91816,5.91813,9.24377e+20,1.79328e+19,348.172,3.67385,5.594,2.39849e+16,9.57443e+16,48.9228,2.91617,5.04063,3.41197e+19,5.68653e+20,sim04844.iv
sim04845,28.8537,3.99659,5.95299,8.98001e+20,4.4938e+19,306.513,3.74333,5.54651,4.52303e+16,1.90135e+16,38.3002,3.11996,5.04689,1.72945e+19,9.78502e+20,sim04845.iv
sim04846,24.1533,3.90975,5.94823,5.47509e+20,3.24233e+19,305.226,3.60874,5.48397,5.26863e+16,6.00309e+16,21.1909,3.1574,5.17211,4.41306e+19,7.59824e+20,sim04846.iv
sim04847,43.6428,3.96025,5.99263,9.08114e+20,1.47761e+19,229.975,3.70171,5.54189,8.5179e+16,1.10659e+16,33.0082,2.9694,5.1389,3.21706e+19,9.01373e+20,sim04847.iv
sim04848,41.0019,3.89612,5.84756,8.2214e+20,1.9075e+19,300.657,3.63025,5.4424,4.86686e+16,5.66903e+16,48.6108,3.04303,5.08495,4.3122e+19,5.69637e+20,sim04848.iv
sim04849,20.4432,3.85112,5.90656,8.182e+20,4.20613e+19,294.461,3.62323,5.5583,1.11218e+16,7.34834e+16,35.6409,2.99806,5.14904,1.17651e+19,7.05322e+20,sim04849.iv
sim04850,48.2452,3.80275,5.97547,8.24276e+20,4.63234e+19,216.43,3.76146,5.50628,3.23626e+16,5.23923e+16,47.6933,2.97576,5.02737,1.26203e+19,5.07165e+20,sim04850.iv
sim04851,26.3369,3.90987,5.87006,9.37518e+20,4.14413e+19,275.07,3.64607,5.48295,6.74124e+16,1.20898e+16,46.6768,3.0619,5.19251,3.65686e+19,6.81355e+20,sim04851.iv
sim04852,33.1417,3.80139,5.81145,5.51493e+20,2.574e+19,250.168,3.68014,5.48122,4.15831e+16,5.62411e+16,48.0678,3.00913,5.16404,4.11797e+19,7.08725e+20,sim04852.iv
sim04853,27.1895,3.80633,5.81114,6.09532e+20,4.50864e+19,224.759,3.76508,5.49144,6.81001e+16,2.29437e+16,43.8206,2.83589,5.1046,1.41226e+19,9.2754e+20,sim04853.iv
sim04854,37.6523,3.90913,5.85454,7.55516e+20,1.08261e+19,277.319,3.64287,5.57842,3.45092e+16,5.60151e+16,20.0943,3.09715,5.03214,4.99511e+19,6.46411e+20,sim04854.iv
sim04855,39.9631,3.99199,5.95126,6.74863e+20,4.68311e+19,239.775,3.72689,5.54901,4.2121e+16,8.48144e+16,34.1759,3.14461,5.04291,4.58257e+19,7.66531e+20,sim04855.iv
sim04856,32.8611,3.84707,5.82062,6.45606e+20,2.59062e+19,293.877,3.74467,5.40855,9.56297e+16,3.23772e+16,40.3584,3.12268,5.08346,2.75086e+19,5.23909e+20,sim04856.iv
sim04857,32.2442,3.98743,5.87385,9.48649e+20,3.80357e+19,333.882,3.63917,5.53374,1.89494e+16,5.38654e+16,41.7278,2.8647,5.19175,2.87928e+19,7.23775e+20,sim04857.iv
sim04858,46.5793,3.97204,5.98335,8.34899e+20,3.64791e+19,242.162,3.74845,5.5243,4.08766e+16,9.6993e+16,34.5861,3.08935,5.13319,1.04213e+19,7.28367e+20,sim04858.iv
sim04859,38.2094,3.99998,5.83087,8.40975e+20,2.74646e+19,275.872,3.63167,5.50602,1.41261e+16,4.72695e+16,32.1656,2.86941,5.19953,3.84969e+19,9.77824e+20,sim04859.iv
sim04860,42.2747,3.89878,5.92255,5.83953e+20,1.61172e+19,278.088,3.64061,5.554,3.67259e+16,1.78611e+16,37.5621,3.02218,5.05223,1.51505e+19,8.14274e+20,sim04860.iv
sim04861,42.2106,3.83782,5.94918,8.27768e+20,4.09808e+19,218.946,3.79321,5.53191,3.32893e+16,8.89438e+16,37.4223,2.86421,5.17052,3.88873e+19,6.40165e+20,sim04861.iv
sim04862,36.3134,3.87984,5.80136,7.3887e+20,1.94244e+19,231.618,3.61853,5.44469,7.83554e+16,4.22869e+16,24.1719,2.86783,5.13047,2.61359e+19,8.10995e+20,sim04862.iv
sim04863,21.5658,3.94569,5.99255,8.93267e+20,3.88693e+19,237.806,3.68112,5.43114,7.85875e+16,7.67973e+16,23.6959,3.09809,5.11422,4.9229e+19,9.94797e+20,sim04863.iv
sim04864,22.4223,3.96736,5.8321,7.74935e+20,3.02053e+19,248.343,3.74442,5.50717,6.59888e+16,7.22015e+16,32.1344,2.81658,5.05154,1.70249e+19,8.76672e+20,sim04864.iv
sim04865,27.4889,3.87305,5.88922,9.17629e+20,4.37794e+19,240.788,3.68167,5.44889,9.78425e+16,5.79829e+16,20.0241,2.83625,5.1712,2.59224e+19,9.52674e+20,sim04865.iv
sim04866,39.8973,3.90665,5.96299,8.65179e+20,3.32735e+19,221.896,3.7605,5.56627,9.0438e+16,1.91496e+16,49.1645,2.975,5.04357,3.84306e+19,8.87254e+20,sim04866.iv
sim04867,20.0163,3.86502,5.89367,9.2454e+20,1.07969e+19,315.24,3.78628,5.58832,3.02646e+16,6.55695e+16,34.3011,3.04647,5.10929,4.61853e+19,8.66329e+20,sim04867.iv
sim04868,36.3808,3.99947,5.98775,5.7486e+20,3.54315e+19,341.018,3.76901,5.57881,6.55038e+16,1.70286e+16,20.5105,2.92065,5.12326,4.7019e+19,6.97112e+20,sim04868.iv
sim04869,38.8045,3.90672,5.8472,6.5683e+20,2.49268e+19,317.038,3.73371,5.49489,9.92204e+16,3.68621e+16,41.9952,2.84425,5.09033,4.1127e+19,7.39077e+20,sim04869.iv
sim04870,37.5748,3.89556,5.84515,9.35567e+20,3.65531e+19,314.052,3.78982,5.53848,1.58474e+16,6.6645e+16,35.152,2.88861,5.11865,3.69215e+19,7.79572e+20,sim04870.iv
sim04871,24.5968,3.92701,5.80497,5.79716e+20,4.19284e+19,278.578,3.71811,5.46784,6.09476e+16,1.34094e+16,20.7163,3.16155,5.05726,4.2144e+19,7.58152e+20,sim04871.iv
sim04872,22.2578,3.81255,5.81241,7.51209e+20,2.33455e+19,346.916,3.6215,5.47935,1.1253e+16,6.52455e+16,22.8349,3.07229,5.14376,4.94424e+19,6.10582e+20,sim04872.iv
sim04873,39.6949,3.86116,5.86089,9.2831e+20,4.56165e+19,247.657,3.71966,5.54804,4.05395e+16,2.3858e+16,44.492,3.00918,5.05556,1.11032e+19,9.28912e+20,sim04873.iv
sim04874,33.3451,3.91093,5.82683,5.41349e+20,2.42396e+19,242.077,3.60686,5.43522,6.88397e+16,3.25815e+16,48.975,3.16034,5.06914,4.16527e+19,5.8986e+20,sim04874.iv
sim04875,33.9574,3.88582,5.97459,7.02545e+20,1.65039e+19,307.825,3.72809,5.4644,7.67606e+16,6.76193e+16,24.6371,2.88084,5.13245,3.40073e+19,5.17425e+20,sim04875.iv
sim04876,27.6722,3.81854,5.99481,7.41574e+20,3.02739e+19,230.507,3.69371,5.59273,8.78413e+16,5.33507e+16,46.4202,2.96868,5.1225,2.52943e+19,8.40346e+20,sim04876.iv
sim04877,41.0578,3.82077,5.97971,6.25318e+20,4.04783e+19,341.903,3.65864,5.59503,7.96855e+16,7.6011e+16,23.1796,2.98536,5.09469,4.58025e+19,7.45178e+20,sim04877.iv
sim04878,31.5718,3.88487,5.99274,8.06922e+20,2.99223e+19,316.945,3.65618,5.57108,6.60826e+16,3.3789e+16,22.9264,3.001,5.15251,2.30955e+19,9.81533e+20,sim04878.iv
sim04879,36.0721,3.97013,5.82476,7.72692e+20,4.91197e+19,270.835,3.75565,5.54102,4.06737e+16,8.47195e+16,33.2784,2.95383,5.13268,1.85516e+19,9.53719e+20,sim04879.iv
sim04880,22.0033,3.97948,5.90826,8.34496e+20,4.82875e+19,344.53,3.77053,5.55276,6.12176e+16,3.03162e+16,33.2063,3.03146,5.04868,3.41035e+19,7.8142e+20,sim04880.iv
sim04881,41.54,3.92617,5.97295,7.09801e+20,3.30642e+19,294.715,3.66957,5.53238,3.9733e+16,8.00157e+16,47.2354,2.901,5.11705,4.44431e+19,7.92045e+20,sim04881.iv
sim04882,32.6195,3.93877,5.88047,7.39192e+20,4.97098e+19,263.13,3.78149,5.54841,4.78307e+16,9.11938e+16,24.5183,3.18143,5.14131,3.18632e+19,7.23799e+20,sim04882.iv
sim04883,47.8983,3.96196,5.9099,9.07632e+20,3.23466e+19,311.872,3.7274,5.43896,2.95726e+16,7.49756e+16,28.4077,3.15736,5.10647,1.55455e+19,8.83119e+20,sim04883.iv
sim04884,42.4758,3.93016,5.98179,8.73052e+20,4.08846e+19,280.614,3.75286,5.48545,5.04319e+16,6.40628e+16,42.7081,2.83656,5.09688,1.05358e+19,7.50881e+20,sim04884.iv
sim04885,32.9911,3.81237,5.87091,6.41011e+20,4.57218e+19,271.328,3.6175,5.48004,6.77979e+16,9.24751e+16,46.1802,2.9757,5.12661,4.86972e+19,5.74491e+20,sim04885.iv
sim04886,46.4951,3.96931,5.98293,9.83424e+20,1.65887e+19,288.485,3.63311,5.4541,8.14935e+16,8.91309e+16,33.7172,3.09908,5.0409,2.81013e+19,5.02078e+20,sim04886.iv
sim04887,43.3613,3.8533,5.80684,6.75828e+20,2.43147e+19,310.736,3.67327,5.46019,1.07321e+16,8.03493e+16,22.1946,2.93708,5.04927,4.82028e+19,8.03145e+20,sim04887.iv
sim04888,20.8728,3.9351,5.97655,8.34078e+20,3.09441e+19,255.741,3.72383,5.40824,3.0238e+16,9.28371e+16,41.3213,2.83787,5.1341,4.59845e+19,8.35369e+20,sim04888.iv
sim04889,37.7218,3.89895,5.91821,9.35549e+20,2.26381e+19,318.12,3.72821,5.42613,3.14811e+16,8.95305e+16,29.7283,2.9637,5.06655,3.22399e+19,5.33033e+20,sim04889.iv
sim04890,33.249,3.89995,5.96284,6.06341e+20,2.55242e+19,283.755,3.76193,5.54039,1.40534e+16,4.1433e+16,26.5233,2.84914,5.05509,3.28577e+19,9.0846e+20,sim04890.iv
sim04891,46.5506,3.86711,5.84609,7.86893e+20,3.6657e+19,287.387,3.76599,5.47916,3.98548e+16,6.10088e+16,39.798,2.93375,5.05074,4.86681e+19,8.53905e+20,sim04891.iv
sim04892,38.3923,3.85696,5.9843,7.64345e+20,2.08021e+19,260.607,3.67444,5.40683,4.6814e+16,3.34651e+16,33.5686,3.02426,5.06713,1.12212e+19,9.63767e+20,sim04892.iv
sim04893,23.5273,3.87013,5.94544,9.39707e+20,3.58465e+19,243.655,3.7327,5.48049,7.70318e+16,4.55918e+16,22.634,3.01067,5.00845,3.49348e+19,6.58667e+20,sim04893.iv
sim04894,46.4643,3.90018,5.80681,8.19258e+20,4.3244e+19,216.282,3.74898,5.5523,7.12536e+16,5.41098e+16,39.4233,2.99584,5.07526,1.19879e+19,7.4815e+20,sim04894.iv
sim04895,43.4904,3.81018,5.80745,5.84671e+20,2.18064e+19,280.004,3.76573,5.40593,8.03697e+16,7.42982e+16,34.977,2.87694,5.01701,1.63273e+19,6.66419e+20,sim04895.iv
sim04896,35.9251,3.86988,5.91175,9.40714e+20,1.51903e+19,335.219,3.63886,5.4985,7.60279e+16,7.27169e+16,42.7447,3.08546,5.0032,2.9839e+19,6.89573e+20,sim04896.iv
sim04897,47.8383,3.99094,5.85125,8.56022e+20,1.94852e+19,314.801,3.65982,5.54612,1.24401e+16,7.32466e+16,32.6228,3.09544,5.01832,4.47208e+19,8.32725e+20,sim04897.iv
sim04898,31.1254,3.86831,5.85909,7.94376e+20,1.15747e+19,309.673,3.75734,5.45067,2.2596e+16,9.74346e+16,39.0196,3.07757,5.12647,1.99698e+19,9.00832e+20,sim04898.iv
sim04899,34.4429,3.85268,5.9187,9.41814e+20,4.10498e+19,309.628,3.65349,5.4558,8.47843e+16,8.19753e+16,45.8361,3.17946,5.07309,3.39959e+19,7.8216e+20,sim04899.iv
sim04900,29.108,3.90922,5.99685,9.6781e+20,3.0771e+19,244.272,3.76702,5.57138,6.06652e+16,5.21148e+16,25.4577,2.93193,5.00291,2.75405e+19,5.64061e+20,sim04900.iv
sim04901,35.5226,3.84964,5.97734,5.61626e+20,2.75846e+19,229.438,3.71394,5.46305,1.94082e+16,6.40415e+16,36.144,2.88412,5.19336,4.15334e+19,8.08633e+20,sim04901.iv
sim04902,48.3035,3.94937,5.89655,9.81585e+20,3.56806e+19,229.105,3.61971,5.41845,4.19897e+16,1.07534e+16,36.7648,2.97456,5.07278,2.71814e+19,7.1221e+20,sim04902.iv
sim04903,49.6462,3.88374,5.98441,9.2686e+20,2.71104e+19,215.921,3.76965,5.44246,1.52633e+16,8.8396e+16,39.7502,2.87124,5.0578,3.98278e+19,5.61702e+20,sim04903.iv
sim04904,41.6794,3.89169,5.96743,8.21516e+20,4.92829e+19,329.992,3.66874,5.49632,9.45543e+16,2.36925e+16,32.5149,3.03053,5.07024,1.37664e+19,6.03205e+20,sim04904.iv
sim04905,32.9896,3.97444,5.91441,6.49242e+20,1.67207e+19,296.566,3.63613,5.41415,1.29722e+16,7.27925e+16,46.5912,3.01206,5.05583,1.8174e+19,6.38171e+20,sim04905.iv
sim04906,29.1552,3.92078,5.9847,6.12055e+20,2.43717e+19,293.236,3.68862,5.42333,2.40909e+16,6.20663e+16,38.2567,3.03543,5.16304,1.76972e+19,7.25455e+20,sim04906.iv
sim04907,33.9652,3.84304,5.94192,6.56135e+20,3.47615e+19,268.977,3.648,5.44138,5.42707e+16,3.1645e+16,40.2231,3.04683,5.15799,1.53281e+19,9.4109e+20,sim04907.iv
sim04908,35.6949,3.93025,5.99582,7.59565e+20,4.51964e+19,255.477,3.76601,5.58711,2.68701e+16,5.48561e+16,46.8559,2.94255,5.13921,1.40679e+19,6.50419e+20,sim04908.iv
sim04909,39.7833,3.88837,5.93169,7.76341e+20,4.71747e+19,226.823,3.72471,5.49121,9.34082e+16,8.70855e+16,29.4998,3.13357,5.11506,2.16251e+19,5.45735e+20,sim04909.iv
sim04910,25.0038,3.92579,5.89957,5.66915e+20,4.57411e+19,290.953,3.79311,5.45506,2.65469e+16,8.84931e+16,42.5271,2.88478,5.07026,2.27294e+19,8.52513e+20,sim04910.iv
sim04911,26.461,3.81539,5.96364,5.05772e+20,3.43276e+19,253.198,3.68464,5.41347,2.49011e+16,5.51121e+16,31.5008,2.98021,5.00104,4.71219e+19,7.59942e+20,sim04911.iv
sim04912,33.0549,3.97356,5.81252,7.2333e+20,3.30494e+19,248.843,3.65192,5.43231,7.35414e+16,7.01657e+16,32.2784,2.84004,5.03709,2.61394e+19,6.24101e+20,sim04912.iv
sim04913,42.0974,3.81586,5.87814,9.43802e+20,2.35238e+19,316.603,3.6601,5.52915,6.02213e+16,5.69796e+16,24.431,2.82048,5.02664,4.01866e+19,9.98958e+20,sim04913.iv
sim04914,27.7891,3.85291,5.87685,6.80242e+20,3.55102e+19,272.644,3.725,5.41947,7.67616e+16,7.93801e+16,48.5005,3.06191,5.11518,3.32512e+19,5.45876e+20,sim04914.iv
sim04915,29.8866,3.9781,5.97683,9.77281e+20,3.68547e+19,241.259,3.76616,5.51576,1.8655e+16,1.52817e+16,38.7051,3.06348,5.06177,4.74436e+19,5.88281e+20,sim04915.iv
sim04916,24.6399,3.87389,5.89967,7.32967e+20,3.76675e+19,237.844,3.70382,5.50047,9.1452e+16,8.24677e+16,46.3855,3.15013,5.02011,3.01757e+19,9.35455e+20,sim04916.iv
sim04917,44.7551,3.9831,5.80847,7.09993e+20,1.46335e+19,227.153,3.71172,5.59716,7.80471e+16,5.83798e+16,45.0842,3.0525,5.01708,3.5075e+19,5.38706e+20,sim04917.iv
sim04918,31.1851,3.87348,5.99723,5.63718e+20,4.38978e+19,252.505,3.6961,5.57738,4.78334e+16,7.08888e+16,46.5162,2.87953,5.06607,3.43065e+19,6.86559e+20,sim04918.iv
sim04919,33.267,3.94293,5.97357,6.88471e+20,2.06458e+19,312.47,3.7194,5.54859,9.46044e+16,3.06448e+16,42.7524,2.90874,5.04915,3.88027e+19,6.43261e+20,sim04919.iv
sim04920,20.3836,3.88438,5.87237,5.12033e+20,2.39777e+19,260.577,3.70637,5.49846,2.47604e+16,7.2722e+16,47.4021,3.11785,5.03173,3.21053e+19,5.94312e+20,sim04920.iv
sim04921,31.9679,3.97539,5.82339,9.70446e+20,2.3486e+19,296.672,3.69875,5.51069,6.64326e+16,1.79961e+16,26.0066,3.10126,5.15004,3.22085e+19,9.72974e+20,sim04921.iv
sim04922,21.3171,3.98047,5.88666,9.56176e+20,2.86461e+19,317.829,3.7968,5.57482,1.80391e+16,8.06325e+16,33.8952,2.91564,5.14243,2.73582e+19,7.93984e+20,sim04922.iv
sim04923,43.4703,3.96452,5.89343,7.20222e+20,2.65248e+19,304.744,3.78953,5.4536,3.57208e+16,6.83096e+16,33.4385,2.81889,5.01449,3.4181e+19,6.88902e+20,sim04923.iv
sim04924,38.7286,3.95056,5.86831,7.90826e+20,2.69004e+19,339.186,3.79301,5.53514,4.43378e+16,9.54211e+16,30.0649,3.01181,5.18807,3.43369e+19,7.00493e+20,sim04924.iv
sim04925,20.9632,3.95807,5.81731,5.45077e+20,1.90923e+19,298.28,3.77866,5.40166,7.10208e+16,5.69428e+16,38.6336,3.07603,5.13181,4.32216e+19,5.54521e+20,sim04925.iv
sim04926,26.7018,3.96891,5.81423,9.90267e+20,2.81871e+19,259.483,3.68873,5.45704,8.43162e+16,6.54479e+16,28.6412,3.11196,5.14172,3.34854e+19,7.21767e+20,sim04926.iv
sim04927,45.4298,3.8415,5.98129,7.98251e+20,4.77936e+19,340.968,3.61672,5.4669,6.89737e+16,2.16037e+16,36.4083,2.93655,5.19989,1.80155e+19,5.55321e+20,sim04927.iv
sim04928,33.6663,3.84878,5.96178,5.0869e+20,3.60911e+19,267.058,3.78632,5.58273,8.20605e+16,4.86651e+16,32.7902,2.8085,5.18553,4.90892e+19,6.05401e+20,sim04928.iv
sim04929,34.1853,3.9157,5.90796,7.39822e+20,3.42517e+19,320.516,3.68283,5.41491,3.48151e+16,2.07515e+16,38.1196,3.00362,5.02996,2.3592e+19,9.56483e+20,sim04929.iv
sim04930,46.1484,3.91735,5.80342,8.94476e+20,1.20671e+19,338.16,3.71649,5.45088,1.85805e+16,7.63198e+16,23.9931,2.98632,5.00429,4.65368e+19,8.86254e+20,sim04930.iv
sim04931,24.7409,3.92773,5.8955,5.43381e+20,2.86347e+19,261.899,3.64614,5.58722,3.04394e+16,6.98706e+16,49.2013,2.80816,5.02794,3.80793e+19,7.74573e+20,sim04931.iv
sim04932,44.44,3.89579,5.98315,6.05982e+20,2.94684e+19,330.262,3.62716,5.51566,4.6659e+16,6.30338e+16,24.5715,3.03155,5.11718,3.3482e+19,5.89153e+20,sim04932.iv
sim04933,31.7003,3.8908,5.93139,9.74591e+20,1.32808e+19,342.778,3.77174,5.47777,6.03659e+16,3.3703e+16,34.8689,3.12651,5.00149,4.56603e+19,7.65622e+20,sim04933.iv
sim04934,38.4101,3.89522,5.84871,6.88904e+20,3.00917e+19,269.788,3.71695,5.40629,7.4217e+16,5.92675e+16,47.3762,2.99761,5.00737,4.24835e+19,9.70796e+20,sim04934.iv
sim04935,38.407,3.87647,5.90976,9.34226e+20,1.33613e+19,217.811,3.76672,5.43362,7.33738e+16,9.2288e+16,27.226,3.17442,5.1619,3.7385e+19,7.66703e+20,sim04935.iv
sim04936,26.6822,3.9165,5.80918,7.05516e+20,3.56851e+19,334.355,3.639,5.40836,1.0322e+16,8.34033e+16,30.8539,2.84654,5.16086,1.39905e+19,7.78757e+20,sim04936.iv
sim04937,39.4172,3.98034,5.88665,8.3954e+20,1.0585e+19,282.798,3.68872,5.45944,9.27737e+16,6.93273e+16,36.9627,2.85246,5.13614,2.82917e+19,8.5024e+20,sim04937.iv
sim04938,42.0906,3.9647,5.88906,9.38419e+20,2.46155e+19,302.868,3.67166,5.5785,4.81605e+16,2.88978e+16,49.5138,2.9204,5.18176,4.35718e+19,7.68799e+20,sim04938.iv
sim04939,28.5399,3.81389,5.85064,9.43641e+20,2.1336e+19,242.659,3.6114,5.5035,5.90333e+16,7.19044e+16,46.0157,2.84201,5.07455,3.46086e+19,5.95579e+20,sim04939.iv
sim04940,28.1292,3.95904,5.80687,9.46701e+20,4.13798e+19,255.45,3.66938,5.44868,1.0665e+16,7.35949e+16,43.8695,2.87335,5.07969,2.81744e+19,5.44675e+20,sim04940.iv
sim04941,28.6992,3.85791,5.97139,5.53102e+20,1.94633e+19,273.587,3.62772,5.44047,9.59323e+16,8.81614e+16,23.8339,2.90877,5.17403,2.40396e+19,7.20881e+20,sim04941.iv
sim04942,25.4756,3.90939,5.82904,7.61876e+20,4.67495e+19,276.81,3.76427,5.51482,4.3051e+16,9.47887e+16,49.9057,2.93011,5.19775,4.93642e+19,6.59403e+20,sim04942.iv
sim04943,33.6721,3.80818,5.80321,5.79089e+20,2.07369e+19,334.842,3.66548,5.54341,9.52051e+16,5.73672e+16,45.1813,2.96628,5.05104,4.08957e+19,8.21729e+20,sim04943.iv
sim04944,39.836,3.86601,5.89928,6.94949e+20,4.61397e+19,340.409,3.62263,5.54168,3.3629e+16,7.4352e+16,27.6712,2.97801,5.08201,4.26672e+19,6.7606e+20,sim04944.iv
sim04945,47.4006,3.82079,5.84696,6.18114e+20,2.02297e+19,293.742,3.67791,5.49155,9.89884e+16,8.42616e+16,32.977,3.09932,5.02585,2.28932e+19,9.66439e+20,sim04945.iv
sim04946,49.3689,3.9721,5.9289,9.0584e+20,1.56874e+19,266.389,3.71941,5.51897,3.45157e+16,6.68231e+16,28.5239,3.1011,5.09576,3.16249e+19,9.72081e+20,sim04946.iv
sim04947,49.2906,3.96115,5.88694,7.25426e+20,3.06533e+19,317.628,3.74611,5.45564,5.08973e+16,7.09421e+16,22.2495,2.84283,5.16485,4.71765e+19,5.89453e+20,sim04947.iv
sim04948,47.5023,3.9711,5.82935,5.73182e+20,2.96345e+19,320.184,3.69826,5.56439,2.19486e+16,3.22602e+16,41.8566,3.00363,5.08195,4.34292e+19,5.69955e+20,sim04948.iv
sim04949,32.2452,3.98067,5.98206,6.83531e+20,2.70656e+19,220.668,3.64281,5.40353,5.80079e+16,9.89441e+16,24.3934,3.18002,5.08143,1.20125e+19,5.80166e+20,sim04949.iv
sim04950,33.5941,3.84096,5.93373,6.18277e+20,4.09954e+19,239.326,3.71746,5.50451,8.23145e+16,6.47268e+16,35.4537,3.16218,5.17626,4.52929e+19,6.18429e+20,sim04950.iv
sim04951,41.554,3.92803,5.96981,8.15943e+20,1.76788e+19,250.208,3.69695,5.51071,4.84242e+16,8.75617e+16,45.5668,3.09966,5.08908,4.04925e+19,9.29407e+20,sim04951.iv
sim04952,38.1791,3.92116,5.84694,6.77544e+20,3.74072e+19,336.288,3.73748,5.46841,8.07889e+16,5.32797e+16,30.7993,2.94078,5.15995,4.4229e+19,6.6345e+20,sim04952.iv
sim04953,26.1608,3.9073,5.96873,5.53078e+20,2.9506e+19,210.064,3.71846,5.45177,4.35095e+16,3.89023e+16,34.751,3.07221,5.01995,3.61711e+19,6.39292e+20,sim04953.iv
sim04954,42.5019,3.82133,5.95931,8.45495e+20,1.39243e+19,334.236,3.61503,5.42738,2.68642e+16,2.71893e+16,47.4688,2.96381,5.03225,3.19213e+19,8.71674e+20,sim04954.iv
sim04955,49.3534,3.91963,5.82369,5.63179e+20,4.70402e+19,317.249,3.62957,5.55838,1.8764e+16,4.37018e+16,20.632,3.18997,5.06798,1.49874e+19,9.057e+20,sim04955.iv
sim04956,32.5195,3.92412,5.9724,6.30328e+20,3.15321e+19,233.226,3.77019,5.46409,5.38352e+16,7.51703e+16,47.1107,2.93918,5.01699,3.09496e+19,5.06601e+20,sim04956.iv
sim04957,31.777,3.88164,5.89319,7.04177e+20,3.95242e+19,243.171,3.70387,5.46499,6.59139e+16,4.79764e+16,26.1883,3.03752,5.04955,2.58586e+19,7.0788e+20,sim04957.iv
sim04958,46.9516,3.94787,5.92587,5.56197e+20,2.23642e+19,216.967,3.70781,5.42356,1.26145e+16,4.21077e+16,42.3229,2.97031,5.01732,3.15997e+19,7.24749e+20,sim04958.iv
sim04959,48.8285,3.82745,5.93656,8.60281e+20,4.39395e+19,328.527,3.68085,5.5495,4.52472e+16,9.05232e+16,41.1484,2.81693,5.03769,4.61661e+19,7.81675e+20,sim04959.iv
sim04960,43.3128,3.9702,5.80956,5.54571e+20,4.75036e+19,295.213,3.74388,5.47893,3.17722e+16,1.89892e+16,26.423,2.84107,5.18552,4.48507e+19,8.77347e+20,sim04960.iv
sim04961,20.6631,3.90431,5.84794,5.37709e+20,1.08372e+19,310.348,3.6758,5.51775,7.97002e+16,5.03465e+16,23.8766,3.17734,5.12936,1.79604e+19,8.4138e+20,sim04961.iv
sim04962,32.8503,3.9585,5.94401,6.30562e+20,3.96226e+19,287.064,3.73456,5.47905,1.93188e+16,1.3236e+16,43.7549,2.91241,5.11784,4.36407e+19,9.75106e+20,sim04962.iv
sim04963,49.097,3.96112,5.9044,6.33117e+20,1.06966e+19,241.59,3.6473,5.50524,6.64681e+16,9.82124e+16,31.7208,3.17539,5.16145,3.8279e+19,5.87488e+20,sim04963.iv
sim04964,38.5387,3.91857,5.95809,7.89603e+20,4.85388e+19,237.868,3.6331,5.54532,9.96175e+16,3.14159e+16,21.6152,3.06293,5.14946,3.04165e+19,6.13938e+20,sim04964.iv
sim04965,34.8873,3.86153,5.84353,7.50582e+20,1.19091e+19,310.358,3.75312,5.59705,8.90864e+16,3.65217e+16,29.126,2.97754,5.14484,1.1639e+19,9.8087e+20,sim04965.iv
sim04966,41.0796,3.97013,5.93802,9.60417e+20,4.26814e+19,271.034,3.74177,5.58842,9.50516e+16,9.10192e+16,42.5031,3.05388,5.10997,1.76044e+19,7.29327e+20,sim04966.iv
sim04967,24.0423,3.83072,5.83155,7.36386e+20,1.34795e+19,330.281,3.7813,5.53519,5.66402e+16,9.58406e+16,29.6532,3.04163,5.15963,3.94526e+19,9.21954e+20,sim04967.iv
sim04968,26.9905,3.96035,5.80709,7.75699e+20,1.03859e+19,258.903,3.71586,5.54208,5.48261e+16,9.53325e+16,35.3416,2.82868,5.03632,4.38133e+19,9.72598e+20,sim04968.iv
sim04969,40.0718,3.94882,5.92379,8.19312e+20,4.65848e+19,271,3.7334,5.53474,4.56595e+16,5.03822e+16,29.6084,3.18152,5.02634,2.01473e+19,8.86321e+20,sim04969.iv
sim04970,30.2816,3.93858,5.94538,7.76422e+20,2.63406e+19,308.164,3.60205,5.54169,6.18595e+16,8.5921e+16,42.227,3.02476,5.15618,1.67945e+19,6.98204e+20,sim04970.iv
sim04971,35.95,3.9543,5.83954,8.52839e+20,2.10424e+19,237.8,3.67981,5.43935,4.92714e+16,5.88048e+16,31.1415,3.1762,5.13481,2.61482e+19,9.7337e+20,sim04971.iv
sim04972,29.5311,3.92787,5.89406,9.3631e+20,2.75414e+19,215.537,3.66157,5.46316,4.55436e+16,7.57658e+16,41.2437,2.84335,5.0113,1.75791e+19,7.24713e+20,sim04972.iv
sim04973,37.2646,3.89196,5.9624,7.53913e+20,3.9595e+19,348.401,3.73132,5.52367,7.88086e+16,5.54183e+16,47.5225,3.05318,5.18019,2.94863e+19,6.15145e+20,sim04973.iv
sim04974,45.2533,3.83603,5.9925,9.57698e+20,2.52419e+19,330.934,3.78192,5.47546,9.00323e+16,7.02731e+16,29.4753,2.98551,5.18368,3.55603e+19,8.24009e+20,sim04974.iv
sim04975,41.7981,3.94938,5.86735,9.24929e+20,3.35125e+19,346.378,3.71089,5.43883,1.62182e+16,7.19092e+16,36.8926,3.14723,5.17011,2.5144e+19,9.96604e+20,sim04975.iv
sim04976,45.4549,3.81421,5.86755,8.25089e+20,1.17731e+19,250.463,3.71037,5.59161,8.82174e+16,1.31769e+16,43.7724,2.85898,5.18436,3.66042e+19,5.72229e+20,sim04976.iv
sim04977,49.5326,3.82167,5.83954,5.37611e+20,2.49412e+19,234.384,3.79838,5.50698,7.98955e+16,3.6769e+16,27.8815,2.99711,5.15548,3.51924e+19,7.3992e+20,sim04977.iv
sim04978,24.2895,3.89931,5.92817,5.32371e+20,3.50126e+19,344.547,3.64115,5.44601,5.00494e+16,7.4662e+16,34.5461,2.85965,5.14552,3.12121e+19,8.83822e+20,sim04978.iv
sim04979,27.8537,3.99659,5.83203,9.82528e+20,1.35289e+19,246.828,3.62814,5.56487,7.2649e+16,5.5861e+16,48.1722,2.87123,5.07255,1.03833e+19,7.1083e+20,sim04979.iv
sim04980,21.5322,3.84288,5.83915,7.82762e+20,2.15638e+19,221.484,3.73402,5.43337,3.05213e+16,5.99759e+16,49.3235,3.12894,5.16343,3.61554e+19,6.48616e+20,sim04980.iv
sim04981,37.6538,3.95958,5.83586,9.77827e+20,4.24671e+19,290.369,3.69775,5.54956,9.62436e+16,3.26826e+16,22.7317,3.05494,5.06994,2.14803e+19,7.17769e+20,sim04981.iv
sim04982,38.5677,3.83817,5.89358,7.33504e+20,1.89981e+19,210.189,3.64113,5.4052,1.31549e+16,6.1661e+16,49.7025,2.93194,5.16681,2.58411e+19,8.29693e+20,sim04982.iv
sim04983,34.3091,3.99641,5.92699,7.80613e+20,2.39619e+19,324.04,3.79916,5.45485,2.1817e+16,9.74356e+16,41.2501,2.82352,5.04069,4.0348e+19,9.57096e+20,sim04983.iv
sim04984,21.9379,3.82324,5.82612,9.65296e+20,4.72362e+19,297.363,3.68254,5.51194,6.80636e+16,8.63471e+16,40.1148,3.0725,5.1945,1.66306e+19,8.7678e+20,sim04984.iv
sim04985,48.3335,3.83643,5.87496,6.85776e+20,4.4327e+19,293.312,3.72569,5.52023,4.95247e+16,2.63792e+16,21.3631,2.91187,5.19602,4.26426e+19,6.04365e+20,sim04985.iv
sim04986,28.4939,3.90476,5.93276,5.35148e+20,1.26133e+19,300.011,3.72106,5.5098,3.86895e+16,5.39638e+16,39.9051,2.89256,5.00631,2.97011e+19,8.51505e+20,sim04986.iv
sim04987,25.905,3.87253,5.86406,9.13442e+20,4.90618e+19,280.623,3.67948,5.52506,9.80155e+16,7.72403e+16,22.1174,2.96814,5.03931,1.62366e+19,8.40639e+20,sim04987.iv
sim04988,42.2155,3.89719,5.89009,6.81463e+20,4.79385e+19,249.249,3.64289,5.58895,6.04024e+16,2.17582e+16,43.9524,3.04709,5.16063,3.40684e+19,9.31823e+20,sim04988.iv
sim04989,42.0768,3.93645,5.9713,6.39532e+20,1.31425e+19,216.086,3.63791,5.49236,1.06786e+16,7.01013e+16,48.576,2.96815,5.10922,4.83034e+19,5.60319e+20,sim04989.iv
sim04990,31.917,3.99741,5.82807,9.40535e+20,2.62869e+19,282.379,3.76487,5.597,1.24004e+16,4.13131e+16,28.7587,2.98415,5.03112,2.27394e+19,8.08986e+20,sim04990.iv
sim04991,44.0812,3.99221,5.85194,9.8727e+20,2.21124e+19,339.773,3.74956,5.48241,9.76302e+16,1.26317e+16,43.5379,3.06943,5.01809,2.13884e+19,7.24204e+20,sim04991.iv
sim04992,27.2666,3.98671,5.8309,7.79581e+20,3.18969e+19,284.789,3.62765,5.4982,9.28617e+16,2.88174e+16,22.2295,3.1796,5.18448,3.22898e+19,9.43399e+20,sim04992.iv
sim04993,49.2267,3.83469,5.84365,7.67112e+20,3.81657e+19,323.61,3.69848,5.40467,1.64771e+16,8.53331e+16,36.8887,2.82144,5.13901,3.52156e+19,7.12821e+20,sim04993.iv
sim04994,45.7669,3.85859,5.95135,6.65077e+20,3.22886e+19,349.43,3.72257,5.51254,6.13926e+16,7.26124e+16,44.0641,3.11792,5.15279,2.35312e+19,6.20852e+20,sim04994.iv
sim04995,32.0723,3.90394,5.96245,7.61964e+20,2.46971e+19,285.211,3.61471,5.50763,5.65836e+16,6.31341e+16,45.9336,3.02743,5.11251,3.72e+19,9.85298e+20,sim04995.iv
sim04996,41.7744,3.83908,5.88672,5.67413e+20,1.13212e+19,324.691,3.67113,5.4533,5.36418e+16,2.84481e+16,21.4175,3.06758,5.04388,1.10588e+19,8.69003e+20,sim04996.iv
sim04997,48.4225,3.82327,5.89306,6.04313e+20,1.17089e+19,264.962,3.7604,5.4619,1.8606e+16,6.42474e+16,45.2184,2.9381,5.0897,1.67618e+19,9.95632e+20,sim04997.iv
sim04998,48.9799,3.96027,5.8145,6.50332e+20,1.78699e+19,226.383,3.68419,5.48349,9.6318e+16,7.54277e+16,22.3649,2.82058,5.18997,4.21414e+19,5.19699e+20,sim04998.iv
sim04999,45.7378,3.89819,5.94887,7.91691e+20,3.73059e+19,255.67,3.70393,5.43947,4.5701e+16,1.84237e+16,39.8449,2.82386,5.05926,1.40557e+19,8.32832e+20,sim04999.iv
sim05000,34.0526,3.87292,5.89487,5.80623e+20,4.56458e+19,258.519,3.73418,5.58914,2.12122e+16,7.09287e+16,20.2342,3.17941,5.06773,2.16222e+19,6.53489e+20,sim05000.iv
