sim_id,L1_L,L1_E_c,L1_E_v,L1_N_D,L1_N_A,L2_L,L2_E_c,L2_E_v,L2_N_D,L2_N_A,L3_L,L3_E_c,L3_E_v,L3_N_D,L3_N_A,iv_file
sim08001,38.1635,3.94643,5.981,5.17457e+20,2.17725e+19,321.964,3.75996,5.51557,1.5612e+16,6.27995e+16,44.7528,2.80826,5.0424,4.39544e+19,6.17168e+20,sim08001.iv
sim08002,21.74,3.94383,5.95495,6.99753e+20,3.88531e+19,290.004,3.6493,5.4832,6.49349e+16,8.64654e+16,27.1888,2.85206,5.17368,4.80934e+19,5.26131e+20,sim08002.iv
sim08003,48.8684,3.94841,5.9846,5.124e+20,4.76834e+19,235.36,3.61583,5.5722,8.16159e+16,5.02717e+16,45.4349,3.15345,5.00184,1.24578e+19,7.92818e+20,sim08003.iv
sim08004,21.2679,3.9279,5.86882,7.51645e+20,4.66793e+19,314.098,3.67197,5.58031,5.34024e+16,4.4264e+16,48.2045,2.80832,5.10995,4.74506e+19,9.67426e+20,sim08004.iv
sim08005,24.6775,3.96382,5.87475,8.85106e+20,1.01905e+19,213.484,3.64169,5.51523,9.46636e+16,8.32264e+16,25.3108,2.87423,5.17752,3.96688e+19,7.89136e+20,sim08005.iv
sim08006,21.457,3.82948,5.91411,9.22541e+20,3.59092e+19,279.244,3.78367,5.41002,2.27991e+16,3.09381e+16,20.2751,2.97788,5.07819,1.55512e+19,5.28687e+20,sim08006.iv
sim08007,22.4252,3.89069,5.94403,5.71282e+20,3.96424e+19,233.623,3.71515,5.46392,2.03543e+16,7.71719e+16,34.8784,2.99281,5.09415,1.95945e+19,6.87819e+20,sim08007.iv
sim08008,37.6666,3.80235,5.99852,5.439e+20,4.75545e+19,347.234,3.79439,5.58162,6.64977e+16,3.57098e+16,31.0827,3.14001,5.0405,1.41542e+19,5.67676e+20,sim08008.iv
sim08009,47.5369,3.89373,5.98657,7.96204e+20,2.7167e+19,247.634,3.66786,5.46615,3.52513e+16,2.37905e+16,24.8618,3.01701,5.1396,1.08384e+19,6.7832e+20,sim08009.iv
sim08010,28.6406,3.91726,5.93745,8.62603e+20,3.21911e+19,254.238,3.78791,5.45884,4.91554e+16,6.88983e+16,39.1865,3.01024,5.04922,4.77816e+19,6.76343e+20,sim08010.iv
sim08011,41.0333,3.88157,5.83623,6.00567e+20,2.11109e+19,226.204,3.72883,5.57839,6.5968e+16,7.97745e+16,32.768,2.91316,5.03998,3.50889e+19,5.08992e+20,sim08011.iv
sim08012,23.6477,3.95667,5.95996,8.46467e+20,1.99721e+19,272.121,3.62764,5.52189,5.83551e+16,8.83456e+16,42.9612,2.90649,5.01442,2.91029e+19,8.47867e+20,sim08012.iv
sim08013,31.4309,3.99893,5.91874,9.69864e+20,4.57494e+19,283.606,3.78083,5.49834,8.18523e+16,5.78604e+16,44.8075,3.08124,5.07047,2.24003e+19,8.86709e+20,sim08013.iv
sim08014,48.8961,3.87796,5.97109,7.88088e+20,4.58901e+19,341.83,3.76171,5.42481,5.56678e+16,9.3764e+16,37.2881,2.84015,5.12261,4.71895e+19,7.36336e+20,sim08014.iv
sim08015,45.6824,3.80376,5.92558,9.90346e+20,1.53614e+19,283.581,3.6201,5.4832,7.62246e+16,8.77123e+16,46.1823,3.11394,5.17151,2.86451e+19,8.97536e+20,sim08015.iv
sim08016,43.7221,3.91648,5.80518,6.37004e+20,2.98069e+19,306.661,3.61636,5.47022,4.03097e+16,2.26657e+16,33.4086,3.09891,5.19914,4.27795e+19,9.26072e+20,sim08016.iv
sim08017,31.1391,3.96126,5.9341,6.64606e+20,2.58606e+19,321.104,3.64151,5.5472,5.69123e+16,2.52741e+16,32.568,3.05384,5.10731,1.0244e+19,9.10166e+20,sim08017.iv
sim08018,41.7926,3.85969,5.91833,8.28042e+20,1.86006e+19,288.038,3.62398,5.52725,8.77253e+16,1.79234e+16,48.1132,2.86479,5.09374,2.27551e+19,5.72604e+20,sim08018.iv
sim08019,31.2984,3.87566,5.99431,7.86552e+20,2.17695e+19,222.802,3.74403,5.5899,1.36664e+16,9.8035e+16,21.6692,2.98331,5.15265,4.92225e+19,5.41874e+20,sim08019.iv
sim08020,45.7264,3.87211,5.97702,9.91864e+20,2.82281e+19,340.679,3.70139,5.47253,4.45798e+16,2.44922e+16,39.4585,2.96746,5.1039,4.92288e+19,7.8906e+20,sim08020.iv
sim08021,31.2595,3.90921,5.93661,8.41841e+20,2.23393e+19,247.01,3.72092,5.56951,1.81086e+16,4.42232e+16,28.3321,3.04323,5.15729,3.62895e+19,6.07496e+20,sim08021.iv
sim08022,38.934,3.95336,5.87368,7.74631e+20,1.51896e+19,254.452,3.73097,5.51189,9.88417e+16,4.67481e+16,43.9677,3.19783,5.08364,1.4834e+19,9.86657e+20,sim08022.iv
sim08023,23.9238,3.9022,5.83118,9.9186e+20,1.12383e+19,214.725,3.66702,5.57187,1.39363e+16,1.07684e+16,21.8118,3.01278,5.12001,2.635e+19,7.8936e+20,sim08023.iv
sim08024,23.1125,3.82625,5.94447,7.48613e+20,4.62437e+19,292.792,3.72222,5.44768,8.85022e+16,8.80607e+16,20.3909,3.03792,5.17424,4.15702e+19,6.68718e+20,sim08024.iv
sim08025,31.7418,3.85775,5.96576,6.50875e+20,4.09735e+19,336.092,3.73791,5.45774,4.35851e+16,8.9406e+16,47.4431,3.02574,5.09902,3.23248e+19,7.92004e+20,sim08025.iv
sim08026,34.6194,3.84674,5.94433,8.50461e+20,1.29318e+19,219.489,3.70147,5.5211,8.97707e+16,3.02754e+16,32.971,2.92431,5.19682,3.65643e+19,7.91113e+20,sim08026.iv
sim08027,21.9923,3.93881,5.87474,8.17717e+20,1.30773e+19,289.463,3.63888,5.58945,2.22278e+16,3.27707e+16,32.6228,2.99188,5.17762,4.42044e+19,6.01605e+20,sim08027.iv
sim08028,35.7542,3.9724,5.90468,6.49749e+20,2.87131e+19,230.027,3.69584,5.50601,2.87768e+16,4.1926e+16,28.4847,3.1838,5.00959,4.03682e+19,6.05686e+20,sim08028.iv
sim08029,31.0802,3.93845,5.97237,5.12166e+20,1.46582e+19,261.605,3.70001,5.59405,5.94079e+16,6.11369e+16,45.9023,3.01371,5.05112,1.81593e+19,7.43735e+20,sim08029.iv
sim08030,29.0912,3.85008,5.88401,6.49124e+20,3.03754e+19,338.745,3.69092,5.43805,4.90958e+16,7.1311e+16,46.0877,3.05617,5.11585,2.84716e+19,7.78054e+20,sim08030.iv
sim08031,44.6054,3.86123,5.94692,8.61634e+20,3.87884e+19,292.415,3.62403,5.58607,9.84674e+16,9.03084e+16,47.4958,3.14633,5.04614,1.65219e+19,5.49666e+20,sim08031.iv
sim08032,22.7426,3.94981,5.86051,6.64576e+20,4.01773e+19,236.82,3.71725,5.53021,3.94998e+16,5.33109e+16,34.4352,3.04786,5.10627,2.46754e+19,9.44593e+20,sim08032.iv
sim08033,43.822,3.92305,5.89518,7.37101e+20,2.84228e+19,299.639,3.7568,5.45199,7.10896e+16,6.7264e+16,33.0259,2.84499,5.11845,1.15637e+19,9.81625e+20,sim08033.iv
sim08034,38.4676,3.84421,5.9437,7.87491e+20,3.31786e+19,286.244,3.75557,5.5469,4.68962e+16,7.45823e+16,29.6582,3.00116,5.04163,1.73215e+19,5.41529e+20,sim08034.iv
sim08035,39.1221,3.96986,5.91083,6.99812e+20,3.41216e+19,329.462,3.72517,5.57577,2.04479e+16,1.79296e+16,23.1944,3.06063,5.07184,1.27494e+19,8.99234e+20,sim08035.iv
sim08036,45.1836,3.86986,5.9248,9.39344e+20,4.34162e+19,317.212,3.63706,5.47377,1.59994e+16,4.85096e+16,37.0856,3.12395,5.02307,1.47588e+19,6.73243e+20,sim08036.iv
sim08037,30.2774,3.97909,5.95387,6.92306e+20,1.16446e+19,251.438,3.7937,5.47831,1.06429e+16,4.00549e+16,33.7797,3.19008,5.12055,4.688e+19,5.01172e+20,sim08037.iv
sim08038,32.1412,3.99711,5.91022,5.80675e+20,2.93212e+19,237.257,3.70039,5.48639,8.99662e+16,5.88341e+16,35.0525,2.92399,5.06317,4.67651e+19,7.03566e+20,sim08038.iv
sim08039,46.6593,3.88424,5.94041,9.59645e+20,4.52085e+19,297.747,3.712,5.40264,8.87361e+16,2.27329e+16,30.3944,3.09182,5.1008,1.09223e+19,5.54672e+20,sim08039.iv
sim08040,42.2116,3.9038,5.91804,5.47429e+20,1.60167e+19,256.488,3.61248,5.52268,1.14204e+16,7.08135e+16,26.4729,3.01942,5.05833,1.69501e+19,9.13371e+20,sim08040.iv
sim08041,32.8512,3.93649,5.87707,5.2349e+20,4.72248e+19,288.818,3.61396,5.58406,8.11589e+16,7.28538e+16,38.9508,2.98351,5.18447,2.60064e+19,8.68307e+20,sim08041.iv
sim08042,45.8964,3.9196,5.89437,5.69411e+20,3.69105e+19,257.691,3.79782,5.58768,3.43827e+16,6.13463e+16,26.2823,3.0656,5.19398,1.28572e+19,6.43215e+20,sim08042.iv
sim08043,38.3166,3.81798,5.92382,9.0609e+20,2.91623e+19,230.413,3.67067,5.43264,8.9698e+16,6.04651e+16,41.8324,3.0226,5.19434,4.86094e+19,7.40183e+20,sim08043.iv
sim08044,22.8732,3.94685,5.93636,7.5082e+20,1.66369e+19,326.058,3.62084,5.44831,6.43989e+16,5.23283e+16,45.1192,3.13591,5.0275,3.25327e+19,5.30889e+20,sim08044.iv
sim08045,43.1293,3.86225,5.95926,7.92616e+20,3.49596e+19,332.073,3.63779,5.50844,1.32422e+16,7.75943e+16,31.3134,2.85479,5.06077,4.53331e+19,5.68063e+20,sim08045.iv
sim08046,20.4015,3.92959,5.90446,7.58555e+20,1.01402e+19,282.178,3.70898,5.47278,8.7235e+16,1.06339e+16,49.8492,2.96197,5.02089,2.71043e+19,7.14947e+20,sim08046.iv
sim08047,26.7769,3.93696,5.94452,9.49432e+20,4.3603e+19,332.56,3.70507,5.43958,5.42327e+16,1.42638e+16,47.9923,3.04367,5.17697,1.68254e+19,5.74902e+20,sim08047.iv
sim08048,20.4276,3.90285,5.9503,9.50089e+20,2.67246e+19,289.899,3.64469,5.45208,5.44084e+16,9.46359e+16,28.368,2.80375,5.10083,3.10701e+19,5.51549e+20,sim08048.iv
sim08049,30.9928,3.84247,5.91909,9.3401e+20,3.72382e+19,317.324,3.75491,5.40102,5.51496e+16,3.61741e+16,41.2085,3.12549,5.04184,4.7079e+19,9.48161e+20,sim08049.iv
sim08050,43.9123,3.98023,5.80303,6.41002e+20,1.36003e+19,349.541,3.67985,5.58506,6.20656e+16,8.74913e+16,27.3199,2.84465,5.02462,3.99754e+19,7.14731e+20,sim08050.iv
sim08051,28.1624,3.94458,5.85208,9.31748e+20,1.32491e+19,254.977,3.65761,5.58279,5.17311e+16,6.53672e+16,46.0578,3.092,5.08128,2.71928e+19,9.49267e+20,sim08051.iv
sim08052,41.9608,3.81889,5.94928,5.92185e+20,4.22534e+19,289.152,3.73655,5.52351,3.93961e+16,9.07414e+16,49.1637,3.06629,5.04395,2.39797e+19,5.10441e+20,sim08052.iv
sim08053,33.5829,3.96591,5.93054,6.40904e+20,1.04953e+19,251.624,3.61359,5.54887,9.39967e+16,3.07874e+16,29.7301,3.05143,5.022,3.82896e+19,7.60821e+20,sim08053.iv
sim08054,49.4524,3.82029,5.81523,5.66837e+20,3.02297e+19,291.843,3.68626,5.52008,8.39431e+16,8.86495e+16,24.7417,2.9676,5.02019,2.37121e+19,8.38533e+20,sim08054.iv
sim08055,34.7821,3.81595,5.83578,8.11673e+20,1.70719e+19,313,3.76339,5.46273,8.59218e+16,3.14944e+16,45.6108,3.0253,5.02125,4.59278e+19,7.00097e+20,sim08055.iv
sim08056,20.0576,3.87596,5.88623,8.39894e+20,2.33774e+19,318.228,3.79842,5.45201,1.1309e+16,8.24775e+16,32.8602,3.01989,5.12194,2.49825e+19,9.38354e+20,sim08056.iv
sim08057,44.7513,3.96804,5.87604,8.9575e+20,3.64819e+19,227.452,3.66646,5.48128,8.37064e+16,4.46765e+16,36.7465,3.15184,5.16108,2.26399e+19,5.97481e+20,sim08057.iv
sim08058,44.2603,3.86666,5.91292,5.98974e+20,2.7346e+19,256.903,3.63591,5.53996,7.27197e+16,1.41099e+16,40.4623,3.08823,5.15131,1.73089e+19,7.07341e+20,sim08058.iv
sim08059,34.2743,3.8017,5.91447,5.29015e+20,3.39626e+19,348.881,3.63513,5.44497,9.76116e+16,2.0462e+16,31.393,2.99241,5.10323,4.14654e+19,6.50425e+20,sim08059.iv
sim08060,25.279,3.87199,5.83972,7.93464e+20,3.88614e+19,276.503,3.78753,5.45921,5.32541e+16,2.35727e+16,23.7896,2.80784,5.15607,3.41205e+19,9.4818e+20,sim08060.iv
sim08061,24.3902,3.93993,5.88521,9.5165e+20,1.60772e+19,306.743,3.76808,5.47174,3.47967e+16,9.77474e+16,39.9032,3.04589,5.1105,1.30236e+19,9.25294e+20,sim08061.iv
sim08062,27.2456,3.98625,5.90078,6.89528e+20,4.60903e+19,331.418,3.63288,5.5962,1.52551e+16,3.37246e+16,35.7803,2.83617,5.11007,3.22912e+19,5.3267e+20,sim08062.iv
sim08063,22.4511,3.96446,5.90837,9.16033e+20,4.87514e+19,264.657,3.64031,5.42087,4.93453e+16,2.56098e+16,22.0559,2.83617,5.01307,4.22875e+19,9.35165e+20,sim08063.iv
sim08064,38.4056,3.87963,5.90526,7.01081e+20,2.59513e+19,219.605,3.69047,5.43784,4.56508e+16,9.5187e+16,40.1452,2.91283,5.14539,3.96059e+19,9.4926e+20,sim08064.iv
sim08065,27.8918,3.82049,5.9169,8.20229e+20,3.41375e+19,232.228,3.61813,5.52009,6.25185e+16,5.79369e+16,31.2734,3.18747,5.04049,1.50039e+19,5.62546e+20,sim08065.iv
sim08066,37.7645,3.97152,5.87463,9.37936e+20,4.18377e+19,223.421,3.67996,5.51904,9.18167e+16,4.91266e+16,43.5668,3.1685,5.14215,3.422e+19,5.30269e+20,sim08066.iv
sim08067,35.0963,3.86138,5.81954,6.17477e+20,3.5923e+19,212.872,3.63692,5.52814,5.00821e+16,5.33313e+16,25.5863,2.80799,5.09991,2.92212e+19,9.5587e+20,sim08067.iv
sim08068,21.2611,3.83753,5.84376,5.6327e+20,3.83995e+19,253.443,3.76714,5.47054,5.42214e+16,7.30469e+16,46.7617,2.82748,5.14383,1.08696e+19,7.53846e+20,sim08068.iv
sim08069,36.274,3.92356,5.91376,6.20382e+20,4.34416e+19,269.018,3.72403,5.4983,5.62463e+16,4.98005e+16,21.4228,2.97357,5.19238,4.0882e+19,8.47524e+20,sim08069.iv
sim08070,23.5738,3.88415,5.95203,5.24844e+20,1.48136e+19,263.205,3.74736,5.44214,4.30717e+16,3.95484e+16,36.2863,3.00935,5.14596,1.88708e+19,8.75857e+20,sim08070.iv
sim08071,46.2364,3.80989,5.8783,5.91232e+20,2.89555e+19,318.723,3.70007,5.4333,2.09692e+16,8.02094e+16,20.7034,3.18853,5.00912,1.91503e+19,6.93071e+20,sim08071.iv
sim08072,41.8802,3.96795,5.8291,8.20762e+20,2.17945e+19,337.228,3.7177,5.4476,2.50186e+16,9.67627e+16,46.1541,2.96199,5.03579,4.0967e+19,6.18114e+20,sim08072.iv
sim08073,45.8258,3.99186,5.90733,8.03418e+20,1.34754e+19,289.488,3.70109,5.52076,7.50298e+16,4.85126e+16,30.4797,2.8836,5.03683,4.41806e+19,5.67713e+20,sim08073.iv
sim08074,22.8086,3.94254,5.93493,9.10775e+20,1.23388e+19,261.326,3.66286,5.43481,2.4146e+16,9.34492e+16,23.8649,3.02096,5.0082,4.76029e+19,5.331e+20,sim08074.iv
sim08075,22.6093,3.81767,5.96361,8.24189e+20,4.79382e+19,232.901,3.64247,5.48485,7.80235e+16,6.80891e+16,25.9662,3.11658,5.17242,4.94474e+19,6.35839e+20,sim08075.iv
sim08076,35.2374,3.84943,5.84578,7.72954e+20,1.1324e+19,229.466,3.6942,5.49283,7.06619e+16,2.49145e+16,45.0245,3.088,5.03572,2.45594e+19,9.87784e+20,sim08076.iv
sim08077,46.7756,3.82854,5.96292,5.78353e+20,3.00243e+19,317.848,3.77142,5.43743,2.63917e+16,7.31972e+16,45.1066,3.1071,5.19536,1.13343e+19,5.2664e+20,sim08077.iv
sim08078,49.8542,3.88513,5.94533,5.7473e+20,2.49219e+19,349.392,3.7549,5.5649,5.22172e+16,2.42556e+16,48.6647,2.80022,5.17912,1.86675e+19,9.94316e+20,sim08078.iv
sim08079,23.0645,3.80475,5.81083,6.54915e+20,4.36123e+19,283.679,3.65776,5.44742,1.51395e+16,9.29025e+16,35.8526,3.12151,5.03582,4.73322e+19,6.16457e+20,sim08079.iv
sim08080,24.9531,3.91452,5.82052,8.6137e+20,4.73358e+19,292.643,3.74494,5.48148,5.43329e+16,2.64333e+16,31.9139,3.02736,5.06746,3.61265e+19,7.24946e+20,sim08080.iv
sim08081,36.6413,3.80486,5.97507,5.74673e+20,4.14746e+19,312.363,3.69416,5.41311,6.06474e+16,2.51233e+16,44.9501,3.01548,5.08466,3.78675e+19,9.99517e+20,sim08081.iv
sim08082,35.7352,3.98006,5.80537,7.60068e+20,1.7177e+19,328.22,3.67192,5.50002,8.55493e+16,9.46548e+16,24.7548,2.88145,5.12864,4.68862e+19,6.4556e+20,sim08082.iv
sim08083,32.2929,3.83491,5.98134,9.23962e+20,3.35264e+19,229.226,3.72177,5.51323,4.54851e+16,2.62181e+16,49.3153,3.02729,5.09823,1.78179e+19,8.89522e+20,sim08083.iv
sim08084,48.8423,3.97648,5.97859,6.48606e+20,1.83288e+19,328.017,3.6367,5.42754,4.70751e+16,9.48999e+16,46.5672,2.93354,5.10736,2.18452e+19,8.121e+20,sim08084.iv
sim08085,30.7597,3.89343,5.98243,9.41969e+20,2.63477e+19,270.317,3.66521,5.52171,9.21306e+16,1.42649e+16,30.7815,3.19716,5.03742,3.65727e+19,5.63277e+20,sim08085.iv
sim08086,26.6276,3.97777,5.95058,9.88329e+20,1.96464e+19,266.278,3.66852,5.45679,9.16235e+16,2.01708e+16,49.2167,2.83599,5.15611,1.16596e+19,6.56948e+20,sim08086.iv
sim08087,33.93,3.81586,5.8247,8.16688e+20,1.44521e+19,340.23,3.6324,5.54494,8.25365e+16,4.35114e+16,48.0337,2.9677,5.06172,3.85662e+19,6.72474e+20,sim08087.iv
sim08088,42.0776,3.84717,5.84767,6.79541e+20,3.68784e+19,339.642,3.75368,5.47084,4.83647e+16,5.61296e+16,22.1754,2.99869,5.09436,3.39782e+19,9.16708e+20,sim08088.iv
sim08089,47.8245,3.97725,5.90903,9.71417e+20,4.92853e+19,225.057,3.62684,5.52164,8.18473e+16,6.51792e+16,34.6467,3.04968,5.06045,3.80254e+19,9.64231e+20,sim08089.iv
sim08090,47.848,3.96334,5.91953,6.90432e+20,3.02404e+19,247.674,3.71311,5.58491,6.30385e+16,5.54148e+16,35.2729,2.81797,5.12416,3.05258e+19,8.62995e+20,sim08090.iv
sim08091,27.4721,3.88454,5.9588,7.24807e+20,4.75926e+19,283.622,3.73139,5.42105,4.82012e+16,3.55358e+16,23.3026,3.11705,5.17198,4.34741e+19,6.58348e+20,sim08091.iv
sim08092,22.325,3.91316,5.9847,7.47072e+20,3.82928e+19,312.956,3.69697,5.53313,8.4061e+16,2.15545e+16,28.608,3.03725,5.10833,2.72629e+19,6.83641e+20,sim08092.iv
sim08093,42.8231,3.94235,5.84537,9.42788e+20,4.88363e+19,280.276,3.74982,5.54028,1.822e+16,8.1748e+16,27.0551,2.87355,5.00309,2.09977e+19,6.76256e+20,sim08093.iv
sim08094,31.6921,3.90186,5.89876,6.92494e+20,3.45769e+19,328.289,3.61141,5.49725,1.18204e+16,5.41226e+16,21.5568,2.90371,5.06051,2.61965e+19,9.95281e+20,sim08094.iv
sim08095,42.3244,3.97061,5.98254,6.45469e+20,1.2849e+19,243.939,3.78916,5.54623,6.42066e+16,9.77199e+16,32.9692,3.12221,5.10462,4.33848e+19,9.30238e+20,sim08095.iv
sim08096,23.3685,3.88503,5.87128,8.25637e+20,2.60612e+19,316.779,3.6767,5.47281,3.37277e+16,5.31369e+16,38.7843,3.05119,5.09653,4.50985e+19,6.18093e+20,sim08096.iv
sim08097,29.4703,3.8964,5.88999,8.02021e+20,1.84194e+19,243.73,3.72986,5.59023,7.63566e+16,7.36861e+16,32.9552,2.8856,5.13448,4.13362e+19,6.42225e+20,sim08097.iv
sim08098,22.4353,3.99225,5.98185,9.46712e+20,2.4638e+19,275.359,3.64741,5.53895,9.67515e+16,2.18372e+16,38.359,2.99417,5.00528,2.40413e+19,9.24551e+20,sim08098.iv
sim08099,28.0054,3.99757,5.95872,6.30839e+20,1.56773e+19,241.162,3.75971,5.44897,3.80512e+16,2.11927e+16,41.0164,2.98884,5.1479,2.37521e+19,9.4051e+20,sim08099.iv
sim08100,33.3206,3.9174,5.89566,5.20063e+20,1.49131e+19,265.742,3.60354,5.59658,7.40327e+16,7.41183e+16,21.8923,3.0968,5.07062,3.60075e+19,7.6677e+20,sim08100.iv
sim08101,31.8135,3.99623,5.96087,7.10585e+20,4.55191e+19,262.664,3.62949,5.43507,5.47915e+16,3.07965e+16,28.8665,2.98787,5.0138,3.19618e+19,6.98702e+20,sim08101.iv
sim08102,30.5699,3.83468,5.98794,5.323e+20,4.10941e+19,316.953,3.75221,5.47249,8.16333e+16,6.3014e+16,25.568,3.02933,5.08328,3.53942e+19,8.26827e+20,sim08102.iv
sim08103,37.8118,3.93295,5.84045,8.18952e+20,3.87947e+19,331.184,3.7806,5.59704,5.67017e+16,7.70591e+16,47.2554,3.18722,5.1074,2.6301e+19,6.3444e+20,sim08103.iv
sim08104,40.3106,3.86424,5.93656,8.80395e+20,4.15407e+19,302.647,3.65887,5.40395,1.34029e+16,3.57932e+16,23.616,2.88272,5.02562,1.20384e+19,9.86141e+20,sim08104.iv
sim08105,29.7463,3.9001,5.86528,6.98497e+20,1.07675e+19,335.4,3.67374,5.53569,4.8072e+16,5.05381e+16,33.9958,2.84386,5.1268,2.91895e+19,6.91838e+20,sim08105.iv
sim08106,44.239,3.84487,5.84533,9.58842e+20,1.35961e+19,343.387,3.73787,5.54831,1.48085e+16,9.85878e+16,33.4474,2.82535,5.1149,2.49051e+19,8.45651e+20,sim08106.iv
sim08107,26.1041,3.80276,5.81237,6.99662e+20,1.80442e+19,326.079,3.63649,5.42621,3.35168e+16,9.00258e+16,40.6544,2.89329,5.08425,1.71574e+19,5.24404e+20,sim08107.iv
sim08108,22.5759,3.88252,5.81176,6.54524e+20,3.44936e+19,298.695,3.63773,5.57395,2.20365e+16,7.85512e+16,44.1056,2.86636,5.1244,4.49839e+19,6.01833e+20,sim08108.iv
sim08109,22.665,3.84309,5.96225,6.50746e+20,4.09226e+19,259.626,3.77053,5.47857,7.38892e+16,7.25894e+16,20.842,2.88238,5.00008,4.46254e+19,9.56086e+20,sim08109.iv
sim08110,29.0082,3.8542,5.8619,5.10114e+20,2.35293e+19,272.368,3.61698,5.42301,3.96157e+16,4.5929e+16,44.7515,3.13776,5.16323,3.5454e+19,9.78568e+20,sim08110.iv
sim08111,32.8494,3.94226,5.939,5.36869e+20,4.07458e+19,282.38,3.74728,5.52458,6.5843e+16,9.29821e+16,36.1868,2.89503,5.00439,2.44996e+19,6.66511e+20,sim08111.iv
sim08112,46.3958,3.82365,5.81489,5.80054e+20,2.66229e+19,262.516,3.75582,5.58865,1.63788e+16,3.11852e+16,38.3069,3.07227,5.01653,4.75259e+19,6.07004e+20,sim08112.iv
sim08113,42.0271,3.82263,5.96222,7.21269e+20,4.27972e+19,226.847,3.79787,5.5591,9.01651e+16,3.63783e+16,21.9159,2.95078,5.04813,1.66347e+19,9.80015e+20,sim08113.iv
sim08114,39.0342,3.88936,5.98988,7.29473e+20,4.07753e+19,289.392,3.61786,5.57639,2.74855e+16,3.01734e+16,32.7893,2.99595,5.07517,2.13934e+19,8.53103e+20,sim08114.iv
sim08115,31.6767,3.81345,5.94675,9.49121e+20,2.03255e+19,249.139,3.64021,5.57439,1.46851e+16,3.12571e+16,37.7683,2.99452,5.14277,1.32321e+19,6.25626e+20,sim08115.iv
sim08116,24.248,3.82617,5.95248,9.7737e+20,1.09323e+19,255.93,3.76974,5.49502,2.50362e+16,1.20921e+16,26.2273,2.94107,5.00079,2.85408e+19,9.41318e+20,sim08116.iv
sim08117,23.5213,3.83347,5.82937,9.86047e+20,4.52867e+19,227.749,3.6912,5.52631,9.772e+16,2.29749e+16,43.9722,3.12279,5.13789,2.67404e+19,9.97062e+20,sim08117.iv
sim08118,47.1712,3.87639,5.90623,5.2493e+20,1.16344e+19,319.544,3.67122,5.53296,6.15796e+16,8.83839e+16,37.3299,2.99638,5.12895,1.37717e+19,5.77743e+20,sim08118.iv
sim08119,40.6022,3.91493,5.88038,5.41278e+20,1.51087e+19,231.479,3.61957,5.56517,8.62689e+16,3.53284e+16,24.7637,2.97173,5.19978,1.24329e+19,9.55257e+20,sim08119.iv
sim08120,34.6028,3.89318,5.82185,6.64122e+20,1.69448e+19,329.355,3.72383,5.55842,8.24771e+16,6.56468e+16,40.2962,3.09586,5.13797,2.83293e+19,7.59047e+20,sim08120.iv
sim08121,49.8219,3.99932,5.92091,5.84865e+20,1.44684e+19,259.254,3.75817,5.46292,3.39381e+16,6.96324e+16,31.9349,3.02124,5.15345,4.12745e+19,7.7173e+20,sim08121.iv
sim08122,47.061,3.97088,5.8207,8.38334e+20,3.7146e+19,244.392,3.65667,5.51571,9.5766e+16,2.89941e+16,45.9478,2.91008,5.12777,2.31888e+19,8.98387e+20,sim08122.iv
sim08123,42.401,3.97007,5.98617,5.5737e+20,2.17877e+19,223.438,3.75875,5.46409,7.93114e+16,9.57722e+16,37.9411,2.98632,5.03101,3.14893e+19,6.44712e+20,sim08123.iv
sim08124,47.3751,3.95653,5.98801,9.77858e+20,3.8944e+19,253.139,3.65933,5.44301,9.10008e+16,6.55143e+16,32.4495,2.92465,5.15449,4.11514e+19,8.40446e+20,sim08124.iv
sim08125,24.251,3.84422,5.99518,8.99494e+20,2.20136e+19,240.883,3.78663,5.46866,5.54839e+16,9.11503e+16,41.0042,3.07582,5.04896,4.09479e+19,8.71903e+20,sim08125.iv
sim08126,33.2003,3.88463,5.90919,9.56231e+20,2.72477e+19,337.76,3.73763,5.43608,5.75792e+16,1.9626e+16,42.0128,2.82853,5.0307,3.24138e+19,9.09152e+20,sim08126.iv
sim08127,35.434,3.97567,5.98919,9.88485e+20,3.05713e+19,295.524,3.72114,5.5696,4.53492e+16,6.03748e+16,40.0477,2.96538,5.18629,2.67197e+19,7.92729e+20,sim08127.iv
sim08128,37.343,3.92337,5.8949,5.22088e+20,1.29811e+19,312.237,3.61804,5.43866,4.10151e+16,4.05044e+16,31.0051,2.96621,5.02696,1.33303e+19,8.66058e+20,sim08128.iv
sim08129,24.9096,3.97643,5.82832,7.71535e+20,4.59861e+19,258.114,3.76835,5.43766,5.27108e+16,2.64601e+16,45.6739,2.98347,5.13124,3.62064e+19,7.67898e+20,sim08129.iv
sim08130,44.0156,3.86472,5.91986,9.79519e+20,4.05523e+19,311.308,3.63125,5.41453,4.08789e+16,3.26389e+16,36.856,3.04089,5.12438,3.74727e+19,5.42869e+20,sim08130.iv
sim08131,33.341,3.98937,5.90707,8.21446e+20,3.89047e+19,313.648,3.77963,5.55983,2.80101e+16,1.32676e+16,44.3757,2.98601,5.12326,3.14299e+19,9.89363e+20,sim08131.iv
sim08132,46.001,3.92497,5.84145,8.07974e+20,4.76629e+19,229.586,3.72464,5.58349,1.42365e+16,4.55234e+16,29.5614,2.92767,5.01323,3.89703e+19,6.69833e+20,sim08132.iv
sim08133,24.2586,3.9985,5.95223,6.55008e+20,1.62309e+19,337.093,3.7607,5.47984,8.5557e+16,7.56182e+16,20.683,3.05789,5.16063,3.6291e+19,7.99618e+20,sim08133.iv
sim08134,36.5599,3.84215,5.92604,6.2905e+20,1.99321e+19,242.511,3.69378,5.49224,7.26025e+16,4.60778e+16,34.8075,2.90233,5.15292,1.20612e+19,5.61413e+20,sim08134.iv
sim08135,32.035,3.86986,5.90218,5.36468e+20,2.57792e+19,320.014,3.70393,5.41642,4.04125e+16,6.01612e+16,31.1396,2.89317,5.05407,1.59595e+19,7.22609e+20,sim08135.iv
sim08136,20.2911,3.95857,5.85927,9.67821e+20,1.26375e+19,333.066,3.61429,5.55214,6.50242e+16,6.96502e+16,30.6184,2.8117,5.10848,2.71684e+19,6.61619e+20,sim08136.iv
sim08137,30.9267,3.97023,5.83189,9.20436e+20,1.25767e+19,313.092,3.67369,5.43122,3.32577e+16,6.31433e+16,43.7843,3.07507,5.08083,4.1243e+19,6.08877e+20,sim08137.iv
sim08138,42.2921,3.9166,5.98406,8.77541e+20,3.56795e+19,247.838,3.64272,5.41413,3.63711e+16,3.87391e+16,44.6598,2.82766,5.01482,2.75132e+19,7.63185e+20,sim08138.iv
sim08139,29.3077,3.8029,5.892,8.69717e+20,3.31205e+19,216.143,3.60515,5.58868,9.60925e+16,1.10474e+16,39.9201,3.01042,5.1458,1.89986e+19,5.71461e+20,sim08139.iv
sim08140,43.4561,3.89321,5.84785,7.02775e+20,1.65577e+19,341.26,3.71022,5.49683,7.26904e+16,1.43337e+16,24.0866,3.16785,5.09294,4.91388e+19,7.51349e+20,sim08140.iv
sim08141,33.279,3.84162,5.89875,6.8583e+20,1.56086e+19,215.255,3.74928,5.40843,1.44228e+16,6.40562e+16,32.7667,3.12558,5.11831,1.43989e+19,7.71364e+20,sim08141.iv
sim08142,43.6103,3.93631,5.93003,9.72613e+20,3.45779e+19,246.615,3.60401,5.48762,5.10197e+16,1.61572e+16,40.9594,2.9531,5.08867,1.22917e+19,5.67929e+20,sim08142.iv
sim08143,35.1212,3.83479,5.98061,6.71397e+20,4.08141e+19,302.088,3.62635,5.51382,6.38784e+16,8.63995e+16,35.2773,2.91487,5.10685,4.34497e+19,5.75285e+20,sim08143.iv
sim08144,31.0154,3.90623,5.91053,9.79305e+20,4.80486e+19,264.886,3.76136,5.4127,5.94588e+16,2.65907e+16,21.0015,3.16716,5.19319,4.86751e+19,9.30983e+20,sim08144.iv
sim08145,25.1456,3.82436,5.81388,7.45776e+20,4.82861e+19,335.411,3.74181,5.5722,9.41359e+16,8.05866e+16,48.326,3.17809,5.07984,1.17253e+19,6.1818e+20,sim08145.iv
sim08146,48.7561,3.85057,5.83981,8.22597e+20,1.35145e+19,332.828,3.66044,5.57341,5.31794e+16,5.38176e+16,36.0504,2.97833,5.00115,4.31409e+19,8.30385e+20,sim08146.iv
sim08147,27.1439,3.89164,5.96105,9.92596e+20,2.48739e+19,299.97,3.7418,5.42143,3.54627e+16,9.28396e+16,33.3559,2.90541,5.11429,1.95004e+19,8.99695e+20,sim08147.iv
sim08148,47.7436,3.93083,5.93136,6.66833e+20,3.04212e+19,324.707,3.71073,5.42001,5.8563e+16,1.7808e+16,30.5085,3.17945,5.08846,4.61258e+19,7.36207e+20,sim08148.iv
sim08149,31.8345,3.91146,5.924,8.57089e+20,2.10625e+19,226.11,3.69517,5.52798,2.37685e+16,1.28241e+16,42.7857,2.97052,5.13551,1.03559e+19,9.16058e+20,sim08149.iv
sim08150,47.2886,3.82326,5.82959,7.72193e+20,1.65623e+19,246.636,3.76282,5.55001,9.57548e+16,9.01824e+16,29.0593,3.1942,5.08635,3.20119e+19,6.81455e+20,sim08150.iv
sim08151,37.3557,3.90035,5.85926,7.60536e+20,3.84292e+19,281.177,3.76682,5.57596,4.72073e+16,7.81699e+16,47.5682,3.10349,5.0944,3.82701e+19,7.09907e+20,sim08151.iv
sim08152,29.744,3.92537,5.81247,5.83215e+20,3.24676e+19,267.117,3.63667,5.58768,9.97346e+16,4.50179e+16,41.2163,3.12532,5.05066,1.91848e+19,8.2632e+20,sim08152.iv
sim08153,30.9351,3.86042,5.95219,9.29956e+20,1.27049e+19,264.061,3.7692,5.54663,9.4786e+16,6.04244e+16,43.2321,2.89486,5.02874,1.37753e+19,9.39886e+20,sim08153.iv
sim08154,40.4356,3.88081,5.94943,9.31184e+20,3.82226e+19,214.849,3.65654,5.41616,7.58742e+16,9.1794e+16,34.264,3.033,5.14882,1.01018e+19,6.85724e+20,sim08154.iv
sim08155,23.6802,3.90531,5.82418,9.67293e+20,3.06438e+19,334.882,3.70983,5.56415,2.31759e+16,3.47829e+16,21.1633,3.19889,5.00785,1.02019e+19,7.5128e+20,sim08155.iv
sim08156,47.5989,3.93264,5.83035,7.08477e+20,2.57416e+19,334.622,3.68118,5.44651,3.54877e+16,8.62726e+16,36.4913,2.82719,5.14757,4.67588e+19,9.54102e+20,sim08156.iv
sim08157,28.5969,3.85793,5.90597,6.33837e+20,3.81759e+19,319.458,3.76694,5.53838,8.63173e+16,8.42502e+16,24.9988,3.13335,5.07827,1.58727e+19,8.63471e+20,sim08157.iv
sim08158,40.1647,3.96468,5.81903,9.58518e+20,1.95942e+19,221.925,3.70295,5.48368,3.53612e+16,9.09219e+16,20.923,3.13491,5.01962,4.28189e+19,6.25605e+20,sim08158.iv
sim08159,26.7141,3.87391,5.89569,5.94894e+20,4.69192e+19,252.188,3.63831,5.56393,3.57545e+16,9.17022e+16,45.1014,2.93547,5.16721,2.81037e+19,6.10853e+20,sim08159.iv
sim08160,26.3548,3.86586,5.97375,8.57873e+20,3.61656e+19,275.91,3.75886,5.47042,2.52961e+16,1.67436e+16,46.3435,2.80317,5.19684,4.99865e+19,6.24025e+20,sim08160.iv
sim08161,45.693,3.88856,5.98144,6.90855e+20,3.0672e+19,313.919,3.72426,5.44187,4.56155e+16,5.32418e+16,42.0015,2.81549,5.19481,2.69894e+19,7.02326e+20,sim08161.iv
sim08162,46.1044,3.89738,5.91852,8.56441e+20,2.18914e+19,347.265,3.76486,5.56065,1.80662e+16,5.2627e+16,34.792,2.82734,5.14399,2.41499e+19,6.96825e+20,sim08162.iv
sim08163,39.0478,3.92438,5.9688,9.44688e+20,3.01405e+19,321.542,3.72584,5.44046,1.15568e+16,1.94799e+16,29.3891,2.96688,5.12948,2.89498e+19,9.59172e+20,sim08163.iv
sim08164,24.2238,3.81758,5.98736,5.87145e+20,4.10754e+19,270.887,3.64842,5.44581,9.01284e+16,6.11775e+16,43.132,3.01792,5.01644,2.38175e+19,7.68471e+20,sim08164.iv
sim08165,35.042,3.95692,5.94859,8.24084e+20,4.64006e+19,347.023,3.61031,5.58886,4.28165e+16,7.93682e+16,39.7783,2.94203,5.16706,1.34855e+19,6.15845e+20,sim08165.iv
sim08166,43.4982,3.90344,5.8201,8.20234e+20,2.6258e+19,219.384,3.60989,5.42158,4.12629e+16,6.28331e+16,40.8309,3.06305,5.02185,4.19433e+19,8.99897e+20,sim08166.iv
sim08167,29.9622,3.95274,5.8395,5.77638e+20,2.99936e+19,223.551,3.7141,5.50761,2.10873e+16,7.05597e+16,35.0466,2.83385,5.11982,2.70578e+19,7.94012e+20,sim08167.iv
sim08168,38.3277,3.87994,5.82554,8.14798e+20,4.95982e+19,277.716,3.75819,5.5837,6.74364e+16,2.82015e+16,40.0298,2.92558,5.03671,3.6243e+19,8.50418e+20,sim08168.iv
sim08169,47.4757,3.94152,5.90389,8.20036e+20,4.91119e+19,294.875,3.68984,5.52271,7.56457e+16,8.85738e+16,25.963,2.8463,5.09442,4.01367e+19,5.46528e+20,sim08169.iv
sim08170,47.0594,3.99085,5.99817,8.17487e+20,3.94432e+19,261.353,3.7831,5.42222,4.01913e+16,9.49812e+16,35.6371,3.08675,5.10405,1.01744e+19,6.25382e+20,sim08170.iv
sim08171,26.3387,3.83627,5.8883,8.84307e+20,2.90179e+19,326.252,3.65683,5.47014,8.40694e+16,7.56292e+16,21.1146,2.99862,5.01049,4.09743e+19,7.38119e+20,sim08171.iv
sim08172,39.3546,3.87907,5.80646,5.74806e+20,1.92132e+19,216.283,3.66392,5.461,8.05649e+16,3.50842e+16,46.543,2.90319,5.07795,1.81739e+19,8.49335e+20,sim08172.iv
sim08173,26.3282,3.86197,5.95217,7.83826e+20,2.67509e+19,341.429,3.6756,5.53432,7.63107e+16,9.15449e+16,30.9436,2.93456,5.01392,1.69699e+19,6.63795e+20,sim08173.iv
sim08174,29.3746,3.81271,5.82105,6.38623e+20,2.22059e+19,214.139,3.71951,5.44834,4.79109e+16,7.54209e+16,27.004,3.0712,5.16762,4.88832e+19,7.81489e+20,sim08174.iv
sim08175,31.7039,3.87,5.87185,6.41981e+20,3.17653e+19,239.994,3.63617,5.41531,7.44131e+16,6.01567e+16,39.0721,3.13256,5.14653,2.84887e+19,5.98481e+20,sim08175.iv
sim08176,21.8794,3.90366,5.83428,8.10668e+20,2.65193e+19,241.647,3.7241,5.54023,4.50898e+16,4.32551e+16,29.9318,2.84638,5.16328,1.82796e+19,6.20372e+20,sim08176.iv
sim08177,25.2611,3.95763,5.89207,5.00986e+20,1.89851e+19,246.897,3.63531,5.48338,8.9799e+16,1.06467e+16,24.661,2.93454,5.08676,1.71312e+19,7.48762e+20,sim08177.iv
sim08178,31.5597,3.98409,5.80465,9.57441e+20,3.86157e+19,232.461,3.69651,5.57833,3.0833e+16,5.69469e+16,45.673,2.83963,5.12862,1.71865e+19,5.27711e+20,sim08178.iv
sim08179,43.9173,3.92658,5.9722,9.87074e+20,1.67659e+19,245.133,3.60523,5.51906,4.30477e+16,2.0945e+16,27.6726,3.05047,5.05715,2.51684e+19,5.32063e+20,sim08179.iv
sim08180,26.0126,3.89611,5.90287,6.20055e+20,4.36742e+19,345.291,3.75362,5.4004,5.17984e+16,2.55725e+16,41.133,2.83689,5.02884,1.29948e+19,7.63396e+20,sim08180.iv
sim08181,23.6619,3.93704,5.81955,6.92584e+20,4.4695e+19,254.728,3.70708,5.51127,6.33923e+16,3.53784e+16,25.3046,3.13687,5.19105,4.67141e+19,5.3049e+20,sim08181.iv
sim08182,26.308,3.93365,5.83383,9.26309e+20,4.37557e+19,236.206,3.7487,5.46881,7.56493e+16,6.55302e+16,26.192,3.07813,5.06789,2.94041e+19,6.34829e+20,sim08182.iv
sim08183,20.5621,3.88142,5.80501,5.97954e+20,4.62253e+19,333.024,3.70157,5.51097,5.93935e+16,8.26149e+16,36.5399,3.02582,5.11008,2.94547e+19,7.78227e+20,sim08183.iv
sim08184,47.8477,3.86086,5.98773,7.77177e+20,2.46049e+19,226.896,3.79528,5.48936,8.06548e+16,6.7733e+16,23.5586,2.8601,5.14828,3.16796e+19,6.57237e+20,sim08184.iv
sim08185,26.5827,3.98086,5.83851,9.63194e+20,3.78172e+19,251.075,3.71782,5.53559,4.17874e+16,7.04778e+16,33.7037,2.8863,5.17767,1.7915e+19,8.71767e+20,sim08185.iv
sim08186,32.9942,3.87065,5.82117,7.99174e+20,3.42818e+19,324.377,3.79601,5.40116,6.71648e+16,2.68678e+16,42.5204,3.08356,5.01064,1.15932e+19,9.84609e+20,sim08186.iv
sim08187,20.3082,3.85733,5.95671,7.61325e+20,1.96009e+19,347.806,3.73815,5.48719,8.82757e+16,8.49122e+16,34.686,3.09562,5.05377,1.4896e+19,6.1341e+20,sim08187.iv
sim08188,45.2611,3.84066,5.80663,7.7143e+20,1.80733e+19,270.022,3.78806,5.54952,2.03499e+16,8.99584e+16,20.798,2.94657,5.11391,3.60175e+19,9.63591e+20,sim08188.iv
sim08189,32.874,3.88579,5.92921,5.09764e+20,3.69631e+19,262.981,3.64115,5.44639,1.98424e+16,4.08007e+16,39.7028,3.12697,5.05719,2.97609e+19,7.91632e+20,sim08189.iv
sim08190,35.3932,3.98245,5.92386,9.67086e+20,4.00333e+19,229.807,3.62822,5.55959,8.96445e+16,7.69023e+16,27.5931,2.98983,5.05047,2.02755e+19,9.25486e+20,sim08190.iv
sim08191,48.782,3.86691,5.83421,5.51697e+20,2.21983e+19,298.133,3.66891,5.58899,2.04154e+16,5.04794e+16,40.3081,2.95899,5.14216,2.807e+19,8.8584e+20,sim08191.iv
sim08192,28.2525,3.97395,5.83536,6.18501e+20,1.98245e+19,220.553,3.67131,5.56071,7.2686e+16,9.60344e+16,33.6321,3.00353,5.02952,1.92059e+19,9.5732e+20,sim08192.iv
sim08193,49.9408,3.93824,5.86338,9.33694e+20,3.66913e+19,244.253,3.69452,5.49706,9.58218e+16,1.0199e+16,21.174,2.83696,5.16851,1.62634e+19,6.09042e+20,sim08193.iv
sim08194,29.2685,3.84851,5.98138,9.85772e+20,2.44149e+19,289.642,3.65884,5.59147,4.17895e+16,9.46408e+16,24.6737,2.92524,5.00822,2.8793e+19,5.11106e+20,sim08194.iv
sim08195,24.6972,3.87517,5.98659,6.04952e+20,1.27405e+19,315.598,3.73421,5.58506,8.62724e+16,9.32416e+16,42.354,3.1492,5.14647,3.21969e+19,5.36368e+20,sim08195.iv
sim08196,34.3285,3.94595,5.89057,9.53347e+20,4.71032e+19,263.032,3.71435,5.45687,6.09749e+16,2.36192e+16,40.3848,3.19953,5.06307,1.37327e+19,5.06809e+20,sim08196.iv
sim08197,37.9206,3.95833,5.81869,7.5585e+20,3.42662e+19,315.926,3.7358,5.57109,8.9791e+16,3.35064e+16,28.9344,2.82595,5.19511,3.77254e+19,9.81696e+20,sim08197.iv
sim08198,20.5223,3.88191,5.99826,7.85301e+20,3.8873e+19,336.579,3.66699,5.46613,9.01506e+16,7.03772e+16,31.9019,2.83154,5.13925,4.07383e+19,5.34241e+20,sim08198.iv
sim08199,33.429,3.85714,5.94276,9.83158e+20,1.86618e+19,236.637,3.62381,5.57899,6.55612e+16,5.69111e+16,36.3048,2.991,5.18601,3.86073e+19,8.56028e+20,sim08199.iv
sim08200,22.3334,3.99792,5.89986,5.09357e+20,4.17682e+19,310.005,3.7386,5.47827,5.67212e+16,7.41045e+16,20.0794,2.91948,5.17296,1.69667e+19,6.76839e+20,sim08200.iv
sim08201,22.5185,3.85275,5.89136,9.40101e+20,3.73181e+19,290.104,3.75032,5.5164,1.7911e+16,6.294e+16,43.5777,3.11837,5.03705,3.53497e+19,5.95061e+20,sim08201.iv
sim08202,22.7782,3.81413,5.90622,5.34016e+20,1.03868e+19,279.326,3.77457,5.56827,5.1025e+16,1.92991e+16,35.9671,2.86097,5.02544,1.55164e+19,7.74205e+20,sim08202.iv
sim08203,26.5343,3.88425,5.90161,9.84631e+20,1.36231e+19,259.805,3.78193,5.4794,6.14395e+16,8.29736e+16,42.1612,3.07116,5.04096,3.6553e+19,8.91605e+20,sim08203.iv
sim08204,32.2636,3.97985,5.91314,8.93077e+20,1.43552e+19,235.723,3.77264,5.40924,1.55906e+16,9.5227e+16,21.1652,3.03758,5.10685,3.23981e+19,8.21914e+20,sim08204.iv
sim08205,22.338,3.96431,5.92382,8.5276e+20,3.75678e+19,275.799,3.61558,5.49258,6.87275e+16,5.45735e+16,20.1596,3.17679,5.00148,1.83257e+19,9.48205e+20,sim08205.iv
sim08206,22.754,3.93623,5.91471,5.32932e+20,3.10505e+19,279.006,3.76357,5.41175,4.13181e+16,7.87755e+16,42.0763,3.01782,5.18131,4.93904e+19,6.44663e+20,sim08206.iv
sim08207,26.432,3.86767,5.99903,5.4836e+20,3.19431e+19,215.976,3.62233,5.51472,7.3366e+16,9.05377e+16,34.8457,3.05113,5.17339,1.41192e+19,8.92711e+20,sim08207.iv
sim08208,21.2984,3.82384,5.82319,7.69853e+20,4.5647e+19,224.44,3.73281,5.56845,4.43257e+16,1.75947e+16,33.6959,2.84714,5.09413,4.26179e+19,9.4843e+20,sim08208.iv
sim08209,38.5191,3.87498,5.89066,6.39903e+20,1.11441e+19,317.051,3.65905,5.46834,6.42403e+16,6.60251e+16,30.026,2.87873,5.02132,4.59516e+19,5.16018e+20,sim08209.iv
sim08210,48.9084,3.85217,5.86773,7.46881e+20,3.74976e+19,222.747,3.76279,5.54548,5.66644e+16,5.793e+16,20.5259,2.98218,5.06598,2.57929e+19,9.79652e+20,sim08210.iv
sim08211,46.0357,3.9099,5.8525,6.41141e+20,3.88814e+19,338.388,3.61825,5.58153,5.75054e+16,1.17905e+16,21.9199,3.10915,5.11586,2.26546e+19,8.37112e+20,sim08211.iv
sim08212,41.1614,3.99537,5.86812,8.50958e+20,3.27882e+19,317.128,3.79056,5.40654,4.83107e+16,2.84636e+16,38.1983,3.11868,5.17883,4.16797e+19,8.41238e+20,sim08212.iv
sim08213,27.2681,3.94743,5.87187,7.28333e+20,4.35701e+19,289.959,3.73303,5.57982,4.01002e+16,2.85001e+16,42.1762,3.02454,5.1317,4.89225e+19,9.73719e+20,sim08213.iv
sim08214,27.4169,3.89467,5.88603,9.20596e+20,1.95526e+19,220.113,3.7521,5.58949,1.97985e+16,1.14087e+16,43.8191,3.15289,5.09216,3.25591e+19,7.50415e+20,sim08214.iv
sim08215,41.1422,3.93708,5.81157,7.351e+20,1.9843e+19,256.061,3.6959,5.46532,2.37113e+16,4.01763e+16,43.2966,3.04919,5.05365,4.35653e+19,9.59895e+20,sim08215.iv
sim08216,27.8289,3.95301,5.80684,9.76443e+20,1.26251e+19,333.846,3.70768,5.46573,9.84714e+16,7.9613e+16,42.0386,3.07496,5.1313,3.52563e+19,9.06484e+20,sim08216.iv
sim08217,26.5712,3.82333,5.90646,9.49109e+20,3.40355e+19,295.595,3.7551,5.53705,2.37442e+16,3.04616e+16,30.3481,3.13988,5.13763,3.83389e+19,6.33064e+20,sim08217.iv
sim08218,39.9146,3.93281,5.95533,9.8173e+20,4.52338e+19,302.388,3.7155,5.58998,4.42425e+16,5.07052e+16,27.0381,3.09952,5.10895,2.73214e+19,6.1463e+20,sim08218.iv
sim08219,33.7822,3.92323,5.94006,9.52745e+20,2.62006e+19,253.008,3.75012,5.48184,6.5432e+16,6.9361e+16,21.0709,3.10074,5.18358,1.70357e+19,8.36703e+20,sim08219.iv
sim08220,37.5512,3.84866,5.83034,5.70967e+20,1.02266e+19,264.16,3.68741,5.50354,9.95226e+16,2.37368e+16,42.6353,3.18037,5.16421,2.35934e+19,7.12685e+20,sim08220.iv
sim08221,35.6152,3.95818,5.83818,6.86312e+20,2.77951e+19,295.262,3.73976,5.4921,7.30971e+16,1.44108e+16,35.4158,3.08423,5.0202,3.80706e+19,8.57102e+20,sim08221.iv
sim08222,40.7552,3.99525,5.98059,9.27776e+20,1.30788e+19,344.797,3.77632,5.51478,8.06163e+16,8.07609e+16,44.0287,3.07696,5.12399,3.25436e+19,8.71846e+20,sim08222.iv
sim08223,44.952,3.90024,5.89353,9.41979e+20,2.18327e+19,213.674,3.62024,5.49201,1.95329e+16,9.96e+16,43.6502,2.9142,5.06694,2.64466e+19,5.39492e+20,sim08223.iv
sim08224,26.8609,3.80039,5.94183,5.2455e+20,1.82846e+19,320.291,3.69253,5.51347,7.25538e+16,9.99431e+16,27.7248,2.97377,5.12467,3.3682e+19,5.04853e+20,sim08224.iv
sim08225,20.03,3.93309,5.81964,8.21645e+20,3.68858e+19,333.223,3.69484,5.56443,4.51749e+16,9.30394e+16,22.702,3.00785,5.17877,3.02777e+19,9.04136e+20,sim08225.iv
sim08226,33.7843,3.88092,5.91945,9.5365e+20,4.59801e+19,311.186,3.70672,5.49871,4.79967e+16,9.43315e+16,42.747,2.90651,5.1811,1.30676e+19,5.59524e+20,sim08226.iv
sim08227,39.4146,3.89965,5.86528,7.33832e+20,2.90988e+19,306.257,3.64109,5.54504,6.45003e+16,1.07357e+16,35.2192,2.83179,5.09856,2.18328e+19,7.61063e+20,sim08227.iv
sim08228,31.8159,3.883,5.87496,8.89157e+20,2.55779e+19,273.092,3.75233,5.52949,2.62397e+16,8.15932e+16,39.6078,3.0062,5.11545,3.33546e+19,7.38096e+20,sim08228.iv
sim08229,25.0533,3.88611,5.83405,9.39693e+20,4.94274e+19,324.811,3.76261,5.43396,3.58824e+16,4.32288e+16,35.8575,3.05426,5.05029,3.23185e+19,8.6269e+20,sim08229.iv
sim08230,26.5965,3.98053,5.8947,9.03413e+20,2.61488e+19,274.996,3.76531,5.45527,2.22926e+16,9.50567e+16,36.8288,2.93438,5.1004,3.15724e+19,8.62958e+20,sim08230.iv
sim08231,45.9165,3.8636,5.89476,5.51026e+20,4.18862e+19,263.857,3.65396,5.5397,6.99818e+16,1.0394e+16,44.5927,2.92181,5.15337,2.83027e+19,6.28474e+20,sim08231.iv
sim08232,47.7204,3.8722,5.98841,9.22345e+20,2.61748e+19,315.029,3.74141,5.43062,5.61969e+16,5.50821e+16,25.9578,3.13491,5.06429,4.89437e+19,6.93568e+20,sim08232.iv
sim08233,21.6237,3.918,5.95768,8.06519e+20,1.23636e+19,321.922,3.74829,5.4403,7.76618e+16,1.44654e+16,41.9238,2.94776,5.10885,2.35452e+19,7.46171e+20,sim08233.iv
sim08234,42.033,3.80584,5.98,7.30824e+20,2.80104e+19,268.455,3.79424,5.55007,8.57348e+16,3.82445e+16,47.6372,3.0109,5.18993,1.7662e+19,9.61595e+20,sim08234.iv
sim08235,22.6877,3.89251,5.82677,8.94426e+20,1.91639e+19,263.161,3.64996,5.57931,8.27222e+16,6.0731e+16,42.9656,2.88963,5.11688,2.75941e+19,6.94047e+20,sim08235.iv
sim08236,34.8313,3.83389,5.82731,8.42031e+20,2.32965e+19,215.212,3.71871,5.47606,2.74915e+16,9.09577e+16,40.6138,3.18659,5.19519,1.14302e+19,9.46068e+20,sim08236.iv
sim08237,36.5473,3.86523,5.99532,9.98054e+20,3.15565e+19,257.385,3.6623,5.5079,6.22402e+16,5.0584e+16,36.3697,2.93751,5.16914,3.22284e+19,6.83184e+20,sim08237.iv
sim08238,45.4525,3.95051,5.94589,5.38046e+20,2.10471e+19,272.151,3.62248,5.40567,3.35318e+16,5.11341e+16,31.022,3.14431,5.15491,4.1783e+19,5.80144e+20,sim08238.iv
sim08239,45.8937,3.99566,5.88307,7.58171e+20,2.71373e+19,239.477,3.64037,5.46535,4.21694e+16,1.87322e+16,23.2902,3.04898,5.12425,1.69457e+19,6.22976e+20,sim08239.iv
sim08240,35.8486,3.9336,5.98906,9.56223e+20,2.22629e+19,251.124,3.67605,5.57585,2.84711e+16,7.82823e+16,28.7277,3.00871,5.092,3.93776e+19,8.37102e+20,sim08240.iv
sim08241,35.8005,3.91725,5.92415,9.12573e+20,2.16256e+19,271.408,3.72605,5.59418,7.9112e+16,8.01729e+16,24.7721,3.08242,5.01946,1.18259e+19,7.22129e+20,sim08241.iv
sim08242,43.2703,3.95234,5.84021,6.1729e+20,4.35701e+19,309.695,3.74204,5.43354,9.26914e+16,9.00394e+16,30.2491,3.07132,5.17484,4.05528e+19,7.60652e+20,sim08242.iv
sim08243,24.8585,3.84235,5.85275,5.88216e+20,3.80275e+19,238.975,3.63637,5.47451,1.51391e+16,8.03641e+16,43.9055,3.0669,5.00088,1.66462e+19,9.81138e+20,sim08243.iv
sim08244,38.1775,3.87913,5.93254,5.32201e+20,3.61716e+19,347.862,3.63326,5.48281,3.92254e+16,2.89309e+16,35.556,3.18177,5.10358,1.08574e+19,8.91684e+20,sim08244.iv
sim08245,42.0563,3.94842,5.99396,9.37033e+20,2.96348e+19,277.558,3.61154,5.52888,4.31191e+16,7.67283e+16,37.4232,2.97676,5.11555,2.13474e+19,7.0398e+20,sim08245.iv
sim08246,29.3144,3.9647,5.82559,8.34084e+20,1.51038e+19,271.812,3.6549,5.58421,6.30493e+16,6.16831e+16,41.0876,3.05047,5.01692,3.38225e+19,9.00141e+20,sim08246.iv
sim08247,48.4109,3.82655,5.8211,9.23504e+20,1.69012e+19,218.518,3.72366,5.46674,9.36048e+16,1.18756e+16,34.063,2.84009,5.14966,4.95668e+19,8.71968e+20,sim08247.iv
sim08248,27.6666,3.8109,5.80667,8.48392e+20,3.5981e+19,304.693,3.78099,5.42393,8.2776e+16,7.04143e+16,33.6851,2.82667,5.08473,1.94517e+19,9.05002e+20,sim08248.iv
sim08249,40.5985,3.8888,5.94842,6.85643e+20,3.07933e+19,230.456,3.70713,5.59047,9.2414e+16,5.19219e+16,34.3724,2.89797,5.1646,1.36972e+19,9.98281e+20,sim08249.iv
sim08250,39.9419,3.87,5.9296,9.40444e+20,4.07963e+19,232.396,3.70099,5.50796,5.59814e+16,1.72168e+16,22.2424,3.14645,5.0325,1.85405e+19,6.90414e+20,sim08250.iv
sim08251,44.538,3.86505,5.84636,9.97609e+20,4.50636e+19,211.389,3.70365,5.50756,5.24509e+16,3.89977e+16,41.2914,2.95135,5.15347,1.18234e+19,6.30804e+20,sim08251.iv
sim08252,29.9036,3.80452,5.84695,8.392e+20,1.68859e+19,314.842,3.79632,5.50083,2.62938e+16,6.32536e+16,30.2242,2.81147,5.10116,3.45626e+19,5.47987e+20,sim08252.iv
sim08253,31.7769,3.91321,5.86653,8.70006e+20,1.07436e+19,276.51,3.78963,5.56674,8.50053e+16,2.16015e+16,23.8846,3.08683,5.15068,1.84544e+19,6.41666e+20,sim08253.iv
sim08254,43.0507,3.87569,5.93915,7.28778e+20,4.71275e+19,316.088,3.7286,5.40354,9.35404e+16,6.10977e+16,24.6888,3.04304,5.1475,4.78472e+19,6.55595e+20,sim08254.iv
sim08255,30.5349,3.94898,5.98793,9.8808e+20,3.19192e+19,250.239,3.63799,5.40146,8.8127e+16,9.66611e+16,42.7627,3.11211,5.1256,4.54821e+19,6.70409e+20,sim08255.iv
sim08256,35.4172,3.82467,5.95096,9.45362e+20,1.30668e+19,244.055,3.74791,5.43076,3.90708e+16,1.32072e+16,31.3214,3.18574,5.08522,2.62688e+19,9.87171e+20,sim08256.iv
sim08257,38.516,3.81842,5.98959,8.35534e+20,3.71609e+19,311.453,3.65813,5.59667,8.10162e+16,2.38997e+16,35.2891,2.82161,5.00157,3.69378e+19,6.55353e+20,sim08257.iv
sim08258,30.7969,3.95397,5.88076,8.55751e+20,3.88183e+19,309.607,3.68126,5.49555,4.77188e+16,3.62832e+16,20.3643,2.83826,5.01137,2.18598e+19,7.69743e+20,sim08258.iv
sim08259,39.315,3.8453,5.86213,9.726e+20,2.85369e+19,272.025,3.73717,5.55175,3.94734e+16,4.90128e+16,28.3267,3.05357,5.19095,1.81858e+19,9.91614e+20,sim08259.iv
sim08260,41.7684,3.98317,5.91605,8.22346e+20,4.03956e+19,275.33,3.75955,5.53396,7.38131e+16,6.13652e+16,29.0091,3.16208,5.19054,1.32646e+19,6.47524e+20,sim08260.iv
sim08261,22.7045,3.84246,5.80517,6.33026e+20,4.0885e+19,221.213,3.76464,5.50754,6.06617e+16,1.23705e+16,32.5635,3.09979,5.09886,3.43461e+19,6.41401e+20,sim08261.iv
sim08262,28.2411,3.84183,5.80784,7.01161e+20,4.30345e+19,335.829,3.70579,5.50985,2.86779e+16,6.28378e+16,35.4103,3.02401,5.12451,4.93141e+19,7.24627e+20,sim08262.iv
sim08263,35.5072,3.89883,5.89765,9.20231e+20,1.85833e+19,342.838,3.64398,5.583,4.58083e+16,1.53441e+16,40.3977,3.15759,5.1406,1.46222e+19,6.72512e+20,sim08263.iv
sim08264,22.2939,3.99953,5.83728,9.30659e+20,1.37624e+19,215.363,3.76633,5.48822,5.79055e+16,6.91944e+16,24.916,2.97318,5.0277,1.99159e+19,8.69651e+20,sim08264.iv
sim08265,37.7918,3.82818,5.89239,5.60144e+20,3.03239e+19,267.06,3.61024,5.51462,1.62728e+16,2.43175e+16,34.6418,2.80121,5.18503,2.07451e+19,6.01053e+20,sim08265.iv
sim08266,48.046,3.83496,5.82832,9.12788e+20,1.11154e+19,211.096,3.74539,5.57307,3.68968e+16,6.46427e+16,46.1997,3.00361,5.18829,1.28588e+19,6.15862e+20,sim08266.iv
sim08267,38.0736,3.81916,5.80543,5.08002e+20,4.47019e+19,279.037,3.79302,5.4405,5.00006e+16,1.08035e+16,30.1501,3.12227,5.14486,4.20047e+19,9.67621e+20,sim08267.iv
sim08268,37.7616,3.98135,5.84858,7.68114e+20,3.56692e+19,279.419,3.72616,5.50193,9.56608e+16,7.94865e+16,38.253,2.94382,5.04579,3.17251e+19,6.91814e+20,sim08268.iv
sim08269,48.4986,3.89509,5.95849,7.13508e+20,2.81414e+19,211.366,3.79926,5.45329,5.52666e+16,9.77436e+16,29.2567,2.80897,5.02674,3.74617e+19,7.88855e+20,sim08269.iv
sim08270,32.4241,3.99592,5.99401,5.95205e+20,3.27634e+19,301.907,3.61775,5.45757,2.49239e+16,6.07163e+16,42.0671,3.09035,5.01558,1.84108e+19,8.51099e+20,sim08270.iv
sim08271,27.2032,3.96792,5.91199,5.39536e+20,2.70253e+19,324.209,3.74855,5.52199,3.38819e+16,9.1797e+16,21.6555,2.92216,5.10998,2.38327e+19,9.03516e+20,sim08271.iv
sim08272,38.9475,3.85555,5.89659,6.1053e+20,2.40991e+19,317.645,3.67878,5.51845,6.33123e+16,8.37008e+16,29.3182,2.87705,5.19295,2.72328e+19,5.23402e+20,sim08272.iv
sim08273,44.5593,3.80668,5.92389,7.00007e+20,4.28339e+19,341.617,3.61688,5.43559,7.38432e+16,6.82553e+16,21.2612,2.92755,5.07923,1.80264e+19,7.93354e+20,sim08273.iv
sim08274,31.2537,3.82856,5.98125,6.54221e+20,1.12931e+19,323.616,3.76455,5.5975,2.40806e+16,8.63312e+16,33.3304,2.92327,5.05525,1.21929e+19,6.24395e+20,sim08274.iv
sim08275,39.143,3.80584,5.8561,5.19547e+20,2.90803e+19,336.7,3.73095,5.42357,7.91122e+16,6.09167e+16,34.6152,3.17635,5.00868,1.27553e+19,8.82656e+20,sim08275.iv
sim08276,45.2244,3.9211,5.85975,7.10904e+20,3.80502e+19,326.147,3.78983,5.58143,7.80682e+16,8.40788e+16,37.37,3.19834,5.02564,2.27958e+19,8.80568e+20,sim08276.iv
sim08277,27.9435,3.82207,5.9368,5.4197e+20,3.04906e+19,228.833,3.72296,5.40957,2.15883e+16,7.79192e+16,25.7072,3.03281,5.10473,2.94249e+19,7.55994e+20,sim08277.iv
sim08278,22.6675,3.93283,5.85325,8.94349e+20,2.78593e+19,286.035,3.77587,5.45034,1.3786e+16,9.56193e+16,27.9935,3.06476,5.17928,4.9217e+19,6.75044e+20,sim08278.iv
sim08279,43.9709,3.91063,5.92382,7.54575e+20,4.76385e+19,342.712,3.74004,5.52501,1.34345e+16,2.13816e+16,32.7471,2.80368,5.02558,2.05737e+19,6.37699e+20,sim08279.iv
sim08280,32.4593,3.82883,5.95327,9.23738e+20,4.55132e+19,249.409,3.60764,5.45743,5.7533e+16,8.46731e+16,46.4007,3.14791,5.02172,2.00056e+19,8.91961e+20,sim08280.iv
sim08281,39.7927,3.87949,5.99994,6.70808e+20,4.31749e+19,284.695,3.69268,5.42926,9.58933e+16,5.94149e+16,37.9995,3.10993,5.05529,1.35459e+19,5.61513e+20,sim08281.iv
sim08282,39.7985,3.93851,5.86655,5.33881e+20,1.69e+19,343.569,3.77657,5.49984,2.21185e+16,8.3382e+16,35.1997,2.97652,5.12278,3.6902e+19,6.36505e+20,sim08282.iv
sim08283,37.9864,3.83136,5.99968,7.64484e+20,3.21391e+19,347.553,3.70738,5.50635,6.96923e+16,6.27244e+16,37.4126,2.8052,5.1393,2.92824e+19,5.33759e+20,sim08283.iv
sim08284,24.8757,3.81113,5.86349,6.22299e+20,4.86285e+19,320.56,3.65654,5.56453,7.15689e+16,4.92225e+16,46.9917,2.8138,5.11572,3.71038e+19,9.09975e+20,sim08284.iv
sim08285,38.3525,3.90607,5.89917,7.16876e+20,3.42367e+19,240.105,3.71485,5.48639,7.36204e+16,7.27114e+16,46.5796,2.90146,5.06141,3.52155e+19,5.76973e+20,sim08285.iv
sim08286,40.231,3.90465,5.81742,8.15669e+20,3.0509e+19,248.108,3.67465,5.48199,9.53705e+16,9.28075e+16,23.7176,2.98933,5.04299,2.08978e+19,8.038e+20,sim08286.iv
sim08287,20.7433,3.96905,5.90539,8.89891e+20,1.62491e+19,310.689,3.79625,5.51287,7.97058e+16,7.75313e+16,36.7874,3.0947,5.09428,3.81393e+19,5.5392e+20,sim08287.iv
sim08288,36.2975,3.91327,5.89125,5.64234e+20,2.71163e+19,348.311,3.66355,5.59909,7.87927e+16,3.99129e+16,39.0425,2.87898,5.02249,4.1765e+19,8.81987e+20,sim08288.iv
sim08289,34.0866,3.94142,5.89652,8.2145e+20,1.35516e+19,294.539,3.7904,5.41035,9.03314e+16,4.2712e+16,30.5382,3.07783,5.17965,1.63279e+19,7.16107e+20,sim08289.iv
sim08290,23.3478,3.84843,5.91099,9.85728e+20,2.36101e+19,214.091,3.75018,5.40246,3.607e+16,6.21629e+16,21.3665,3.07597,5.06461,1.76721e+19,5.34465e+20,sim08290.iv
sim08291,44.1799,3.8321,5.98301,5.38879e+20,2.25776e+19,339.089,3.69111,5.40172,1.95168e+16,4.65333e+16,48.3167,2.81676,5.18125,2.71434e+19,7.80427e+20,sim08291.iv
sim08292,32.5417,3.88712,5.92665,7.97466e+20,3.7089e+19,239.617,3.77227,5.55837,1.65975e+16,4.43467e+16,28.2824,2.84981,5.13848,4.8406e+19,5.58103e+20,sim08292.iv
sim08293,25.3811,3.90901,5.97402,9.57161e+20,2.747e+19,246.791,3.69442,5.55552,1.48158e+16,8.21263e+16,21.1902,2.97121,5.19647,4.54658e+19,5.56744e+20,sim08293.iv
sim08294,43.1066,3.80999,5.98377,7.07709e+20,4.52087e+19,232.87,3.75208,5.41331,6.9449e+16,8.2112e+16,33.5604,3.15082,5.18628,2.58098e+19,9.29993e+20,sim08294.iv
sim08295,32.0428,3.94728,5.97979,8.30607e+20,1.91671e+19,222.062,3.64094,5.45193,7.3777e+16,8.64332e+16,22.6112,3.19442,5.01664,3.32349e+19,7.8997e+20,sim08295.iv
sim08296,44.7677,3.80156,5.88803,5.2355e+20,2.85871e+19,276.583,3.6057,5.47401,5.301e+16,7.66475e+16,37.3759,3.06097,5.14947,4.76888e+19,7.01813e+20,sim08296.iv
sim08297,34.4384,3.99937,5.86901,8.50149e+20,4.58715e+19,237.373,3.63978,5.50831,8.05722e+16,6.09898e+16,20.7359,2.99811,5.06751,2.35085e+19,5.32223e+20,sim08297.iv
sim08298,48.1925,3.95855,5.80789,7.04137e+20,1.44288e+19,279.044,3.64284,5.41055,8.5035e+16,3.58226e+16,44.5399,2.92555,5.16967,1.48728e+19,7.15722e+20,sim08298.iv
sim08299,47.2826,3.86201,5.82861,7.86585e+20,2.57685e+19,224.856,3.60917,5.56986,8.23616e+16,2.19367e+16,49.0006,2.8468,5.0341,4.18849e+19,7.3589e+20,sim08299.iv
sim08300,30.8956,3.81336,5.95145,6.30286e+20,4.61384e+19,216.44,3.64456,5.519,5.74636e+16,7.10997e+16,35.7695,2.98693,5.07327,1.74003e+19,8.78843e+20,sim08300.iv
sim08301,39.7425,3.87107,5.81159,8.00151e+20,3.5837e+19,348.064,3.61308,5.41055,7.58026e+16,9.97283e+16,45.8046,3.11871,5.18117,2.67536e+19,5.64703e+20,sim08301.iv
sim08302,26.8979,3.91371,5.81093,8.05736e+20,3.80466e+19,253.856,3.73146,5.57549,5.52275e+16,5.27004e+16,44.7292,2.95843,5.15901,4.39242e+19,6.03736e+20,sim08302.iv
sim08303,42.5661,3.83995,5.95041,6.69786e+20,2.90219e+19,231.937,3.73349,5.58723,5.99682e+16,6.71911e+16,39.3156,2.98378,5.14382,4.21035e+19,6.57972e+20,sim08303.iv
sim08304,48.1866,3.90746,5.94033,9.0207e+20,1.11417e+19,339.309,3.76426,5.41798,1.60524e+16,1.7709e+16,46.8247,3.04768,5.01109,4.7292e+19,8.36817e+20,sim08304.iv
sim08305,29.6825,3.93868,5.98923,5.47485e+20,4.37701e+19,289.559,3.66951,5.52608,7.50778e+16,8.98464e+16,34.0521,3.11003,5.13537,1.28979e+19,8.44651e+20,sim08305.iv
sim08306,38.8246,3.87059,5.80413,6.59961e+20,4.18748e+19,322.119,3.68782,5.57805,8.14987e+16,6.55947e+16,44.9936,3.05524,5.11207,2.61167e+19,6.39861e+20,sim08306.iv
sim08307,23.7714,3.91722,5.88515,6.7504e+20,2.04265e+19,304.761,3.78715,5.45846,2.79866e+16,5.09934e+16,32.153,3.10028,5.00998,3.13217e+19,9.63871e+20,sim08307.iv
sim08308,49.4728,3.87542,5.80017,8.64387e+20,1.9796e+19,298.434,3.69452,5.52359,4.1413e+16,1.70273e+16,48.6374,3.1494,5.14644,1.8582e+19,9.53175e+20,sim08308.iv
sim08309,25.3259,3.87467,5.98496,6.75908e+20,1.14286e+19,302.157,3.75487,5.48781,7.79278e+16,7.03886e+16,28.8541,2.88284,5.10414,2.20621e+19,7.97149e+20,sim08309.iv
sim08310,49.594,3.83551,5.91437,5.90154e+20,1.02437e+19,347.669,3.75354,5.43975,2.99725e+16,1.42085e+16,37.3038,3.17682,5.05681,2.75467e+19,6.10856e+20,sim08310.iv
sim08311,47.9044,3.99436,5.89194,5.8911e+20,4.09998e+19,308.496,3.62542,5.58217,9.49556e+16,1.72387e+16,22.1582,3.15063,5.04813,2.87076e+19,7.34862e+20,sim08311.iv
sim08312,26.3053,3.90614,5.83897,9.78165e+20,1.11073e+19,303.167,3.78548,5.50653,9.17908e+16,8.51191e+16,25.2482,2.85038,5.08703,2.68247e+19,9.82292e+20,sim08312.iv
sim08313,35.2685,3.95161,5.80721,8.63975e+20,4.37779e+19,263.65,3.69531,5.50591,2.86821e+16,4.46036e+16,34.1441,2.87398,5.1974,2.34083e+19,7.37605e+20,sim08313.iv
sim08314,25.3439,3.9902,5.94857,5.36892e+20,3.06574e+19,267.038,3.75926,5.42751,3.43942e+16,7.77084e+16,23.0387,3.12457,5.16941,2.26634e+19,9.00856e+20,sim08314.iv
sim08315,26.2171,3.91064,5.83151,6.88368e+20,1.69321e+19,313.618,3.71077,5.40866,8.94309e+16,7.21926e+16,20.49,3.12927,5.06114,1.26643e+19,5.66729e+20,sim08315.iv
sim08316,48.5843,3.92708,5.99705,9.7801e+20,1.93408e+19,245.366,3.74481,5.48783,2.14943e+16,4.06206e+16,20.3289,2.92392,5.06934,1.48039e+19,8.00874e+20,sim08316.iv
sim08317,27.9032,3.9773,5.9982,6.05854e+20,4.90687e+19,245.379,3.63435,5.49592,3.42345e+16,5.01458e+16,25.823,3.0796,5.18654,4.6027e+19,8.73952e+20,sim08317.iv
sim08318,40.7398,3.97963,5.84093,8.24577e+20,1.87546e+19,313.324,3.77768,5.4755,4.23842e+16,8.33955e+16,37.5243,3.12959,5.07573,1.89643e+19,7.28574e+20,sim08318.iv
sim08319,41.043,3.92987,5.84342,8.65465e+20,1.28438e+19,329.701,3.6478,5.41126,9.42153e+16,8.26535e+16,32.9166,3.08695,5.14381,3.49118e+19,6.81755e+20,sim08319.iv
sim08320,29.6804,3.96531,5.86785,9.97585e+20,4.42006e+19,253.261,3.68444,5.43726,6.01809e+16,3.32143e+16,41.4929,3.06346,5.04861,2.37189e+19,9.87464e+20,sim08320.iv
sim08321,40.9125,3.89414,5.88572,8.84251e+20,4.39066e+19,310.554,3.7436,5.41569,8.75911e+16,6.99483e+16,33.1577,2.97274,5.11006,1.47062e+19,5.24713e+20,sim08321.iv
sim08322,22.8624,3.84557,5.88412,7.46387e+20,4.91573e+19,267.368,3.79223,5.48056,8.73761e+16,9.67169e+16,38.701,2.85285,5.10921,2.94036e+19,9.4121e+20,sim08322.iv
sim08323,20.7766,3.99323,5.96011,8.86953e+20,3.93339e+19,258.922,3.61675,5.59914,8.07544e+16,4.40594e+16,41.2848,2.84041,5.0989,3.44776e+19,9.45724e+20,sim08323.iv
sim08324,21.1587,3.81154,5.91283,8.79811e+20,1.99009e+19,267.387,3.67752,5.54403,5.24295e+16,1.97229e+16,47.7052,3.1128,5.03938,1.23977e+19,8.13461e+20,sim08324.iv
sim08325,47.651,3.80292,5.93324,8.72362e+20,1.51434e+19,291.179,3.60689,5.44906,1.56131e+16,4.15093e+16,38.0789,2.82817,5.16943,1.27324e+19,8.58987e+20,sim08325.iv
sim08326,37.5394,3.85102,5.8815,7.87566e+20,3.82976e+19,224.256,3.61514,5.46051,1.15858e+16,7.8044e+16,22.4801,3.09705,5.11208,3.77198e+19,5.41355e+20,sim08326.iv
sim08327,23.1227,3.979,5.96913,7.66933e+20,1.01544e+19,220.105,3.62851,5.48879,8.53239e+16,1.05639e+16,40.717,3.11978,5.14841,2.23113e+19,8.15033e+20,sim08327.iv
sim08328,36.2666,3.93964,5.94576,9.56657e+20,4.8253e+19,240.609,3.79238,5.55507,6.26293e+16,1.42737e+16,24.8831,2.86178,5.07267,3.3136e+19,5.23642e+20,sim08328.iv
sim08329,23.5447,3.91282,5.85323,7.48241e+20,3.21287e+19,285.046,3.61903,5.50416,6.08432e+16,4.96598e+16,42.2872,2.84273,5.1473,4.6286e+19,8.68768e+20,sim08329.iv
sim08330,42.2022,3.90109,5.97525,9.40857e+20,2.46843e+19,291.277,3.68034,5.44479,1.98838e+16,5.49925e+16,31.5411,2.88969,5.14179,3.14267e+19,7.91688e+20,sim08330.iv
sim08331,38.329,3.83894,5.90019,7.9513e+20,1.50261e+19,347.421,3.69948,5.41147,9.73781e+16,7.95437e+16,38.4097,2.99862,5.12983,3.65278e+19,7.39631e+20,sim08331.iv
sim08332,29.0968,3.80625,5.97887,5.26169e+20,3.3258e+19,262.958,3.60762,5.54841,3.34541e+16,7.0474e+16,33.7344,3.12702,5.12564,2.42675e+19,8.54917e+20,sim08332.iv
sim08333,40.6531,3.89271,5.96604,9.64284e+20,2.26365e+19,236.919,3.65202,5.46356,5.09388e+16,1.36877e+16,23.9953,2.97393,5.12864,4.43543e+19,5.49235e+20,sim08333.iv
sim08334,22.0776,3.88523,5.81866,5.78717e+20,1.38996e+19,268.449,3.71501,5.49744,6.24199e+16,8.68562e+16,39.2376,2.8795,5.06748,3.21551e+19,7.90019e+20,sim08334.iv
sim08335,42.6642,3.9107,5.90985,5.33583e+20,2.57911e+19,225.534,3.68224,5.45651,7.1661e+16,1.94849e+16,37.9874,3.1613,5.07386,2.111e+19,8.64998e+20,sim08335.iv
sim08336,46.5574,3.97989,5.95243,6.9139e+20,2.06505e+19,286.025,3.72414,5.40394,3.91429e+16,4.30203e+16,32.7448,2.83812,5.18278,4.77304e+19,9.28199e+20,sim08336.iv
sim08337,45.1299,3.82565,5.96118,6.77701e+20,1.63512e+19,303.638,3.7583,5.44994,2.69167e+16,2.08279e+16,42.475,3.00515,5.15016,2.42155e+19,7.26623e+20,sim08337.iv
sim08338,21.0384,3.91522,5.93523,9.66044e+20,4.81777e+19,246.133,3.7084,5.52456,3.00021e+16,2.66382e+16,25.8803,3.02447,5.19648,1.74502e+19,9.2475e+20,sim08338.iv
sim08339,20.2963,3.94277,5.89051,5.08103e+20,4.7127e+19,216.707,3.6627,5.40607,9.63113e+16,6.86618e+16,23.8216,3.07936,5.1961,3.07769e+19,6.2991e+20,sim08339.iv
sim08340,37.4796,3.92321,5.89706,9.43479e+20,3.3196e+19,306.712,3.74096,5.48802,4.36743e+16,7.37182e+16,24.4401,3.02627,5.07676,2.64541e+19,9.22251e+20,sim08340.iv
sim08341,25.8487,3.86909,5.91706,6.50544e+20,4.69228e+19,282.311,3.68186,5.53015,5.94879e+16,3.01431e+16,28.5789,3.16862,5.09764,2.3968e+19,9.74713e+20,sim08341.iv
sim08342,38.4896,3.93839,5.85525,6.00376e+20,2.8278e+19,268.061,3.75767,5.44471,6.41326e+16,5.09828e+16,42.0052,3.17662,5.03414,4.40127e+19,9.01102e+20,sim08342.iv
sim08343,40.2441,3.83007,5.94779,6.89512e+20,4.87955e+19,271.619,3.63041,5.55371,8.05139e+16,4.86776e+16,44.2116,3.05305,5.13413,2.46938e+19,6.07536e+20,sim08343.iv
sim08344,23.8723,3.95221,5.99334,7.86763e+20,2.80875e+19,213.569,3.78018,5.57969,4.72936e+16,7.54985e+16,42.0602,2.83673,5.10927,2.08894e+19,8.36399e+20,sim08344.iv
sim08345,25.2134,3.94853,5.89328,9.08914e+20,4.14495e+19,305.348,3.60813,5.55436,6.49545e+16,2.1789e+16,29.5154,3.19881,5.1804,2.2327e+19,7.4943e+20,sim08345.iv
sim08346,21.2246,3.99698,5.99335,5.57643e+20,2.37939e+19,218.379,3.76177,5.49291,9.52589e+16,2.25722e+16,22.372,3.17079,5.18521,4.4156e+19,6.37846e+20,sim08346.iv
sim08347,49.9763,3.82648,5.88968,6.61053e+20,4.33159e+19,317.478,3.68981,5.51971,9.01165e+16,1.73282e+16,47.8928,3.1872,5.031,4.33924e+19,5.67567e+20,sim08347.iv
sim08348,31.6228,3.89078,5.92688,7.25035e+20,2.05936e+19,264.976,3.7565,5.4206,5.4987e+16,7.38298e+16,20.438,3.00933,5.02367,1.67177e+19,5.95684e+20,sim08348.iv
sim08349,47.6337,3.8676,5.96893,9.91233e+20,2.6088e+19,338.642,3.7661,5.5036,8.62745e+16,5.80035e+16,23.9573,3.19746,5.05209,4.23813e+19,5.09176e+20,sim08349.iv
sim08350,23.2041,3.89055,5.9384,7.41702e+20,3.59291e+19,283.293,3.67679,5.56931,1.33015e+16,7.90698e+16,43.2893,2.91221,5.00895,2.11046e+19,8.27739e+20,sim08350.iv
sim08351,46.3785,3.8514,5.80505,6.90533e+20,4.38283e+19,227.799,3.60712,5.56414,8.37037e+16,3.82383e+16,47.2871,2.97018,5.10336,4.92287e+19,7.29474e+20,sim08351.iv
sim08352,44.9331,3.87077,5.86695,5.6958e+20,4.07217e+19,272.952,3.69083,5.51874,8.79681e+16,3.6763e+16,47.0801,3.06856,5.11011,2.89146e+19,8.42416e+20,sim08352.iv
sim08353,40.6083,3.85077,5.83885,7.07039e+20,3.86259e+19,332.683,3.65876,5.41833,4.13975e+16,8.33681e+16,36.0914,2.83792,5.07059,2.92487e+19,9.8089e+20,sim08353.iv
sim08354,47.6443,3.88514,5.99604,6.06215e+20,4.41469e+19,337.05,3.7182,5.54593,7.59889e+16,9.38283e+16,20.2975,2.91671,5.04926,1.00756e+19,9.93436e+20,sim08354.iv
sim08355,26.9453,3.87483,5.86438,9.57092e+20,4.95411e+19,252.35,3.79972,5.45498,8.57531e+16,8.92014e+16,31.6819,2.88366,5.04588,2.89011e+19,8.51511e+20,sim08355.iv
sim08356,48.2302,3.88028,5.88865,5.84982e+20,2.99495e+19,228.058,3.6284,5.54572,5.68211e+16,7.60732e+16,20.3395,2.86618,5.05068,3.53545e+19,9.91473e+20,sim08356.iv
sim08357,34.9591,3.82044,5.84152,5.11233e+20,2.63531e+19,307.743,3.65005,5.53116,4.93156e+16,5.246e+16,49.9962,3.1145,5.0828,2.39551e+19,9.11879e+20,sim08357.iv
sim08358,30.2124,3.85003,5.89672,7.66829e+20,2.21576e+19,252.933,3.7584,5.59161,1.50803e+16,1.81624e+16,41.4619,3.07506,5.0794,3.38398e+19,5.88264e+20,sim08358.iv
sim08359,22.7515,3.95039,5.93795,6.46944e+20,4.45353e+19,247.897,3.66179,5.50153,4.18334e+16,9.02152e+16,37.0438,3.04856,5.02455,1.51175e+19,7.3026e+20,sim08359.iv
sim08360,37.0787,3.87587,5.8561,7.73909e+20,2.64407e+19,245.418,3.61611,5.44593,7.09014e+16,5.09985e+16,20.082,3.02534,5.1111,4.10344e+19,7.91353e+20,sim08360.iv
sim08361,38.3719,3.94127,5.94717,5.68067e+20,2.39986e+19,285.677,3.61869,5.40571,1.10607e+16,5.42879e+16,39.0824,2.89991,5.02713,1.59059e+19,5.44141e+20,sim08361.iv
sim08362,23.3242,3.96095,5.92831,6.79257e+20,2.43365e+19,331.803,3.72532,5.43313,9.01049e+16,7.30811e+16,26.9468,3.12714,5.08225,4.81779e+19,8.8075e+20,sim08362.iv
sim08363,28.6022,3.95503,5.84942,9.20097e+20,2.31093e+19,297.997,3.64614,5.52631,2.96246e+16,1.85175e+16,25.8421,3.13856,5.02673,4.01121e+19,9.48496e+20,sim08363.iv
sim08364,29.0304,3.96797,5.85463,6.83993e+20,4.44951e+19,301.115,3.70866,5.41348,9.61047e+16,1.06776e+16,35.0587,3.107,5.09081,1.22561e+19,8.76609e+20,sim08364.iv
sim08365,47.9313,3.98191,5.94456,7.10911e+20,2.22331e+19,247.639,3.75846,5.40111,6.40025e+16,1.75525e+16,39.4066,2.80345,5.0093,4.1524e+19,7.36311e+20,sim08365.iv
sim08366,40.8442,3.91482,5.95887,9.84868e+20,1.66391e+19,273.98,3.69356,5.45724,5.76725e+16,2.32747e+16,48.1679,2.8778,5.14361,1.72648e+19,6.415e+20,sim08366.iv
sim08367,44.8875,3.96761,5.81085,6.62254e+20,3.06366e+19,321.669,3.62407,5.47958,8.80924e+16,7.76228e+16,22.1117,3.02524,5.14268,3.88481e+19,7.98134e+20,sim08367.iv
sim08368,31.3452,3.97614,5.88676,6.80997e+20,2.85792e+19,329.044,3.6926,5.53844,7.61764e+16,7.19985e+16,41.1951,2.94589,5.00318,4.05731e+19,7.92767e+20,sim08368.iv
sim08369,47.1596,3.93781,5.8104,8.55074e+20,2.08857e+19,346.724,3.70257,5.49462,5.0526e+16,2.96236e+16,32.4383,2.96994,5.18082,1.10616e+19,8.25506e+20,sim08369.iv
sim08370,30.524,3.88391,5.98801,6.98592e+20,4.674e+19,327.091,3.68868,5.58704,5.67985e+16,8.86914e+16,33.7955,3.16736,5.18218,2.05521e+19,7.71743e+20,sim08370.iv
sim08371,49.8891,3.90396,5.91204,5.05273e+20,2.80655e+19,222.325,3.76182,5.59581,1.79287e+16,5.28316e+16,27.7019,3.11559,5.11946,1.77785e+19,6.96421e+20,sim08371.iv
sim08372,46.0361,3.97147,5.97796,8.64757e+20,2.01942e+19,254.195,3.77691,5.45013,3.03985e+16,8.99455e+16,28.6225,3.06011,5.02361,2.20416e+19,8.51329e+20,sim08372.iv
sim08373,46.2491,3.80285,5.84872,9.76176e+20,3.00816e+19,312.977,3.77664,5.412,3.48934e+16,7.43672e+16,20.9114,2.99103,5.02822,3.98404e+19,9.80866e+20,sim08373.iv
sim08374,22.0054,3.91203,5.8329,8.73989e+20,4.08702e+19,342.377,3.63493,5.42574,5.60034e+16,6.14883e+16,48.4084,2.99111,5.19882,2.43204e+19,7.96686e+20,sim08374.iv
sim08375,28.7541,3.84719,5.92486,8.63757e+20,2.4523e+19,226.462,3.70095,5.47562,4.1858e+16,8.58281e+16,35.1555,3.08959,5.05269,1.8189e+19,5.72467e+20,sim08375.iv
sim08376,32.4303,3.92464,5.9419,5.57664e+20,1.59712e+19,299.453,3.78191,5.54976,8.64137e+16,2.90666e+16,46.9981,2.94371,5.11561,4.52467e+19,5.96889e+20,sim08376.iv
sim08377,48.9825,3.97438,5.80883,8.70374e+20,4.33569e+19,294.815,3.70554,5.54055,2.69971e+16,7.65195e+16,42.9201,3.14991,5.15402,2.11531e+19,6.91743e+20,sim08377.iv
sim08378,48.4319,3.99465,5.90992,7.42647e+20,2.27418e+19,297.986,3.6893,5.56842,3.99149e+16,9.18849e+16,49.4501,3.19537,5.16175,3.33906e+19,5.5614e+20,sim08378.iv
sim08379,35.4053,3.99631,5.90183,8.68108e+20,1.37922e+19,344.371,3.79604,5.43783,3.22797e+16,4.72788e+16,42.8216,3.09761,5.08884,4.01349e+19,9.16233e+20,sim08379.iv
sim08380,33.3303,3.9722,5.87003,5.96091e+20,2.14184e+19,211.197,3.62916,5.47358,6.98256e+16,1.75542e+16,28.6251,3.0294,5.01961,2.19896e+19,6.14308e+20,sim08380.iv
sim08381,25.7216,3.80758,5.98662,9.62922e+20,3.0467e+19,280.405,3.60434,5.45321,7.95867e+16,8.89697e+16,42.9388,2.9882,5.12124,2.52323e+19,7.88981e+20,sim08381.iv
sim08382,27.1416,3.96591,5.87148,7.37958e+20,4.08643e+19,337.684,3.62852,5.42193,7.14688e+16,3.75068e+16,20.805,3.04111,5.04449,3.95989e+19,9.1665e+20,sim08382.iv
sim08383,37.6937,3.95396,5.88836,5.39828e+20,2.546e+19,314.203,3.62545,5.46217,8.63378e+16,6.11972e+16,22.1771,3.0616,5.02103,2.74512e+19,7.61272e+20,sim08383.iv
sim08384,34.9,3.8168,5.91915,7.00478e+20,3.90301e+19,320.066,3.66808,5.49438,6.26353e+16,7.92791e+16,30.9265,3.02599,5.15342,2.86598e+19,5.97821e+20,sim08384.iv
sim08385,26.6789,3.80143,5.94588,5.94761e+20,2.37088e+19,251.316,3.61595,5.57906,3.31095e+16,1.89334e+16,40.8037,2.91432,5.03001,3.34744e+19,8.51056e+20,sim08385.iv
sim08386,24.7407,3.82561,5.91405,5.21366e+20,1.46111e+19,235.468,3.62629,5.48548,6.53408e+16,4.96611e+16,45.7332,3.02169,5.16013,3.58967e+19,5.59831e+20,sim08386.iv
sim08387,49.9453,3.87867,5.89511,9.66379e+20,2.72164e+19,241.223,3.66558,5.42509,2.7917e+16,6.58741e+16,47.9623,3.05823,5.171,2.37201e+19,7.95726e+20,sim08387.iv
sim08388,20.4672,3.86445,5.80074,8.57541e+20,4.37469e+19,290.58,3.64069,5.42664,1.25665e+16,7.02363e+16,29.5099,3.18905,5.14501,3.85948e+19,5.85786e+20,sim08388.iv
sim08389,30.3226,3.93483,5.87518,7.40227e+20,3.56346e+19,265.255,3.66793,5.53097,5.44343e+16,2.19328e+16,44.1303,3.0164,5.19339,2.26262e+19,7.7213e+20,sim08389.iv
sim08390,38.513,3.96111,5.99593,7.36784e+20,3.02038e+19,277.257,3.62829,5.5707,1.6139e+16,8.12636e+16,43.8687,3.17308,5.08585,2.9892e+19,9.94755e+20,sim08390.iv
sim08391,32.4662,3.84149,5.83877,5.49303e+20,2.10372e+19,309.973,3.6656,5.53395,2.08846e+16,4.77367e+16,25.6976,3.08291,5.14903,3.74134e+19,5.30662e+20,sim08391.iv
sim08392,44.5576,3.93574,5.97384,9.47074e+20,3.82369e+19,308.74,3.72654,5.53951,3.49519e+16,7.23575e+16,46.2411,2.91402,5.08376,2.63645e+19,8.29501e+20,sim08392.iv
sim08393,39.583,3.93504,5.82276,9.58351e+20,1.6301e+19,251.145,3.72306,5.5216,2.56126e+16,3.93514e+16,43.8085,3.01552,5.18457,2.88448e+19,6.80467e+20,sim08393.iv
sim08394,40.9569,3.91487,5.91312,6.61642e+20,2.71208e+19,210.323,3.64937,5.40929,9.10749e+16,4.74304e+16,49.5228,2.98805,5.01821,3.85211e+19,8.07914e+20,sim08394.iv
sim08395,38.5147,3.99174,5.96942,8.43086e+20,2.48533e+19,328.931,3.70247,5.58227,1.08166e+16,8.90721e+16,25.1538,3.0104,5.13802,3.90371e+19,8.38214e+20,sim08395.iv
sim08396,32.8032,3.88922,5.97074,7.98856e+20,2.85504e+19,228.431,3.67636,5.49577,9.64907e+16,4.60753e+16,20.9448,2.86013,5.04185,1.55398e+19,6.57605e+20,sim08396.iv
sim08397,30.7442,3.91942,5.835,5.31622e+20,4.92625e+19,320.479,3.6551,5.52648,9.90398e+16,1.9945e+16,47.7412,3.06733,5.06009,4.54964e+19,8.74706e+20,sim08397.iv
sim08398,24.6197,3.82844,5.85914,8.07693e+20,2.82681e+19,307.448,3.75204,5.42624,3.65061e+16,4.4207e+16,25.2636,3.19571,5.11524,2.07565e+19,6.83807e+20,sim08398.iv
sim08399,27.6484,3.99541,5.97615,6.65212e+20,4.20013e+19,310.084,3.7908,5.44175,1.85513e+16,6.80244e+16,42.3328,2.83283,5.13684,4.37749e+19,8.09183e+20,sim08399.iv
sim08400,39.3664,3.92909,5.93739,8.86848e+20,3.4876e+19,266.743,3.6631,5.48062,3.46206e+16,7.55774e+16,24.316,3.17552,5.068,2.02878e+19,9.82848e+20,sim08400.iv
sim08401,24.7378,3.96091,5.84473,8.70594e+20,3.1198e+19,265.708,3.7406,5.47787,4.44474e+16,5.65117e+16,41.092,3.19918,5.18086,4.72029e+19,9.49512e+20,sim08401.iv
sim08402,36.1932,3.90038,5.93688,9.50334e+20,4.60337e+19,276.868,3.76722,5.57716,5.99536e+16,9.67366e+16,39.9643,3.03266,5.19976,2.31183e+19,6.10129e+20,sim08402.iv
sim08403,34.7345,3.84873,5.96044,8.83494e+20,3.79151e+19,268.983,3.66306,5.59886,4.90345e+16,7.6899e+16,31.2945,3.02614,5.08363,2.84662e+19,9.96083e+20,sim08403.iv
sim08404,45.9852,3.86589,5.80054,7.14959e+20,1.32228e+19,285.995,3.61687,5.50815,8.31885e+16,3.08261e+16,24.6216,2.84726,5.08334,3.01897e+19,5.84448e+20,sim08404.iv
sim08405,40.8116,3.90007,5.85097,5.10701e+20,3.68395e+19,268.801,3.6925,5.53175,8.62783e+16,4.21376e+16,40.5027,3.07226,5.05449,1.79619e+19,9.48956e+20,sim08405.iv
sim08406,26.7497,3.81723,5.83678,9.22551e+20,4.49932e+19,330.453,3.67267,5.58249,9.45968e+16,5.26569e+16,41.7699,2.87337,5.09297,1.46902e+19,9.3735e+20,sim08406.iv
sim08407,30.5218,3.8107,5.90567,6.04665e+20,3.58548e+19,317.107,3.6661,5.49886,2.27885e+16,6.80724e+16,36.4371,2.84553,5.18889,4.55106e+19,6.55248e+20,sim08407.iv
sim08408,39.7124,3.97434,5.83204,7.29475e+20,3.62106e+19,329.942,3.78482,5.4463,9.72314e+16,4.32373e+16,38.6205,2.89454,5.12651,3.07376e+19,5.31268e+20,sim08408.iv
sim08409,25.2039,3.87089,5.83336,5.48753e+20,2.44339e+19,302.654,3.75619,5.49005,2.81641e+16,8.33204e+16,35.0149,3.1105,5.14508,1.51325e+19,6.40337e+20,sim08409.iv
sim08410,46.7306,3.95986,5.8029,7.39999e+20,3.64778e+19,289.615,3.68617,5.54998,2.21699e+16,9.20258e+16,38.3966,3.15592,5.19154,3.35919e+19,5.01048e+20,sim08410.iv
sim08411,22.43,3.96376,5.93093,7.44431e+20,3.05918e+19,257.741,3.61993,5.50548,5.77357e+16,3.06874e+16,29.604,2.931,5.02449,2.13503e+19,9.88526e+20,sim08411.iv
sim08412,20.2916,3.84283,5.96336,7.00776e+20,1.17328e+19,317.015,3.78116,5.42099,2.62405e+16,9.52748e+16,37.8133,2.86061,5.14055,3.90214e+19,5.7918e+20,sim08412.iv
sim08413,30.9807,3.96776,5.84951,8.19487e+20,4.18443e+19,222.807,3.75136,5.53732,8.38687e+16,5.20781e+16,40.0749,3.01933,5.15073,3.97444e+19,8.38232e+20,sim08413.iv
sim08414,24.489,3.97551,5.98244,6.65981e+20,3.70244e+19,253.595,3.66761,5.42708,3.85744e+16,2.52647e+16,26.231,3.14234,5.19491,3.22545e+19,9.6653e+20,sim08414.iv
sim08415,45.3158,3.84698,5.93383,9.2838e+20,1.65132e+19,307.851,3.73895,5.54922,2.94597e+16,8.36359e+16,21.7248,2.93705,5.00491,3.86569e+19,7.0236e+20,sim08415.iv
sim08416,29.4536,3.86533,5.82033,6.11321e+20,4.14164e+19,345.053,3.78253,5.42921,4.38095e+16,1.11907e+16,30.1526,2.91409,5.13392,3.96966e+19,7.26352e+20,sim08416.iv
sim08417,34.0511,3.93052,5.91115,9.59044e+20,1.01492e+19,296.65,3.6488,5.51107,4.28559e+16,6.51768e+16,38.7323,3.13816,5.03052,4.8746e+19,8.81788e+20,sim08417.iv
sim08418,38.325,3.88043,5.91017,5.23185e+20,1.31648e+19,252.759,3.79782,5.4546,9.27657e+16,8.731e+16,43.2162,3.09101,5.08604,2.03525e+19,6.0997e+20,sim08418.iv
sim08419,42.2091,3.96644,5.99687,6.79635e+20,1.78857e+19,285.699,3.67582,5.43862,5.99777e+16,9.15385e+16,21.2999,2.94941,5.02397,2.12511e+19,8.51599e+20,sim08419.iv
sim08420,30.0367,3.84323,5.99447,7.1264e+20,1.82174e+19,242.009,3.62629,5.53489,7.97877e+16,7.17685e+16,44.9588,3.1156,5.06751,2.46046e+19,6.88398e+20,sim08420.iv
sim08421,22.5739,3.97751,5.98608,9.94966e+20,3.33907e+19,342.213,3.6486,5.53487,5.52751e+16,4.16011e+16,36.8974,3.01502,5.1713,3.37473e+19,9.01709e+20,sim08421.iv
sim08422,41.469,3.92461,5.83041,5.40825e+20,4.28475e+19,244.408,3.70722,5.44372,3.41151e+16,1.31467e+16,34.3124,3.06197,5.16679,4.97682e+19,8.24336e+20,sim08422.iv
sim08423,31.6107,3.90738,5.93671,5.98002e+20,3.56952e+19,283.259,3.68786,5.5391,9.4881e+16,7.52002e+16,20.1568,3.11387,5.02784,2.66274e+19,9.84419e+20,sim08423.iv
sim08424,20.798,3.91583,5.85784,9.9383e+20,2.03729e+19,322.961,3.70645,5.52828,4.34437e+16,2.00967e+16,37.8513,2.85084,5.13705,2.07822e+19,5.71366e+20,sim08424.iv
sim08425,27.0221,3.86093,5.81361,7.57715e+20,4.98061e+19,310.186,3.75193,5.46603,4.47507e+16,1.12974e+16,27.2519,3.10062,5.17179,4.0567e+19,8.44033e+20,sim08425.iv
sim08426,48.4231,3.87432,5.83136,8.46577e+20,2.99622e+19,215.68,3.6997,5.41036,5.18508e+16,1.5281e+16,48.0669,3.12958,5.19113,3.77133e+19,6.01609e+20,sim08426.iv
sim08427,37.1018,3.85968,5.9264,9.76083e+20,4.70115e+19,218.312,3.72005,5.5662,2.83396e+16,7.18251e+16,36.4922,2.82176,5.16069,3.56634e+19,9.33453e+20,sim08427.iv
sim08428,34.0468,3.95344,5.85298,8.27732e+20,4.61048e+19,339.352,3.61102,5.40344,9.96483e+16,4.78325e+16,25.6815,2.98808,5.08003,4.17086e+19,5.75729e+20,sim08428.iv
sim08429,39.1736,3.84077,5.94867,9.89659e+20,4.52805e+19,277.14,3.67774,5.55307,3.00735e+16,2.05264e+16,42.263,3.01205,5.11983,3.46587e+19,8.65113e+20,sim08429.iv
sim08430,47.2527,3.81135,5.89833,8.17672e+20,4.85288e+19,310.236,3.74133,5.46325,8.58084e+16,3.42289e+16,46.7495,3.03614,5.04476,1.89498e+19,7.49923e+20,sim08430.iv
sim08431,32.417,3.85803,5.83042,5.02704e+20,2.62958e+19,244.598,3.62233,5.45312,5.94225e+16,6.6509e+16,31.8336,3.14118,5.00178,2.51278e+19,9.20275e+20,sim08431.iv
sim08432,40.5925,3.91316,5.82414,9.27735e+20,1.6464e+19,345.504,3.77804,5.44404,2.20755e+16,4.62877e+16,49.8605,2.896,5.15243,3.16772e+19,6.39877e+20,sim08432.iv
sim08433,45.2215,3.9154,5.96632,5.1563e+20,2.70375e+19,234.809,3.61819,5.57407,1.21332e+16,6.36752e+16,41.0573,2.98935,5.15518,3.49488e+19,8.01173e+20,sim08433.iv
sim08434,28.4099,3.84598,5.98617,6.50757e+20,3.84624e+19,345.491,3.78694,5.58115,9.08954e+16,2.398e+16,31.5564,3.19564,5.04039,2.12419e+19,9.42963e+20,sim08434.iv
sim08435,25.0413,3.82074,5.81632,6.35945e+20,4.93775e+19,304.91,3.61655,5.49697,1.99968e+16,3.28463e+16,24.6282,3.09561,5.02871,2.73618e+19,8.01533e+20,sim08435.iv
sim08436,37.751,3.91306,5.82448,7.69496e+20,1.08222e+19,228.263,3.6904,5.497,8.8753e+16,6.61919e+16,26.4465,2.88163,5.14571,1.2117e+19,8.41932e+20,sim08436.iv
sim08437,24.7144,3.97095,5.88772,7.9667e+20,4.49682e+19,258.454,3.70229,5.4431,4.72464e+16,7.45383e+16,31.3855,2.8176,5.05653,3.28699e+19,5.08945e+20,sim08437.iv
sim08438,39.0108,3.97405,5.8594,8.24922e+20,3.16657e+19,291.355,3.71835,5.50267,6.98637e+16,6.26104e+16,35.8943,2.88824,5.18175,1.86072e+19,5.54518e+20,sim08438.iv
sim08439,41.5044,3.82525,5.84467,9.34347e+20,2.7927e+19,302.667,3.67762,5.52916,8.54704e+16,5.63042e+16,38.3918,2.82889,5.04628,3.50627e+19,5.21144e+20,sim08439.iv
sim08440,35.8865,3.95443,5.98467,8.37349e+20,4.76052e+19,337.238,3.68411,5.54288,4.32043e+16,1.87247e+16,27.4145,3.05116,5.08404,3.15627e+19,6.86221e+20,sim08440.iv
sim08441,29.9046,3.82151,5.84925,7.32892e+20,1.5943e+19,299.974,3.71373,5.45879,7.46271e+16,2.61404e+16,22.432,3.10978,5.12852,1.50935e+19,7.16083e+20,sim08441.iv
sim08442,25.707,3.89845,5.82984,9.90075e+20,2.75365e+19,218.812,3.76367,5.59221,7.54147e+16,1.71807e+16,48.8619,2.97938,5.16776,2.5269e+19,5.46592e+20,sim08442.iv
sim08443,30.0952,3.99873,5.80854,7.86458e+20,4.06856e+19,243.058,3.6832,5.57101,3.93938e+16,5.63592e+16,46.4878,3.0183,5.10462,2.48298e+19,8.52787e+20,sim08443.iv
sim08444,49.0253,3.86071,5.87312,6.22489e+20,2.24706e+19,228.894,3.64821,5.59467,9.30102e+16,7.71997e+16,34.1224,3.1692,5.07709,1.95598e+19,9.18645e+20,sim08444.iv
sim08445,21.3149,3.9435,5.82332,7.86622e+20,4.0361e+19,270.827,3.62947,5.48953,5.33972e+16,6.28234e+16,27.1216,2.95424,5.08374,1.7583e+19,7.66903e+20,sim08445.iv
sim08446,27.6377,3.99159,5.93509,7.79281e+20,3.59118e+19,228.93,3.64291,5.45326,5.1206e+16,9.68429e+16,37.0913,3.08436,5.0688,3.16355e+19,5.50091e+20,sim08446.iv
sim08447,34.1686,3.82772,5.94817,5.73296e+20,2.16201e+19,342.622,3.78725,5.52549,7.41104e+16,9.53796e+16,48.4695,2.81242,5.00103,4.25624e+19,5.87715e+20,sim08447.iv
sim08448,36.648,3.98578,5.8129,5.48919e+20,2.22468e+19,232.714,3.60996,5.44096,5.17242e+16,9.88035e+16,23.3089,3.17029,5.11061,4.99203e+19,8.38183e+20,sim08448.iv
sim08449,40.0103,3.84186,5.88332,6.20896e+20,2.21106e+19,275.905,3.69595,5.52786,5.49752e+16,6.65817e+16,29.1276,3.10808,5.03062,3.896e+19,6.84364e+20,sim08449.iv
sim08450,32.0368,3.95494,5.85336,8.60746e+20,2.49323e+19,294.075,3.7839,5.58993,6.9313e+16,3.47782e+16,33.465,2.86666,5.12176,2.75658e+19,7.51731e+20,sim08450.iv
sim08451,43.0221,3.96405,5.82436,8.34135e+20,2.75221e+19,276.836,3.72901,5.59157,9.89969e+16,4.39082e+16,42.8405,2.80937,5.12701,3.02417e+19,8.80838e+20,sim08451.iv
sim08452,37.2548,3.91632,5.95397,5.03998e+20,3.98911e+19,290.6,3.63156,5.44858,3.54118e+16,8.8554e+16,45.7878,3.16014,5.15756,4.53574e+19,9.84335e+20,sim08452.iv
sim08453,43.6475,3.90964,5.95299,6.95572e+20,3.41267e+19,330.354,3.63334,5.43848,8.77204e+16,4.08597e+16,25.0045,2.82645,5.08314,3.21738e+19,6.92608e+20,sim08453.iv
sim08454,38.1227,3.94242,5.84198,5.75298e+20,3.79547e+19,298.657,3.75329,5.42869,3.47516e+16,8.82792e+16,25.8786,2.82919,5.03653,3.20942e+19,6.124e+20,sim08454.iv
sim08455,45.4405,3.90411,5.87721,6.8407e+20,2.03648e+19,340.288,3.73137,5.57534,9.69468e+16,7.82178e+16,38.3744,3.18258,5.16993,2.91104e+19,7.55625e+20,sim08455.iv
sim08456,40.1001,3.94708,5.83887,6.51021e+20,4.3834e+19,339.256,3.73681,5.51328,2.05307e+16,7.75401e+16,36.3359,3.12484,5.0444,3.48818e+19,6.1251e+20,sim08456.iv
sim08457,25.2965,3.89311,5.91178,9.55277e+20,4.64384e+19,312.735,3.65677,5.56321,1.44282e+16,5.76493e+16,35.5842,3.08687,5.04471,4.51817e+19,5.71777e+20,sim08457.iv
sim08458,23.638,3.88188,5.93699,7.38737e+20,1.38385e+19,279.074,3.64342,5.59967,6.91212e+16,3.59541e+16,43.6043,2.85101,5.11829,1.09342e+19,5.84264e+20,sim08458.iv
sim08459,49.464,3.87949,5.82999,6.64429e+20,4.09649e+19,297.642,3.60816,5.52746,9.46556e+16,5.39465e+16,20.8244,2.84926,5.14567,3.7444e+19,6.78602e+20,sim08459.iv
sim08460,33.5313,3.9077,5.81763,8.95569e+20,1.88186e+19,230.667,3.64865,5.40877,9.32414e+16,7.74677e+16,33.8709,3.05896,5.18847,3.18316e+19,7.82273e+20,sim08460.iv
sim08461,20.7841,3.88024,5.9328,6.35311e+20,4.58433e+19,295.679,3.70835,5.44488,5.3281e+16,3.12567e+16,44.2423,2.98856,5.17604,3.27784e+19,8.31688e+20,sim08461.iv
sim08462,26.812,3.86998,5.93406,9.05113e+20,3.82753e+19,345.385,3.63019,5.43052,4.58899e+16,3.81535e+16,22.5052,3.06175,5.12312,1.70408e+19,8.03261e+20,sim08462.iv
sim08463,49.5438,3.89869,5.93948,8.10343e+20,2.05717e+19,290.511,3.71979,5.58644,8.61239e+16,4.60971e+16,46.7562,2.90113,5.09625,4.3056e+19,7.95107e+20,sim08463.iv
sim08464,38.9746,3.94355,5.99902,6.41111e+20,4.47519e+19,258.192,3.69455,5.54929,3.95355e+16,6.7026e+16,45.8916,3.06386,5.13992,2.18612e+19,9.32907e+20,sim08464.iv
sim08465,26.3573,3.83455,5.82332,7.21651e+20,4.38577e+19,290.269,3.70756,5.48714,8.25583e+16,2.44024e+16,36.7682,2.82759,5.15373,4.13482e+19,5.52618e+20,sim08465.iv
sim08466,43.8953,3.84242,5.98047,7.52681e+20,2.40621e+19,307.061,3.62615,5.53073,5.27109e+16,4.94501e+16,24.3968,3.10882,5.10052,1.01515e+19,6.85057e+20,sim08466.iv
sim08467,47.9898,3.87527,5.87301,5.8414e+20,2.72817e+19,230.237,3.75234,5.52821,3.35444e+16,2.1365e+16,40.6482,2.80548,5.19635,1.82448e+19,5.76293e+20,sim08467.iv
sim08468,23.69,3.95117,5.99366,8.50253e+20,4.55601e+19,258.579,3.62901,5.5283,3.80088e+16,4.54469e+16,45.8558,2.95728,5.00537,3.09877e+19,6.51423e+20,sim08468.iv
sim08469,28.8258,3.97459,5.88368,9.96807e+20,1.3403e+19,312.103,3.76557,5.52623,1.7469e+16,1.06066e+16,44.3816,3.17086,5.17966,3.32312e+19,6.49731e+20,sim08469.iv
sim08470,27.821,3.95768,5.96529,8.21605e+20,4.97762e+19,344.097,3.60422,5.51127,8.33369e+16,8.75362e+16,26.6134,3.06856,5.07989,4.88913e+19,5.9506e+20,sim08470.iv
sim08471,34.8642,3.92611,5.91317,8.84145e+20,3.31515e+19,295.421,3.76753,5.42289,8.06783e+16,5.4527e+16,40.6925,3.04931,5.06999,2.25247e+19,5.80484e+20,sim08471.iv
sim08472,25.3737,3.84628,5.82143,8.06416e+20,2.39095e+19,312.575,3.79842,5.51362,4.5948e+16,3.61149e+16,27.8923,2.89038,5.0899,1.76747e+19,5.8848e+20,sim08472.iv
sim08473,20.5261,3.86869,5.80614,6.12407e+20,2.85148e+19,225.8,3.68068,5.54372,3.21884e+16,1.0555e+16,20.0419,3.09967,5.13559,4.9119e+19,7.24443e+20,sim08473.iv
sim08474,39.6467,3.93441,5.83332,5.98615e+20,3.87684e+19,221.262,3.61113,5.59686,6.28379e+16,3.52729e+16,38.6979,3.1393,5.08205,4.235e+19,8.39666e+20,sim08474.iv
sim08475,27.9594,3.87754,5.94327,9.45943e+20,1.09263e+19,276.566,3.67626,5.56336,8.03482e+16,9.36079e+16,40.5298,3.18702,5.19993,3.52932e+19,5.17731e+20,sim08475.iv
sim08476,28.0797,3.85328,5.95563,8.52111e+20,1.97196e+19,234.5,3.66384,5.4376,9.80642e+16,2.21943e+16,34.8893,3.0199,5.14869,2.82506e+19,7.39138e+20,sim08476.iv
sim08477,46.6447,3.91037,5.89521,9.58492e+20,4.06659e+19,226.244,3.60916,5.55159,4.9489e+16,8.22053e+16,45.9913,3.09032,5.11872,4.81092e+19,7.96979e+20,sim08477.iv
sim08478,49.3527,3.98195,5.89253,5.43349e+20,2.64445e+19,310.952,3.66657,5.4978,5.0751e+16,1.00396e+16,39.1073,2.94478,5.18206,1.46477e+19,8.6483e+20,sim08478.iv
sim08479,37.1686,3.96699,5.87745,5.72799e+20,1.96387e+19,285.244,3.69282,5.41212,5.39543e+16,3.09452e+16,37.8128,3.06137,5.03109,2.77746e+19,5.12772e+20,sim08479.iv
sim08480,43.4967,3.82344,5.89688,8.17864e+20,3.118e+19,334.236,3.74785,5.407,6.16646e+16,4.0346e+16,31.4919,2.90272,5.12132,4.50869e+19,7.90753e+20,sim08480.iv
sim08481,25.9597,3.80959,5.84678,8.37187e+20,4.45547e+19,339.212,3.78326,5.58835,6.64156e+16,2.02738e+16,24.467,3.02932,5.0191,3.55794e+19,8.4587e+20,sim08481.iv
sim08482,24.0175,3.95188,5.88751,5.3202e+20,2.30354e+19,346.132,3.77274,5.56118,8.32503e+16,5.39046e+16,36.1196,3.16096,5.01223,2.49367e+19,5.27713e+20,sim08482.iv
sim08483,29.8975,3.84294,5.9086,8.52005e+20,3.09034e+19,324.475,3.64557,5.56703,7.86915e+16,1.03666e+16,45.4125,3.1531,5.0817,2.47908e+19,7.49883e+20,sim08483.iv
sim08484,27.3251,3.94739,5.9111,5.42324e+20,4.43707e+19,253.433,3.64875,5.55439,5.46443e+16,9.42189e+16,27.2187,3.03974,5.00676,4.929e+19,5.05231e+20,sim08484.iv
sim08485,28.3062,3.80397,5.85468,9.73725e+20,2.48463e+19,274.35,3.77923,5.40321,9.21901e+16,9.83069e+16,33.3188,2.87615,5.1381,4.09439e+19,7.07255e+20,sim08485.iv
sim08486,44.4556,3.84778,5.80905,8.19855e+20,3.10945e+19,215.547,3.64294,5.51676,6.88078e+16,7.0869e+16,32.1979,3.09665,5.13744,1.55246e+19,7.91578e+20,sim08486.iv
sim08487,25.6199,3.93486,5.92386,9.62986e+20,1.76751e+19,270.286,3.6206,5.46212,7.17788e+16,2.66607e+16,44.9339,2.97635,5.07247,4.18416e+19,9.06354e+20,sim08487.iv
sim08488,22.844,3.99743,5.95666,6.87795e+20,1.20055e+19,239.755,3.62789,5.40827,4.25549e+16,2.3838e+16,36.2107,3.07837,5.0593,1.78683e+19,7.78375e+20,sim08488.iv
sim08489,49.0972,3.94418,5.88976,6.17073e+20,2.62105e+19,223.949,3.71763,5.4497,2.37747e+16,7.89529e+16,31.9618,3.10791,5.05104,3.12111e+19,5.2657e+20,sim08489.iv
sim08490,36.2998,3.92244,5.98242,9.81423e+20,2.68881e+19,216.912,3.7187,5.5439,2.66491e+16,3.22518e+16,43.8976,2.9851,5.06186,4.38389e+19,5.82749e+20,sim08490.iv
sim08491,21.2168,3.84359,5.95414,8.31968e+20,1.17541e+19,233.018,3.62846,5.46053,2.56769e+16,7.13848e+16,45.1642,3.14953,5.09523,1.53181e+19,5.24323e+20,sim08491.iv
sim08492,31.8725,3.8988,5.82911,5.1116e+20,1.41161e+19,313.159,3.63893,5.5622,9.2523e+16,3.96205e+16,39.3756,2.91551,5.14469,1.847e+19,7.02366e+20,sim08492.iv
sim08493,45.8627,3.92551,5.81526,5.39721e+20,4.94416e+19,261.223,3.64026,5.49209,4.31053e+16,6.92803e+16,35.0876,3.05318,5.17152,2.87886e+19,8.50589e+20,sim08493.iv
sim08494,34.3542,3.96738,5.88791,6.40605e+20,4.68992e+19,280.327,3.74311,5.53381,7.22898e+16,1.89644e+16,31.9314,3.17902,5.10024,1.4703e+19,6.47015e+20,sim08494.iv
sim08495,22.9114,3.88273,5.82977,9.14414e+20,2.72048e+19,332.969,3.73254,5.50056,1.91021e+16,2.8007e+16,34.6073,2.93481,5.16016,3.40031e+19,6.68434e+20,sim08495.iv
sim08496,34.1463,3.87363,5.90802,5.40502e+20,2.93156e+19,255.856,3.75954,5.46878,7.72011e+16,1.73125e+16,47.7378,2.98294,5.08015,3.31024e+19,6.94558e+20,sim08496.iv
sim08497,28.7145,3.81106,5.88679,6.57953e+20,4.04507e+19,222.866,3.60881,5.49254,6.67804e+16,4.11407e+16,46.7611,2.93351,5.07785,2.43748e+19,6.41559e+20,sim08497.iv
sim08498,41.2296,3.99061,5.96705,7.21011e+20,2.23664e+19,325.084,3.73855,5.52965,9.39722e+16,2.75599e+16,38.753,3.03014,5.18305,1.77171e+19,7.31203e+20,sim08498.iv
sim08499,20.0798,3.81114,5.83278,9.90798e+20,2.64975e+19,242.495,3.70801,5.56104,2.38357e+16,6.68308e+16,34.1029,3.08837,5.07758,2.24946e+19,8.62689e+20,sim08499.iv
sim08500,48.3439,3.87049,5.94584,8.56358e+20,1.79894e+19,348.327,3.66201,5.42329,9.73543e+16,6.28693e+16,40.227,3.03879,5.1979,3.8909e+19,8.67349e+20,sim08500.iv
sim08501,35.8088,3.80279,5.8074,9.20663e+20,2.01616e+19,238.686,3.6233,5.47877,9.49093e+16,2.11296e+16,38.8099,2.88577,5.04396,3.53576e+19,9.51246e+20,sim08501.iv
sim08502,39.0244,3.98281,5.99978,9.56147e+20,2.10894e+19,219.102,3.73796,5.52423,1.73599e+16,6.79257e+16,25.3335,3.04732,5.05818,4.58125e+19,6.04958e+20,sim08502.iv
sim08503,32.954,3.80946,5.94747,9.53007e+20,4.69994e+19,238.141,3.72658,5.55087,4.60709e+16,4.89307e+16,29.5165,3.04433,5.00276,4.13134e+19,9.71999e+20,sim08503.iv
sim08504,45.2282,3.97066,5.99348,6.42507e+20,2.82208e+19,259.597,3.70729,5.57587,5.33841e+16,5.61398e+16,47.2889,3.00065,5.00389,4.26879e+19,7.11458e+20,sim08504.iv
sim08505,41.69,3.95053,5.86605,9.56923e+20,3.77067e+19,234.523,3.61572,5.43657,6.33805e+16,2.405e+16,33.2804,2.88082,5.00438,2.61064e+19,6.18357e+20,sim08505.iv
sim08506,33.2596,3.9088,5.88275,6.7354e+20,2.48528e+19,226.343,3.71887,5.44307,4.65357e+16,7.11663e+16,39.3446,3.1885,5.14664,1.72342e+19,5.08688e+20,sim08506.iv
sim08507,21.1588,3.80127,5.95338,7.59632e+20,2.92684e+19,293.923,3.63677,5.44905,9.66877e+16,2.21062e+16,22.6752,3.1451,5.18733,1.12285e+19,8.75679e+20,sim08507.iv
sim08508,32.5579,3.84271,5.81052,6.61695e+20,4.07971e+19,326.683,3.73513,5.43913,4.46572e+16,2.26006e+16,21.204,2.8682,5.09349,2.59513e+19,6.60068e+20,sim08508.iv
sim08509,31.2596,3.88097,5.9861,7.37833e+20,2.46033e+19,212.853,3.79202,5.42994,2.36704e+16,8.85789e+16,32.6451,2.91665,5.05792,2.0762e+19,6.48291e+20,sim08509.iv
sim08510,28.9125,3.90052,5.85678,6.42123e+20,2.10888e+19,259.852,3.73667,5.58745,9.29163e+16,5.91363e+16,28.8594,3.02143,5.08925,3.79471e+19,7.04526e+20,sim08510.iv
sim08511,38.7625,3.9358,5.96064,8.32174e+20,4.31331e+19,309.542,3.76651,5.48361,8.01805e+16,9.17892e+16,22.2668,3.03743,5.01818,3.15458e+19,5.43134e+20,sim08511.iv
sim08512,39.564,3.86849,5.82472,8.77493e+20,2.41489e+19,268.938,3.67862,5.48067,4.24248e+16,9.4459e+16,39.1429,2.91333,5.15717,1.15264e+19,6.7865e+20,sim08512.iv
sim08513,30.791,3.88113,5.9075,5.83068e+20,4.29025e+19,296.09,3.78647,5.52775,3.24596e+16,2.31395e+16,33.2847,2.86691,5.19251,4.58386e+19,5.57819e+20,sim08513.iv
sim08514,47.6524,3.92985,5.83731,8.03673e+20,1.89244e+19,223.424,3.64773,5.47202,8.42013e+16,2.74761e+16,47.4353,2.81966,5.04967,4.68529e+19,8.3534e+20,sim08514.iv
sim08515,43.7094,3.97508,5.83156,9.53911e+20,4.38769e+19,306.202,3.79851,5.59238,4.03837e+16,8.54954e+16,24.6168,2.95757,5.15037,3.43562e+19,7.54515e+20,sim08515.iv
sim08516,23.6219,3.88876,5.80538,7.04115e+20,2.20886e+19,313.31,3.78007,5.58834,5.85883e+16,7.47909e+16,29.62,2.99145,5.12904,1.24046e+19,5.57636e+20,sim08516.iv
sim08517,32.1403,3.90839,5.82428,6.5307e+20,3.41102e+19,265.936,3.79753,5.43083,4.48264e+16,4.15541e+16,29.9461,3.13349,5.03266,2.93712e+19,6.50947e+20,sim08517.iv
sim08518,26.3486,3.82203,5.89668,8.77456e+20,1.43523e+19,218.521,3.73303,5.40024,3.72825e+16,1.19914e+16,45.8349,2.85649,5.07414,3.03194e+19,9.25751e+20,sim08518.iv
sim08519,22.3063,3.93357,5.94896,9.92112e+20,1.73096e+19,309.284,3.7888,5.53496,1.72143e+16,3.04172e+16,36.3653,2.86891,5.14826,2.6141e+19,9.79334e+20,sim08519.iv
sim08520,39.8797,3.9289,5.96928,7.28607e+20,2.90641e+19,277.447,3.76951,5.45536,9.26463e+16,3.21477e+16,36.6692,2.93539,5.15797,4.94744e+19,7.61474e+20,sim08520.iv
sim08521,35.3565,3.90482,5.88379,8.60769e+20,4.06552e+19,297.749,3.61279,5.45477,6.0116e+16,1.89712e+16,38.1501,2.85082,5.18089,4.91747e+19,6.38002e+20,sim08521.iv
sim08522,36.7875,3.93876,5.88318,6.80529e+20,4.28244e+19,293.333,3.6273,5.58687,7.08693e+16,9.43741e+16,27.1542,2.96625,5.08532,1.42504e+19,5.95709e+20,sim08522.iv
sim08523,45.7939,3.84288,5.82013,9.14248e+20,4.67675e+19,333.704,3.73014,5.49612,3.78137e+16,4.0197e+16,24.7762,3.16551,5.13785,3.05633e+19,6.08092e+20,sim08523.iv
sim08524,26.299,3.90628,5.89897,9.42228e+20,4.85059e+19,292.549,3.75923,5.51416,3.05641e+16,3.31134e+16,40.5581,2.81438,5.13842,3.73179e+19,5.58473e+20,sim08524.iv
sim08525,44.2005,3.81045,5.83568,5.82416e+20,1.55324e+19,290.955,3.75706,5.50843,4.32509e+16,9.13357e+16,31.1511,3.03209,5.18418,4.29947e+19,6.60394e+20,sim08525.iv
sim08526,33.9989,3.89404,5.9342,5.30329e+20,4.41235e+19,301.206,3.7303,5.40832,2.72706e+16,4.83737e+16,22.1033,3.10079,5.07769,4.08377e+19,6.20977e+20,sim08526.iv
sim08527,49.3466,3.89558,5.80567,7.3789e+20,3.57213e+19,226.214,3.6087,5.50021,5.91791e+16,4.7225e+16,34.9367,3.15654,5.02337,4.68965e+19,5.98029e+20,sim08527.iv
sim08528,37.8844,3.89716,5.94899,6.71344e+20,4.85154e+19,226.39,3.72103,5.50717,1.12436e+16,2.45668e+16,48.3092,2.9901,5.06063,2.76055e+19,5.47566e+20,sim08528.iv
sim08529,48.0349,3.87148,5.94556,5.31916e+20,4.20346e+19,263.924,3.70998,5.57013,5.93454e+16,7.69449e+16,20.8929,3.01599,5.09408,2.39886e+19,5.56875e+20,sim08529.iv
sim08530,20.7487,3.89301,5.86757,5.10921e+20,4.17688e+19,340.711,3.61507,5.56174,2.40562e+16,3.19314e+16,23.3303,3.03004,5.07739,4.47358e+19,7.98994e+20,sim08530.iv
sim08531,26.6616,3.95463,5.97122,6.26041e+20,2.44835e+19,311.89,3.74057,5.57224,6.90551e+16,3.05068e+16,31.7457,2.96038,5.0793,1.93379e+19,7.52779e+20,sim08531.iv
sim08532,34.5613,3.91827,5.99212,5.21431e+20,4.25071e+19,264.866,3.61892,5.56479,5.89489e+16,3.54195e+16,28.3476,2.93042,5.19047,1.67815e+19,5.037e+20,sim08532.iv
sim08533,47.7692,3.98294,5.91421,8.74429e+20,2.7381e+19,215.948,3.64625,5.57444,6.67545e+16,5.37787e+16,49.6231,2.99059,5.0532,1.66162e+19,6.58741e+20,sim08533.iv
sim08534,38.2162,3.95934,5.98637,7.65947e+20,2.05816e+19,332.976,3.77502,5.53436,9.56502e+16,4.33689e+16,38.8329,2.9759,5.14868,1.66131e+19,9.37163e+20,sim08534.iv
sim08535,46.6579,3.9277,5.83899,8.46389e+20,3.36831e+19,211.57,3.656,5.4135,5.56663e+16,2.25196e+16,29.8573,2.87241,5.19201,1.7648e+19,6.76754e+20,sim08535.iv
sim08536,22.891,3.99738,5.90728,6.3585e+20,3.9461e+19,214.747,3.73282,5.48409,1.51198e+16,4.67679e+16,22.0102,3.1818,5.155,3.07086e+19,6.75944e+20,sim08536.iv
sim08537,28.3741,3.90285,5.99241,7.68949e+20,4.38846e+19,211.149,3.67284,5.45558,1.10108e+16,3.34411e+16,27.6381,2.89526,5.00138,1.49218e+19,5.59494e+20,sim08537.iv
sim08538,37.8827,3.86867,5.90895,6.79986e+20,3.445e+19,287.784,3.75769,5.56503,4.97184e+16,8.31139e+16,24.3819,2.98093,5.04872,4.91268e+19,7.0633e+20,sim08538.iv
sim08539,37.5748,3.96412,5.88107,7.03494e+20,3.00152e+19,335.84,3.6792,5.4329,2.56271e+16,5.48249e+16,41.398,2.96584,5.10623,2.95013e+19,9.27225e+20,sim08539.iv
sim08540,23.4023,3.96004,5.821,6.94829e+20,3.88697e+19,278.791,3.61056,5.42185,9.50181e+16,4.18945e+16,40.4018,2.82506,5.189,3.9188e+19,7.89477e+20,sim08540.iv
sim08541,39.8665,3.82473,5.98605,9.96021e+20,1.8674e+19,298.385,3.73707,5.4751,9.43567e+16,2.85779e+16,29.5116,3.02709,5.03867,1.55299e+19,7.83246e+20,sim08541.iv
sim08542,35.5306,3.89235,5.98125,8.46113e+20,4.73403e+19,223.222,3.6731,5.4095,7.29681e+16,9.08137e+16,39.2537,2.91036,5.0645,1.40689e+19,8.39568e+20,sim08542.iv
sim08543,35.8729,3.85339,5.95048,9.89107e+20,2.43842e+19,226.266,3.71943,5.53227,6.34854e+16,4.78141e+16,41.7777,2.92341,5.07427,4.8129e+19,8.5463e+20,sim08543.iv
sim08544,20.1363,3.87354,5.95916,9.4701e+20,1.7571e+19,323.241,3.66208,5.49024,4.78289e+16,5.18109e+16,26.1545,2.80815,5.04251,3.67588e+19,7.11284e+20,sim08544.iv
sim08545,25.0306,3.96147,5.8601,7.70734e+20,1.49103e+19,247.404,3.66199,5.51467,3.69674e+16,5.24574e+16,31.2778,3.12439,5.18715,4.94449e+19,7.89252e+20,sim08545.iv
sim08546,39.3869,3.8139,5.80429,7.52141e+20,4.6276e+19,237.904,3.66951,5.52667,7.48745e+16,4.28491e+16,28.2965,2.80604,5.00433,2.58207e+19,6.18706e+20,sim08546.iv
sim08547,36.9495,3.83481,5.85588,7.48131e+20,4.4996e+19,344.37,3.77785,5.41233,4.07293e+16,3.79536e+16,20.0463,2.96356,5.06743,2.17235e+19,8.86918e+20,sim08547.iv
sim08548,32.8491,3.96225,5.80219,7.85361e+20,3.38484e+19,339.14,3.76463,5.59292,7.42317e+16,9.06529e+16,44.057,2.80194,5.00913,3.28862e+19,9.70194e+20,sim08548.iv
sim08549,21.3471,3.94316,5.90095,7.35987e+20,4.74181e+19,231.332,3.77494,5.46223,2.48145e+16,5.75573e+16,31.9289,2.90844,5.19328,1.55806e+19,5.89871e+20,sim08549.iv
sim08550,46.0628,3.82657,5.9001,7.7299e+20,1.60034e+19,305.396,3.78919,5.4688,6.0044e+16,8.15311e+16,25.5709,2.94447,5.07512,1.64394e+19,8.3294e+20,sim08550.iv
sim08551,41.978,3.89779,5.88986,6.66404e+20,2.46218e+19,302.984,3.73313,5.54023,6.47404e+16,6.14951e+16,49.7449,2.95815,5.05018,1.66956e+19,7.1238e+20,sim08551.iv
sim08552,32.8749,3.82351,5.9545,5.87496e+20,1.34551e+19,271.087,3.74844,5.43124,3.37493e+16,7.1391e+16,32.6687,3.17799,5.18843,1.24465e+19,5.65108e+20,sim08552.iv
sim08553,27.542,3.88924,5.84916,6.45051e+20,3.83126e+19,243.596,3.72997,5.574,1.11607e+16,8.25866e+16,25.2419,3.15006,5.09909,4.11752e+19,6.44441e+20,sim08553.iv
sim08554,33.9302,3.95199,5.86988,6.64456e+20,1.71277e+19,255.936,3.75864,5.59658,1.01528e+16,2.45371e+16,39.325,3.01212,5.18972,1.99421e+19,5.47713e+20,sim08554.iv
sim08555,21.0147,3.88683,5.8546,6.60267e+20,3.60266e+19,292.245,3.66706,5.48833,3.97445e+16,5.19732e+16,20.9723,2.99347,5.04434,2.36491e+19,8.43206e+20,sim08555.iv
sim08556,37.6492,3.93696,5.98366,9.63938e+20,2.70048e+19,337.801,3.74054,5.49835,3.92689e+16,1.1516e+16,36.8877,3.12533,5.08956,4.1675e+19,7.7663e+20,sim08556.iv
sim08557,47.898,3.80508,5.94627,6.25182e+20,4.3913e+19,252.31,3.65598,5.47105,4.99126e+16,2.45785e+16,45.2803,2.80555,5.01638,1.86361e+19,8.73433e+20,sim08557.iv
sim08558,27.177,3.84122,5.81167,5.11133e+20,2.86596e+19,282.687,3.63347,5.42236,8.59311e+16,1.34772e+16,23.877,2.86338,5.03484,3.62936e+19,8.26411e+20,sim08558.iv
sim08559,32.9176,3.99673,5.97857,8.8108e+20,1.29744e+19,262.581,3.64181,5.50221,3.26651e+16,3.41985e+16,26.7193,3.01771,5.1042,3.34517e+19,5.96299e+20,sim08559.iv
sim08560,47.0275,3.9594,5.86045,8.37771e+20,4.94898e+19,265.58,3.69244,5.40355,8.97465e+16,6.23079e+16,45.828,2.90033,5.02116,4.12324e+19,5.88357e+20,sim08560.iv
sim08561,48.7613,3.89863,5.82747,9.93947e+20,1.09143e+19,249.974,3.78342,5.5061,9.21033e+16,8.71334e+16,49.9218,3.00395,5.08095,2.16177e+19,5.47589e+20,sim08561.iv
sim08562,43.4388,3.99131,5.91096,7.96475e+20,2.84155e+19,292.634,3.61994,5.40895,1.92824e+16,1.52387e+16,26.0462,3.0796,5.17423,1.87777e+19,5.1135e+20,sim08562.iv
sim08563,48.9946,3.83275,5.95606,9.61277e+20,3.97076e+19,222.54,3.7706,5.5262,4.23751e+16,6.152e+16,46.1418,3.06816,5.15479,4.447e+19,6.18698e+20,sim08563.iv
sim08564,42.0527,3.94529,5.9589,6.75069e+20,4.39127e+19,227.612,3.75391,5.43028,1.9148e+16,8.30166e+16,31.9953,3.05937,5.12301,3.40287e+19,7.34774e+20,sim08564.iv
sim08565,42.778,3.85876,5.94189,6.62082e+20,1.51037e+19,234.574,3.67926,5.47506,7.98144e+16,4.258e+16,43.3928,2.82953,5.05161,4.93148e+19,6.63399e+20,sim08565.iv
sim08566,32.2423,3.88735,5.96407,8.54911e+20,1.59013e+19,330.904,3.66522,5.58012,8.79943e+16,1.70983e+16,33.7851,3.12872,5.14938,3.41387e+19,9.79365e+20,sim08566.iv
sim08567,22.3525,3.96898,5.97411,6.56482e+20,1.0736e+19,334.761,3.72162,5.44568,9.5638e+16,4.18045e+16,30.2081,3.09701,5.10433,4.34218e+19,8.35726e+20,sim08567.iv
sim08568,27.4644,3.80104,5.92049,9.21809e+20,3.24765e+19,316.258,3.63723,5.50712,8.55303e+16,7.47563e+16,27.528,2.87525,5.12404,1.19132e+19,5.44525e+20,sim08568.iv
sim08569,36.3088,3.80701,5.80716,5.58998e+20,1.6685e+19,267.433,3.7319,5.40556,3.05375e+16,7.23838e+16,33.734,2.80168,5.06498,4.53223e+19,5.24777e+20,sim08569.iv
sim08570,34.3486,3.80139,5.89269,6.53668e+20,2.05296e+19,293.126,3.64142,5.58462,7.15644e+16,3.54793e+16,36.1843,2.97967,5.00764,1.60806e+19,8.27025e+20,sim08570.iv
sim08571,28.931,3.88957,5.85939,6.15334e+20,1.05986e+19,307.298,3.78359,5.4472,2.68136e+16,9.3089e+16,42.4979,2.90674,5.15936,1.59288e+19,6.12065e+20,sim08571.iv
sim08572,44.3921,3.8461,5.80738,5.07655e+20,2.11845e+19,297.077,3.79253,5.55915,8.34993e+16,6.17745e+16,25.0018,3.02506,5.03935,3.6401e+19,7.86475e+20,sim08572.iv
sim08573,32.8153,3.93217,5.9464,5.18461e+20,4.78711e+19,241.102,3.65547,5.55033,4.81403e+16,7.17075e+16,40.016,3.04006,5.12209,1.00972e+19,9.837e+20,sim08573.iv
sim08574,24.8846,3.89769,5.93259,5.64932e+20,2.91008e+19,211.225,3.61693,5.48171,8.77714e+16,8.14411e+16,23.9621,3.10958,5.00012,1.41515e+19,8.79024e+20,sim08574.iv
sim08575,46.585,3.88381,5.84124,5.80402e+20,2.13914e+19,246.52,3.79619,5.50504,4.40985e+16,7.77839e+16,43.2775,2.8697,5.08349,2.54891e+19,5.6162e+20,sim08575.iv
sim08576,23.8985,3.99283,5.83243,8.17431e+20,3.6566e+19,274.963,3.65757,5.57744,4.05648e+16,2.60372e+16,43.7207,3.05408,5.03731,3.94495e+19,5.86891e+20,sim08576.iv
sim08577,31.6852,3.99235,5.8213,8.89799e+20,2.45518e+19,344.151,3.73766,5.45277,7.25402e+16,8.12476e+16,31.9644,2.82402,5.13473,2.45492e+19,9.15175e+20,sim08577.iv
sim08578,47.8241,3.85346,5.85851,6.34371e+20,3.21442e+19,302.398,3.67019,5.42421,5.40403e+16,3.86733e+16,41.1399,3.0588,5.11764,4.90105e+19,5.03836e+20,sim08578.iv
sim08579,26.1866,3.80654,5.99741,5.43601e+20,1.74735e+19,215.726,3.65905,5.54963,1.58056e+16,9.70717e+16,34.0225,3.00965,5.04554,1.3834e+19,6.88156e+20,sim08579.iv
sim08580,20.0931,3.84807,5.97235,8.29506e+20,4.473e+19,275.651,3.62338,5.57666,9.72089e+16,6.62261e+16,39.0772,3.19105,5.16971,2.71286e+19,7.95279e+20,sim08580.iv
sim08581,20.6738,3.85309,5.82276,6.31994e+20,3.32812e+19,252.867,3.69387,5.55279,6.83159e+16,3.31729e+16,34.34,2.81344,5.15488,3.94682e+19,7.51694e+20,sim08581.iv
sim08582,32.9936,3.96183,5.99209,5.80145e+20,3.31579e+19,270.599,3.60259,5.46972,8.41269e+16,9.85364e+16,24.0714,2.85885,5.11315,1.71879e+19,9.5892e+20,sim08582.iv
sim08583,24.5575,3.98256,5.81685,5.77474e+20,3.8476e+19,311.124,3.79023,5.57034,9.26639e+16,2.52717e+16,39.343,2.86524,5.05234,4.41485e+19,5.55891e+20,sim08583.iv
sim08584,27.8209,3.99689,5.99078,8.16527e+20,1.54629e+19,212.553,3.67094,5.59525,1.27325e+16,6.47736e+16,36.6642,2.92032,5.10844,3.38862e+19,9.22911e+20,sim08584.iv
sim08585,26.4712,3.94807,5.93409,5.77412e+20,3.5219e+19,234.002,3.70583,5.47896,4.49938e+16,4.53631e+16,21.0594,3.14438,5.15831,3.74429e+19,7.14354e+20,sim08585.iv
sim08586,40.6227,3.92733,5.90862,6.80684e+20,1.53965e+19,309.286,3.72922,5.59885,7.70903e+16,8.3264e+16,42.8329,2.93836,5.17697,1.10745e+19,5.283e+20,sim08586.iv
sim08587,39.7413,3.91949,5.99597,5.07605e+20,1.26962e+19,320.748,3.79386,5.54069,3.5234e+16,4.99762e+16,42.5052,2.81585,5.1614,1.6922e+19,8.52646e+20,sim08587.iv
sim08588,49.4588,3.85337,5.82351,5.69834e+20,1.73344e+19,230.217,3.76155,5.47752,2.66808e+16,3.0795e+16,42.2978,2.85598,5.05465,3.93039e+19,7.47326e+20,sim08588.iv
sim08589,47.2557,3.89617,5.90213,5.83153e+20,4.91694e+19,279.227,3.63884,5.52245,6.87211e+16,3.99736e+16,25.0328,2.88803,5.03762,1.01982e+19,8.76922e+20,sim08589.iv
sim08590,21.99,3.9215,5.81435,5.47887e+20,1.04036e+19,212.559,3.77918,5.41917,6.52968e+16,4.08592e+16,42.7417,2.83852,5.00093,4.37267e+19,8.22786e+20,sim08590.iv
sim08591,39.8953,3.99772,5.96742,6.31706e+20,4.39469e+19,302.492,3.78027,5.57187,3.55432e+16,8.31043e+16,34.5745,2.85852,5.15842,2.87775e+19,7.44321e+20,sim08591.iv
sim08592,40.2491,3.8012,5.98973,6.32744e+20,3.71699e+19,226.781,3.76449,5.42453,1.74063e+16,7.79642e+16,23.4493,2.93743,5.02272,1.71452e+19,6.41846e+20,sim08592.iv
sim08593,27.8935,3.99247,5.90525,6.76646e+20,4.20564e+19,235.246,3.72383,5.55631,6.84051e+16,8.06329e+16,44.778,3.05546,5.03012,4.03048e+19,9.7366e+20,sim08593.iv
sim08594,44.1495,3.90939,5.85943,5.0875e+20,2.76425e+19,318.691,3.69364,5.45345,8.40763e+16,7.75683e+16,42.9375,3.19749,5.1643,3.99331e+19,5.3316e+20,sim08594.iv
sim08595,48.1787,3.90265,5.97244,9.32305e+20,1.76526e+19,227.928,3.73698,5.47516,8.53063e+16,4.20694e+16,32.8312,3.08678,5.1496,2.35414e+19,8.0314e+20,sim08595.iv
sim08596,38.39,3.8611,5.81146,7.26205e+20,2.17504e+19,237.751,3.63648,5.4654,3.7933e+16,4.46084e+16,45.6318,3.06335,5.13337,3.9804e+19,8.0862e+20,sim08596.iv
sim08597,27.0868,3.91115,5.96115,8.99581e+20,4.02832e+19,291.417,3.66593,5.5797,9.61408e+16,9.81713e+16,20.6744,3.0777,5.07408,2.91317e+19,5.22097e+20,sim08597.iv
sim08598,39.6587,3.98733,5.80786,7.05801e+20,1.21227e+19,334.527,3.75057,5.46932,6.084e+16,4.63128e+16,48.7694,2.86689,5.095,3.35691e+19,5.55913e+20,sim08598.iv
sim08599,43.9267,3.81106,5.81532,7.56586e+20,2.12694e+19,219.242,3.62911,5.57191,8.66426e+16,6.94999e+16,37.6777,2.80775,5.08962,4.74061e+19,9.32815e+20,sim08599.iv
sim08600,42.5204,3.89662,5.91559,8.16164e+20,4.5336e+19,307.513,3.72096,5.59014,4.25984e+16,4.19569e+16,46.2218,3.11702,5.04785,3.47015e+19,9.40287e+20,sim08600.iv
sim08601,38.95,3.89291,5.87224,8.2505e+20,4.41696e+19,278.166,3.66594,5.42999,2.43105e+16,4.3679e+16,41.36,3.10181,5.06944,1.9776e+19,8.80514e+20,sim08601.iv
sim08602,48.673,3.89654,5.86756,7.10065e+20,4.4215e+19,213.04,3.62272,5.43366,9.43899e+16,5.9976e+16,26.4145,3.02415,5.09997,2.86354e+19,7.61466e+20,sim08602.iv
sim08603,48.7163,3.81768,5.88748,6.80767e+20,2.70527e+19,285.825,3.69994,5.54528,8.04784e+16,8.03703e+16,34.4686,2.82802,5.18191,4.92105e+19,6.9799e+20,sim08603.iv
sim08604,38.5188,3.94804,5.83177,7.41354e+20,4.6337e+19,230.022,3.71319,5.45264,6.9309e+16,4.31381e+16,25.2408,2.95719,5.11941,1.75514e+19,6.09979e+20,sim08604.iv
sim08605,27.2117,3.93147,5.86078,8.15899e+20,2.61581e+19,274.976,3.74384,5.4941,1.71625e+16,8.7189e+16,24.538,3.0238,5.16119,2.10551e+19,9.8001e+20,sim08605.iv
sim08606,29.9138,3.92928,5.96595,5.46771e+20,3.34295e+19,285.421,3.77374,5.42488,5.33213e+16,1.57255e+16,43.8938,3.16306,5.00354,1.89859e+19,8.39837e+20,sim08606.iv
sim08607,34.8173,3.88327,5.85662,6.32222e+20,2.78391e+19,213.836,3.62006,5.4319,8.3261e+16,8.50359e+16,26.6778,2.89933,5.00434,2.04359e+19,7.91674e+20,sim08607.iv
sim08608,36.6619,3.98694,5.9649,7.2435e+20,3.41648e+19,222.725,3.7934,5.57585,4.74178e+16,7.74042e+16,45.4811,3.12204,5.0264,3.39072e+19,9.21644e+20,sim08608.iv
sim08609,33.7283,3.91594,5.93917,6.38386e+20,4.43724e+19,278.591,3.73853,5.52692,9.40078e+16,2.25926e+16,31.6349,3.05618,5.10636,2.18952e+19,9.22989e+20,sim08609.iv
sim08610,25.0571,3.92862,5.80148,8.99351e+20,3.20751e+19,226.201,3.72616,5.51054,1.08694e+16,8.53971e+16,46.7586,2.93679,5.18623,3.20719e+19,7.97969e+20,sim08610.iv
sim08611,34.9677,3.91301,5.86788,6.14475e+20,4.06352e+19,322.019,3.68399,5.46303,7.26464e+16,3.15994e+16,29.5971,3.08135,5.10678,4.85586e+19,8.36499e+20,sim08611.iv
sim08612,47.0618,3.89902,5.91427,7.46312e+20,2.68803e+19,319.453,3.70154,5.55419,9.33792e+16,6.16656e+16,35.7733,3.11721,5.11164,3.66869e+19,7.88472e+20,sim08612.iv
sim08613,31.1556,3.91119,5.97395,6.44497e+20,4.12473e+19,270.347,3.77598,5.44086,8.30587e+16,4.38981e+16,37.1626,2.84833,5.03874,4.69806e+19,7.2154e+20,sim08613.iv
sim08614,31.8482,3.85532,5.88771,8.2782e+20,2.62531e+19,236.342,3.75982,5.4791,9.448e+16,5.21563e+16,46.3399,2.84287,5.11441,1.28886e+19,6.3435e+20,sim08614.iv
sim08615,37.6352,3.92996,5.8655,9.02082e+20,4.69794e+19,272.61,3.67307,5.49305,7.51238e+16,6.05976e+16,31.7824,3.0636,5.15002,1.55946e+19,8.68614e+20,sim08615.iv
sim08616,29.839,3.89374,5.94123,6.12575e+20,3.96348e+19,286.263,3.6211,5.57132,6.59444e+16,1.76586e+16,42.5958,2.86928,5.08871,3.21831e+19,6.3447e+20,sim08616.iv
sim08617,40.3714,3.81107,5.8105,8.63264e+20,3.0052e+19,343.53,3.65324,5.57994,2.018e+16,3.13084e+16,34.8613,3.06578,5.02794,2.91993e+19,6.4121e+20,sim08617.iv
sim08618,26.698,3.87584,5.81098,8.36686e+20,1.63949e+19,238.918,3.7832,5.5654,1.90099e+16,6.714e+16,45.1007,2.89036,5.18167,3.47632e+19,6.17916e+20,sim08618.iv
sim08619,38.0518,3.95267,5.87544,7.05581e+20,3.50517e+19,296.469,3.65636,5.44333,9.40126e+16,6.92669e+16,24.5572,2.96633,5.01248,4.34386e+19,6.54198e+20,sim08619.iv
sim08620,30.7721,3.83178,5.98971,6.46832e+20,1.29373e+19,214.137,3.70526,5.40358,9.12331e+16,4.41659e+16,27.4239,3.19477,5.06778,2.89911e+19,6.2132e+20,sim08620.iv
sim08621,37.8343,3.841,5.90102,8.01149e+20,1.61228e+19,224.556,3.76298,5.48377,6.63969e+16,4.5274e+16,31.5665,3.1734,5.17184,4.24546e+19,7.87955e+20,sim08621.iv
sim08622,32.8545,3.88685,5.93623,6.48244e+20,3.04725e+19,224.738,3.69644,5.54259,3.23917e+16,7.96201e+16,44.5447,3.00953,5.13699,3.79391e+19,8.15985e+20,sim08622.iv
sim08623,42.3988,3.95008,5.9745,6.26007e+20,2.33399e+19,269.18,3.64204,5.51285,2.44892e+16,4.7897e+16,35.911,2.84319,5.04254,3.52014e+19,9.94773e+20,sim08623.iv
sim08624,46.3384,3.85291,5.96151,5.57359e+20,2.34785e+19,245.667,3.66074,5.46969,8.00279e+16,6.42004e+16,36.4193,2.95825,5.0179,2.1078e+19,5.10836e+20,sim08624.iv
sim08625,32.59,3.81538,5.89524,7.94811e+20,4.24418e+19,247.918,3.68803,5.51607,3.56644e+16,5.795e+16,36.8102,2.9772,5.19829,4.96677e+19,5.89767e+20,sim08625.iv
sim08626,32.6752,3.98009,5.99132,6.22971e+20,3.278e+19,261.161,3.67929,5.40046,7.57353e+16,2.3287e+16,40.8031,2.829,5.0686,4.46793e+19,9.1558e+20,sim08626.iv
sim08627,24.5737,3.95659,5.9631,5.64402e+20,1.45957e+19,271.016,3.69393,5.41229,7.52113e+16,2.73792e+16,25.2994,3.19502,5.0134,4.85882e+19,8.97062e+20,sim08627.iv
sim08628,32.1912,3.95491,5.89864,6.30237e+20,3.375e+19,349.886,3.69605,5.54911,2.56151e+16,3.64057e+16,35.9305,2.80214,5.14281,1.15423e+19,9.73029e+20,sim08628.iv
sim08629,39.7452,3.85362,5.99216,9.68869e+20,3.2682e+19,349.203,3.63565,5.54656,9.26704e+16,2.88215e+16,38.3374,3.02403,5.15895,1.09425e+19,8.74676e+20,sim08629.iv
sim08630,43.8953,3.87971,5.82567,6.32687e+20,3.7006e+19,226.492,3.7071,5.48045,6.58804e+16,6.48454e+16,27.5544,3.17804,5.07971,4.09659e+19,9.84407e+20,sim08630.iv
sim08631,46.9801,3.92522,5.93556,7.04767e+20,2.50139e+19,317.131,3.77343,5.59633,6.33987e+16,7.94308e+16,39.4374,3.1046,5.16148,2.34164e+19,6.60262e+20,sim08631.iv
sim08632,20.4321,3.88799,5.91427,8.52848e+20,1.75683e+19,229.677,3.74391,5.40991,9.68325e+16,8.80452e+16,26.9836,2.98802,5.03255,1.11113e+19,6.96749e+20,sim08632.iv
sim08633,22.1859,3.99282,5.98863,8.44393e+20,3.22927e+19,273.502,3.73532,5.42426,9.78324e+16,3.39484e+16,33.2553,2.8222,5.1017,3.94542e+19,8.34323e+20,sim08633.iv
sim08634,21.4028,3.94487,5.82705,9.01526e+20,4.83887e+19,262.954,3.74256,5.58167,5.24148e+16,7.9756e+16,33.5395,3.17894,5.03004,1.00886e+19,8.9089e+20,sim08634.iv
sim08635,29.9384,3.99673,5.96188,8.77207e+20,2.79242e+19,297.772,3.66615,5.58492,1.54531e+16,5.27232e+16,23.7461,3.03188,5.0109,1.45266e+19,8.6329e+20,sim08635.iv
sim08636,31.5007,3.89352,5.89755,9.70571e+20,2.70069e+19,225.507,3.72281,5.47044,3.19839e+16,5.45502e+16,31.7386,3.06445,5.06704,4.77483e+19,5.33424e+20,sim08636.iv
sim08637,31.524,3.87314,5.84835,5.64478e+20,2.931e+19,293.082,3.72999,5.43933,3.05319e+16,6.53904e+16,41.41,2.95238,5.15515,3.23029e+19,8.03874e+20,sim08637.iv
sim08638,33.6462,3.91261,5.85952,8.70661e+20,4.05455e+19,330.878,3.75969,5.44382,3.4013e+16,1.62804e+16,38.6077,3.06864,5.10328,2.65224e+19,9.64655e+20,sim08638.iv
sim08639,47.3996,3.89543,5.86373,6.93175e+20,4.96065e+19,218.187,3.70565,5.56594,1.91903e+16,1.89173e+16,41.4982,3.12126,5.14769,4.27441e+19,6.51573e+20,sim08639.iv
sim08640,21.9702,3.89567,5.84382,8.64907e+20,1.31871e+19,315.064,3.75423,5.5762,9.9002e+16,1.32578e+16,31.3905,3.03408,5.09689,1.65354e+19,9.36672e+20,sim08640.iv
sim08641,44.0189,3.98865,5.91564,5.33391e+20,2.7698e+19,212.639,3.75598,5.50279,6.37934e+16,6.02466e+16,47.4639,3.16766,5.10919,2.16868e+19,6.09839e+20,sim08641.iv
sim08642,33.6299,3.85809,5.92384,6.15652e+20,1.55977e+19,320.965,3.75967,5.58004,5.27936e+16,1.84221e+16,45.3373,2.92687,5.10234,1.96424e+19,8.0681e+20,sim08642.iv
sim08643,48.6373,3.90386,5.96395,6.98377e+20,4.28351e+19,248.147,3.65016,5.48543,6.53288e+16,5.07084e+16,28.2952,3.00112,5.08594,2.84142e+19,9.06733e+20,sim08643.iv
sim08644,47.1552,3.80975,5.97107,7.83015e+20,2.15987e+19,336.55,3.64751,5.50002,9.208e+16,1.33761e+16,41.231,2.92272,5.07571,2.971e+19,7.90818e+20,sim08644.iv
sim08645,26.3152,3.934,5.86036,6.26668e+20,3.37717e+19,257.406,3.66129,5.49962,9.62705e+16,7.75234e+16,23.6363,2.97719,5.13325,3.32772e+19,7.25539e+20,sim08645.iv
sim08646,49.7972,3.98517,5.86426,7.52499e+20,2.7503e+19,292.629,3.60554,5.43795,4.84305e+16,7.36464e+16,23.0187,2.98686,5.13931,2.72231e+19,9.54008e+20,sim08646.iv
sim08647,47.5808,3.96412,5.85558,9.4807e+20,2.18241e+19,218.873,3.74265,5.55303,2.14388e+16,9.31488e+16,34.5348,2.97977,5.02297,1.7168e+19,9.42789e+20,sim08647.iv
sim08648,25.2387,3.89838,5.99474,9.11057e+20,3.56794e+19,303.18,3.67272,5.56218,6.17093e+16,1.68875e+16,23.9279,3.11771,5.09951,4.79413e+19,9.31654e+20,sim08648.iv
sim08649,37.9829,3.99669,5.8004,7.02554e+20,1.40186e+19,241.34,3.69623,5.56271,6.26882e+16,3.45844e+16,49.624,3.00817,5.07142,3.44554e+19,5.09798e+20,sim08649.iv
sim08650,34.8769,3.85238,5.95595,8.22107e+20,4.51333e+19,227.966,3.6247,5.4484,8.99166e+16,9.55522e+16,42.2054,2.97625,5.10021,1.97342e+19,8.22394e+20,sim08650.iv
sim08651,49.3139,3.8341,5.84366,7.05979e+20,4.30917e+19,293.538,3.73947,5.53172,1.78612e+16,6.97254e+16,48.6081,2.81987,5.09501,4.24225e+19,6.50562e+20,sim08651.iv
sim08652,22.435,3.89806,5.81694,8.04532e+20,4.11006e+19,268.457,3.69653,5.50872,5.98104e+16,7.79853e+16,40.0686,3.09904,5.10704,2.02997e+19,6.32844e+20,sim08652.iv
sim08653,43.6124,3.96807,5.84947,5.58752e+20,2.68863e+19,327.278,3.75972,5.42353,2.58597e+16,2.16947e+16,42.1295,2.99571,5.19616,2.5609e+19,9.18625e+20,sim08653.iv
sim08654,45.1804,3.99191,5.90226,5.40566e+20,4.63581e+19,261.498,3.78535,5.50269,4.58581e+16,1.56924e+16,42.9019,3.07457,5.19588,2.87616e+19,9.16291e+20,sim08654.iv
sim08655,43.1371,3.91949,5.94536,7.0752e+20,4.45831e+19,342.872,3.60466,5.4885,2.21622e+16,3.30341e+16,38.9513,2.96054,5.02828,3.89739e+19,9.56636e+20,sim08655.iv
sim08656,20.59,3.86885,5.82553,6.78783e+20,3.73932e+19,230.757,3.6019,5.5662,8.48228e+16,4.21448e+16,47.1392,2.8028,5.08453,2.65103e+19,6.69572e+20,sim08656.iv
sim08657,28.3987,3.85502,5.85046,8.56165e+20,4.54752e+19,348.278,3.70029,5.48073,9.293e+16,7.98507e+16,33.2299,2.93994,5.01942,1.86344e+19,9.88235e+20,sim08657.iv
sim08658,43.9459,3.88541,5.93234,5.52018e+20,4.82196e+19,287.102,3.75261,5.53001,6.41451e+16,5.80616e+16,25.0907,3.00186,5.19545,1.22429e+19,6.72769e+20,sim08658.iv
sim08659,44.831,3.93481,5.83552,5.78478e+20,2.90193e+19,248.542,3.63429,5.56581,7.50878e+16,4.86157e+16,25.1055,2.80327,5.02892,2.27556e+19,6.30746e+20,sim08659.iv
sim08660,28.2371,3.84363,5.81546,5.39925e+20,4.90917e+19,230.474,3.62742,5.42578,4.13257e+16,9.55376e+16,39.0472,3.18692,5.03659,3.91834e+19,5.40008e+20,sim08660.iv
sim08661,37.248,3.95418,5.82364,7.13794e+20,1.76001e+19,267.692,3.62532,5.55568,1.44609e+16,2.55747e+16,20.4694,3.12296,5.0335,3.99766e+19,7.78137e+20,sim08661.iv
sim08662,22.5993,3.93519,5.98843,9.11157e+20,1.21787e+19,245.299,3.78108,5.45837,5.61855e+16,9.85073e+16,31.8212,3.18127,5.05133,1.41734e+19,5.04175e+20,sim08662.iv
sim08663,35.0384,3.81336,5.94692,9.28521e+20,3.62773e+19,254.7,3.67787,5.58168,4.92445e+16,2.69836e+16,25.6562,2.88394,5.05944,2.71988e+19,8.72381e+20,sim08663.iv
sim08664,34.5196,3.82924,5.85449,9.36878e+20,3.28164e+19,282.17,3.77158,5.55335,7.24351e+16,3.20696e+16,27.8515,2.83529,5.07567,3.69328e+19,5.76413e+20,sim08664.iv
sim08665,33.8978,3.80036,5.98124,7.56538e+20,3.43601e+19,324.992,3.66453,5.45196,1.39391e+16,7.55491e+16,32.6672,2.86108,5.00898,1.46244e+19,8.28258e+20,sim08665.iv
sim08666,44.7018,3.93016,5.80415,7.35151e+20,1.78187e+19,349.136,3.62499,5.48921,3.34079e+16,2.84889e+16,44.0399,2.91028,5.09913,1.04413e+19,6.32857e+20,sim08666.iv
sim08667,23.5758,3.87466,5.88957,5.7224e+20,1.73673e+19,317.998,3.65893,5.42163,3.06936e+16,6.21606e+16,32.9987,2.8592,5.02081,2.29575e+19,9.33134e+20,sim08667.iv
sim08668,30.414,3.91129,5.95622,7.49565e+20,4.82966e+19,252.076,3.60467,5.45497,7.1254e+16,5.5056e+16,42.1225,3.10442,5.15182,1.68565e+19,5.96514e+20,sim08668.iv
sim08669,43.9651,3.91493,5.95706,9.08409e+20,1.02627e+19,251.742,3.78584,5.58916,6.81296e+16,4.9672e+16,36.0488,3.12584,5.04822,4.67696e+19,5.63991e+20,sim08669.iv
sim08670,49.8577,3.91934,5.86636,5.05866e+20,3.51381e+19,343.533,3.75563,5.45003,7.84092e+16,7.45367e+16,20.0798,2.86768,5.14533,4.49513e+19,7.30646e+20,sim08670.iv
sim08671,43.8315,3.91952,5.84948,6.32523e+20,2.14815e+19,329.167,3.65819,5.56449,5.41286e+16,5.67012e+16,35.8974,2.85121,5.00176,4.11753e+19,8.69826e+20,sim08671.iv
sim08672,49.3658,3.89574,5.83599,7.1689e+20,1.0953e+19,249.768,3.6356,5.40249,6.78294e+16,8.6748e+16,37.8274,3.04313,5.13886,4.48714e+19,8.59399e+20,sim08672.iv
sim08673,31.0248,3.96424,5.91196,9.39588e+20,3.74724e+19,282.909,3.72873,5.54264,2.27685e+16,7.60319e+16,32.1094,3.10746,5.14662,1.04919e+19,7.76397e+20,sim08673.iv
sim08674,30.8658,3.80703,5.85018,9.85375e+20,3.19491e+19,301.928,3.6117,5.57399,2.46616e+16,2.95188e+16,28.9559,3.10551,5.10823,1.69198e+19,9.12753e+20,sim08674.iv
sim08675,37.5033,3.80595,5.83288,9.30265e+20,4.60982e+19,291.702,3.78301,5.44657,6.95797e+16,9.28751e+16,47.3398,3.10004,5.09755,3.44529e+19,5.48505e+20,sim08675.iv
sim08676,30.6424,3.89685,5.84483,6.32329e+20,3.05448e+19,306.247,3.74464,5.54863,5.54357e+16,4.50833e+16,39.3262,3.13212,5.11593,2.87397e+19,6.1509e+20,sim08676.iv
sim08677,38.2976,3.86009,5.85213,9.13393e+20,4.93813e+19,255.34,3.75046,5.42508,2.30006e+16,7.62111e+16,24.7093,3.19146,5.06592,4.77409e+19,8.51463e+20,sim08677.iv
sim08678,31.2589,3.9616,5.8512,8.92779e+20,2.22619e+19,217.354,3.70342,5.56276,1.64204e+16,8.5042e+16,25.8118,3.14642,5.15271,2.53449e+19,7.32271e+20,sim08678.iv
sim08679,36.4659,3.88564,5.94132,9.60291e+20,4.4898e+19,252.295,3.74058,5.51404,9.65308e+16,9.45803e+16,34.5627,2.81877,5.07755,1.03276e+19,9.28103e+20,sim08679.iv
sim08680,32.6716,3.89059,5.82876,8.88714e+20,3.44441e+19,277.585,3.77941,5.41136,4.74694e+16,9.50107e+16,49.7067,3.10686,5.00696,1.19831e+19,7.98071e+20,sim08680.iv
sim08681,24.3335,3.99274,5.8947,8.36381e+20,4.55682e+19,309.632,3.73366,5.44907,3.16446e+16,3.60966e+16,28.209,2.80082,5.13377,3.88395e+19,7.28401e+20,sim08681.iv
sim08682,24.7509,3.87989,5.85708,7.26801e+20,3.15512e+19,331.142,3.742,5.41576,3.37665e+16,2.91288e+16,32.9616,2.99341,5.09391,1.71521e+19,6.53972e+20,sim08682.iv
sim08683,22.2461,3.84676,5.98195,6.09754e+20,3.05929e+19,340.677,3.69634,5.40071,7.70449e+16,4.95042e+16,36.7699,2.89937,5.0596,1.22917e+19,7.31514e+20,sim08683.iv
sim08684,49.3582,3.87435,5.95652,8.54988e+20,1.55578e+19,323.605,3.77871,5.5905,3.04025e+16,2.13327e+16,24.2538,3.12464,5.09763,3.26249e+19,5.50359e+20,sim08684.iv
sim08685,34.9418,3.83899,5.8941,8.17281e+20,4.75503e+19,330.542,3.72337,5.4365,1.8819e+16,4.2755e+16,34.9252,2.99959,5.1325,4.0851e+19,8.30893e+20,sim08685.iv
sim08686,46.7771,3.81487,5.99209,6.7316e+20,3.59122e+19,263.275,3.75985,5.43684,5.49565e+16,5.87938e+16,24.2819,3.10675,5.06393,4.82915e+19,5.70442e+20,sim08686.iv
sim08687,37.6686,3.80174,5.93624,5.194e+20,4.75659e+19,226.412,3.71999,5.44189,6.05726e+16,1.70732e+16,43.2405,3.07049,5.11135,3.63861e+19,6.67406e+20,sim08687.iv
sim08688,45.2184,3.88781,5.98314,8.82626e+20,2.85121e+19,287.931,3.62369,5.52532,6.00583e+16,6.22398e+16,23.8157,2.94871,5.0507,2.17506e+19,7.2759e+20,sim08688.iv
sim08689,22.4499,3.84299,5.87708,8.35433e+20,3.21092e+19,307.341,3.75313,5.5509,1.86461e+16,1.68953e+16,30.4656,3.04993,5.02365,1.41208e+19,9.42735e+20,sim08689.iv
sim08690,47.2047,3.96191,5.87201,7.58666e+20,2.32156e+19,228.23,3.6981,5.56026,4.7469e+16,5.28384e+16,33.0102,3.01201,5.12061,2.00028e+19,7.88891e+20,sim08690.iv
sim08691,25.2242,3.83092,5.86409,8.85418e+20,1.49354e+19,242.486,3.7739,5.42875,9.75488e+16,9.48241e+16,49.9544,3.05201,5.02559,3.69677e+19,5.77803e+20,sim08691.iv
sim08692,34.2624,3.82008,5.85496,9.94131e+20,3.49589e+19,258.551,3.76956,5.54627,2.31297e+16,5.41535e+16,33.5814,3.03983,5.04989,2.65057e+19,9.45631e+20,sim08692.iv
sim08693,35.2582,3.9088,5.84118,5.18572e+20,4.98797e+19,283.143,3.61279,5.45536,5.39361e+16,7.47933e+16,24.4158,2.91766,5.17929,2.57835e+19,9.27541e+20,sim08693.iv
sim08694,26.2834,3.81067,5.94709,7.38155e+20,3.20624e+19,256.291,3.78176,5.43124,1.64428e+16,9.77451e+16,47.4738,2.95463,5.00753,2.50028e+19,5.10654e+20,sim08694.iv
sim08695,35.7881,3.96668,5.86436,8.30889e+20,2.48862e+19,296.133,3.69198,5.53148,6.56354e+16,1.81434e+16,35.8714,2.80401,5.19998,2.15592e+19,8.159e+20,sim08695.iv
sim08696,30.7355,3.94595,5.80404,8.96721e+20,2.75854e+19,343.378,3.73471,5.46793,7.80721e+16,7.06795e+16,31.4315,3.03481,5.01662,4.67713e+19,5.64587e+20,sim08696.iv
sim08697,41.5132,3.9795,5.91872,8.09848e+20,2.42475e+19,300.835,3.70173,5.42107,4.8424e+16,3.22423e+16,21.0862,3.0643,5.03172,2.58312e+19,5.04891e+20,sim08697.iv
sim08698,42.5423,3.82468,5.92496,7.55959e+20,4.90438e+19,252.964,3.67457,5.41207,4.46079e+16,6.93804e+16,36.8206,2.97104,5.15962,1.16575e+19,9.67935e+20,sim08698.iv
sim08699,49.5798,3.90126,5.83832,8.79114e+20,2.49697e+19,286.988,3.75819,5.49244,2.8897e+16,9.34595e+16,22.2559,2.97609,5.08459,2.9771e+19,7.26205e+20,sim08699.iv
sim08700,25.1443,3.84851,5.90724,5.12599e+20,2.20288e+19,210.354,3.66169,5.4621,5.06525e+16,7.39801e+16,38.0391,3.16224,5.0015,2.92649e+19,6.7771e+20,sim08700.iv
sim08701,47.9102,3.87677,5.96879,8.29032e+20,4.46122e+19,244.059,3.65352,5.49013,4.9363e+16,6.10781e+16,29.5893,3.06849,5.05328,3.5797e+19,6.6233e+20,sim08701.iv
sim08702,41.3044,3.85508,5.82961,7.45776e+20,1.91791e+19,267.881,3.61294,5.56093,6.59418e+16,3.13238e+16,32.3622,3.17162,5.05843,1.99018e+19,7.08219e+20,sim08702.iv
sim08703,42.5874,3.89216,5.88455,7.16705e+20,2.81028e+19,258.105,3.63068,5.48335,5.10958e+16,6.86492e+16,45.515,3.18564,5.04262,4.91912e+19,5.70501e+20,sim08703.iv
sim08704,46.1798,3.84994,5.95128,8.28561e+20,1.71079e+19,212.974,3.73687,5.47874,5.65775e+16,1.96343e+16,43.6617,2.997,5.12715,1.37634e+19,5.54842e+20,sim08704.iv
sim08705,27.2395,3.82926,5.85426,7.08884e+20,1.7189e+19,313.69,3.7306,5.50021,8.06158e+16,5.02923e+16,33.6761,2.86556,5.09947,1.36353e+19,8.44821e+20,sim08705.iv
sim08706,49.7908,3.96546,5.9377,8.96812e+20,4.16332e+19,293.082,3.78743,5.5856,5.30311e+16,7.35969e+16,42.4596,2.85089,5.16435,3.10371e+19,6.61363e+20,sim08706.iv
sim08707,34.3574,3.97986,5.88643,9.07382e+20,2.60924e+19,249.444,3.60135,5.41154,3.33846e+16,3.624e+16,27.5361,2.90374,5.08511,3.27302e+19,8.31473e+20,sim08707.iv
sim08708,22.4813,3.9465,5.81476,6.77882e+20,2.7366e+19,222.985,3.61326,5.4756,4.31477e+16,8.05715e+16,41.1743,2.90146,5.09228,4.42326e+19,7.70984e+20,sim08708.iv
sim08709,40.4655,3.85242,5.89073,5.12009e+20,3.1423e+19,289.087,3.72925,5.51223,7.36946e+16,4.84833e+16,46.3328,3.18048,5.0884,3.21205e+19,9.14806e+20,sim08709.iv
sim08710,38.4725,3.82365,5.89675,5.73052e+20,2.64578e+19,339.645,3.64641,5.44475,2.20408e+16,2.29656e+16,22.2816,3.17799,5.04257,4.5319e+19,7.13425e+20,sim08710.iv
sim08711,21.3957,3.82887,5.91095,8.45648e+20,2.66685e+19,349.347,3.61425,5.56962,8.42515e+16,1.46504e+16,31.1891,2.89312,5.11271,3.04267e+19,9.26205e+20,sim08711.iv
sim08712,47.784,3.89962,5.94176,8.50879e+20,4.85176e+19,211.926,3.62959,5.48912,9.95361e+16,1.12123e+16,38.5416,2.98145,5.00081,2.48934e+19,9.75472e+20,sim08712.iv
sim08713,22.0479,3.90982,5.92924,9.49496e+20,2.05202e+19,295.747,3.71767,5.56813,7.79699e+16,6.13246e+16,41.3734,3.15218,5.00562,2.00509e+19,6.11086e+20,sim08713.iv
sim08714,39.5895,3.8827,5.87391,8.38956e+20,3.88037e+19,300.679,3.7916,5.54898,7.95203e+16,3.89006e+16,48.5856,2.91459,5.16533,3.21598e+19,7.03335e+20,sim08714.iv
sim08715,25.9046,3.87471,5.87217,8.9947e+20,3.94361e+19,229.117,3.77571,5.57752,2.56187e+16,8.64255e+16,30.3897,2.9895,5.15408,4.48282e+19,6.99216e+20,sim08715.iv
sim08716,29.8997,3.89959,5.83758,8.60628e+20,4.88229e+19,210.011,3.68342,5.46268,8.78508e+16,7.2009e+16,37.0775,3.12341,5.0435,1.38302e+19,6.54998e+20,sim08716.iv
sim08717,40.9196,3.88763,5.92475,6.26061e+20,1.23927e+19,238.688,3.79784,5.51346,7.00105e+16,6.74111e+16,22.116,2.84629,5.18492,3.54148e+19,9.47125e+20,sim08717.iv
sim08718,42.8776,3.99945,5.86874,6.38604e+20,2.62016e+19,279.109,3.67931,5.47898,6.28353e+16,3.22255e+16,38.7106,2.96542,5.08929,3.81373e+19,9.38824e+20,sim08718.iv
sim08719,44.8098,3.95853,5.93582,8.29113e+20,2.05623e+19,319.98,3.63664,5.473,9.24944e+16,1.19585e+16,35.7212,2.88651,5.0473,2.1804e+19,8.89858e+20,sim08719.iv
sim08720,22.0886,3.95274,5.89817,6.19983e+20,3.26876e+19,237.584,3.77271,5.55394,3.78857e+16,2.1385e+16,48.5267,3.15173,5.09226,3.81543e+19,8.53188e+20,sim08720.iv
sim08721,29.1735,3.89844,5.8257,9.07155e+20,2.0925e+19,308.261,3.69659,5.48072,1.76099e+16,2.32616e+16,43.0994,3.16858,5.19988,2.28622e+19,5.0872e+20,sim08721.iv
sim08722,29.309,3.90417,5.99707,6.45272e+20,3.13493e+19,340.581,3.60386,5.40472,3.85704e+16,7.01759e+16,27.3815,3.07646,5.14762,1.3878e+19,8.59634e+20,sim08722.iv
sim08723,26.354,3.9905,5.92861,9.05365e+20,1.22444e+19,224.648,3.7246,5.45499,8.14162e+16,1.26233e+16,33.4146,3.09069,5.13504,3.61629e+19,7.94405e+20,sim08723.iv
sim08724,25.4486,3.9934,5.90888,5.36778e+20,1.51906e+19,258.313,3.74483,5.40323,2.73435e+16,3.15852e+16,26.6603,3.15959,5.18133,2.39634e+19,8.91086e+20,sim08724.iv
sim08725,27.0846,3.81699,5.84344,6.4887e+20,1.95782e+19,226.317,3.66386,5.59695,3.44477e+16,6.76396e+16,43.8826,2.89507,5.1659,4.16879e+19,6.68633e+20,sim08725.iv
sim08726,47.0478,3.90104,5.90888,9.68176e+20,1.10795e+19,326.418,3.6162,5.40719,6.81297e+16,1.8621e+16,39.9737,2.86545,5.0213,3.08594e+19,9.37544e+20,sim08726.iv
sim08727,23.0279,3.83136,5.88303,6.58263e+20,3.11232e+19,212.925,3.79195,5.4354,8.24423e+16,9.53966e+16,26.9298,3.03962,5.17593,4.83829e+19,7.99373e+20,sim08727.iv
sim08728,34.759,3.92447,5.92502,9.8525e+20,1.90776e+19,349.97,3.68631,5.48438,8.24342e+16,4.79401e+16,38.7965,2.81191,5.09657,2.07974e+19,8.83291e+20,sim08728.iv
sim08729,21.9931,3.90413,5.93619,7.18107e+20,3.38959e+19,308.614,3.64324,5.41815,6.52246e+16,4.35433e+16,39.0978,3.14064,5.11558,3.98858e+19,7.1478e+20,sim08729.iv
sim08730,48.4788,3.85064,5.96756,9.08651e+20,2.96725e+19,212.21,3.65053,5.56944,5.38556e+16,5.05449e+16,42.2599,2.89842,5.15834,3.67369e+19,5.3083e+20,sim08730.iv
sim08731,38.187,3.89721,5.89951,5.76406e+20,4.24757e+19,300.02,3.74685,5.5734,8.3997e+16,8.28146e+16,24.1,2.81391,5.00824,2.09406e+19,6.5626e+20,sim08731.iv
sim08732,42.2681,3.84274,5.97567,9.67722e+20,2.11004e+19,234.341,3.68644,5.41379,9.36685e+16,1.17269e+16,49.2317,2.85695,5.07465,1.52346e+19,5.48127e+20,sim08732.iv
sim08733,37.7724,3.83908,5.95013,8.26371e+20,3.24757e+19,317.203,3.64371,5.5927,7.83751e+16,5.04415e+16,41.238,3.04827,5.0705,2.49716e+19,6.2394e+20,sim08733.iv
sim08734,28.6079,3.92554,5.88975,9.62433e+20,1.38621e+19,275.768,3.66058,5.49457,6.8193e+16,4.64791e+16,33.9838,3.08155,5.09011,1.9769e+19,9.986e+20,sim08734.iv
sim08735,49.1178,3.95862,5.86047,5.63496e+20,4.1342e+19,327.299,3.70858,5.40637,1.35846e+16,1.53339e+16,45.0219,2.99628,5.17442,3.87416e+19,8.13602e+20,sim08735.iv
sim08736,22.4051,3.94242,5.80952,5.99227e+20,1.18556e+19,316.089,3.73786,5.58436,8.63759e+16,1.96348e+16,42.0318,3.17852,5.00024,1.52696e+19,8.54624e+20,sim08736.iv
sim08737,46.1517,3.91038,5.93364,6.58346e+20,1.83166e+19,218.456,3.69653,5.46974,3.54271e+16,8.39194e+16,28.8966,2.93258,5.13703,1.12435e+19,6.84829e+20,sim08737.iv
sim08738,31.1905,3.9088,5.93166,6.8052e+20,4.94568e+19,291.28,3.63435,5.41469,5.43673e+16,6.69536e+16,21.187,3.05254,5.04465,2.67363e+19,8.72915e+20,sim08738.iv
sim08739,33.0438,3.81598,5.86033,5.90739e+20,1.00678e+19,249.685,3.78666,5.44641,3.74227e+16,9.35839e+16,39.2087,3.09544,5.16958,3.07308e+19,6.90804e+20,sim08739.iv
sim08740,27.3759,3.81839,5.97979,5.80019e+20,4.72788e+19,272.977,3.71682,5.46223,1.04556e+16,6.41179e+16,48.5968,2.86713,5.11614,2.85762e+19,8.99589e+20,sim08740.iv
sim08741,43.9193,3.91288,5.94138,6.42911e+20,1.11503e+19,309.655,3.60088,5.58815,1.80013e+16,4.98904e+16,42.5766,3.02111,5.11414,2.66466e+19,6.8365e+20,sim08741.iv
sim08742,21.8434,3.88543,5.8423,7.21044e+20,3.32731e+19,317.178,3.77505,5.56128,1.0233e+16,7.455e+16,35.1197,2.85024,5.12497,2.00005e+19,5.59954e+20,sim08742.iv
sim08743,45.4487,3.80619,5.94144,9.72508e+20,4.23062e+19,275.902,3.76431,5.52456,4.16928e+16,6.07025e+16,35.839,3.02664,5.09792,2.76406e+19,9.04968e+20,sim08743.iv
sim08744,49.7901,3.97467,5.99789,6.81624e+20,3.86909e+19,244.8,3.63179,5.54684,3.18141e+16,1.02993e+16,20.6908,3.19418,5.0948,1.75782e+19,9.72083e+20,sim08744.iv
sim08745,26.1986,3.99424,5.92108,6.02636e+20,2.55997e+19,288.823,3.6062,5.47181,3.66482e+16,2.37866e+16,46.2645,2.85241,5.09219,2.26387e+19,8.94009e+20,sim08745.iv
sim08746,47.7674,3.84161,5.80884,8.47353e+20,4.18763e+19,252.042,3.71919,5.55178,2.00527e+16,6.05966e+16,23.979,3.16457,5.02796,1.30855e+19,8.72974e+20,sim08746.iv
sim08747,30.2013,3.9958,5.97588,6.76145e+20,2.29285e+19,307.025,3.63657,5.54439,7.93704e+16,4.998e+16,47.815,3.09124,5.1597,3.60875e+19,7.00783e+20,sim08747.iv
sim08748,39.3281,3.81397,5.8677,5.59885e+20,1.14018e+19,305.428,3.7846,5.50852,9.7633e+16,8.91633e+16,37.3623,2.98236,5.12513,3.42234e+19,5.74378e+20,sim08748.iv
sim08749,48.5025,3.93768,5.87644,6.26542e+20,3.86868e+19,272.9,3.72983,5.50927,4.5852e+16,6.60324e+16,28.2334,2.9782,5.05313,4.13545e+19,5.23053e+20,sim08749.iv
sim08750,25.5439,3.92838,5.87034,7.70662e+20,1.50849e+19,340.233,3.65891,5.57791,4.94156e+16,7.687e+16,35.0784,3.04987,5.03298,1.65898e+19,5.71248e+20,sim08750.iv
sim08751,32.4264,3.92836,5.97009,7.88625e+20,2.29416e+19,323.234,3.63764,5.54866,7.42913e+16,7.33615e+16,26.9143,2.99955,5.02004,2.06598e+19,6.74044e+20,sim08751.iv
sim08752,23.5905,3.97051,5.84464,5.67135e+20,1.16875e+19,331.799,3.68523,5.59692,9.11854e+16,7.48159e+16,23.307,3.02789,5.10044,4.70537e+19,6.0505e+20,sim08752.iv
sim08753,32.3655,3.97604,5.83396,8.84631e+20,1.85698e+19,302.911,3.78288,5.47744,8.08674e+16,2.19479e+16,23.9093,2.92211,5.15541,2.6762e+19,6.14659e+20,sim08753.iv
sim08754,43.6559,3.95676,5.94755,9.79733e+20,4.39566e+19,246.675,3.68838,5.46183,8.72683e+16,9.79168e+16,46.4502,2.99374,5.08245,4.63217e+19,5.88092e+20,sim08754.iv
sim08755,38.1085,3.96775,5.89792,9.31495e+20,1.66337e+19,210.379,3.78238,5.56213,8.66724e+16,1.24617e+16,43.9336,3.12674,5.05548,4.43249e+19,8.6077e+20,sim08755.iv
sim08756,20.3284,3.99555,5.97178,7.27816e+20,3.66585e+19,290.665,3.79669,5.41392,4.67253e+16,5.22377e+16,24.1966,2.92817,5.18164,3.32057e+19,9.74033e+20,sim08756.iv
sim08757,20.6831,3.88208,5.98942,5.60787e+20,2.12937e+19,226.066,3.61221,5.50957,8.72346e+16,9.77906e+16,42.3462,2.81214,5.14486,2.07424e+19,8.39961e+20,sim08757.iv
sim08758,37.8076,3.83563,5.91164,7.57403e+20,2.14401e+19,269.993,3.70815,5.44441,6.61699e+16,9.00474e+16,21.8147,2.91056,5.06039,1.37258e+19,8.07091e+20,sim08758.iv
sim08759,24.9178,3.81546,5.87363,8.54696e+20,1.38241e+19,251.652,3.7515,5.59043,8.41574e+16,7.10021e+16,39.995,2.85151,5.09728,1.8012e+19,8.91704e+20,sim08759.iv
sim08760,45.0681,3.9735,5.90568,6.93108e+20,1.83874e+19,231.916,3.60867,5.43397,3.52741e+16,1.45627e+16,41.482,2.93226,5.18929,3.80304e+19,5.47372e+20,sim08760.iv
sim08761,21.5118,3.98628,5.83807,8.78558e+20,3.68737e+19,276.013,3.70474,5.55086,5.36082e+16,6.52433e+16,30.2034,2.98786,5.04062,4.02968e+19,6.64846e+20,sim08761.iv
sim08762,27.5024,3.89687,5.80094,8.27672e+20,1.97335e+19,291.603,3.60041,5.58584,3.09057e+16,8.5685e+16,21.4605,2.80374,5.06022,3.29918e+19,6.88617e+20,sim08762.iv
sim08763,39.9125,3.80901,5.92411,9.72061e+20,2.7767e+19,311.089,3.75626,5.54328,5.34264e+16,2.38286e+16,32.4947,2.82033,5.12307,4.7527e+19,6.80263e+20,sim08763.iv
sim08764,28.944,3.84576,5.8406,5.4964e+20,4.11445e+19,287.743,3.76376,5.48823,6.49497e+16,3.03558e+16,31.9102,3.1018,5.01673,4.5909e+19,8.35595e+20,sim08764.iv
sim08765,34.3706,3.99966,5.92972,6.69283e+20,4.41406e+19,274.712,3.76619,5.43808,4.46426e+16,4.23813e+16,23.9881,3.03026,5.13696,1.76993e+19,9.11135e+20,sim08765.iv
sim08766,37.8595,3.97607,5.93928,6.41592e+20,4.06625e+19,234.146,3.63849,5.5456,5.3144e+16,6.76959e+16,45.5914,2.80136,5.15484,2.81885e+19,5.41807e+20,sim08766.iv
sim08767,32.2607,3.86603,5.80465,7.87106e+20,3.46061e+19,285.723,3.71057,5.47442,8.28163e+16,7.32052e+16,33.3108,2.97312,5.00333,2.57978e+19,6.47007e+20,sim08767.iv
sim08768,35.1694,3.92024,5.86231,6.14727e+20,3.37082e+19,227.608,3.76661,5.48068,5.06115e+16,5.84586e+16,40.1288,2.84362,5.09949,2.5061e+19,8.73135e+20,sim08768.iv
sim08769,26.8776,3.80242,5.82802,6.01069e+20,4.25928e+19,262.269,3.71522,5.49923,5.56163e+16,4.54593e+16,44.8098,3.15044,5.14235,2.55638e+19,9.00772e+20,sim08769.iv
sim08770,40.9592,3.83553,5.99211,6.23902e+20,1.0355e+19,289.788,3.68436,5.43375,1.51046e+16,3.94328e+16,24.6118,3.0956,5.00973,3.66383e+19,7.08852e+20,sim08770.iv
sim08771,24.5098,3.96687,5.98315,6.341e+20,3.10516e+19,296.575,3.73464,5.54044,1.37601e+16,6.08864e+16,33.7618,2.92993,5.06863,3.13475e+19,6.04857e+20,sim08771.iv
sim08772,24.1305,3.83027,5.967,7.16173e+20,2.05779e+19,219.512,3.77462,5.58842,7.6783e+16,8.54978e+16,24.2545,2.92729,5.02207,2.82264e+19,6.79878e+20,sim08772.iv
sim08773,40.1414,3.91747,5.96328,8.8952e+20,1.83748e+19,285.291,3.64142,5.54687,1.70819e+16,8.92091e+16,28.1316,2.97338,5.14594,3.67648e+19,7.40419e+20,sim08773.iv
sim08774,48.4674,3.93679,5.80229,6.5499e+20,3.60371e+19,311.292,3.65041,5.41692,4.40523e+16,4.43578e+16,34.7296,2.92651,5.09854,3.41971e+19,5.35647e+20,sim08774.iv
sim08775,29.5917,3.95419,5.92277,5.55254e+20,2.56022e+19,328.894,3.68293,5.40142,5.59229e+16,2.50562e+16,43.6533,3.10726,5.10448,4.05998e+19,6.06504e+20,sim08775.iv
sim08776,41.1915,3.96295,5.99008,5.93824e+20,2.40581e+19,297.655,3.74496,5.42153,9.71161e+16,1.31098e+16,45.0118,2.97776,5.09761,3.83796e+19,6.03221e+20,sim08776.iv
sim08777,35.6983,3.85639,5.83845,7.34755e+20,1.37901e+19,275.97,3.73832,5.42016,8.22992e+16,6.46661e+16,20.9131,3.11704,5.01473,4.76783e+19,6.20617e+20,sim08777.iv
sim08778,24.076,3.85204,5.903,8.80556e+20,4.49264e+19,278.459,3.74226,5.5688,4.62731e+16,6.04498e+16,29.3322,3.173,5.03606,2.71407e+19,8.08383e+20,sim08778.iv
sim08779,30.6071,3.80951,5.90885,8.23059e+20,2.9175e+19,223.175,3.61334,5.54427,3.24801e+16,2.43309e+16,44.0784,3.00023,5.10648,1.5734e+19,9.21206e+20,sim08779.iv
sim08780,39.6313,3.92799,5.84574,6.02485e+20,4.30705e+19,222.169,3.70418,5.52022,9.51442e+16,2.84964e+16,20.2491,2.96359,5.06118,2.4675e+19,8.39005e+20,sim08780.iv
sim08781,48.4785,3.97538,5.9564,9.49642e+20,2.25129e+19,215.971,3.71787,5.46653,2.44609e+16,8.18341e+16,46.2614,3.19626,5.07661,1.12744e+19,7.75308e+20,sim08781.iv
sim08782,42.9054,3.88873,5.83043,8.40141e+20,2.98491e+19,297.681,3.73701,5.45699,3.97719e+16,6.54712e+16,35.1881,3.09738,5.03079,4.57406e+19,5.32417e+20,sim08782.iv
sim08783,36.21,3.97477,5.93645,5.85321e+20,2.22333e+19,284.307,3.67507,5.42678,7.59681e+16,8.26631e+16,37.4417,3.04874,5.1602,1.09716e+19,6.19929e+20,sim08783.iv
sim08784,40.7878,3.83123,5.89256,8.08527e+20,2.03837e+19,340.218,3.67234,5.48063,5.79916e+16,5.34163e+16,32.8605,2.85086,5.13753,3.74043e+19,7.68638e+20,sim08784.iv
sim08785,23.1079,3.97539,5.99059,5.47588e+20,1.69108e+19,289.943,3.70961,5.42155,4.98498e+16,3.4574e+16,45.0105,2.91216,5.05796,4.18957e+19,6.70205e+20,sim08785.iv
sim08786,25.5434,3.8848,5.89205,6.22095e+20,4.33344e+19,267.895,3.61775,5.57428,5.67311e+16,1.34531e+16,44.5905,2.83019,5.16352,4.41861e+19,9.18083e+20,sim08786.iv
sim08787,39.9043,3.92324,5.87501,9.15416e+20,1.30406e+19,285.451,3.65634,5.41209,7.19562e+16,9.32701e+16,21.952,3.0586,5.18857,1.60347e+19,8.64871e+20,sim08787.iv
sim08788,41.3346,3.99244,5.86332,8.86428e+20,1.57711e+19,265.728,3.68631,5.55327,3.47229e+16,1.43184e+16,23.956,3.07886,5.11734,3.10475e+19,8.94687e+20,sim08788.iv
sim08789,36.2953,3.97308,5.80145,8.23472e+20,3.958e+19,336.843,3.74064,5.53919,8.25109e+16,1.57711e+16,49.0767,3.14447,5.10277,4.14619e+19,8.4892e+20,sim08789.iv
sim08790,46.03,3.85848,5.96046,6.51713e+20,2.12178e+19,257.918,3.62029,5.46714,6.46689e+16,4.59358e+16,35.7868,3.06895,5.15572,3.62308e+19,8.27488e+20,sim08790.iv
sim08791,22.0746,3.80049,5.87541,6.71777e+20,4.27084e+19,233.663,3.76744,5.44105,4.92023e+16,5.27861e+16,48.2248,2.83432,5.17349,2.39902e+19,5.91372e+20,sim08791.iv
sim08792,48.1713,3.9103,5.94939,8.65851e+20,1.26439e+19,316.241,3.70187,5.58203,1.51895e+16,1.70973e+16,23.8572,3.00179,5.0405,2.50067e+19,8.55104e+20,sim08792.iv
sim08793,22.649,3.82286,5.8183,7.40057e+20,1.97598e+19,315.833,3.6233,5.52673,8.27291e+16,8.70383e+16,22.6637,2.92611,5.13098,1.52053e+19,9.60122e+20,sim08793.iv
sim08794,43.8027,3.94342,5.83648,8.74666e+20,4.17431e+19,340.646,3.61376,5.58397,6.76057e+16,6.93501e+16,21.2037,3.14621,5.05098,2.7425e+19,6.42918e+20,sim08794.iv
sim08795,25.3494,3.81408,5.97574,7.78659e+20,1.44923e+19,341.34,3.77565,5.57593,6.51778e+16,4.80282e+16,25.8149,3.18068,5.02764,2.32772e+19,7.63471e+20,sim08795.iv
sim08796,39.1581,3.92041,5.84753,9.72275e+20,1.35158e+19,253.589,3.68358,5.49879,8.75025e+16,9.90435e+16,36.9805,3.02076,5.00017,2.17527e+19,8.26162e+20,sim08796.iv
sim08797,25.7246,3.92666,5.90903,7.53026e+20,3.13783e+19,241.031,3.69244,5.53966,4.4223e+16,2.68121e+16,36.4448,3.03481,5.17576,4.48803e+19,9.67872e+20,sim08797.iv
sim08798,47.9832,3.91154,5.9889,5.10538e+20,4.73123e+19,282.514,3.64658,5.55109,1.83493e+16,6.42053e+16,27.276,3.03871,5.04561,1.54784e+19,5.32229e+20,sim08798.iv
sim08799,33.0027,3.8843,5.8503,7.87804e+20,1.05949e+19,277.59,3.63216,5.47199,2.79452e+16,7.03622e+16,46.9569,2.91954,5.09089,1.09205e+19,6.76137e+20,sim08799.iv
sim08800,43.4654,3.91382,5.8662,5.5425e+20,2.31886e+19,212.43,3.75874,5.58222,8.22276e+16,6.27484e+16,32.4728,3.13059,5.01439,3.77804e+19,8.27038e+20,sim08800.iv
sim08801,28.1412,3.80052,5.9173,7.81951e+20,1.66986e+19,226.612,3.63859,5.47135,5.20792e+16,5.20243e+16,44.9268,3.00939,5.03777,3.92757e+19,6.92508e+20,sim08801.iv
sim08802,42.1693,3.89853,5.99322,5.80992e+20,2.17304e+19,296.65,3.72779,5.50173,4.658e+16,8.89773e+16,47.115,3.17872,5.12742,4.65376e+19,5.75778e+20,sim08802.iv
sim08803,40.9329,3.99003,5.85999,7.2962e+20,3.85471e+19,272.919,3.64887,5.45619,9.51865e+16,8.01779e+16,39.298,3.18948,5.04735,4.1311e+19,6.81284e+20,sim08803.iv
sim08804,43.3288,3.8362,5.9414,7.9387e+20,2.39638e+19,321.27,3.76028,5.56203,9.2206e+16,9.23233e+16,38.8329,3.00462,5.01172,4.67048e+19,9.81156e+20,sim08804.iv
sim08805,24.0274,3.85362,5.90582,8.81366e+20,1.18668e+19,237.372,3.73901,5.45804,8.42975e+16,7.0117e+16,26.4251,3.16555,5.14938,1.80803e+19,8.04083e+20,sim08805.iv
sim08806,37.2419,3.96422,5.8975,5.35586e+20,2.96008e+19,223.127,3.63828,5.40761,7.0568e+16,5.72198e+16,35.7541,3.04005,5.17592,2.32184e+19,5.15793e+20,sim08806.iv
sim08807,38.5217,3.80581,5.83972,7.08941e+20,4.69281e+19,254.859,3.74362,5.44863,8.93206e+16,3.43046e+16,22.7961,3.17898,5.09499,4.5012e+19,6.13206e+20,sim08807.iv
sim08808,33.7142,3.82142,5.81,8.04624e+20,4.68121e+19,339.689,3.78883,5.43244,9.0212e+16,5.52159e+16,29.1564,2.88819,5.02302,2.04843e+19,5.21995e+20,sim08808.iv
sim08809,31.9256,3.85106,5.98646,6.99923e+20,4.25135e+19,271.362,3.71197,5.56017,5.44551e+16,5.2905e+16,23.8599,3.05074,5.16413,4.32165e+19,5.44921e+20,sim08809.iv
sim08810,33.2008,3.86227,5.98694,9.55687e+20,1.75702e+19,327.444,3.6843,5.57721,1.70235e+16,5.43702e+16,22.547,2.84345,5.10156,4.58372e+19,5.48588e+20,sim08810.iv
sim08811,49.063,3.87343,5.87879,5.42587e+20,3.83527e+19,296.567,3.71423,5.46427,4.96453e+16,7.44002e+16,33.3605,2.96339,5.0434,4.28508e+19,8.2314e+20,sim08811.iv
sim08812,31.9808,3.81462,5.98929,9.14577e+20,3.60726e+19,269.226,3.67533,5.51874,8.32609e+16,1.45463e+16,37.8039,2.96527,5.17806,1.57002e+19,8.38467e+20,sim08812.iv
sim08813,36.5113,3.80998,5.96189,9.24973e+20,2.30737e+19,300.808,3.74657,5.58892,1.15074e+16,8.28423e+16,41.4669,2.95998,5.17006,1.77219e+19,8.03229e+20,sim08813.iv
sim08814,29.9206,3.83059,5.86259,6.41965e+20,3.53013e+19,210.006,3.60061,5.53131,6.97679e+16,5.51063e+16,48.191,3.17938,5.02671,1.4088e+19,8.54614e+20,sim08814.iv
sim08815,42.8807,3.83085,5.86479,9.65624e+20,4.63057e+19,331.566,3.68172,5.47947,6.03671e+16,3.1854e+16,20.1212,3.11886,5.10088,4.17293e+19,5.50282e+20,sim08815.iv
sim08816,22.2961,3.96131,5.90911,9.88839e+20,3.84833e+19,258.549,3.76281,5.40914,2.08209e+16,1.72651e+16,35.4434,3.16577,5.18678,4.72839e+19,8.65952e+20,sim08816.iv
sim08817,46.3914,3.82517,5.96712,6.31703e+20,1.19652e+19,269.286,3.60163,5.42823,5.86775e+16,4.54385e+16,47.0193,2.91218,5.17478,2.0722e+19,6.98181e+20,sim08817.iv
sim08818,26.4197,3.85145,5.90431,7.47116e+20,2.17077e+19,263.083,3.63925,5.55977,9.63588e+16,4.6205e+16,36.6562,2.90082,5.01244,4.91196e+19,6.8507e+20,sim08818.iv
sim08819,37.9065,3.93266,5.86748,5.86635e+20,4.88468e+19,263.987,3.60353,5.5864,5.32741e+16,7.74281e+16,29.5654,2.85633,5.09722,2.80172e+19,8.69031e+20,sim08819.iv
sim08820,27.2908,3.92294,5.96311,5.86694e+20,4.75773e+19,217.292,3.62741,5.53063,2.78772e+16,6.26416e+16,27.4892,2.97374,5.11811,1.9023e+19,7.38758e+20,sim08820.iv
sim08821,47.429,3.83765,5.9893,6.77542e+20,1.0099e+19,270.607,3.79751,5.44831,1.04447e+16,4.1722e+16,30.7086,2.97004,5.15099,3.44998e+19,5.44493e+20,sim08821.iv
sim08822,37.9121,3.99795,5.91122,7.66813e+20,4.11975e+19,255.303,3.77013,5.46354,6.35052e+16,1.55824e+16,36.0095,2.97368,5.18844,2.75057e+19,6.84707e+20,sim08822.iv
sim08823,29.3199,3.98992,5.93091,8.13721e+20,1.53043e+19,348.503,3.63147,5.55813,9.59436e+16,2.49206e+16,44.9794,2.95703,5.06876,1.84966e+19,7.90511e+20,sim08823.iv
sim08824,21.8005,3.90057,5.99469,8.20689e+20,2.60887e+19,239.238,3.73281,5.52041,1.07179e+16,6.73682e+16,40.6162,3.13966,5.09221,3.1589e+19,6.95528e+20,sim08824.iv
sim08825,30.9635,3.86959,5.92238,6.01262e+20,3.35478e+19,336.128,3.7614,5.498,7.21881e+16,9.913e+16,45.3781,2.82671,5.18673,3.17868e+19,6.8177e+20,sim08825.iv
sim08826,41.205,3.97786,5.85769,5.64677e+20,1.60368e+19,296.304,3.78971,5.55079,4.69139e+16,5.16761e+16,20.587,2.93195,5.0706,2.15828e+19,7.20379e+20,sim08826.iv
sim08827,44.0446,3.88589,5.90228,5.14651e+20,2.66032e+19,316.907,3.71915,5.4635,6.38706e+16,4.83166e+16,40.6821,3.16192,5.11708,4.38767e+19,7.43348e+20,sim08827.iv
sim08828,49.3884,3.89344,5.83704,8.29232e+20,4.84683e+19,254.191,3.6656,5.55286,9.64458e+16,4.74909e+16,38.1372,2.84511,5.08823,3.20667e+19,5.12697e+20,sim08828.iv
sim08829,43.7127,3.92659,5.87558,9.89139e+20,1.83619e+19,267.059,3.67512,5.47829,4.22248e+16,8.76553e+16,37.5296,2.87638,5.10918,4.80936e+19,6.45621e+20,sim08829.iv
sim08830,25.8152,3.81576,5.87268,9.06866e+20,4.45483e+19,250.654,3.63346,5.57249,6.55496e+16,3.03804e+16,27.0568,2.97025,5.11582,2.85009e+19,6.95682e+20,sim08830.iv
sim08831,24.9875,3.81746,5.87928,7.59882e+20,4.53157e+19,286.85,3.66985,5.4472,1.81016e+16,9.39975e+16,25.8577,3.09973,5.03546,1.24838e+19,7.28142e+20,sim08831.iv
sim08832,45.2038,3.87253,5.92532,7.43076e+20,3.87695e+19,269.859,3.62267,5.42688,1.81295e+16,3.70253e+16,42.4335,3.1583,5.04477,3.73253e+19,8.62224e+20,sim08832.iv
sim08833,26.0382,3.8899,5.93012,9.54853e+20,4.69997e+19,319.186,3.6377,5.50644,6.70689e+16,9.02395e+16,47.7069,3.07845,5.00271,2.9329e+19,9.68819e+20,sim08833.iv
sim08834,45.2586,3.83565,5.91427,8.2116e+20,2.63037e+19,226.871,3.61351,5.56556,6.34969e+16,7.35013e+16,44.0686,2.9637,5.13894,4.21429e+19,9.59989e+20,sim08834.iv
sim08835,49.2539,3.91347,5.94851,9.2403e+20,1.59998e+19,254.897,3.66092,5.54789,3.30721e+16,5.47497e+16,24.3068,3.08405,5.1117,4.63373e+19,6.78885e+20,sim08835.iv
sim08836,47.0654,3.96449,5.93107,8.42883e+20,2.26613e+19,339.627,3.73328,5.50809,6.45498e+16,2.09341e+16,39.3404,2.99514,5.0977,2.49562e+19,7.91173e+20,sim08836.iv
sim08837,46.4181,3.8774,5.90075,7.87132e+20,2.73923e+19,337.499,3.62741,5.50823,3.71492e+16,7.97479e+16,24.4565,2.8128,5.03145,4.42839e+19,9.46391e+20,sim08837.iv
sim08838,30.1473,3.98042,5.81649,8.77377e+20,1.45009e+19,220.659,3.78517,5.52591,7.87856e+16,4.21829e+16,44.4072,3.07673,5.00866,4.73796e+19,5.19749e+20,sim08838.iv
sim08839,44.0284,3.98098,5.94592,6.70116e+20,3.40159e+19,227.724,3.68832,5.46071,3.34803e+16,8.0098e+16,35.0319,3.14459,5.17075,2.46276e+19,5.75917e+20,sim08839.iv
sim08840,31.6715,3.8382,5.97983,6.40363e+20,4.77271e+19,224.89,3.65463,5.46611,2.21875e+16,8.0193e+16,21.7497,3.1793,5.03332,1.53392e+19,8.56648e+20,sim08840.iv
sim08841,23.3192,3.9302,5.90575,6.43725e+20,4.05393e+19,320.209,3.602,5.4922,9.17253e+16,4.9149e+16,40.8489,2.9938,5.03457,3.49685e+19,5.47165e+20,sim08841.iv
sim08842,49.5479,3.8745,5.82994,8.10706e+20,3.72329e+19,342.416,3.69879,5.41658,2.54775e+16,3.22675e+16,27.8944,2.83794,5.02176,1.70795e+19,5.48469e+20,sim08842.iv
sim08843,45.9111,3.9407,5.92809,8.02503e+20,2.22438e+19,243.353,3.67081,5.4581,1.8354e+16,7.26805e+16,26,2.96092,5.08492,4.56491e+19,7.63721e+20,sim08843.iv
sim08844,46.5691,3.88934,5.94866,7.04592e+20,2.7289e+19,312.437,3.6365,5.43511,2.53292e+16,3.60122e+16,21.8418,2.82252,5.1814,3.70711e+19,8.24853e+20,sim08844.iv
sim08845,48.1022,3.95019,5.87589,5.90945e+20,3.50947e+19,282.017,3.73748,5.40594,9.00126e+16,3.66689e+16,23.7749,2.95996,5.02914,1.76447e+19,6.89205e+20,sim08845.iv
sim08846,47.7366,3.86164,5.80991,5.65092e+20,1.44844e+19,339.348,3.78489,5.57907,8.84153e+16,7.61119e+16,45.5569,2.90959,5.1354,2.95797e+19,5.80339e+20,sim08846.iv
sim08847,41.7554,3.92894,5.83814,9.59708e+20,1.31959e+19,316.309,3.71759,5.47108,2.83426e+16,8.17052e+16,48.1791,2.87552,5.08603,4.2251e+19,7.35543e+20,sim08847.iv
sim08848,22.6949,3.97859,5.8278,9.20306e+20,1.97775e+19,229.605,3.68149,5.56073,9.08752e+16,2.04262e+16,22.2406,2.89384,5.1366,2.63343e+19,9.28208e+20,sim08848.iv
sim08849,36.0422,3.82307,5.83088,8.91482e+20,3.96373e+19,228.25,3.64855,5.58796,2.05518e+16,7.86529e+16,28.747,2.93612,5.0261,1.69956e+19,9.40784e+20,sim08849.iv
sim08850,24.6332,3.95674,5.80299,6.05044e+20,4.37985e+19,319.655,3.79414,5.43378,6.88721e+16,5.29543e+16,34.9055,3.07738,5.14904,2.93615e+19,7.52917e+20,sim08850.iv
sim08851,43.7885,3.90561,5.89709,8.95891e+20,2.19895e+19,319.795,3.77449,5.48264,2.48173e+16,5.80012e+16,25.7417,2.96936,5.11782,4.58314e+19,6.57236e+20,sim08851.iv
sim08852,44.471,3.98365,5.96406,5.57734e+20,3.2431e+19,245.442,3.63079,5.59361,5.1226e+16,3.01078e+16,27.0436,3.09657,5.16934,2.04335e+19,5.14853e+20,sim08852.iv
sim08853,42.3608,3.82496,5.90956,8.17539e+20,1.73842e+19,281.077,3.6361,5.58864,8.3076e+16,7.65922e+16,46.2964,3.04736,5.14667,2.99257e+19,5.85135e+20,sim08853.iv
sim08854,49.4038,3.97926,5.87191,6.38829e+20,4.90248e+19,263.856,3.72393,5.48488,3.79425e+16,4.39221e+16,38.3603,2.96201,5.15392,4.32142e+19,7.70743e+20,sim08854.iv
sim08855,20.4836,3.97912,5.87006,8.09271e+20,3.79796e+19,349.689,3.7017,5.44297,9.14884e+16,2.1835e+16,47.3029,2.9336,5.13493,2.91603e+19,8.3782e+20,sim08855.iv
sim08856,29.192,3.98568,5.8344,6.64855e+20,3.40765e+19,296.509,3.76422,5.40552,4.863e+16,5.30092e+16,27.3819,3.05157,5.18095,2.6672e+19,6.28731e+20,sim08856.iv
sim08857,37.1251,3.88266,5.93126,9.82092e+20,3.12213e+19,330.634,3.6732,5.55329,3.32035e+16,9.61135e+16,29.643,3.07605,5.08634,4.11637e+19,7.98622e+20,sim08857.iv
sim08858,43.1985,3.81464,5.81951,5.15968e+20,4.3606e+19,319.189,3.74149,5.42451,9.3802e+16,8.02927e+16,42.7963,3.04474,5.15003,1.20285e+19,8.2812e+20,sim08858.iv
sim08859,32.6465,3.83107,5.99158,9.76056e+20,4.31143e+19,309.477,3.64074,5.56815,4.01947e+16,3.10892e+16,48.5146,2.89372,5.17548,3.34512e+19,5.91203e+20,sim08859.iv
sim08860,42.1119,3.9277,5.88703,7.94423e+20,2.85675e+19,325.957,3.73603,5.49636,8.26308e+16,3.42177e+16,25.2725,2.95744,5.1716,4.32619e+19,7.93694e+20,sim08860.iv
sim08861,26.1339,3.96016,5.85183,9.17426e+20,1.11269e+19,234.768,3.62529,5.58041,7.50695e+16,8.76366e+16,23.4108,2.98824,5.17172,3.21338e+19,7.3611e+20,sim08861.iv
sim08862,49.1692,3.90212,5.86216,5.62742e+20,1.79073e+19,333.021,3.62938,5.57202,5.43234e+16,1.10905e+16,37.0251,2.89639,5.09219,4.74637e+19,8.60747e+20,sim08862.iv
sim08863,47.1572,3.89972,5.92703,6.54845e+20,2.19424e+19,212.821,3.78252,5.54227,6.2498e+16,1.61467e+16,25.4757,3.00937,5.19369,4.46363e+19,6.35965e+20,sim08863.iv
sim08864,23.9455,3.87711,5.9404,5.15274e+20,2.31378e+19,261.612,3.78347,5.44684,4.06473e+16,2.64989e+16,43.0302,3.02501,5.07283,2.51602e+19,5.07187e+20,sim08864.iv
sim08865,42.838,3.93009,5.81108,5.26608e+20,3.75537e+19,314.989,3.61985,5.55113,7.52947e+16,6.32585e+16,22.9678,2.86774,5.10746,3.23945e+19,6.85338e+20,sim08865.iv
sim08866,40.4369,3.86681,5.80624,8.66173e+20,3.59724e+19,218.056,3.73049,5.48123,6.27374e+16,2.59486e+16,42.8439,2.95397,5.1762,2.81811e+19,8.86952e+20,sim08866.iv
sim08867,37.1854,3.96249,5.87932,8.24646e+20,4.85838e+19,241.115,3.69575,5.58351,6.30591e+16,8.30003e+16,37.3826,3.07914,5.017,3.25745e+19,6.52551e+20,sim08867.iv
sim08868,39.0866,3.87883,5.929,5.69159e+20,2.69632e+19,272.342,3.66435,5.51873,9.16709e+16,4.60177e+16,44.6321,3.07537,5.14954,2.13965e+19,5.51256e+20,sim08868.iv
sim08869,45.9786,3.92972,5.96115,7.42262e+20,3.19809e+19,319.978,3.61818,5.57214,9.74967e+16,9.08993e+16,45.2931,2.97153,5.01393,3.71129e+19,8.64195e+20,sim08869.iv
sim08870,38.18,3.91945,5.92997,5.5261e+20,3.41583e+19,347.394,3.74118,5.43112,7.99837e+16,2.00225e+16,34.4179,3.18636,5.16847,3.37423e+19,6.31758e+20,sim08870.iv
sim08871,29.4252,3.85922,5.87675,7.40439e+20,1.07328e+19,247.173,3.79371,5.53435,1.73386e+16,4.82284e+16,46.3848,3.15578,5.04388,4.86018e+19,7.65748e+20,sim08871.iv
sim08872,43.6177,3.83865,5.92864,6.88579e+20,2.94592e+19,348.091,3.73557,5.41672,9.84701e+16,3.28641e+16,32.7036,2.85982,5.143,4.6894e+19,8.60132e+20,sim08872.iv
sim08873,33.7914,3.98855,5.96374,9.11365e+20,1.08539e+19,290.91,3.65824,5.42964,3.39333e+16,4.99928e+16,37.7871,3.11629,5.11977,1.9008e+19,7.04638e+20,sim08873.iv
sim08874,38.2713,3.80099,5.82483,7.79576e+20,1.16588e+19,346.068,3.65839,5.4714,5.6526e+16,2.20932e+16,41.8442,3.00259,5.14129,1.39547e+19,6.98483e+20,sim08874.iv
sim08875,36.8257,3.98858,5.80067,9.09242e+20,3.36697e+19,249.075,3.78891,5.429,8.52862e+16,4.89117e+16,33.8005,2.91658,5.13317,3.08346e+19,7.85739e+20,sim08875.iv
sim08876,41.8803,3.80936,5.8294,7.48471e+20,2.80291e+19,273.003,3.6409,5.56307,1.44031e+16,5.97515e+16,44.8919,3.05611,5.19649,2.52285e+19,5.01546e+20,sim08876.iv
sim08877,42.0617,3.87904,5.92675,5.69712e+20,4.16867e+19,250.498,3.6329,5.56715,4.81823e+16,1.98422e+16,21.1998,3.10585,5.16735,3.15741e+19,8.8598e+20,sim08877.iv
sim08878,39.7282,3.82465,5.97561,7.77168e+20,2.10683e+19,276.715,3.73655,5.58084,8.11223e+16,9.51828e+16,47.2615,2.95567,5.04545,1.70928e+19,7.0249e+20,sim08878.iv
sim08879,35.0394,3.88702,5.95886,9.29845e+20,2.45107e+19,264.136,3.62795,5.46631,1.6823e+16,1.44534e+16,38.7924,2.96105,5.06877,3.06665e+19,7.84037e+20,sim08879.iv
sim08880,42.6163,3.83932,5.9872,5.79285e+20,3.09177e+19,341.531,3.70628,5.57803,9.97541e+16,4.94509e+16,33.9587,2.92988,5.01384,4.20708e+19,8.54876e+20,sim08880.iv
sim08881,41.0158,3.81059,5.97552,8.86687e+20,1.17965e+19,339.638,3.63361,5.51593,2.95992e+16,5.64173e+16,24.6681,2.90729,5.05769,3.25585e+19,6.65714e+20,sim08881.iv
sim08882,46.7638,3.9065,5.82721,5.00694e+20,3.82982e+19,287.35,3.69334,5.54715,6.18169e+16,8.32198e+16,36.6619,2.9087,5.00715,2.19737e+19,9.28028e+20,sim08882.iv
sim08883,46.5822,3.89117,5.83884,7.43768e+20,4.24904e+19,282.415,3.68491,5.41901,1.66336e+16,4.58252e+16,37.0942,2.99166,5.04963,1.78369e+19,7.07063e+20,sim08883.iv
sim08884,32.6511,3.96412,5.87007,6.03683e+20,3.19656e+19,293.637,3.79588,5.53412,6.42813e+16,6.20525e+16,27.0501,2.93015,5.03144,4.93514e+19,9.93117e+20,sim08884.iv
sim08885,46.0953,3.96579,5.96874,5.34758e+20,3.39155e+19,270.187,3.74295,5.53194,1.98476e+16,6.09591e+16,42.3677,3.13426,5.03025,2.67961e+19,8.25218e+20,sim08885.iv
sim08886,34.1345,3.93192,5.81945,7.70631e+20,1.32124e+19,271.222,3.71106,5.45603,1.95283e+16,3.47202e+16,48.1857,3.17256,5.03668,1.43473e+19,5.37645e+20,sim08886.iv
sim08887,31.1705,3.80296,5.90815,8.16861e+20,2.99386e+19,277.938,3.67911,5.40311,7.58872e+16,5.04665e+16,21.7609,3.15893,5.03632,2.35207e+19,9.3127e+20,sim08887.iv
sim08888,30.4504,3.99944,5.91424,7.31861e+20,2.24765e+19,285.11,3.65172,5.41943,1.85406e+16,6.85374e+16,25.9528,2.88915,5.08684,2.49981e+19,7.3374e+20,sim08888.iv
sim08889,42.3861,3.93528,5.82339,8.10766e+20,3.10568e+19,344.559,3.61385,5.569,3.28392e+16,3.93123e+16,32.0563,3.19497,5.19666,3.16836e+19,7.53445e+20,sim08889.iv
sim08890,29.2378,3.8856,5.98535,6.30274e+20,2.54059e+19,308.208,3.72119,5.40904,5.48939e+16,2.49107e+16,47.159,3.17096,5.12708,4.89703e+19,7.36897e+20,sim08890.iv
sim08891,47.0507,3.82565,5.95878,6.91881e+20,2.31731e+19,241.241,3.70278,5.42487,1.38035e+16,8.14911e+16,22.7931,2.85442,5.1,2.95965e+19,6.51311e+20,sim08891.iv
sim08892,30.029,3.8534,5.90236,5.7907e+20,4.94694e+19,242.097,3.76873,5.58923,3.65737e+16,2.42159e+16,41.3236,3.05977,5.03214,4.3129e+19,9.48259e+20,sim08892.iv
sim08893,22.8826,3.97448,5.88496,8.26863e+20,4.12785e+19,329.823,3.76313,5.47044,3.4153e+16,4.99846e+16,45.3956,2.97922,5.15841,4.64334e+19,8.66741e+20,sim08893.iv
sim08894,30.5635,3.8953,5.91727,5.23994e+20,4.66406e+19,259.107,3.62338,5.49899,3.57555e+16,6.66909e+16,42.0056,3.14591,5.18759,4.01125e+19,9.8102e+20,sim08894.iv
sim08895,24.942,3.9842,5.9925,7.94769e+20,4.99442e+19,324.698,3.68171,5.4715,9.25454e+16,8.8153e+16,36.3548,2.9025,5.01907,1.4176e+19,5.5836e+20,sim08895.iv
sim08896,38.0014,3.88458,5.98121,6.52336e+20,1.66914e+19,304.113,3.71678,5.45567,8.38203e+16,5.13833e+16,21.3638,3.02702,5.00092,3.35879e+19,6.3606e+20,sim08896.iv
sim08897,21.2561,3.93816,5.90127,6.24157e+20,3.29155e+19,343.125,3.68898,5.40663,3.21566e+16,3.15926e+16,41.9882,2.83785,5.0378,4.03073e+19,7.3805e+20,sim08897.iv
sim08898,27.0066,3.86517,5.91017,9.26947e+20,3.18588e+19,307.252,3.74969,5.52389,9.39141e+16,1.94151e+16,22.2674,2.86726,5.14452,2.88592e+19,7.51238e+20,sim08898.iv
sim08899,31.8717,3.98976,5.91552,5.42541e+20,2.20854e+19,253.769,3.69006,5.48062,4.76484e+16,7.1991e+16,43.8205,2.95108,5.18393,3.28379e+19,5.42188e+20,sim08899.iv
sim08900,26.2295,3.98061,5.9452,8.26764e+20,1.93927e+19,256.709,3.72035,5.54837,8.40708e+16,9.78807e+16,24.8398,2.90627,5.16005,4.11407e+19,8.42177e+20,sim08900.iv
sim08901,21.3681,3.83364,5.84983,9.97177e+20,2.40905e+19,303.602,3.65717,5.55366,8.79934e+16,6.64874e+16,47.0665,3.04037,5.09623,4.38948e+19,5.09958e+20,sim08901.iv
sim08902,48.0365,3.94958,5.97743,6.38007e+20,3.57628e+19,294.317,3.79076,5.40144,7.41232e+16,2.7378e+16,43.3501,2.97731,5.04956,2.72496e+19,6.51098e+20,sim08902.iv
sim08903,42.8828,3.92239,5.83735,5.09688e+20,4.16193e+19,306.245,3.77463,5.46722,7.57474e+16,7.15844e+16,34.4479,2.97558,5.02428,1.03462e+19,9.30214e+20,sim08903.iv
sim08904,34.1069,3.85439,5.94332,9.74731e+20,2.4394e+19,298.453,3.64009,5.40299,5.41416e+16,2.69708e+16,37.341,2.95927,5.02694,3.90013e+19,9.38348e+20,sim08904.iv
sim08905,31.9008,3.96242,5.96069,8.76456e+20,3.10284e+19,292.364,3.78364,5.44328,6.60919e+16,9.75775e+16,28.5456,2.94155,5.17081,2.29725e+19,9.69051e+20,sim08905.iv
sim08906,47.0112,3.80079,5.89024,6.49491e+20,1.97202e+19,247.935,3.68502,5.45295,3.73165e+16,8.24767e+16,41.7732,2.80999,5.0852,2.52814e+19,7.01042e+20,sim08906.iv
sim08907,25.9173,3.97844,5.98745,9.06249e+20,3.23708e+19,309.509,3.63553,5.44492,4.58233e+16,5.45343e+16,41.5175,2.85915,5.14269,4.79279e+19,8.09917e+20,sim08907.iv
sim08908,23.0285,3.97888,5.85976,9.50089e+20,2.34562e+19,327.626,3.76266,5.45467,5.50108e+16,1.08015e+16,39.1822,2.88733,5.12105,3.90822e+19,5.87066e+20,sim08908.iv
sim08909,21.1934,3.86955,5.90383,9.40043e+20,4.36099e+19,342.421,3.79331,5.42097,2.62765e+16,1.59171e+16,47.2483,3.16476,5.00335,4.23219e+19,6.48081e+20,sim08909.iv
sim08910,23.0398,3.9803,5.84879,7.43879e+20,2.13903e+19,303.945,3.79807,5.42201,1.22893e+16,1.26756e+16,26.1821,3.02876,5.07054,1.13668e+19,8.7258e+20,sim08910.iv
sim08911,28.601,3.99912,5.92006,9.28177e+20,4.9212e+19,326.923,3.695,5.50367,9.43779e+16,7.65608e+16,32.4277,2.85402,5.19889,4.21063e+19,9.55778e+20,sim08911.iv
sim08912,43.8342,3.8135,5.97872,6.08853e+20,1.47451e+19,218.387,3.68417,5.53742,5.27408e+16,4.89649e+16,46.7525,2.88493,5.04843,1.59771e+19,9.79844e+20,sim08912.iv
sim08913,48.4688,3.81575,5.90759,5.73704e+20,3.65812e+19,234.526,3.67842,5.58102,5.80159e+16,4.31281e+16,29.0613,2.97717,5.08314,3.87447e+19,8.88596e+20,sim08913.iv
sim08914,21.6914,3.87512,5.85685,5.31739e+20,3.84638e+19,323.926,3.68277,5.50372,5.41561e+16,8.74878e+16,23.2264,2.97075,5.06894,2.49469e+19,7.63819e+20,sim08914.iv
sim08915,47.6804,3.86364,5.85131,6.71298e+20,1.59016e+19,236.243,3.79397,5.53841,7.47756e+16,1.48069e+16,21.0366,2.9032,5.01064,1.93988e+19,8.89581e+20,sim08915.iv
sim08916,43.6641,3.81007,5.92257,5.69316e+20,3.6317e+19,269.193,3.67612,5.56914,4.22571e+16,4.59702e+16,24.8687,3.06995,5.15513,1.77042e+19,8.13953e+20,sim08916.iv
sim08917,22.9497,3.96158,5.84857,9.20236e+20,3.43989e+19,326.85,3.69951,5.45297,9.33673e+16,7.16706e+16,37.8266,2.9097,5.10894,1.15858e+19,9.24197e+20,sim08917.iv
sim08918,38.5049,3.87665,5.81334,9.05978e+20,3.81987e+19,302.254,3.73069,5.44126,4.12434e+16,6.2774e+16,34.8852,3.13824,5.07064,4.69283e+19,6.26443e+20,sim08918.iv
sim08919,48.767,3.99434,5.83272,7.56953e+20,2.77933e+19,259.768,3.64752,5.56591,7.88736e+16,5.40986e+16,32.7444,2.88897,5.16436,1.75625e+19,5.31212e+20,sim08919.iv
sim08920,26.1358,3.86882,5.84265,6.60131e+20,3.20998e+19,229.477,3.73467,5.41911,4.87896e+16,9.83423e+16,45.424,2.81714,5.1388,3.0805e+19,6.69728e+20,sim08920.iv
sim08921,41.3816,3.98046,5.96924,6.40032e+20,1.51853e+19,249.387,3.74171,5.46719,3.59287e+16,8.53656e+16,48.7525,3.02832,5.1446,2.13682e+19,5.32369e+20,sim08921.iv
sim08922,23.185,3.84355,5.81077,6.97787e+20,1.27233e+19,297.736,3.60705,5.598,6.29472e+16,4.66619e+16,23.5448,2.96319,5.08705,2.16989e+19,9.73758e+20,sim08922.iv
sim08923,20.9858,3.82445,5.99775,5.80082e+20,2.48592e+19,333.308,3.66298,5.57087,5.73123e+16,1.04758e+16,32.03,3.01452,5.10053,3.17626e+19,5.99697e+20,sim08923.iv
sim08924,23.8159,3.89777,5.85138,9.848e+20,1.58576e+19,213.13,3.78581,5.50675,4.80533e+16,4.12486e+16,45.1013,2.95408,5.05004,1.36509e+19,6.27593e+20,sim08924.iv
sim08925,46.2602,3.97688,5.80729,6.65452e+20,2.46178e+19,314.189,3.64222,5.58521,2.86063e+16,6.41071e+16,42.5169,3.05625,5.19037,1.69525e+19,8.04419e+20,sim08925.iv
sim08926,41.0607,3.95828,5.90203,7.80086e+20,4.77861e+19,328.212,3.77388,5.57881,8.26516e+16,3.08959e+16,22.3625,3.18129,5.15735,4.96166e+19,6.98348e+20,sim08926.iv
sim08927,41.2467,3.93813,5.88287,7.79758e+20,2.51944e+19,293.172,3.65028,5.46242,4.93794e+16,9.31106e+16,45.936,3.10065,5.02299,1.5859e+19,6.5499e+20,sim08927.iv
sim08928,26.2981,3.87335,5.91311,5.93719e+20,2.09249e+19,305.155,3.62566,5.49878,1.0613e+16,2.65812e+16,38.3336,3.17602,5.01869,3.12714e+19,9.79373e+20,sim08928.iv
sim08929,49.4976,3.85234,5.94187,5.84518e+20,1.87687e+19,325.388,3.76941,5.58681,2.18042e+16,5.43763e+16,29.5776,2.95124,5.16657,4.11617e+19,9.75231e+20,sim08929.iv
sim08930,44.3758,3.91351,5.94114,9.45787e+20,1.64346e+19,276.825,3.66455,5.52294,2.76777e+16,4.02945e+16,38.1734,3.15438,5.10024,4.63421e+19,7.29118e+20,sim08930.iv
sim08931,23.7976,3.90544,5.90794,6.8597e+20,2.39667e+19,216.508,3.72155,5.43241,7.48105e+16,5.73085e+16,25.6353,2.87713,5.13834,3.99748e+19,8.44497e+20,sim08931.iv
sim08932,25.0975,3.92583,5.97578,6.97705e+20,4.16681e+19,211.643,3.62173,5.42384,7.85218e+16,6.86773e+16,21.7624,3.02482,5.06449,1.8393e+19,8.42434e+20,sim08932.iv
sim08933,36.6758,3.89528,5.928,8.35158e+20,1.56905e+19,287.21,3.6701,5.4754,1.15629e+16,1.84572e+16,22.4321,2.81473,5.00486,3.59908e+19,8.84995e+20,sim08933.iv
sim08934,32.1047,3.89889,5.98656,7.46185e+20,4.68049e+19,342.055,3.64002,5.58635,3.11836e+16,4.40065e+16,45.8181,2.95099,5.08343,3.29293e+19,8.02751e+20,sim08934.iv
sim08935,33.4877,3.82195,5.96159,7.13444e+20,4.98969e+19,288.271,3.62659,5.55417,4.66797e+16,6.91871e+16,46.0302,2.93425,5.17078,1.98944e+19,9.47184e+20,sim08935.iv
sim08936,31.9284,3.83589,5.97101,7.49614e+20,3.79681e+19,266.104,3.67351,5.49275,7.96053e+16,1.85192e+16,32.1291,3.01437,5.18844,4.46632e+19,6.60659e+20,sim08936.iv
sim08937,35.9853,3.93107,5.80313,5.24247e+20,2.64134e+19,241.665,3.6353,5.51391,9.18783e+16,3.12402e+16,42.0492,2.88094,5.15795,1.24869e+19,8.80618e+20,sim08937.iv
sim08938,21.0437,3.99236,5.91047,6.16523e+20,2.02253e+19,211.961,3.72179,5.4332,8.45579e+16,5.26871e+16,32.9326,3.03489,5.16188,2.42177e+19,7.99066e+20,sim08938.iv
sim08939,44.5698,3.9274,5.83347,6.08647e+20,1.50753e+19,314.821,3.64153,5.44688,1.52691e+16,5.48464e+16,38.07,2.87028,5.10208,3.94955e+19,8.0379e+20,sim08939.iv
sim08940,24.9431,3.97109,5.87959,9.58834e+20,4.45667e+19,299.604,3.70035,5.57403,6.33913e+16,5.95859e+16,30.9397,3.11774,5.17326,3.40289e+19,7.95133e+20,sim08940.iv
sim08941,41.8063,3.93236,5.9294,6.92666e+20,2.39149e+19,251.948,3.73082,5.57325,3.33516e+16,6.85676e+16,35.4114,3.01668,5.05216,4.56365e+19,5.33683e+20,sim08941.iv
sim08942,26.6176,3.96532,5.94255,5.6314e+20,2.16213e+19,213.21,3.67154,5.54428,5.57489e+16,6.61101e+16,43.4243,3.16295,5.04648,4.58074e+19,9.94851e+20,sim08942.iv
sim08943,47.7017,3.90068,5.90387,6.35904e+20,4.73682e+19,319.842,3.72801,5.41093,9.62615e+16,6.27312e+16,48.3987,3.13687,5.05767,4.34334e+19,5.65134e+20,sim08943.iv
sim08944,42.2364,3.91471,5.9748,7.26871e+20,1.80059e+19,260.995,3.60244,5.51848,1.02726e+16,7.52205e+16,20.1812,2.84546,5.11473,2.91062e+19,8.58778e+20,sim08944.iv
sim08945,23.3827,3.87932,5.95705,5.68236e+20,4.76046e+19,347.282,3.62181,5.44255,5.51794e+16,5.40414e+16,35.7669,3.17926,5.04003,2.43275e+19,6.14876e+20,sim08945.iv
sim08946,38.8249,3.94939,5.843,8.816e+20,3.83473e+19,247.296,3.61212,5.5384,6.87924e+16,8.73636e+16,34.1662,2.98732,5.10598,4.39986e+19,7.00172e+20,sim08946.iv
sim08947,23.031,3.83786,5.82168,5.31073e+20,1.6124e+19,271.43,3.7605,5.50966,5.34803e+16,1.37602e+16,32.183,2.98286,5.12236,3.95423e+19,7.93054e+20,sim08947.iv
sim08948,40.1834,3.80464,5.84798,6.54809e+20,3.81572e+19,251.961,3.69986,5.54182,4.60557e+16,4.85442e+16,35.6026,3.01352,5.08008,4.91779e+19,7.57563e+20,sim08948.iv
sim08949,43.4947,3.88815,5.83755,6.52712e+20,2.51064e+19,318.915,3.78237,5.48021,4.0733e+16,1.03842e+16,46.6603,2.9597,5.12468,3.34268e+19,6.30671e+20,sim08949.iv
sim08950,42.716,3.96878,5.91496,8.28333e+20,4.91985e+19,325.325,3.61002,5.49634,5.39972e+16,9.75897e+16,47.353,3.1632,5.08875,1.75907e+19,7.76168e+20,sim08950.iv
sim08951,21.7664,3.88737,5.90119,6.88957e+20,2.9445e+19,316.171,3.71398,5.53086,2.76347e+16,4.97085e+16,38.5703,3.04098,5.132,2.67915e+19,6.46895e+20,sim08951.iv
sim08952,34.1552,3.83965,5.98201,6.75594e+20,4.14396e+19,236.791,3.70928,5.42356,4.6107e+16,3.41339e+16,31.5902,3.07182,5.04157,4.92136e+19,7.08986e+20,sim08952.iv
sim08953,25.7706,3.80167,5.90066,7.5195e+20,2.04947e+19,273.767,3.77792,5.42681,7.69292e+16,9.6605e+16,47.2857,3.15632,5.08919,2.2556e+19,7.55023e+20,sim08953.iv
sim08954,38.5923,3.86597,5.88359,9.39162e+20,1.98422e+19,343.527,3.63978,5.44118,7.37766e+16,3.80315e+16,31.5002,2.8644,5.0663,2.41669e+19,8.77973e+20,sim08954.iv
sim08955,25.2723,3.86743,5.90008,8.41918e+20,2.93799e+19,281.688,3.64366,5.5058,7.31208e+16,3.31058e+16,45.4881,2.98949,5.00611,4.82388e+19,5.53841e+20,sim08955.iv
sim08956,34.6071,3.97934,5.98508,9.28837e+20,2.42194e+19,238.411,3.7573,5.56072,9.57861e+16,4.5613e+16,30.3345,3.19748,5.09566,4.4336e+19,7.52342e+20,sim08956.iv
sim08957,45.3453,3.81811,5.82154,6.63959e+20,4.01931e+19,272.584,3.6445,5.45813,4.1553e+16,5.98475e+16,45.761,2.93779,5.12185,3.24049e+19,9.98214e+20,sim08957.iv
sim08958,45.0344,3.96673,5.85988,7.2108e+20,4.58519e+19,283.839,3.69677,5.47193,7.93588e+16,8.07509e+16,24.4012,2.83316,5.16552,3.51884e+19,7.35698e+20,sim08958.iv
sim08959,37.8697,3.92585,5.91704,9.39672e+20,2.66822e+19,291.368,3.77738,5.42765,2.11419e+16,4.15834e+16,28.0597,3.09842,5.15479,2.39252e+19,7.14633e+20,sim08959.iv
sim08960,39.1339,3.83354,5.91536,7.79996e+20,1.64398e+19,257.14,3.79805,5.46297,5.32629e+16,3.07802e+16,43.2757,3.02082,5.09261,2.72915e+19,9.70095e+20,sim08960.iv
sim08961,30.1997,3.91738,5.81535,6.31662e+20,4.4987e+19,336.315,3.72117,5.52077,9.94667e+16,9.84181e+16,24.1137,3.09691,5.17839,2.38441e+19,7.465e+20,sim08961.iv
sim08962,26.4476,3.94175,5.92192,6.5189e+20,3.37226e+19,211.997,3.76435,5.45421,4.6949e+16,3.61167e+16,30.5934,3.10221,5.01235,2.79897e+19,9.83454e+20,sim08962.iv
sim08963,31.3534,3.89341,5.85028,5.30709e+20,1.24849e+19,320.787,3.68971,5.43243,7.02339e+16,8.3932e+16,24.0135,3.04394,5.03513,1.49004e+19,8.19484e+20,sim08963.iv
sim08964,40.611,3.9323,5.8814,5.26354e+20,2.57215e+19,254.529,3.72058,5.42699,3.08588e+16,9.4952e+16,38.2436,2.89726,5.04447,3.85311e+19,8.99547e+20,sim08964.iv
sim08965,41.3247,3.8549,5.98026,5.25068e+20,2.20329e+19,263.658,3.76358,5.51037,8.95546e+16,6.45432e+16,41.787,2.9271,5.10583,1.39046e+19,6.92921e+20,sim08965.iv
sim08966,28.9683,3.86237,5.95374,8.02759e+20,4.62703e+19,251.886,3.61802,5.4091,4.97859e+16,5.31047e+16,46.4787,3.01427,5.00211,3.523e+19,6.44407e+20,sim08966.iv
sim08967,30.4596,3.95626,5.99229,7.80157e+20,1.82732e+19,295.695,3.73495,5.52403,9.78162e+16,2.56e+16,20.5099,2.82028,5.0412,2.58875e+19,5.80875e+20,sim08967.iv
sim08968,32.6773,3.82628,5.95034,5.09642e+20,2.00903e+19,310.144,3.69493,5.51152,8.88521e+16,9.87477e+16,34.8785,2.97384,5.15153,1.04331e+19,9.73346e+20,sim08968.iv
sim08969,25.1703,3.98006,5.98723,5.47642e+20,3.65143e+19,227.546,3.63479,5.41913,7.91765e+16,4.30454e+16,38.9663,3.19333,5.08622,3.29012e+19,9.62854e+20,sim08969.iv
sim08970,30.7692,3.82982,5.88826,7.31918e+20,3.76701e+19,247.708,3.68237,5.54078,7.95001e+16,8.07674e+16,37.9434,2.96201,5.07666,3.13877e+19,6.81138e+20,sim08970.iv
sim08971,35.8653,3.98086,5.95413,5.58825e+20,2.46031e+19,212.384,3.72113,5.48478,9.39377e+16,1.04428e+16,27.9819,2.88201,5.04379,4.992e+19,7.26511e+20,sim08971.iv
sim08972,33.5056,3.943,5.82761,6.9776e+20,2.90642e+19,282.783,3.68328,5.41822,3.13308e+16,9.80642e+16,41.7953,2.82039,5.01593,1.24999e+19,5.87535e+20,sim08972.iv
sim08973,27.3263,3.9723,5.95686,7.97011e+20,1.0503e+19,343.943,3.73609,5.507,6.93611e+16,9.29215e+16,20.0724,2.86378,5.05847,4.8141e+19,8.95838e+20,sim08973.iv
sim08974,21.1901,3.95838,5.83991,5.06091e+20,2.94319e+19,210.027,3.67533,5.49755,9.79857e+16,1.92132e+16,28.2187,2.90908,5.17975,3.24681e+19,6.44243e+20,sim08974.iv
sim08975,49.4873,3.83985,5.94915,7.70272e+20,1.2451e+19,258.437,3.69819,5.40575,6.34339e+16,7.63485e+16,36.9344,2.98329,5.18717,3.65323e+19,9.1853e+20,sim08975.iv
sim08976,44.5614,3.992,5.90657,5.68156e+20,4.73901e+19,292.874,3.68564,5.48656,7.74907e+16,1.28845e+16,33.732,2.99193,5.06067,4.76535e+19,7.00653e+20,sim08976.iv
sim08977,27.759,3.88841,5.87034,8.06692e+20,1.03818e+19,336.386,3.774,5.458,6.10415e+16,3.17423e+16,33.2736,2.86578,5.04217,3.82933e+19,5.07005e+20,sim08977.iv
sim08978,26.4421,3.97313,5.99779,5.5298e+20,3.32408e+19,302.797,3.60707,5.46699,9.35981e+16,4.39422e+16,47.0816,2.9552,5.16194,2.65633e+19,6.13658e+20,sim08978.iv
sim08979,33.1281,3.96291,5.978,6.70563e+20,2.54289e+19,342.222,3.65161,5.47577,1.90255e+16,8.0573e+16,34.2531,3.15247,5.14203,1.86257e+19,7.69517e+20,sim08979.iv
sim08980,27.4923,3.91236,5.84,5.17044e+20,1.14279e+19,348.053,3.72761,5.5379,9.30521e+16,9.08275e+16,28.0057,3.07135,5.14423,1.9364e+19,5.1996e+20,sim08980.iv
sim08981,20.0737,3.90925,5.95943,7.77098e+20,1.97422e+19,330.868,3.76047,5.51099,9.97646e+16,2.01341e+16,36.3303,2.80577,5.04961,2.24401e+19,7.50177e+20,sim08981.iv
sim08982,49.151,3.93454,5.87401,6.84613e+20,4.55011e+19,271.112,3.69076,5.53857,2.84989e+16,9.44131e+16,44.6555,2.86661,5.00642,3.30447e+19,9.16229e+20,sim08982.iv
sim08983,47.815,3.96569,5.85648,5.93754e+20,2.68676e+19,322.283,3.6343,5.50622,3.98516e+16,2.42104e+16,48.1396,2.80533,5.16471,4.19775e+19,7.11188e+20,sim08983.iv
sim08984,28.1871,3.98751,5.90688,9.62909e+20,1.31871e+19,268.782,3.70026,5.42324,3.31304e+16,3.92446e+16,38.3453,2.92227,5.1452,1.15467e+19,5.1157e+20,sim08984.iv
sim08985,47.6644,3.85116,5.9107,6.48574e+20,2.46231e+19,348.188,3.61149,5.49621,8.93483e+16,3.94706e+16,49.8329,3.06088,5.05756,4.49803e+19,6.98109e+20,sim08985.iv
sim08986,26.2409,3.90736,5.85143,6.30879e+20,3.17669e+19,214.904,3.74652,5.49841,8.91484e+16,4.59892e+16,22.24,3.17946,5.05281,3.15363e+19,9.68748e+20,sim08986.iv
sim08987,37.122,3.80572,5.98873,7.298e+20,3.96465e+19,265.32,3.70303,5.57989,2.7248e+16,6.46184e+16,25.6872,3.01462,5.10209,3.05117e+19,6.35146e+20,sim08987.iv
sim08988,31.9698,3.92487,5.99171,7.85238e+20,1.06146e+19,219.29,3.75687,5.42272,2.6717e+16,5.78681e+16,46.6925,3.02623,5.06714,3.49783e+19,9.66206e+20,sim08988.iv
sim08989,47.3886,3.96905,5.98155,8.62196e+20,2.96289e+19,343.779,3.68525,5.51582,2.9675e+16,9.37489e+16,23.486,2.94812,5.08983,1.55081e+19,8.46679e+20,sim08989.iv
sim08990,38.109,3.97345,5.81096,5.4661e+20,4.00323e+19,315.424,3.74611,5.5518,3.44152e+16,8.81904e+16,44.0393,3.02738,5.01335,1.638e+19,8.03964e+20,sim08990.iv
sim08991,26.4212,3.93289,5.83581,6.75991e+20,2.59035e+19,220.342,3.76642,5.41613,5.14233e+16,3.17398e+16,37.9436,2.9542,5.12568,2.44764e+19,5.51462e+20,sim08991.iv
sim08992,42.7705,3.83731,5.93411,7.79591e+20,3.37351e+19,337.312,3.65369,5.50897,9.72778e+16,9.24099e+16,48.2409,3.19312,5.1413,1.74377e+19,5.90334e+20,sim08992.iv
sim08993,38.2493,3.93356,5.83986,8.94007e+20,3.22059e+19,227.368,3.73494,5.4046,1.06044e+16,8.64884e+16,27.4719,3.02216,5.03062,3.40414e+19,7.75535e+20,sim08993.iv
sim08994,26.7725,3.80041,5.83789,5.46831e+20,3.94324e+19,270.658,3.76208,5.45546,1.64711e+16,4.41645e+16,22.5289,3.18346,5.13832,3.36093e+19,6.79291e+20,sim08994.iv
sim08995,33.6276,3.82184,5.92995,6.49636e+20,1.96855e+19,298.457,3.62096,5.59257,1.27992e+16,5.07496e+16,37.7496,3.0795,5.07993,3.20642e+19,9.64315e+20,sim08995.iv
sim08996,39.3469,3.99142,5.91879,5.78997e+20,4.32595e+19,345.938,3.60709,5.43042,4.16219e+16,1.88536e+16,24.1109,2.84478,5.14138,4.39109e+19,9.72707e+20,sim08996.iv
sim08997,33.0712,3.81054,5.92444,6.49012e+20,2.071e+19,300.401,3.7756,5.52193,6.02594e+16,8.74475e+16,38.5567,3.0614,5.14124,2.09803e+19,9.76587e+20,sim08997.iv
sim08998,47.5991,3.83395,5.93752,5.54274e+20,1.52539e+19,214.1,3.65465,5.52052,4.96354e+16,1.62039e+16,29.3189,2.95109,5.19962,3.58895e+19,7.74229e+20,sim08998.iv
sim08999,37.1733,3.84271,5.84284,7.10192e+20,2.13876e+19,264.804,3.76323,5.52201,2.14915e+16,4.852e+16,34.6638,2.84238,5.08898,1.10054e+19,8.42612e+20,sim08999.iv
sim09000,32.5876,3.97792,5.83376,8.95562e+20,1.54967e+19,244.825,3.69158,5.50245,9.43473e+16,8.59095e+16,41.8061,3.18728,5.00331,3.63663e+19,8.04468e+20,sim09000.iv
